"","AASS","SERPINB3","CDH3","MAPK6","RAB10","TPX2","BIRC5","TGM1","FERMT1","HAS3","SQLE","PON2","CDC20","ATP10B","GJB6","TNFSF10","RAB38","CKS2","PI3","TXNDC17","TOP2A","CCNB1","DSC2","DSG3","TCN1","TMEM165","EHF","PRRG4","MPHOSPH6","CKAP4","NUSAP1","CLCA2","GLTP","SLC7A1","SLC39A6","S100A8","S100A7","ABCA12","TPBG","FAM83A","MPZL2","TMEM45B","MX1","PDZK1IP1","VSNL1","S100A11","S100A9","IFI16","ZC3H12A","PTTG1","FABP5","GJB2","IFI27","KLK13","PGM2","SPRR1B","HSPA4","DEFB4A","RRM2","UBE2C","HIGD1A","KPNA2","S100A7A","FAM110C","KRT16","GM2A","S100A2","SERPINB13","MPZL1","AKR1B10","PNP","KRT6A","SERPINB4","SPRR2A","Group"
"GSM1023437",9.17576504898347,13.077166041032,9.07206628897135,10.3755316664959,11.2501412714943,7.53139094514621,4.80960808588404,10.3055268056294,9.91958103868434,6.32205274109902,9.92932503869215,7.76050449556701,6.24134983581262,8.97099361927841,8.9417832072583,7.01432283194378,9.56125133322715,6.83073058570646,13.3534870863737,8.68878915135046,8.79607696688573,7.55502137189969,8.75176818581645,11.7846304812552,11.0115595029605,9.65140849478187,11.3866722167271,9.17161572829283,9.19097917557869,10.2213984605738,4.9780730351976,12.4923625097379,12.0080284144532,10.8409619128841,8.49107693115167,14.4879737823043,14.8818904919881,7.89360978607045,7.25481777442896,5.18375051571049,11.4365547072868,8.6204239833935,5.95296848897336,9.99924750536748,8.6992223346635,11.6111145416749,14.595139284691,10.5811221373659,9.31323150785612,6.69086979124272,12.0607911801774,13.8017063281586,8.41292724063159,8.00564001005345,9.77681313756851,12.2960559051326,10.4063681481978,9.46118116595088,6.54468372300355,4.1889820737321,7.87330263328517,8.23554884097978,12.5144753945009,9.49330347541576,12.5121137781649,11.4676761546279,11.0209796151003,10.2223455809203,7.44444823124382,9.82832135082583,8.83282936695498,14.5835032099419,12.5273624385218,11.3162967627374,"1"
"GSM1023438",7.90591816195718,13.1499223834674,8.52199533265485,10.4261503988205,11.4642423191993,8.19897047644121,4.80960808588404,11.4042110804889,9.66847732070637,6.32205274109902,10.2421365469025,7.76050449556701,7.0993308309402,9.80943456203182,8.9417832072583,7.01432283194378,9.87239361957634,6.70787383792093,14.1459976390226,8.26045482945815,9.07857719530798,8.32106419893032,8.75176818581645,11.7307457056755,8.59193473418597,9.44658870289337,11.1635809845071,9.38596819579557,9.19667670923834,10.5731915266922,4.9780730351976,12.0184637966171,12.4576655318054,10.7189538326655,8.49107693115167,15.234699490547,15.0683968153793,7.89360978607045,7.25481777442896,5.18375051571049,10.5706304608906,9.17526989457343,6.95296848897336,10.588052072383,9.04055848498886,11.9789543082899,15.315245145604,10.1183140776284,10.2701627859642,7.94777809427967,11.9742411482209,13.9379381404332,8.41292724063159,8.861904532592,9.83413823313825,13.6082507158578,10.1562307363785,10.9907618835154,6.54468372300355,4.1889820737321,7.87330263328517,8.85635654064766,13.3373113805601,8.89955021136677,14.3049558705236,10.8827136539067,13.2340604432354,9.88043524081526,7.44444823124382,9.59614790869679,9.32534561891154,16.4393746175201,12.5145383981642,13.1410975205012,"1"
"GSM1023439",7.28194452182132,12.8015873063071,8.78157831329971,9.89821406309538,11.0749100970665,8.30306221731114,4.80960808588404,11.6468996636316,9.51028528073007,6.32205274109902,9.69218441100908,7.76050449556701,7.0993308309402,8.82323580737241,8.9417832072583,7.01432283194378,9.30020548048681,6.53794883647862,13.6395959890811,7.9866940170313,8.94218872639204,7.63892262950863,8.75176818581645,11.0592699425186,8.29731398529434,9.54693922822584,10.6186001692775,8.86773180887523,8.89010087671129,10.5245567514414,4.9780730351976,11.4064576546442,12.4478784788847,10.2139070969385,8.49107693115167,14.2612188993584,14.7091433664354,7.89360978607045,7.25481777442896,5.18375051571049,9.28712440995984,8.74867095358594,7.53793098969452,10.7339029388465,8.15352273357818,11.8010574366942,15.2058119045181,9.44524903748713,10.0961333861892,7.43027856133725,11.1709694273416,12.9731090261393,8.41292724063159,8.70565446804676,9.66159511330801,13.3514779990815,9.55400711972676,10.6929561997782,6.54468372300355,4.1889820737321,7.87330263328517,8.02069796865595,12.1942332436461,8.51205743548112,13.5121137781649,10.4676761546279,11.7008551493877,9.99358890314945,7.44444823124382,8.20383048591803,8.68082627350993,15.4384479166195,12.2293191393724,12.6088631796814,"1"
"GSM1315608",6.83084360813729,5.39824475535036,7.23068155049245,8.91699487526278,10.065303339067,6.97317571034935,4.13637799538188,7.79429790239062,8.33684777224985,5.6961993069065,8.6064658429242,7.29593792740692,5.70925200712586,7.14359328209937,8.23444054586864,6.64146238694116,8.53463184766492,5.45960627287911,5.20100737652781,7.37082255191195,7.8905713914737,6.53353635166401,7.26100700058645,9.95481329564464,4.67936032266414,8.66793664098847,8.83123979089105,7.86475307004077,6.81814472835376,9.28274537129105,4.21329244904994,10.4674752366199,10.3565068052537,8.87149834155319,7.68646608782871,6.5895057858771,7.20178739382501,6.2165583203007,6.3773162784995,3.67575259620411,8.34196359542929,6.8283795346839,5.17522835403684,7.50987309641264,7.57521723431258,10.5451472610846,6.90300289508981,8.81636163388477,6.23845268093623,5.82857001043885,8.41470112490928,9.82175294665895,6.73078677330928,4.63110913827757,8.27638926045076,7.9823764512317,9.25936486139715,1.43789718168479,5.34644004135086,3.6191831662489,6.88782976876018,7.09595212753234,4.05288527974681,6.90294698264977,11.014922530885,8.85922106616289,10.084182093884,7.05272667452214,7.38643466169136,4.0736177615762,7.4235740375809,11.2874695279576,3.33025954950135,6.90296519709418,"0"
"GSM1315609",7.12865615829419,12.5701449487245,9.3847278524223,9.69903592139033,10.5286226693096,7.72280087648702,5.3533365306677,11.5234284716934,9.67430259654953,7.43801684321425,9.18261796486946,7.22089027076957,7.3555072430789,8.48892807671243,10.1202667057344,7.32873652093109,9.66652116710246,6.7044069258917,14.8307894447921,8.10766112671128,8.09946454575007,7.8657327820052,8.78296875145009,11.1252251485751,8.96502732909085,9.28287032593144,10.256260960322,8.2034864170523,8.28297780327576,10.2425124073001,4.49866212119584,11.13706141753,12.0991467680883,10.0257136545338,7.99183887751339,14.9864710346118,15.4636707626348,8.0018484945665,7.47719568275313,6.42916328890206,10.0107157998687,9.21917629842768,7.7232397185851,10.6256719730159,8.57094917718461,11.8828666911377,16.0857141910004,9.35497469760081,10.5685822707527,7.29893773002722,11.6737020544825,13.2696220116572,9.92630516911012,9.47576566146265,9.24446978332231,13.7236902299228,9.2982964305573,11.4533437530835,6.80954112051029,4.77926943689351,7.93427967541263,8.42693081816875,12.5431415687705,8.3488020739184,14.4231242198825,10.7017533150353,12.388302911553,9.81273787954268,6.92786043229651,9.12522680777369,9.42397076384241,15.995120016383,12.24501235705,13.1669701017518,"1"
"GSM1315610",6.24358856753933,12.0949032662357,9.91313535140286,8.27735843618389,9.44905273021008,6.41766110409027,4.74239861812224,12.5685927702932,8.0228571445882,7.53434800559851,7.80426701149822,5.98461218100093,7.36555631568071,7.82027195191214,9.34996755002108,5.87940486155972,9.38486422834141,5.61524380376435,14.6030833051753,8.30335837769487,6.68043703530514,6.61400859608729,7.94866109577038,10.5541643945297,6.37171082815054,8.52974455040405,8.98814283546863,7.259501949353,7.01763695065861,9.57633698461225,3.43434240649794,9.84056496784144,12.4141826696035,9.73326963874269,7.47860380143649,13.5395476933847,14.4221547989932,7.01763953318706,7.54541516407879,5.66620049621421,9.12856796519668,8.7408772271592,6.15096925722039,11.1061132810452,7.48906629188947,11.0487916889817,16.498586955144,7.79921424188721,10.9906111777681,5.68681752038321,11.3414884693479,13.1697361100208,9.49228736263656,8.53489003354765,8.21997477299776,12.9161340346162,8.14035423289024,11.6156047124219,6.63965729598465,3.85847411215871,6.04620397410431,7.421820728347,11.7157336635665,7.78637640023556,14.5177717110669,10.7649581806519,12.1282127604383,8.73460127027287,6.31724178313117,8.55057690830319,9.66506633189411,16.0575159608973,10.930180965728,12.7986879472298,"1"
"GSM1315612",8.18655068389048,11.5438714375345,8.72473410794441,9.8075758636607,10.5875704649159,8.27991797643564,5.47284037100641,10.143015832223,9.22553143589084,7.6824592502802,9.08192336028439,7.63860823398451,7.63859745356207,8.6300686715189,9.00288985569433,7.49796057111839,9.32240040426226,6.9171513406951,13.1263256760324,8.07267129509051,9.24808451414913,8.04123077478112,8.39184393656451,11.1142513035614,7.84698846053496,9.31838941696415,10.6025694522534,8.90920674952065,8.28959317777019,9.7146450996054,5.56839663917112,11.4243169182914,11.7333992974756,10.0016847150063,8.19177029687087,13.8865189453281,14.5928387979783,8.00092062862342,7.88405697233797,5.84301825119593,9.91304591364786,8.58957200925505,7.23221809266359,9.94650943515096,8.50944358730412,11.5134612709786,14.88138847663,9.7695592218478,9.2150574076323,7.59083743246867,10.8972566389603,12.5874909358635,9.28270548125462,7.57785596225223,9.53128975578399,12.3932784703971,9.61976773730851,9.30872792164153,6.94586124164034,5.22937340600023,7.23606360298108,8.53052080929738,11.3922750623875,8.159380581941,12.1829247053789,10.4121481142144,11.8568460959425,8.57970353506979,7.48846223591127,8.81274683145651,8.91096453750028,13.69241706512,11.0399672387791,11.6177877356482,"1"
"GSM1315613",7.44318599247638,10.4564810609517,8.15724761424462,10.0172408197952,10.4944027918451,8.3295742111995,5.78707346156321,9.74053367787804,9.18188899381423,6.82878900299556,9.13296711215136,7.26061927151343,7.97805324149193,8.34639356216858,9.72254971987609,6.75639577494334,9.30212771660991,7.01416459787714,13.1903555730713,8.65103720142173,9.34453394139396,8.41168998766356,9.29384276308469,10.8255164579825,6.42290470956128,9.34247711007414,9.81316847288906,8.51824737458143,8.14067685530863,10.2077500322638,5.4345601882239,11.6738501777948,11.3937292548381,10.8591597084776,8.83954975407853,13.5582140319391,14.0069982293581,7.73164859655735,7.78092116236714,5.06312732458929,9.58897766641599,8.04393281181104,5.26863587551359,9.26498563517025,8.99044001517402,11.4646474577417,14.77105006272,9.23921354231724,8.7968716763628,7.54698595593717,11.6274048526023,12.5131271155325,8.09208527772027,7.69092564595685,9.54650341263639,12.8368739442225,9.7046124543061,9.11631044944159,7.73908178916322,5.15830999174483,7.44044419601057,8.60782962471419,10.3929597270481,7.98767733360819,13.7648053802089,10.0492206695083,13.0059761287309,8.46722880581138,7.66320093546243,8.80245457981999,8.48868851571159,15.4092275192442,9.68369459560956,11.2346747031914,"1"
"GSM1315615",7.9438164828406,13.0562251453087,9.15588916629173,9.64830871843863,10.8156914414797,7.73934959507293,5.70241486089488,11.8550500095381,10.5680710890076,7.31386660992457,9.26701756984241,7.85964793200427,7.60832497315045,8.91186587337655,10.0540001391211,7.50623805885985,9.91090498592997,7.30460740904676,15.2541600865914,8.78598479147022,8.63072174419786,8.14820897310443,9.82266113757869,11.0979601272547,9.60517941397707,9.87294442972506,10.4536121761603,8.55388461796934,8.76935154317725,10.0580659610475,5.00617747323348,11.58259635158,12.1695034093123,10.2459995087639,8.25998543208259,15.2374671155298,15.4702425295639,8.17385144782538,7.37607434646032,6.82501315958283,10.0735595224421,8.75486832087394,7.78757472334903,10.8249902250695,8.76943644775308,11.9523606022142,16.3453030879406,9.94592741208388,10.5821699268487,7.29291212678939,12.1185075589454,13.4926383755637,10.3868387870566,9.43236775233615,9.68333577955417,13.1614804572532,9.64060863041732,12.2897771646879,7.4263771815744,4.99444955946139,8.42505377031158,8.3104787510606,12.2714008299518,8.80620103933017,13.9972107236338,11.4541142094535,12.2457444967406,10.0963420111136,7.34497826680783,9.76505219411893,9.1966512091207,15.4782240425929,12.7077110189316,12.9531191424882,"1"
"GSM1315617",8.54778746799439,13.3263895296542,8.48372888065585,11.1168022034956,11.7300981802461,7.85193614443899,5.24934980833848,10.2207951831564,10.1744013433498,6.69147932020385,10.5692334260039,8.6059685081357,6.65789575271221,8.96927820013708,10.7185663162215,8.21732370899207,9.31923305701135,7.08080441191032,13.0995813691368,8.09343702640481,9.27916435513573,7.78453241005362,10.7746970289241,11.903118508459,9.69735823947222,10.3720087359527,11.2186750608448,9.21682958003278,9.87455567849134,10.5430181670212,5.68043466331331,12.2588756897643,12.3799062781562,10.4360430794519,9.2630047229281,14.8120254690828,15.253860698371,8.37197087617665,8.1816668934968,5.74090297538385,11.4269345830829,8.75607592555732,8.874566798216,9.3661052788753,9.68340687078333,11.7522979991342,15.0210395718353,10.6806617257206,9.326004409303,7.43433769382075,13.1159738145547,13.6469335408249,9.73180589038292,8.36977160421532,10.3334221910486,13.1654709783189,10.2844999207104,11.2180651494688,7.6429887292464,4.36770341846139,9.08545854871736,8.44756841541221,12.0311172487219,9.26970529222496,13.0398824329073,10.9947356828788,11.2818042459991,10.6930125876682,7.85795793097393,9.410500553163,8.80497214955775,15.2356070566648,13.077853978071,12.4936354109508,"1"
"GSM1315618",8.7247563497476,12.805946251153,8.36712483734163,10.9901310644511,11.5156883006672,8.85101237025751,5.53210055769868,10.3322914352707,9.27330230460328,6.69467394155128,10.214879870733,8.71681635813823,7.42536904424174,8.93282191857456,9.95618432981266,7.42252219565522,10.0109205291146,7.1492400658718,13.3860563527069,8.58578240318841,9.99833323282049,8.91648686497982,9.96335521579463,11.7312133655963,9.01663837848096,10.0686338823773,11.158364086263,8.93853712041913,9.99877054242125,10.1838441003892,6.06668790314717,12.1166425319991,12.0549935515558,10.1853070224881,9.28190205458981,15.320970150746,15.543790565269,8.65388550856282,8.06861864205199,5.32113126993489,10.746255616939,8.74096871550934,7.9432963847274,9.96675489831267,9.11855271183458,11.5779479464952,15.2531178377545,10.5879276765499,9.77476051489679,7.90343884190954,12.3902353840863,13.2827410649699,9.83225915233596,8.42466935588561,10.2824119141356,12.0801161120953,10.5971346792237,11.1540450054171,8.36745887813474,5.11844277345333,8.72649342661802,8.93199063898138,12.335662793448,8.78272585415596,12.4901416144417,10.5964971212123,11.9686050376909,10.4964843096595,7.49226018362354,9.58457350454965,9.15942821747476,14.378034436689,12.2090149975261,11.9663831954711,"1"
"GSM1315621",7.09108827658843,6.93515767695336,7.07566927365813,9.3810625467315,10.7669068123529,7.0934101701529,4.01930292524514,7.8709694675898,8.73999366524863,5.69906079069865,9.43319635627754,7.68509186133309,5.30658054105113,7.83539864399961,7.07969940672558,6.429808609281,8.80213522610961,5.23852842964026,4.41941630183045,7.1847722785484,8.13600766229169,6.42882916711703,7.67435883435444,10.0150138764263,3.16115086551263,8.49058846507948,9.02168007028254,8.18308961574825,7.7975638509313,9.29067974296672,4.45681743925376,10.9433777535295,10.9082341312983,9.20931771783485,8.00341559043017,7.93321511700495,9.57779698052506,7.365285255869,6.36263150006605,4.2652836227581,8.40742423211197,6.79745371771986,4.89891226952985,7.758917644297,7.64643573279441,10.5840470516804,7.5407148430039,8.86638624874002,6.12941036766435,5.83208700220208,8.69174532195645,9.19717218484852,5.18376135901695,5.27338197866246,8.82814419262503,9.03790158203018,9.8006624366474,1.58189287719766,5.50923311484054,3.63741107357725,7.35801192787037,6.96738641679767,4.64901630920506,6.94470950704103,10.3774979651111,9.26983172759921,9.73419437419873,7.79309450901665,7.38618423293118,4.03725436035737,7.1738102447476,11.3160571900143,5.41144666723361,6.3964682570531,"0"
"GSM1315623",8.24925596800049,12.2179274726171,9.23163792775047,9.4942197515471,10.6017098964982,7.62174081439317,4.96618178517086,11.1645438436776,9.51419946199914,6.65305778512355,9.48842865111692,7.9531880647294,7.36128166058039,9.2340020700042,9.99131811021595,7.78160769646215,9.82921678230627,6.98451160758742,14.5980830667904,8.62909364670314,8.32106860912106,7.96052199804359,8.76589565816008,10.7901706647092,10.1251500195319,9.66653646207775,10.6990805694924,8.73830614142456,8.26105350202981,9.94832633222049,4.83806459254895,11.6739236906504,11.8830713890682,10.1872825269573,8.69597709081848,14.9171196247977,15.2356972380416,7.81083158689946,7.85321707921404,6.42613932115495,10.3382844838754,8.53007278009797,8.54012494955736,10.9716391761811,9.08304852550344,11.5734970174584,16.0561105380421,9.85841632581069,10.1355960317739,6.88689331082194,12.0816048060255,13.113568524303,10.9271199266369,9.10592360797043,8.78117043512039,12.6510006485257,9.46013798919738,10.7999045918587,6.58912386668039,4.46773082487806,7.99660715567453,8.11761332120335,11.678766720828,8.73969036068674,13.2569090737577,10.7829930392775,12.0166843284477,9.91868607253518,7.5631159371907,9.58984461456365,9.03103836884734,14.8536993851035,11.7042431237256,12.0710632608666,"1"
"GSM1315625",6.93936142513398,8.69243827752901,7.89951296194312,9.1736764224428,10.2903882254525,6.59267935645035,3.82615357499561,8.4151056020585,8.64831385357245,5.98768691043519,8.42413582059111,7.47128777907242,5.73133319516318,7.41050476988802,7.96776262331871,6.9241392320455,8.4166221634578,5.39164092031568,10.3294169092405,7.7902986982737,7.58613872599462,6.19429180937219,7.51315769637027,10.1252251485751,3.66579130662471,9.00091241724925,9.68598905494983,8.17948910318784,7.79069816338975,9.38465728891279,4.03116234525652,10.8444891456198,10.4771866854867,9.18943099353588,7.74074819527665,11.7285835640816,12.1320859221236,6.42721585625297,6.22730653174529,4.20381270569079,8.75337737768047,7.13753033228749,5.20450553809388,9.14696213320006,7.82118646006805,10.9967817900939,12.7505362370162,8.96757505872437,8.73724027141529,5.93259904957347,8.93585827745981,10.1831765103309,6.56239766583959,5.81889695371493,8.85094071342456,9.98519201212718,9.6212663980928,6.4827781223878,4.88978714478497,3.26719783750536,7.31209252364736,6.98926522470955,8.28643549096778,7.36756651077917,11.6908174211298,9.47868339287345,11.1434378882042,6.98783525861319,7.40489623499694,6.32069269503016,7.44155472672352,12.2413536471276,8.31223151121784,9.53993455893518,"0"
"GSM1315627",9.00630659808319,13.7527142196634,8.17973283512193,11.4669633900645,12.0500522254602,8.44465957826302,5.40557616786509,10.5492471280889,10.8398464295676,8.06481898938692,10.7608531163726,8.69218755459797,7.01703591969295,7.94493137819126,10.6465580232509,6.87111388500794,10.0024561199837,7.52653815053648,14.5567503687866,8.15352435804506,9.46468851516171,8.52645141920453,11.367990060632,12.8091365000708,9.84936255883301,10.3503706532921,11.1918738419457,9.60930281774399,10.1124089140066,10.6712889917529,6.06686352672961,12.4114625565681,12.2321245845581,10.2344684383,9.42801667948336,14.6551699317091,15.2861555726665,9.07755179429596,7.75440216114943,6.32162661587654,11.4429940495204,9.27244957030611,7.77037702350958,9.13283872658883,9.38710032121685,12.3051384759132,14.8157075927191,10.7585938335498,8.57143431642813,7.40796790124448,13.0424460073021,13.755684254194,9.26415096121536,8.57694345967584,10.3887303117053,13.5384822055555,10.7779567947284,10.5790896046905,8.71039069930687,5.30112309620229,9.04390636700759,9.41695456140303,12.2856379077681,9.23613048741081,12.1901851698192,10.5107611213486,12.036581872963,11.4099368262776,7.68815933995217,9.0267007147351,9.56868049365119,15.0684328123449,13.4289653215502,12.2733531151567,"1"
"GSM1315629",9.11686829846268,13.7399920197091,8.68965194042954,10.9171785995599,11.6843966540631,8.21912851667114,4.97409365293576,10.3060855613361,10.6750897958486,6.37701742314606,10.3966942887264,8.85212192167924,6.17656517394453,9.14902669222279,10.5452171192611,8.66249338750101,9.67849380876853,6.66682648688032,13.3700737258157,8.13056067150979,9.14694821723778,7.76291425927509,10.2232255932723,11.8398360478639,10.7040240600237,10.6690331293509,11.4434872650136,9.08874159685737,10.215892728883,10.3210936152355,5.39291613546816,12.5626737190266,12.5802714319842,9.87606491215195,9.32625306256092,15.1706115154342,15.4704144191225,8.52081273996684,8.12966924590975,5.8320335872606,11.2847035933884,8.88993434624403,6.3125460073898,9.94015054417539,9.06310371979244,11.5253964638443,15.4641570528986,10.6293053871081,9.52473473869863,7.1107578760917,12.7405397834101,13.5777669681488,8.58904845921797,8.90355910083097,10.5998277762484,12.2824891000348,10.0148827383246,11.2487604952656,7.30521408799677,4.26244430753472,9.24315763194919,8.15165064776463,12.5971790106061,9.12670794577869,12.2175809981495,11.0281478067818,10.7845716296886,10.951719130516,7.3644830902919,9.85850644295446,8.93101400224942,14.2518003804684,13.209682103813,11.9890325086301,"1"
"GSM1315630",9.01247997199337,14.2168703051178,8.58302556634393,10.968520340737,11.8629834016337,8.27760975181018,5.18595635958889,10.5868057099761,11.2761168625583,6.33479032911543,10.2198673418337,8.98692649780758,6.35236285344564,9.3909076711342,10.4921844747373,7.83304325041448,10.0404767687716,6.20717595335043,14.2778946620698,8.05787084311313,9.86476939887045,8.43586000759025,10.8393931456733,12.430191157491,10.3775371811661,10.2897937576833,11.8003406613606,9.41179467399711,9.76914474635639,10.3818765320001,5.79274410490399,12.5668251015289,12.5090863190781,10.4519448527139,9.31892988408543,15.0935384896578,15.3595437197758,9.47498939711609,7.68427015869185,5.7984670032031,10.634079881897,9.01042329145972,7.42488364188609,9.37813870352982,8.6811129639664,11.4138891998463,14.9648262819227,10.7976036360689,9.1717958627396,7.1438525061941,12.0609387580715,14.0601633783251,8.53811813582954,9.36153218628925,10.3441232925597,12.3145628627316,10.786789862688,12.502704501756,7.65385480568694,4.3071365828755,9.20789327389865,8.69484402607697,13.0698444863184,8.70703135847473,12.5484333605883,11.3700056006769,11.2664812142294,11.2151166445129,7.91507203095547,9.15052201998698,9.71342689466256,14.8888213773146,14.0199332685694,12.3948464197218,"1"
"GSM1315631",7.81957519076369,11.9286253364867,9.30810548015555,9.87679903776421,10.9037285426175,7.20439056206872,5.33107808222173,11.0768841458314,9.44603070596435,6.61475859301485,9.49648966556459,7.81272142227478,6.8608928289321,8.65408427395117,10.2991992245854,7.57833343497417,10.1429133930211,7.31553039299286,15.2832643042964,8.93491954798773,7.90168742366787,7.74520625528817,9.88199622004382,11.2915333052208,9.18488335943196,9.81479023065824,10.4823702616288,8.54233351030761,8.68222181224568,10.0365166564126,4.69577874102893,11.6679780694873,11.8905745380249,10.5638833852474,8.61282644104002,15.2151054958891,15.1736498599472,7.54662570709475,7.9607500955906,6.14137035925764,10.458519997073,8.90892374124363,7.99394833048499,10.7710513495529,9.35256228999462,12.3572363178477,16.167360246947,9.50055254792107,9.89764061574617,7.01241731937809,12.0960384242314,13.3776966829922,10.4710854278169,9.3777186384772,9.71406053728872,13.7446323871662,9.47471920671498,11.1485385933079,7.40145954937007,4.61769508458949,8.26291634523086,7.72938572962576,11.6247299024945,8.74307564587138,14.3719687536623,10.6587908304185,13.0851770554952,10.2994858561101,7.23107220593674,10.2081217559031,8.87109649808565,15.8553299559736,11.616024251878,12.3563061362273,"1"
"GSM1315632",7.59845198576453,12.4831292218719,9.61038726377362,9.35752878486787,10.3890235574126,7.09178445719697,5.09474391385595,11.2236663730916,8.77015898331605,6.53496807510987,8.75203163873811,7.67592490480306,6.88502973481361,8.2267304663022,10.5078036971027,7.56693574507136,9.8496784251558,6.49694385222579,15.5889564390534,8.74754650065903,7.4664720424514,7.49647256237871,8.96763042364991,10.6360027841512,10.2782408483357,9.80862763775806,9.96648569207887,8.28000553255475,8.46932460082595,9.92639215314857,4.33307887035802,11.2024425371227,11.9898141205728,9.53126891228976,7.97395165796957,15.4359306412163,15.6468016053266,7.42265808859616,7.80986536496329,6.50296028027807,10.3050834803938,8.76062554455619,8.14186178653168,11.2630862836233,8.6840943321985,11.9666959788093,16.53188627279,9.54493703788818,10.0826638076004,7.32948313301579,12.1137402890532,13.5477032115211,10.6674114333472,10.0751435876404,9.37978743666208,13.6669977416279,8.97188203913163,11.4838314175783,6.39049009992248,4.57539314190294,8.47903145182476,7.76775768820467,11.6639310018011,8.37679745851239,14.0067362303041,10.949196465387,12.5829733184292,9.8981422513819,7.29468349320089,9.74706437313409,9.07333070787163,15.6128952107997,12.0735713840954,13.1703477995003,"1"
"GSM1315633",6.93851128071286,11.2659749261418,8.97436837183025,9.91997749993664,10.5311177827788,8.08325074557364,5.32268154645045,10.4540980778947,8.83321834666832,6.63543335351615,9.08353771521698,7.46614977238052,7.22812666495616,8.38395851711089,9.6314044326063,7.33123194500632,9.59542424665223,6.54819651627767,13.0477583625863,8.44500003455398,8.36303522672937,7.97242806782678,9.2160039558516,11.0253117487051,7.91468926642909,9.51181743907119,9.86914224102764,8.54808237576693,8.54245650901715,10.1863017095217,5.00998212814803,11.1285040291788,11.7157370247373,9.65966640118156,8.1401935219298,15.0706494085906,15.3558476653058,7.48690892497408,7.53936826199427,5.85000087145302,9.69192986822913,8.80114385138052,6.37908272577889,10.2133451070871,8.4429664713154,11.7574859213715,15.6471316063853,9.43397019675272,9.32569963067238,7.13346139932454,11.7261773761013,12.6665004584696,8.34184335703206,8.61007661217796,9.48765176108638,13.1196731007658,9.59657528980758,11.1350465519787,6.85222223735672,4.70296677836829,7.80798858059949,8.36220570881154,11.3829379997133,8.06410177446435,13.9711250513141,10.188183540101,12.8447665311126,9.48201202361184,7.47717264165476,8.26188861234912,8.51762548877196,15.1278697097101,10.671245398098,12.1065732330757,"1"
"GSM1315634",7.3999901248819,12.2149487914999,9.07490112479258,9.88930830450841,10.4504539519484,7.83005076825075,5.60544137634323,10.8391548839048,9.35717987603778,6.70127224166378,8.80713597121613,7.6256741356461,7.20216264612047,8.92636098342013,9.87140037133035,7.51389151337401,9.76347410004174,6.85281159399061,14.2901387148339,8.34975760093448,8.54148824874591,7.98298503317238,9.19579036619657,11.1161579888876,9.01157929000931,9.56668975357669,10.2760308244662,8.5743862794643,8.25555277440749,10.0312437477479,5.16055233730459,11.3408181193791,12.0661185147078,10.0612575779195,8.24055150579769,15.3021228775598,15.0169134919377,7.32433302271243,7.82527809302831,5.48967154587063,10.0212781914709,8.85843144232053,5.57904605157039,10.0857699252528,8.38671325197101,11.5463795599366,15.8818113727091,9.38104667565237,9.81804429182113,7.28078489051495,11.6585620349294,13.1662539671487,7.76718970715058,8.70628922965206,9.65287992238604,13.1424437834227,9.55884994766756,12.2026039433757,6.7555050527776,4.7533024636267,8.19887199437237,8.09926566247664,11.8294810442722,8.15769041866161,13.8443846342945,11.0454817734249,12.2419306476337,8.93738732274719,7.27528715576351,9.22275982569163,9.14820269930434,15.5111336357379,11.6927206105918,12.681591221019,"1"
"GSM1315635",7.09776699051059,6.14430243362023,6.87193318206015,8.99339122112929,10.3130080964013,6.61861772108263,3.74216103968763,7.76235138239648,7.91451720213204,5.92693612641678,8.55882571631878,7.7998372878226,5.46666712727279,7.22625235692222,6.91824230437075,6.88511170509761,9.17332729200396,5.65097908973905,3.79324129062857,7.6841972736629,7.62817450002981,6.28835630085573,7.6990653809177,9.34699477903597,3.28117200807752,8.75355158270864,9.47607851576109,7.53045687102656,7.71245918730508,9.29558444445328,4.04834089758809,11.062989466532,10.3015508037784,8.33711828927191,7.8125932480946,8.18167627438282,8.46489115541251,6.95679264950215,6.27606072192246,4.13236353822123,8.35363024996948,7.4812909672543,4.54906689407752,7.91679180221009,7.78948685948495,10.7191532710993,7.55045587409074,8.90892597742223,6.93545089755812,5.9907062099201,7.8492489864782,8.91181634775705,5.3628329888101,4.47895951138656,8.5715083311505,9.53206105377373,9.64986216683141,0.0317587435666999,5.02927219838359,3.54335490104132,7.61132875521415,7.05513553546553,3.98780423715866,6.91766848835653,10.046444338552,9.63655062728433,9.70173510219059,7.52799638660949,7.32604192540027,3.59549502381978,7.27186482591578,11.4828312027268,3.57028635437651,6.14491273800576,"0"
"GSM1315636",7.71026051567369,12.7220611608088,8.57722795573388,9.55061380688028,10.7502493545783,7.88220205030186,5.4176765026685,10.9584865342838,9.60147530627139,6.7344035314223,9.72690978815981,8.08873538059842,7.5421783342329,8.68276842816221,9.33422710247919,7.44678471399815,9.70004563930833,7.00512253017049,15.1569821278701,8.4862020631192,8.33987130860113,8.32635748928029,8.37452636051722,10.7996483722118,9.34704241658779,9.72972325721127,10.3927350303803,8.67070336240813,8.91545158694192,10.3303306369583,5.06306529274751,11.2411595993349,12.1413599014344,10.248774283707,8.36966042555393,15.408308944328,15.5226373366544,8.01844883875301,7.73090341027508,6.00949961978719,9.97635131316329,8.94150566026247,7.65066619110188,10.8349860286758,8.8246717978275,11.7962382822226,16.1080153566767,9.74882094718696,10.3890478500962,7.43264359423565,11.7600326983947,13.2799431606469,10.3213654422845,8.86296065755159,9.59285128258078,12.5838872121123,9.79863556922195,12.3258168766913,7.05534317672517,4.99234580811761,7.94527425865567,8.53915047235852,12.2814342540877,8.39795031389057,13.4562311227328,10.8976573977354,11.861718033212,9.21866680661938,7.43600518530836,9.89300517647174,9.22743305629782,14.7004757024258,12.3345847486327,12.612434156829,"1"
"GSM1315637",9.17486742342233,13.2663510108356,8.63908482962386,10.387723668304,11.3121847330032,8.45850550069151,5.54407490290704,10.4982800729703,9.77894993545214,6.76287034655179,9.83744685490734,8.8208432752688,7.4593786420492,9.51181396318351,9.85686771250033,7.86328016465297,9.94641920984321,7.20385107533829,14.7743131555261,8.64737183471294,9.69936790852763,8.47831781315147,9.48871328834655,11.4783665113425,9.60241942588649,10.1278977028824,11.4464163545337,9.0805406232617,9.49305911774404,10.0960557757976,5.81219210658071,12.1879953263959,12.290398959192,10.7072656674286,9.08899967761778,15.2849476766084,15.6242325772497,8.80804154068215,8.18377056516281,6.16399961810845,10.5268400776052,8.64312888212854,9.42286172469242,10.3314046314711,9.24485685309902,11.8291343584829,15.5442166628801,10.6262168460149,9.95897779298635,7.66694921763054,12.404388056102,13.4710586622445,10.5988409560013,8.69160420011056,10.0642750143361,12.1203445589557,10.2295376225602,9.84919723426323,7.86642394661006,5.09662015368337,8.47509895184505,8.74893525328742,12.2123687790385,8.88807370616824,12.5562844031902,10.8933972374421,12.0976531685609,10.2956154101296,7.67772034781371,9.82145360612171,8.55645307161452,14.3261676029473,12.7739895055186,11.7602708699508,"1"
"GSM1315638",8.38883041700836,13.291652908739,8.55155912410968,10.4305847254798,11.436906901967,8.23178831959855,5.19553199689654,11.271759287619,10.0523960286327,8.24349986348431,9.89605412287306,8.17522647218985,7.38666075661161,9.37535950467159,10.5082300649843,7.36744235047032,9.88337347150695,7.1050632643894,14.4222379173949,8.44706680987201,9.15150088575906,8.39032189083549,9.85843030698647,11.6838082789377,9.98929235639603,10.1768173861114,11.168280466061,9.30398667318557,9.29423150686013,10.1992897423663,5.3066715560995,12.0029940466622,12.0784060242923,10.582788946501,8.9626276875509,15.2829015869013,15.4130800770109,8.55947225506654,8.05193439970859,6.12126925545564,10.9609813630628,8.84007129293231,8.39442889002443,10.3717609044916,9.27722396903361,11.7911760466883,15.7724824428375,10.1299706464457,9.95835536272677,7.20910181771857,12.3197034355055,13.8646553748926,10.2649496634544,8.93326420148903,10.0203687545013,12.8807750509199,10.2903994363467,11.7658995256654,7.52697221825205,4.75307656602334,8.51910183127335,8.6179874501583,12.311333315158,8.80422178665633,13.6940552972563,10.8707478640676,12.2202488257421,10.0993839563285,7.46441872253061,9.75900360743302,9.43988179417962,15.2179449994897,12.715917226078,12.293845614922,"1"
"GSM1315639",6.59656698964266,7.20375901579093,7.22014175529747,9.09099713196489,10.2234727306124,7.11856148715526,4.39428093525647,7.45913294033927,8.72633814407503,5.49569225544957,9.08240785646865,7.2815617003717,5.14420324092179,7.20990163811073,7.12120694187502,6.40986658242262,8.42357911505049,4.98042657878668,4.69017449396989,6.94211184381357,8.13219249079164,6.35101731305964,7.33911084323155,9.48418634222321,2.94556897629308,7.36434972940592,8.40220046486088,8.21056012823709,7.04583284412895,9.42048524614939,4.34424997988599,10.4704529863875,10.9038006046385,9.33062028828564,7.76292969147374,7.96592665297257,9.69021884889445,7.11438051362923,6.01736303699973,3.72108571691476,7.78045828512774,6.8868782252997,4.92151369846698,7.90471761062109,7.37221154937528,10.3726551644599,7.3968881284578,8.68361446954274,6.18859738536485,6.0032395013046,8.54631986155617,9.13140970565715,5.40293958225122,5.34226173747097,8.22767837373348,8.39303648778981,9.72844905626228,0.388870047987766,5.44430969766243,3.42356038850661,7.1189712650692,6.61561454590176,4.34783603563192,7.0275527636818,11.1361792006912,9.05644571537485,9.60764623253246,7.29757759691176,7.36565214934931,4.03725436035737,7.04596150395779,10.8705058913947,5.6874599048938,6.08625790240935,"0"
"GSM1315640",9.68640547232573,14.5731486242662,9.29482349588558,10.8926990585825,11.8133764121334,8.38862069304875,5.77086063194683,10.4710520070617,11.0744679380193,7.02546356123814,11.0708026280671,9.07357167321602,6.69272819658968,9.3707162697397,10.6551168654222,8.52824307147909,9.80972253721537,7.03396500567785,14.6226261574191,8.36053412740479,10.1194396765268,8.47651046275862,10.7914125840165,12.2342600371364,11.1623636828794,10.9030627231686,11.7213731942423,9.5569670975665,9.97961442257612,10.4236014573176,6.40613584267691,12.7621702302377,12.5767999430201,10.5209451372524,9.26724772647002,14.9468041509004,15.5915862455726,8.94755914382641,7.74392320480766,5.886043478985,11.6971336481885,8.69502041261574,8.78775302370499,9.9937723402434,9.53894156197427,11.8505136848495,15.3025369456158,11.1090167317015,9.97780172793064,7.54609832030014,12.732761971532,14.0918965119226,9.82963838548249,9.68430123831634,10.5640784849752,12.8909994185545,10.3393384738764,11.1971259008309,8.10932786086847,5.11993266306697,9.49723252521061,8.76688063659309,12.8219137923344,9.332227395543,12.6260007041675,11.2988803883799,10.8701298387858,11.212919204801,7.7422278594794,9.72841626491045,9.31419873108103,15.1674481535188,14.2966804866168,12.6164952489537,"1"
"GSM1315641",8.7112563362764,13.631400920782,9.042314588138,10.6105776918362,11.4547863727445,7.84853373466508,4.79991380733663,11.0659532832822,10.6491928993406,6.97768709380892,10.5286463095573,8.55340831756444,6.58080154665438,9.19714992587498,9.99048089738613,7.52857258180208,9.92617130830533,7.00668555601346,14.1460271164314,8.18683503989622,9.10794494454496,8.15266885106767,9.86616192650655,11.8331041825298,9.89978659538234,10.1774020649607,11.2945876403656,9.28267454905302,9.71992053601039,10.3605690600232,5.42428874183402,12.0549801025679,12.3676568964658,10.4277943717841,9.2397727413083,14.9554785471768,15.1560075106705,8.51183656998503,7.98970906609031,5.99635163061895,10.9441725132358,8.81169345105635,8.69272722241441,9.87472798192644,8.90956811784932,11.5464973768631,15.1979760414722,10.5431582019706,9.69013124138554,6.95692517184157,12.0394539184769,13.8005236152666,9.52565058356778,8.73186595543798,10.2106892265921,12.2560902522057,10.4794781907277,12.6154090097411,7.66909452308264,4.33094296464352,8.97582229878764,8.62138788619064,12.6317935633779,8.89637432872628,13.0525768782148,11.3478007100672,11.3518391077173,10.5152339132012,7.61575741693193,9.91964037900408,9.25528482927882,14.9967350408702,13.1377481289165,12.5264207500864,"1"
"GSM1315642",8.21806883938393,12.8017218969395,8.39494924733081,10.1253553427388,11.0673640891389,8.22393178640471,5.41633702195454,11.1222270429752,9.17831123421631,6.7442678447463,10.0472117830687,7.95371892271682,7.48052831701449,9.40079245867495,10.0301772800249,7.18273642512769,9.84004732189326,7.27047853525895,14.3620181306557,8.57172254440449,9.00862145963358,8.43811483798622,9.35405623654054,11.1127745899555,8.4941580332404,9.55458862138153,10.8838269226468,8.81869574205834,9.20297114024967,9.97485417521092,5.33331248626669,11.6360775134993,12.2774922163283,10.6304061948189,8.92149781159105,14.9118689973239,15.8108157646137,8.4451437835178,7.58531329960844,5.94611174416004,10.315222760789,8.84265980173956,8.62847623943332,10.2080839742205,8.87270305462896,11.7542622723504,15.6651994764802,10.0492363050022,10.2485633115847,7.88829482615803,11.8714252500508,13.2361424182271,10.2178901583867,8.77001812733028,9.93329537266338,12.7088589951331,10.0834231197462,10.5823489488984,7.47786225737346,4.82081702741855,8.38515084275012,8.72009847613877,12.2935909613925,8.41066031906187,13.1325395591963,10.7198276787088,11.9369628169479,9.94109865749049,7.49720812454539,9.64917638710096,9.41753032776632,15.051940502526,12.3953232522639,12.990143957176,"1"
"GSM1315643",8.64921724659361,13.3493517041365,9.14976027152917,10.4730372453452,11.4623233252326,7.93406991935176,5.08540967424934,10.7126422515058,9.63980602644582,7.45597217510699,10.270635986415,8.73234343352198,6.6523890200872,9.03844934303505,10.5274830260487,8.1542917677698,9.99038328768312,6.90752603173923,14.4062135785407,8.531463886585,9.03842376045961,8.08886233123412,9.80181128135197,11.5753444632941,10.3516376739444,10.3498048905237,11.1383980291638,9.2122990135913,9.6977094916684,10.3065551718138,5.28231511305388,12.2592606987176,11.851359826574,10.2561352746194,8.93126171261317,15.4554874015114,15.2015512612506,8.52863553764518,7.74680881782162,6.19665520581063,10.9609453856304,8.8710818329601,8.43848990228484,10.4244969706155,9.19604766919772,11.7977597944305,15.5222233593737,10.6611889594547,9.58238255065395,7.04921914180607,12.2387079799785,13.8942235324725,10.0436792519795,8.66460596018819,10.2477394226533,12.5955006511365,10.3213279953435,12.8463442546146,7.6316675934525,4.33003456181727,9.00543636231787,8.58132283314557,12.40053943867,8.93067515840717,13.4607768659974,10.853397181822,11.9721428091125,10.3767359492938,7.82994851228439,9.85665353251115,9.12876728569263,15.1117803985522,12.9883248625079,12.0172704292507,"1"
"GSM1315644",7.64921724659361,7.61739527176368,6.91055447608746,9.52480376545156,10.6695747363602,6.66611392541435,3.4012191579213,7.45369145119366,8.20760086074205,5.33217653519454,9.40101658520915,7.54747111201708,4.86507927564474,7.52882805090129,7.53171270345169,6.40981888450581,8.2658776706047,4.36987541473204,4.90352490583077,7.00565802321385,7.93246747651253,5.94766161882844,7.43348561448435,9.55903908492336,3.30092814078269,8.70866057584176,8.98705405005724,7.82186302113703,7.71923084869149,9.56808269792905,4.3321440282447,10.7414903377066,10.5343022000977,9.04952097207885,7.88575565716827,6.72377351465737,8.64258309808147,7.09742475550186,6.47692834372875,3.57060757047396,8.10258207486417,6.52714029256636,5.14868042058977,7.27747950049021,7.36808203402699,10.2909854425951,5.68685894092751,9.1336003874615,5.90938305247562,5.2889226460836,8.73706801498646,9.53211070595826,5.45679344945246,5.31228222760498,8.44584459985042,8.33079120180352,9.77455148379727,2.21595101952122,5.36673144534394,3.10885321718648,7.14550216576791,6.93642176023076,4.42572154548067,6.70500760503786,9.97887604035942,8.74059269914764,9.23713232115811,7.36402713357203,7.63194306131181,4.04804494948629,6.8327271968372,10.2077031567193,5.03470285223411,5.16524365614723,"0"
"GSM1315645",7.52333204197908,6.99558333781042,6.86139582624719,9.47156808974962,10.7918304864112,7.06322531499177,3.73358205479885,7.67348126105991,8.82527914648442,6.02494866764988,8.94938090874981,7.63601964916276,5.57086852296993,7.61096707738956,6.80845443646964,6.77625268049862,8.74183580089308,5.93574266407097,4.97358031518326,7.27314552515384,8.23244708551896,6.71978365840826,6.9239773466781,9.67837663551023,3.29575533122196,9.2394977147279,9.25243739144763,8.13005832553462,8.01477130931847,9.17491518417648,4.45595945823478,10.5373901856946,10.7609186897169,8.92705220918163,8.16319764323782,5.6066234548706,7.24735617023623,7.18921863046822,6.75667973381035,3.19395229966279,8.77637526026826,7.02462226837515,4.60376398009158,7.83780794090447,7.32023908853123,10.4521681610376,5.44675198702882,9.16419796585485,6.44262787739689,5.78373566365899,8.60207745204853,8.22060935558764,5.58479969368045,4.80756416726686,8.81189003436069,7.31639416230279,9.60516829618805,0.66411020988368,5.50618752569832,3.36917811453264,7.43382281262012,7.29584656166591,3.67346429936188,7.57849448634686,10.8929462183446,9.1158174034561,8.98725958520956,7.50200117807655,7.17029718383868,4.21374326333795,7.31448405731674,9.05243827797404,4.09924735765086,6.41369655016504,"0"
"GSM1315646",7.55001556888651,5.87498455871828,6.73031550616596,9.00259754183725,10.5423442329831,6.48894384167894,3.13854583206459,7.46123382542513,8.38047142694866,5.84196132685496,8.47954598632019,7.60965053961808,4.93312214552368,7.49509302458248,7.24192427643265,7.25495633671766,8.00477743189382,4.85791725614946,6.2206371010751,6.87550928730463,7.53504384969674,5.82001379573248,7.67910660754191,9.84478034310921,3.50923669865101,8.63108291698083,9.4388958243179,7.90461341031623,7.26646822218888,9.05585648702041,3.81967339896059,10.4893138981348,10.4548004083478,9.03664700965722,7.92124441823993,8.32590486379357,8.58689222344819,7.12092655659755,6.36099059294136,3.70988528112326,8.38646821955904,6.65136199785215,5.32954662385971,7.12909710860875,7.09890271406853,10.3278771475177,8.22755663047182,9.34229188103309,5.76549260481789,5.51067287064074,7.92200717872979,9.34143650884359,5.258626921367,4.6598334273142,8.33965626725377,8.07100053975161,9.49749190533936,2.44154434392267,4.8766403426532,3.30528894756526,7.20049824299736,6.63521043672745,5.64299000536796,7.04411449577453,9.67981880290731,9.25025977591585,8.31207466575819,7.34682662799956,7.68009205868405,4.2118252107077,7.19137876184502,10.7367124939044,4.70317311326281,5.57900505558447,"0"
"GSM1315647",7.41228938983234,5.55685866810439,7.1072768861104,9.53651133643089,10.4840570148634,7.10721716000515,4.23050397882251,8.02614287251122,8.74077009044915,5.37505637733217,9.22808896073567,7.76643466153916,5.4497320854683,8.02297976941344,7.27236449898072,6.32271970004656,8.23285783444479,5.26913960705065,4.92999104663558,6.82554533505994,8.3626521933962,6.41701382007346,7.25226583156593,9.76992994301865,3.00001676031546,8.09145960785908,8.77248260506631,8.20465160358021,7.73050973607396,9.03793457902314,4.59162831131194,10.5743160045437,10.7570109136965,9.23083177205529,8.08881166757765,4.75451154451979,5.2132636289682,7.37677550901444,6.19169321756204,3.17903416545271,7.76735172175374,6.45951402485905,5.39865236324489,7.70835494600096,6.97610324904653,9.8394203917118,4.87514468202386,8.81372772256447,5.91830445940206,6.01279531477965,8.53923405589815,8.34457475658952,5.66192884647607,5.07551715058633,8.4415108091169,8.12493427860372,9.69637124527395,0.0407635568279094,5.20183501309471,3.49121644166387,7.15817493552837,6.58596107733861,3.63268716145763,7.05111123820529,10.3503766188566,9.05948645241411,9.00573715637116,7.68013948636654,7.27051916540952,4.12887372701725,6.62830980285003,10.5350319208168,2.82248223595496,5.37817692117219,"0"
"GSM1315648",8.09509921395165,13.0914258396429,9.40760038652453,10.2468386100248,11.1125442644727,7.85090147759619,5.0932544879491,11.8003827927144,10.722412707898,7.63446930734537,9.92470613402189,8.0086122145197,7.35170000250777,9.44440316421435,9.95641324799045,6.93951882404942,9.88952086705771,6.5414342551115,14.3374181209975,8.3472698773583,9.0761751428244,8.01264719075117,9.83118364261649,11.938579785412,9.3160647837719,9.68425970277652,10.6531771394775,8.74259091336234,8.51952728175826,10.0758410761405,5.02972152316443,11.9424975273378,12.0475329815102,10.622852951326,8.64072011332781,14.157124809864,14.9597875623527,8.46724487259303,7.66874881435089,6.6817182630405,10.4574493135168,8.83342232515338,8.60252288665917,10.3535623966413,8.78692907784568,11.9093958647652,15.6704801531558,9.94407723858589,10.2638760437493,6.91870795897549,11.646160847767,13.5786929827228,10.2751411289226,8.91326158515408,9.83863371750851,13.0615345154088,9.96680717178349,10.4742108301598,7.43270033602754,4.72478752159192,8.03701951466677,8.61658851727437,12.3654851947233,8.74034923300524,13.7765300096023,10.7685832335084,12.3912602253049,9.89597404817334,7.33971144298519,9.36597195990714,9.7603654249604,15.7591098346308,12.6382557205569,12.5991424581833,"1"
"GSM1315649",7.13349305142108,4.99123265248083,7.14620251022043,9.20959662698058,10.5867961317585,6.75571063903619,3.88973802779875,8.11728110638319,8.27601643712474,5.61192066392027,8.79411475607303,7.54306826316167,5.34172051811694,7.59105225907059,6.91250046502981,6.54694944289979,8.68983903545852,5.20880642446866,4.18090027969039,7.19710483725525,7.84028687900373,6.28456827719179,7.11335471078659,9.72650525064205,2.85843638456711,8.4417821033398,8.45780345736652,8.22489149453449,7.65003993845801,9.05524778061043,4.42888715141255,10.5448513460498,10.6365025009081,9.32138814477918,7.89477455331762,4.73399642925177,6.22998982305202,7.07850928662275,6.37521392064587,3.30862063146614,8.35066749813119,6.51092207279634,4.78688360125909,7.89875160583987,7.29195588208097,10.511679451682,4.75174268822562,8.72520947666317,6.01321509702082,5.86754581982013,8.91606424235343,8.73100936190216,5.68677959107018,4.54367377039149,8.47492945115951,8.32226306068816,9.52602405557302,0.0471613280260599,5.24144477740216,3.48904779031092,7.38594266222163,6.63773126741071,3.47200780782639,7.20932208606499,10.5149995160271,9.11323755290562,9.1085753466117,7.30167826205924,7.18873683298837,3.76378450185727,7.38779405228779,10.7112888898308,2.74391024194372,4.85432199432901,"0"
"GSM1315650",7.02394675721892,10.1190413267308,8.33573619912394,10.2428495720723,10.6994145187266,8.03448002685262,5.36016439990349,9.74512129059789,8.82308131179622,6.43142678089985,9.12901195408987,6.96306534792127,6.74313315002692,7.95044172879952,9.69339918868136,7.64746213893012,8.9273138755025,7.08393849701515,11.3572179479965,8.22978553604991,8.98293335001085,7.94552131187432,10.1666743116767,11.0293264065478,5.64905428357639,9.85468326835998,9.47024629501324,8.56957077052813,8.11884291152375,9.61352809436266,5.37237358080038,11.4589559932237,11.1688273494755,9.93694394743701,8.51795684487497,13.5292404232309,12.9002180164197,7.17283404946367,7.79006014447984,4.23088779839836,10.2294440645279,7.77874130432838,7.02242998039791,8.48681369670188,9.03477237664881,11.4276662049352,13.9685743516674,9.66606822567908,7.06355398260338,7.19551358543579,11.9170133196513,12.5015407724528,9.18066672507294,5.56465415880742,9.54783032169456,12.7214001110484,9.807219871475,7.47367843579213,7.7605406426749,4.74537492559621,7.77750388579202,8.19504542085648,7.73686822202082,8.0953398191297,14.1719333286036,9.2288504927903,12.3806608632141,9.14954776787755,7.46114121818837,8.47828767257996,8.12987013961216,15.3383404281419,9.24851779863139,9.10579678482338,"1"
"GSM1315651",7.14790718607898,3.85009647988943,6.56651460715438,9.14368555917453,10.4874067926333,6.47289249948871,3.11304942173834,7.24425457266013,8.24543194315021,5.63543335351615,8.66233802934161,7.44660761280896,4.72980356606683,7.31660955329284,6.63436888174254,6.89645811203482,7.89401515008619,4.49859518725367,4.0343048357527,6.76013863858111,7.39260279163116,5.97444488321705,7.05972270006324,9.4079408229888,2.95347417437843,9.15155757817541,8.77834761167075,7.92725879885634,7.47209406973791,9.35287879607469,3.85492309616388,9.87331075037825,10.1248488781862,8.89973353104121,7.73225113977699,4.8235205748303,5.08048976725443,6.58486360830006,6.86429742556021,3.03871623626531,8.04997453049282,6.02792534931636,5.17767960162824,7.03839027187026,6.92545044430329,10.588977863287,5.62602179390622,9.14499820069959,5.61897220771052,5.2072533933262,7.91696771240825,8.34982978589385,5.78309462336089,4.57623016523493,8.29900727851541,6.14899682122183,9.58529372040297,0.412848910922206,4.55769643104931,2.95158351655019,7.06307973412914,7.05630251033124,3.46245801854884,7.34620740907662,9.89694172222701,8.71058414591142,8.30570937935278,7.17918181545163,7.5513707295176,3.5797169303606,6.73464780280707,9.26675219409487,2.21367299327943,4.88259291351506,"0"
"GSM1315652",7.76043137287062,6.28456598497297,7.33254700617524,9.57224170805702,10.5313774424402,6.74142484140936,3.69334975226958,7.62955426006101,8.70570882781417,5.66443706095158,8.96767949353526,7.78827629860591,5.19645191322582,7.79438041878012,6.86795089384286,6.65150194623179,8.55277785562039,4.83437067332061,3.95791085891738,7.05753269825259,8.0802576394995,5.98648692425879,7.47207806738576,9.74471147012845,2.99236318777202,8.70939581948263,9.29493963525369,8.33424517806397,7.75447874287757,8.92701335419688,4.41570975694523,10.8419116030116,10.4982666378507,9.00984206841894,8.02165270381233,6.27363844232797,7.00263655774436,7.22509028659509,6.31905110901344,3.43014799649669,8.57258908135736,6.78526210494755,4.61767201065633,7.62592759967954,6.98858612769083,10.1144437674476,5.74785603464053,9.0623612565816,6.75677720362557,5.56364489778178,8.26495082831186,8.62695002525081,5.45976337476893,4.91653389942594,8.61317342452431,8.01458904648683,9.67222009579024,0.314445206861212,5.12238160277507,2.93972243268737,7.3284317817199,6.5723465215641,3.69109419338367,6.94536275361813,10.4474756638144,9.06794881483981,8.94101327650433,7.88358003567809,7.20399149765407,3.50127366526924,6.90862292876258,10.5816295507503,3.48420193566015,5.97952461577961,"0"
"GSM1315653",7.17378418344586,4.72092377900407,6.94350668989956,9.13368020738977,10.595365537312,6.43315061464205,3.41975767052785,8.12110634188727,8.77869005637979,5.89009121257895,8.50827701407128,7.32145955319571,4.8945042862842,7.72127925730663,6.63371468067991,6.96717161192131,8.43113568059042,4.74558695339221,3.19269760448685,7.10499113342739,7.68320052563996,5.70811488577729,7.0263688723645,9.66024531554637,3.1577335049549,8.56916265611385,8.89427499740355,8.26770121991122,7.59209013449245,8.79678456321161,3.98343413844996,10.6512414526406,10.7445197130304,9.03656021795673,7.67744220346573,5.46720345749437,4.91025353831854,6.82631993766808,6.22263692477031,3.30862063146614,8.43472761784577,7.27537920090916,4.85057175707683,7.92144822255583,6.74789841536849,10.2871233513976,5.23037169839143,8.9643529776776,6.13857773478486,5.71254875256794,7.81278386856257,8.47944792901919,5.4512719993094,5.04201969658532,8.56460296785476,7.00436291624913,9.40552109735586,-0.129161444614403,5.00185674080319,3.34599940521295,7.28164008487755,6.20098294793974,3.54362686171929,7.32352266547004,10.6058705949529,9.1143130513384,8.60651753908611,7.38148999074475,7.01498722590292,3.77248594585222,7.2329077272084,9.43669854795076,2.54136035745548,5.81740377318211,"0"
"GSM1315654",7.51964191984299,6.36335501684739,6.95378657805051,9.57550467076822,10.8085530753814,6.98535042429545,3.91398557404543,7.86826723528803,8.32602364292629,6.05104897143262,9.02755426619621,7.80037847989162,5.2617695087838,7.76670118617871,7.95873670952399,6.78201312906237,9.10968934330873,5.61921946128028,5.66646484088535,7.26779626043848,8.33343548361946,6.65733730359256,7.71416993588275,10.2480651268266,3.01394371835753,9.30034882573091,9.88512794520034,8.32168094061289,7.96001934988126,9.60243219472693,4.36382239378912,10.9861599610285,10.7029276180873,9.14825358686097,7.97765249436509,7.85371309069504,8.56493822470377,7.37323680539376,6.42095783940661,3.94188338994618,8.91460715138022,7.08112100283776,4.91156684951438,7.85841923037745,7.94029688579923,10.6098332339098,7.30465348475225,9.14120892602593,7.04170012951022,5.51708201063893,8.67851899998058,9.99777355371792,5.65972563351516,5.06790567567989,8.60860294818671,9.90531986482522,9.82683700100096,0.165973804386415,5.73014705302048,3.31695087270245,7.56806623470547,7.42000873491702,4.21196175546665,7.19867685630892,10.1295198969449,9.08849610253,9.68760701054589,8.04080431479403,7.52949560946397,4.12208136493712,7.24876035864979,10.8006958334816,4.06100183080606,7.07985608171661,"0"
"GSM1315655",7.21684228131087,5.95321026149752,6.90866445803923,9.65179075394088,11.1374233830243,6.7841744888687,3.6233536096476,8.06907767229495,9.07003415188408,5.75273308189856,8.81933039089538,7.4367047158471,5.17600363191698,7.55495480028423,6.7830470120625,6.83824510005964,8.77340146218004,5.37292580422977,3.41039833049858,7.1456452378987,7.97016716155064,6.20549670620059,7.12609530289584,9.98457786987732,3.04510464984399,9.15409815347449,8.92586896075816,8.33184771537321,8.17604774364826,9.10675814266177,4.07456987509258,10.814165523526,10.9672492844718,8.97122214519229,8.05155762407736,5.56132146480729,6.66061594976672,7.3634179089648,6.42317964945697,3.50732132573999,8.84395030269672,6.69130074322229,4.61967658933217,7.45051317208255,7.57101112334237,10.6691318163863,5.11092498848676,8.87229242468883,6.23196184046921,5.79256815751898,8.24009397662639,8.51139082152194,5.22649373834222,5.33404890231103,8.83302848012019,8.69225739957983,9.67803714964223,0.0265877880635419,5.52195484155663,3.43993237253449,7.66649805182846,7.13717356070197,3.60195112377719,7.100920851393,10.5263327640103,9.17280072639227,9.04080387933196,8.37442117871775,7.11992041293989,3.9347758326241,7.11729968276132,9.87801475535668,3.15915584725118,5.71861366425763,"0"
"GSM1315656",7.51964191984299,6.60878524636487,6.97487319620029,9.49107601952123,10.9585343455285,6.73246397383774,3.79075380805116,7.68303880730514,8.42776508818024,5.95299882577086,8.48207781896453,7.93372168732821,5.40793923811536,7.46582517687714,7.27100957049452,7.01445746018879,9.18569073213189,5.77847905416522,3.89481780626686,7.57290601911543,8.26765166810216,6.70952820410265,7.71172525449214,9.77926869216482,3.19377459962493,9.22265264114479,9.76316320584111,8.37224529014804,8.11609932088838,9.27063029625448,4.44497523751163,11.047396272438,10.3544938538261,8.53046791137095,8.31326012422686,6.96302364213239,6.94959949351897,7.16095994917537,6.63000049616373,3.75585113507544,8.86378999709223,6.73176035049408,4.38598883391918,7.31834075621541,8.05138503328668,10.5202885328585,6.00763104262853,9.04298966595177,6.45345560839445,5.36052423293445,8.37144369083019,9.59612500996525,5.26688051409294,4.79506307596715,8.8160368535275,9.19750553431346,9.89199590116869,-0.129161444614403,5.38982927311152,3.45389855169849,7.85687848679489,7.28263770317753,3.63754472510693,7.16401834701319,10.0286304420164,9.27050723247682,9.24185139827005,8.05223998456007,7.45332119683703,3.70135903270213,7.4764495171697,11.0269580597364,3.61421092286316,5.98961336066996,"0"
"GSM1315657",8.46696395208127,13.0651827272652,9.15499845461006,10.5646384004226,11.1676218218414,7.63365043012966,4.98678340840755,11.027664710657,10.0956762752281,6.78610589426988,9.80142503413754,8.13342972656841,6.78190654939125,9.1167599907611,10.5609495634174,7.32605985913841,9.42577517426133,6.55596463417825,13.6124192280978,8.29912166441832,8.85424987766167,7.85601150907739,9.85101050510104,11.7569147142439,8.84557318631636,9.713359673213,11.1186738337104,8.82066027405537,8.97603522307567,10.1516411527061,4.99529359726587,12.0897092327519,11.9304786718972,10.791132654516,9.0253119216469,14.5010902025879,14.910554557488,8.54340548790845,8.05085713629108,6.24311696190946,10.392643016687,8.84297238400868,8.15157553715116,9.99059320875882,8.48348246421109,11.4772257599751,15.4083510481516,9.9225275891717,9.86627118714436,6.99224050235535,11.595392662205,13.7512898034354,9.67668982435227,9.15618970575308,9.94546838018056,12.663988859476,10.0451702746691,11.8626856089227,7.47651428332696,4.26593176016136,8.50651568889207,8.03715300875607,12.4397949734579,8.74907438649282,13.8301646874457,10.9542265109957,11.9286646525736,10.0312542462114,7.73807350942085,9.39048509364294,9.2363753471429,15.5897154105075,12.6070983109631,12.4117913763184,"1"
"GSM1315658",7.50076045408445,5.6015804716219,6.53154279485302,9.61471839876108,10.8300741752215,6.65430093943954,3.49161757803704,7.76242237592753,8.7070006304649,5.91396443887967,8.68704280425525,7.62289533930011,5.08800244104709,7.90784659965232,6.81494540223266,6.87350242484597,8.79676454395932,5.49872213476934,4.62646637786603,7.19925223786143,7.90089625554226,6.4214559225798,7.12219567304103,9.46658544620863,3.23110669128512,9.29251950805436,8.90624715909292,8.36401243831921,7.79819457668761,9.16215718608822,4.24144839489245,10.9189160717918,10.9383209371753,8.81746221614893,8.35544534049296,5.23023676876263,5.14791769477472,7.16193692154351,6.81000686808153,3.63715876338257,8.71489649280734,7.5078428327145,4.53956919656993,7.55068187610538,7.30437943640609,10.617738338642,4.12620644619158,9.01235603041585,6.27721652712153,5.74057028849665,8.12181389246271,8.11968347017723,4.96476019533797,4.99155302461141,8.94981118585732,8.05168107301058,9.70040911675573,-0.129161444614403,5.10959544781923,3.32365967593526,7.45313481679823,7.19423015464983,3.65561629802895,7.19153614668767,9.96785920141116,9.26919453317598,8.4622607784357,7.90011789748129,7.36173461416664,4.19315136990691,6.92933828994023,10.247405740161,3.01552143903049,4.91499950770561,"0"
"GSM1315659",7.35035626919372,5.4874423445114,6.72527111277189,9.70633667464161,10.9753131835657,7.21522840843682,4.10198292635451,8.27851397359634,8.69372955853713,6.11603349488321,9.09088706164005,7.66661837731009,5.95029991115285,7.80242132155334,6.83348544659808,6.79485412791493,8.94446560721382,6.14478542501335,2.75341255896133,7.1019336496048,8.72879330193311,6.98998033569288,7.4533100350517,9.89220083198766,3.89241635332699,9.26772547648212,9.23868866314917,8.61300077043623,7.88778077685648,9.19505933965891,4.83344743680273,10.869372586577,10.9626953593747,9.16835560125166,8.09989986725629,3.60761218706405,4.403481187608,7.18008548905531,6.5729424033846,3.52807277656566,9.59580574049592,7.4763904293101,5.91025724312386,7.55816777088788,7.33169143985506,10.5777304859173,4.03885875799561,9.22241624136112,6.13255007519492,5.98886290254725,8.18753093105425,8.64280032076794,5.71442771647737,5.03090092437794,9.0212478756174,7.92183430986864,9.74813071550124,-0.129161444614403,5.62550581143977,4.01437791412175,7.60389906770353,7.46862309013677,3.51619588970418,7.46872592680975,10.6209475784122,8.92581495613711,8.68625002622209,8.30356066118833,7.19709831389733,4.46737618717527,7.53109373322192,9.41408818849875,2.85213304249321,6.30255028849624,"0"
"GSM1315660",6.62326455091715,6.70420388411235,7.0725445698126,9.01852576632871,10.2749641236877,6.36562250541362,3.50847824957936,7.94170366407237,8.47577440589929,5.58961101105711,8.71945326962685,7.21159870444936,4.96207351921981,7.8196382180821,6.90841945799137,6.72603090540536,8.74104702457951,4.33929502634849,4.53502822592757,7.14118427640305,7.43584807367146,5.70487923532452,7.22644670781341,9.5688969463397,2.85843638456711,8.1086167290556,8.8206442284456,7.87503534531788,7.27153829783678,9.33088398796145,3.74718152752355,10.7776894894764,10.5944789174478,9.31238333151797,7.79430754654933,7.17576429414513,7.20347699119402,6.83688018343296,6.06935767463799,4.11450616445676,8.07332656936535,6.91168975953741,4.78152174533172,7.86083143612103,7.22093503960698,10.6451933650259,7.20834868855378,8.59705564001454,6.69974747407525,5.32248668563931,8.82239571949402,8.98496554481026,6.11682447696866,5.3189832261448,8.58056064663524,9.09761264777033,9.36645622248906,0.0458840414965108,4.87726910493854,3.18115800643866,6.72179709293086,6.63256483367719,3.61432422741284,6.83900006586991,10.170988204975,9.50375248713051,9.5238286351477,6.65163585245682,7.39502304918488,4.13360942425251,6.90089134433742,11.2187817273999,4.08551664178875,5.49787945100985,"0"
"GSM1315661",8.00802970333563,12.6605807512115,8.97670502158917,10.1631806809779,11.1058994956684,7.75460458068441,5.1706784530054,10.9665665436931,9.42625760121847,6.48728001563337,10.1970567766028,8.08704269130412,6.80630170354088,9.13953649196506,9.84995297750012,7.85447522698469,9.81226488760095,6.6286469724052,14.4353780073987,8.12852311777953,8.90576822809206,7.99263631626746,9.25458333263746,11.5064247232417,8.81588852767182,9.90942764707571,10.7592303971557,8.73145087397597,9.09311653039437,9.99187644209987,5.19271047739637,11.6902242050321,12.0896727125703,10.1392286554766,8.81270709264316,14.9839768965852,15.3076353392573,8.23779436823987,7.56273362608516,5.46784479944005,10.2310560478156,8.75030048104583,9.0228939471199,10.214551855476,9.03611922134681,11.5178051593075,15.5168489126588,10.0486011541294,9.48204481778831,6.90182749590276,11.869636227654,13.3975811429749,10.6875454591569,8.23363894666914,9.82495175924595,12.4661406566836,9.81534428481409,12.0136090360099,7.2543293246082,4.54466062566741,8.56031235084506,8.13713114034762,12.143523029881,8.48690025280099,13.4925982463775,10.8333033041646,11.274753527835,10.3052976540889,7.44982665384316,9.61242069475586,8.97845777138485,15.2420437386878,12.0333664539441,12.5476928027967,"1"
"GSM1315662",8.55418400588321,13.032706858359,9.3223524153498,10.0777447935647,11.0960150483943,8.31903071695803,5.47269718257486,11.0012492430418,11.0791567586788,8.44215483209492,9.41664128404419,8.24176118517033,7.62082668165719,9.15594670961093,10.017590930981,7.93907270380119,9.84963537954882,7.35055745015595,14.3486365113517,8.47994908086023,9.56190230204226,8.59266712661537,9.89248393858045,11.9823805092946,10.4895497284047,10.0281891712636,10.8538885298363,9.04143237609038,8.77274795721135,10.4799938968839,5.41570975694523,12.254275644325,11.8230879243579,10.8303863880335,8.76946656552692,14.3228422322088,14.984825958989,8.4317997721458,7.77295845000577,6.65113348686317,10.6597305566164,8.69066933919414,8.26297177777848,10.3824205130933,9.11798044509032,11.7965730325373,15.3834359384253,10.3478458458917,10.2981966682897,7.38069716490531,11.6768898241689,13.7842887593208,9.90633955833998,9.38217376349873,9.81999607399313,12.4979261736084,9.99431988145869,10.8459614120128,7.17370251877858,5.19585905578509,8.31726745375974,8.81434376480931,12.4771137598273,8.56707969680453,13.0288801022667,11.1991629377113,11.8100190404498,10.0022439698642,7.85864402586895,9.67440864325932,9.46405436157831,15.0292618484204,12.7977883507803,12.1187320171122,"1"
"GSM1315663",6.85717420444353,7.94689688799621,7.57509164109054,9.63831348553424,10.6628116106359,7.2915129796586,4.31471523664039,8.43042274420795,8.23871438865554,5.91364659463056,8.98747446443538,7.59871756393958,5.95794190048272,7.84446141747921,7.45074843922254,6.35453980281593,8.67859074128047,5.82103100519428,7.77248207755681,7.40949245955716,8.18600759414752,6.64789073992647,7.29762660770398,9.34288374732322,3.65855570752485,8.73633972623536,9.34011077255337,8.02898868582016,7.71685008469221,9.25880040093087,4.85084929484377,10.2814447972132,11.0774103306866,9.02645678226983,8.12922905241176,9.37604709192385,11.0219523158975,6.8155576610874,6.54379946111443,4.09708646605509,8.46893037975101,6.88135530667636,5.53585869546656,8.00505051344226,7.88556133972526,10.6178912429948,9.80472451820074,8.74424508149215,6.56335678422791,6.14461158331441,9.18739208545424,9.47412029651599,6.45583234785933,6.10461826998709,8.74127095966716,9.07552475547086,9.46123670711876,5.64712681755257,5.97420411800342,3.97927225612985,7.48024722061533,7.12139226024927,6.48537324006077,6.7325174541728,10.5084347894568,9.07477154700952,9.93383841123612,7.35632015890655,7.32028599833904,5.2223430826217,7.62555288429486,11.1083955523222,6.6987240696881,7.35727492406655,"0"
"GSM1315664",6.9972518905535,6.18669829290529,7.11607177174434,9.06063214565971,10.4153462279018,6.90986022471119,3.78153527802178,7.84987686517907,8.48646108469653,5.91475874327726,8.30104309694725,7.41470177896018,5.69364390277141,7.11340278249207,7.51763751823997,7.09812157453898,8.18384807873899,6.04382947636197,4.66695664080179,7.29749985464626,8.1924877444685,6.5768799715882,7.8284680689706,9.84169622156123,3.60100468496269,8.95105401462395,9.95171602604391,8.27687003966942,7.19176833837496,9.37626639552475,4.4974117715227,10.3632252120021,10.4180025167812,8.97276518322639,7.9294150089864,6.25100825124127,7.47359910264169,6.46190001184338,6.50604260537605,4.27159675416305,8.98783847680181,7.2354156324778,5.09680932137153,7.55584991012338,7.91981908158613,10.584186178702,5.96602963940242,8.80068408950827,6.40157358186517,5.95322746473636,7.64112674026304,9.38755268218759,5.85696218074926,4.78166089450664,8.71174204227493,8.2605463295334,9.52181765261275,0.171840811418411,5.30544770390545,3.66168309696683,7.53302945473812,7.12764011137995,3.70388721993563,7.34174852662344,10.3610098649988,8.88647035369025,9.16854047117686,7.4616687166217,7.54119460485115,3.63515591678603,7.59515574949081,10.6647461495629,3.99643100595973,6.96676627249252,"0"
"GSM1315665",7.18027145661406,7.26689802467955,7.01851685883644,9.31834825081549,10.6913500882859,7.06118183725509,4.02673447367636,7.83408899034848,8.34873765644698,5.8446314398964,8.74075362619342,7.68586424619828,5.33368692868522,7.47350017909605,7.65489746693599,6.81498482995573,8.65188336756011,5.13640591690929,6.33930099196566,7.34998772887054,8.02831643109277,6.53740691591969,7.85817912829599,9.6629057517819,3.09955243386637,8.77020819921344,9.56625045584303,8.0789795368761,7.99337104462459,9.31534325811257,4.53648929350539,10.699910647927,10.8339133924855,8.93945274052754,7.97679929742507,8.05002679031151,9.55135668703564,6.70568808287513,6.41371323439438,3.79265974156924,8.72797878443474,7.09110774960215,5.5183440835297,8.1572792877031,7.98877162367835,10.7068175481722,8.10420272830073,9.12753518369911,7.01371971229036,5.91749720412146,8.75732682697532,9.63111535129985,6.27490209446419,5.08164188457048,8.71316197123791,9.61006331432096,9.61577934329368,1.26754607676957,5.66864057416575,3.07672059624567,7.6927247007091,7.06605018475819,4.39593032383297,6.75802598733735,10.3496507284737,9.20586810259715,10.1054427698881,7.49112582176638,7.55729977426078,4.18535299934651,7.80383450555532,10.8655486794602,4.82838283739464,7.47710124768755,"0"
"GSM1315666",7.91795606153071,12.9739168948467,8.53013336583611,10.232108670571,11.340785738357,7.88133365438425,5.17350035129558,10.9866999182415,9.44263465585788,6.64341017085293,9.99152145851981,8.2935984119852,6.80363834028555,9.03258222502707,9.91648031594236,7.52958261109348,9.78057664312487,6.7707203557398,13.9933640694631,8.0071763423608,8.93208029709233,8.05121818099613,8.72037413238094,10.8103313338694,8.5124733190613,10.1086445972581,10.6439325388598,8.87601079839148,9.38471768878447,10.073718788203,5.24926924505458,11.8503090066776,12.2135660873532,9.85540054456601,8.96363285700373,15.1087374910987,15.1958222613592,8.35430118768502,7.62863730701775,5.23299590132772,10.3794864706351,9.10344730654391,7.53784765064619,9.93301061414144,8.7591426620051,11.525450802777,15.3795836038726,9.77510680981635,9.47299079066811,7.0864708261405,12.1332028620254,13.1793393326752,9.56367547235847,8.53896648153578,9.9216330485092,12.5864239881966,9.90858410647757,11.8451556237413,7.39894395145129,4.51459240116789,8.29977383992487,8.29653042944623,12.3096758642184,8.49149215177334,12.8749134890359,11.3209416673352,11.2558707056859,10.2360627799387,7.44073961389526,9.45024266075966,9.22991586822173,14.6264153080375,12.4081826070175,12.7010694197528,"1"
"GSM1315667",8.02494828106399,13.3343340284617,7.36363918391078,10.8046740787616,11.6056733299451,8.30959359391534,5.74097256030508,10.0675558267974,9.97235075917292,5.9508319193907,10.9118755266656,8.57084405034099,6.79781024264724,8.53791075010194,10.1338565812947,7.96671775072992,9.39274394241624,7.17039309513208,12.9834027627135,7.60148599601146,9.4525916876339,8.20971187781344,8.9590985322295,11.1939428837004,7.67657711516289,10.1806400815708,10.9941978001589,8.80377975006538,10.0290621231728,10.3768348876926,6.01355812497113,11.9729305649671,12.643547612806,9.9446422966301,9.07064766056817,14.8031666964237,15.4480240997322,8.48784422162979,7.5567590281502,5.54949692383076,10.7044047418821,9.19170524476137,7.20403800885267,9.37458042481655,9.04363840343771,11.4426064153265,15.1292938411692,10.1862490549064,9.53670024832234,7.43946432704294,13.0172697949042,12.7181488094041,8.86486321274598,8.37991113482177,10.2568551864167,12.96044562753,9.67280737439213,11.289093344707,7.38464229740195,4.56899082802817,8.88568528258195,8.53090831804021,12.6523153902958,8.55674996683088,11.8701015509525,10.8277015128476,10.4353748077617,10.3320071230636,7.55609810319737,9.02901734901022,8.86034924646126,13.9875694405909,12.7377665511514,12.762735841973,"1"
"GSM1315668",7.63380676107774,4.72221017680744,7.03970098646618,9.08045423500925,10.5479248673002,6.36645021343454,3.40061715706095,8.1631732651457,8.3306725031494,5.59893218815485,8.4913504017483,7.53806207012521,5.04231429079279,7.53579013163369,7.50596788504177,7.0234945616192,8.49450538265611,5.37458693859969,5.61305342413169,7.12147677711783,7.54756702897889,6.17921527704556,7.31676402875546,9.3726825039582,3.14052421492268,8.69246406002123,9.09038601975493,7.96762627188089,7.79567001750675,8.77328897640867,4.02712441167839,10.2939347907166,10.6562998563221,8.93471024071498,7.8868807005972,5.12544337678682,5.51117157559608,6.70166270347544,6.59478929847622,2.75081554517814,8.31158759512847,6.3840379158076,5.35924397868665,7.93599320578206,6.97759943278539,10.4165461569504,5.20136965131447,8.96477827961382,5.96445341930123,5.16597711774768,8.56238539129561,9.27465916596039,6.59590452111313,5.19630232101954,8.36263870469457,8.08089726952579,9.2464946299281,1.0655560182792,4.97860571312183,3.013246536434,7.57363723961386,6.66116702687161,3.61801556002168,6.88943217617529,10.1791624579515,8.82578563517753,8.97539583142892,7.0056415384524,7.38588366102672,3.95402745324005,6.57500565348198,9.73378197844796,2.62329021677402,5.79620406964932,"0"
"GSM1315669",6.68893518547765,6.7471736781619,7.12854361130609,9.0352960347073,10.4843789312353,6.8448263392937,3.98598101959883,8.37995464066952,8.50222965849332,5.69379496873941,8.60189216253542,7.62767156006608,5.71827935872751,7.31750758945062,7.77199131927504,6.74150170120042,9.31596527268642,5.56156592175799,4.06149210463729,7.69894286905368,8.02347841502001,6.47181857429211,7.75647432293538,9.46002850098989,3.08163052586911,8.71628885556211,9.51735091103573,7.91009985640265,7.76234994430673,9.17132434167128,4.40040544587848,10.9245233117723,10.5859917049562,8.71163460749002,7.95034514836936,6.40246187753137,4.52354381888253,7.13233606695914,5.73508254222129,4.03526893464684,8.40605068954738,7.3529295116088,4.94839949265049,8.15645753837354,7.42840672789957,10.4610060945354,5.76304400587024,8.73861875814067,6.50461388865061,5.93403671291207,7.92894045293998,9.74523668202875,5.50211893505011,4.848406026015,8.56019137419383,9.42637097443196,9.51533384494028,0.303797962661703,5.46871282027965,3.79712834887488,7.6567985534999,6.84151713360203,3.54879318788802,6.99321612464121,10.6389891194957,9.52441818143819,9.77299158303753,7.72614397381498,7.09990203838226,3.8143804789661,7.68625570623913,10.9782804494904,3.74224431215019,5.8110600855221,"0"
"GSM1315670",8.70076577902148,12.172232942475,8.20463941665446,10.1806569092087,11.0563452646967,8.11154345604855,4.9635348243646,10.3664614727028,10.0624458929768,7.14955350487975,9.66460474936838,8.6567624590398,6.88136021202545,9.42077907492093,9.9368869672864,7.53155671253236,9.77301566326321,6.4928709565954,13.565912926817,7.98808152722638,9.25821018158404,7.93718672933207,9.00918712442924,11.2762990618978,9.30799454773547,9.63650513291311,11.1822734599687,8.88585029245852,9.11595477675031,10.3441675830855,5.24902161459725,11.9104997899111,12.0080011562664,10.5053196217988,8.74931445713505,14.4033336839018,14.7472917176697,8.75037857898691,7.52805832490572,6.42132736695392,10.1949860377947,8.57205732164396,8.38697482923203,9.99693810599494,8.81025987041168,11.3470946861213,14.8943219652731,10.3944212115595,9.69874754270528,7.0529731910727,11.6869180398206,13.1413325727352,9.81036596957662,8.98206312942073,9.82941046156381,12.2064752334885,10.0887140588964,9.13979219428276,6.94810738103362,4.51752119158959,7.96003106180912,8.27498555860321,11.8865605490615,8.47834959039187,11.7583374728718,10.7957058708275,11.5284379099088,10.0657815121906,7.78707730314048,9.2780958187936,8.52947236855625,13.8971650561964,11.6895195524972,11.4626747064243,"1"
"GSM1315671",7.47812265040472,11.3174139080751,8.9690970314373,10.0096362511304,10.8293774403734,8.03200419137376,5.50035352547773,10.0158915373189,8.69262646562204,7.09116303038493,9.56195592040785,7.85288103510948,6.4998026841939,8.71515892978311,9.00201709041421,7.68031866365277,9.83041692798806,6.4543795846485,12.3663368891842,7.81291278014285,8.93246747651253,7.58482264671525,8.41848188467121,10.839977548847,7.59990337096825,9.49677709318995,10.7051682843209,8.68043738038912,9.00929529491665,9.87267988298339,5.43259896816989,11.7013229880789,12.1755185634735,9.56920316299553,8.82639384308268,14.3888531455361,14.8104298332758,7.94253643004187,7.88398976239452,5.70761306436686,9.61161335121523,8.69114291812003,5.53681373616695,9.54987378230316,7.96681094867771,11.3538405686624,15.1108150787844,9.49739585214495,8.5631413376315,7.06417708167073,11.3344252627464,12.255632728705,7.7111639223974,7.83946908486909,9.93150729373814,12.4862809438655,9.71425584986322,7.83756317069985,6.67299259870545,4.29166683309925,7.94419946975858,7.90038582988752,10.8935293644939,8.40758218962705,12.5224398566629,10.5112021152001,11.4837986486167,9.11519735952665,7.40529173771778,8.16153612317276,8.08341153596263,14.1092250374538,10.5401998552854,11.3696062451226,"1"
"GSM1315672",8.58561232737106,12.065086363713,7.62571288001532,10.4807025545238,11.2208025915221,7.91806944065804,4.91693544079134,9.59369486372827,9.21551219688108,6.37459456713588,9.63819179007757,8.51765232962272,6.2087662204562,9.09492812334061,9.62861629831101,7.51320347468083,9.34648561194728,6.13974728242926,13.0075889279194,7.85477111480173,9.17917196389803,7.61185081070017,9.01123687849379,11.1219882998957,7.96805873641099,9.54040311944559,11.1743316711222,9.11784376643741,9.02850548712813,10.0113596664666,5.38988703010528,12.0895281632288,12.0833428448174,10.1662151625754,9.10561661586829,14.0888226095361,14.5176631888087,8.6571457593455,7.78991667125205,5.46784479944005,9.99702596666338,8.45825328425937,7.58639325635444,9.15482406360633,8.45872054262995,10.9403207504394,14.3155809524197,10.2057659347779,9.01636605061883,6.65859132991716,11.6010828951006,12.4691570985658,8.95571922482371,7.40157423866043,9.77057132809046,11.5501133673806,9.94867941031455,9.46402423124614,7.11946143516665,4.00719749176119,8.00771027161459,7.89793443590358,11.0359758666188,8.19785472975563,11.3395337843762,10.3945676822801,11.1238434283853,9.43099871708185,7.76713664593707,8.78302035947272,8.17601019404356,13.1201176344441,11.2319775098125,11.1403784682139,"1"
"GSM1315673",8.67305121121513,12.5045865023166,9.33871193693501,10.6012888839824,11.1452657542054,7.79543535737286,5.16200189331471,10.7101968336878,9.73166941857903,7.46299445706974,10.2258003979957,8.41954567938652,6.41652200356402,9.08230281724978,10.4325117623748,7.78422257618504,9.96282933993643,6.35529732934241,14.1297904961573,8.04876970595876,9.02178126915818,7.83313225588657,9.99300373861624,11.8029241133714,9.20835220427507,9.8472868663325,10.9026861398309,8.95065420857857,8.98247140252249,10.3846411372019,5.35510517668801,12.1897701417504,11.9530636133673,10.7430095917621,9.19587862436204,14.5592274177948,14.8412592179189,8.34224200223424,7.70579931775282,6.19194114330991,10.6775082439174,8.74920932125029,8.89125759945885,10.1103010009096,8.87691838280212,11.460901920418,15.1033042537388,10.5103456253818,10.0641631002147,7.00285899357699,11.9073603647519,13.7672633831761,10.171895043064,8.39066164156775,9.8668482358803,12.0968909583607,9.99392225062094,10.8179355687046,7.37265215032545,4.2439151971296,8.32490345592409,8.32022647429103,12.1429693428018,8.82912338642867,13.505669962313,10.5809201766618,11.4779309767609,10.4319717662526,7.74816424160239,10.0620862133373,9.0163802545286,15.3072412771805,12.1388997916791,11.8496247231342,"1"
"GSM1315674",8.76475441767952,12.9509774334082,9.33038927043805,9.9807457079976,10.933878616913,7.39024947678471,4.86899811927212,10.7189389378759,11.3421975595933,7.81115047325739,9.7992653106191,8.14304292897989,6.54645685693002,9.3310226575092,9.97426553784191,8.09661113155605,9.62841549189152,6.41846111042832,14.8384791762203,8.32707186331362,8.50983955176092,7.70386660452497,9.85613458237795,11.6629672778941,10.3528912198929,9.89986164798062,11.1122093374248,8.82129342382455,8.76331929582406,10.2314369266726,4.55783907225399,12.1735579643033,11.5404900661638,10.3814953244997,8.65450539218857,14.7597060178616,15.0299013023454,8.26300836024251,7.49903836760609,6.5217431351125,10.8079005563904,8.29877025247626,7.80993464950668,10.6680342119015,9.06714993601546,11.8088360474734,15.4603059587545,10.2869473232896,10.1833503762756,7.22269397494217,11.5358124439968,13.6422078499377,9.75997194853027,9.78581310676895,10.0383789291204,12.0470880297236,9.92657562235432,11.2396254530435,6.54390194638015,4.17712249320351,8.22095671059087,8.17865191407511,12.3701411486868,8.6897870142155,12.5195406437813,10.905345077829,11.5727566661316,10.1373242731286,7.77954601397383,9.6690595617882,9.21843499236022,14.5430816521386,12.8707070446009,12.1086862576718,"1"
"GSM1315675",6.53265710359935,5.65576935087519,6.79698329704321,8.76217174217078,10.20617421552,6.9934101940894,4.17490923328341,7.59584784277114,8.39534087103137,5.86269125189332,8.40136181015477,6.59287909500782,6.30555407708688,7.01386710894116,6.90161214888708,6.22042727546477,8.43945392463909,5.71400646064026,3.44062511793044,7.41689271903141,8.11068467325101,6.61659368569798,7.05493802456127,9.19727733753276,3.05860508477038,8.62025515574325,8.54132190071516,7.66295335820214,6.63276675794203,9.70825772203543,4.08237427224386,10.0977556484305,10.3591777431823,9.16661177977131,7.51750991332218,4.07466937154658,4.92381435054254,6.56859987545447,6.76400233120211,4.15541129773533,7.86947444260335,6.8804696743337,4.66561173208167,7.11633539733018,6.9863583135188,10.5505223593679,4.47370195777837,8.630545655853,5.67300229286007,6.10431647252394,8.23654201260433,9.0557247369696,5.60528996425586,4.61386292321966,8.17849924682074,8.43513501512409,9.31731742086421,-0.129161444614403,5.45108292625786,3.74355678415723,6.82952344411181,7.3327638017066,3.40236614881464,6.84601366763097,10.4010807437821,9.06194119251503,9.41685533729853,6.63066494964537,7.66051138518303,3.59843430166002,7.32619071068784,10.9492540882725,3.13014963771715,5.31565650100492,"0"
"GSM1315676",6.67010941437681,6.89793353212604,6.98577669229495,9.10114014065118,10.1933664392194,6.91184604063503,3.85280510337163,7.62791868367946,8.90129604157602,5.79389818073316,8.75662621281536,7.03615159592238,5.43603944994042,7.40586790820479,7.50557064536723,6.28545831401938,8.380431525041,4.80161079996212,3.73701812071066,7.06965625733508,7.51415719142601,5.824120318223,7.65648162824824,9.66806482000567,3.37343051592951,8.04270170603221,9.30099806773565,7.8394724207304,6.94756481677364,9.34549587876311,3.87367645577819,10.7009210757975,10.5156300498364,9.17389014264011,7.71787995800053,6.87964504980998,8.41605703531422,6.719954487136,6.39892583172748,4.45332327304927,8.24707758626484,7.46565363411445,5.19539487791495,7.69697169064517,7.37647105952849,10.335079138551,7.03288206483704,8.74275789465049,6.52351720907359,5.85208162145271,8.06665535394242,9.43237539433416,5.84004957536815,5.18107033042497,8.51064318508928,9.46466085450716,9.38939532419644,0.42763580197834,4.93397351771915,3.26212684795793,6.950249639106,6.68654891499059,4.07722373018941,6.87578956821662,10.6455818668396,9.42004996697659,9.96878006853591,6.90033424224302,7.46712062134503,3.71044404409026,7.18002430334638,11.1615123581397,4.23040700903923,6.51164416555902,"0"
"GSM1315677",6.73666480513845,6.2221365736728,7.01335293664737,9.17713253295348,10.4781424488955,7.11437940294187,3.88415034450466,7.88941967603582,8.28748656997737,5.70375607878961,8.97378584062558,7.496524713383,5.58362703725764,7.52844028177091,7.54356377771364,6.46029691951602,8.53703959487537,5.23677901669673,3.17288912340667,7.04610198937599,7.94352266502152,6.51032403106849,7.62635546379759,9.82981960562146,4.25048646832149,8.45753499186779,9.32381671254383,7.77373870328867,7.14053475286667,9.37522628730801,4.33751111667328,10.6560340746162,10.6548125689011,9.19706143466026,7.90924185914358,4.88974832209512,6.5640482215658,7.08635228327107,6.28789451933874,3.95215694840215,8.29204381771426,6.91223149475496,4.77181989903017,7.05303504540426,7.45389143338168,10.4317598655664,5.37238735525611,8.67150653612833,5.98132116746251,5.99423264623039,8.35524604087744,9.35641923822938,5.32742092296106,5.02438912504708,8.56701313627007,10.0618166632319,9.49810380018085,0.353170576132973,5.46662528549076,3.1151947440603,7.3182356900294,6.93720159540698,3.55522518713255,6.63100702359408,10.5536923582473,9.15994202700439,9.68889055428094,7.40592349922949,7.64040933389586,3.93555085012375,6.98503304439374,10.7484992497888,3.85290515652871,5.8382964633274,"0"
"GSM1315678",7.7728849930512,12.7179596962921,8.52284746943937,10.1936075800233,10.7394786624501,7.22917422616341,5.24851370571242,11.4945987329224,9.3902158388535,6.08743395239039,10.2258734933425,7.74619932422053,6.52162500395009,9.14763869671189,10.4497937962952,7.12245446790003,9.60157199498341,7.15424522407512,14.8667999053959,8.22923520415658,8.27112533534156,7.23845866796507,9.21898041619978,10.9363009994222,10.1064562239936,10.0066963313307,10.9029892406705,9.10276725493483,8.94991838274358,10.3997285127003,4.99632667646568,11.8478907956829,12.2927237277243,10.5103594729037,8.73902403009876,15.4199281148733,15.5428637952272,8.35104956047498,7.96055889619453,6.58871175237934,10.4571942717,9.00578598553082,8.40389620221062,10.8213728419853,8.65481823574007,11.4418427231698,16.1443581513705,9.78342858167155,10.0871959633482,7.34559740357872,12.2958047086278,13.4925924834656,10.5893099745926,10.0026329616369,9.95861740899897,13.3147482496256,9.72152274764016,12.2913277999037,6.90188853987956,4.18618657563174,8.3038762488545,7.93783490124813,12.2859793515235,8.61518616170975,13.5780810818932,11.2256791978777,12.2845833421871,10.6633153256004,7.1365714559726,9.2447939485625,8.45290024599724,14.9123333233251,12.3997841369056,12.938356853766,"1"
"GSM1315679",7.94973524002787,12.9080278552518,8.89968088966452,10.5070012883936,11.2616601219604,7.91326280893203,5.541619715519,11.3886332861658,10.4742579282556,7.61837131301804,9.72170118583819,7.95150572460093,7.37675811871175,8.53211988719896,10.066435755831,7.2114248946707,10.0330471474841,7.1222623374793,14.0907913589181,8.60785075230721,8.67628184910523,8.40472704022618,9.6960516341235,11.7706952591076,9.54383284485897,9.99417027677298,10.764974738695,8.86720788608462,9.56653509368274,10.4963201708617,5.26221051155687,11.7929710595119,12.1486141807226,10.1342083275428,8.95065555890499,15.3268317358287,15.5691684175972,8.26560113181138,8.00258119619968,6.33451639733538,10.6650846941549,9.22083909544384,8.2058905387889,9.91232990046157,8.87310504551753,12.1874905351007,15.7420503823087,10.1826733744272,9.33448692807856,7.47116829661844,12.3942913117315,13.6672779769316,9.91624154795324,8.76311496789446,9.92576233787811,13.2307463166966,9.97188203913163,11.4818066215615,7.63297126168633,5.2248192352348,8.35325129489403,8.74344233812907,12.3758016503389,8.87869943640309,13.7235269515637,10.8315648888128,12.9059611486638,10.3905663678675,7.48177409429627,9.78328946376942,9.78795641347339,15.5689424615362,12.5530748673488,12.5668759132281,"1"
"GSM1315680",7.30093962064263,4.5052366025607,6.71423827488186,9.32390215802926,10.5842954463912,7.10746472672234,4.15897942431901,8.06499665808327,8.61429509104273,5.61387845366419,9.0209979511009,7.64738578051245,5.55281489825014,7.6684096504103,6.84326432874505,6.33779017499812,8.65853299200996,5.41644664181027,3.35726937143496,7.10619051719823,8.34103838029014,6.50614768354989,7.39595648546788,9.56842404354858,2.98595404777383,8.58383152536093,8.54657870506883,8.1224748847873,7.6796813394549,9.13483879714156,4.83196020737511,10.6872098189659,10.6001679066498,8.96457733468315,7.91451322620895,5.16475292683539,4.40130845370201,7.04267840536296,6.37578759486944,3.32339432144346,8.52169052462148,7.01365803505902,4.6593890183895,7.77952280450372,6.84145982407731,10.3662011897663,5.32370874908427,8.76180961298443,6.3086055545318,6.06927417741141,8.47172123332152,8.6948242359671,5.27381180078588,5.36424532594063,8.51020762163487,8.00005866683588,9.53961077641467,0.52802121551402,5.7094641553706,3.76073731046292,7.34059995759036,6.91589776003986,3.52277453786086,6.84671315614934,10.4436874132077,9.06211955624659,9.06786656365962,7.44826601201921,7.16522701366473,3.63229058309164,7.42685036925291,10.5414321395884,2.9281016986851,5.48723047953762,"0"
"GSM1315681",7.10838903721744,5.16935480688976,7.06417878747033,9.16527047807089,10.4322144842791,7.05529066423275,4.39246546306947,7.7940895659623,8.39681942103615,5.53899204386164,8.96260029566375,7.75881001956254,5.68630192743025,7.93794071622303,6.69826538425097,6.39104709303854,8.73988627542936,5.78244709456145,4.1423740128696,7.28484455384023,8.25923942828596,6.51402621764771,7.33834268612009,9.57952255784728,2.85422002976604,8.50463458173989,8.72448792265247,8.04175839658988,7.27723707369981,8.99731606805824,4.82997484691378,10.492747128191,10.5300624401914,9.08520362466025,7.72423641494467,6.00478211088366,7.16458712604311,6.87407880138721,6.53817291774808,3.47918009135612,8.44062229773067,6.58264608198113,4.77452140729266,7.92391836150557,7.53716702910492,10.5335839546315,5.57335830340839,8.82427369993109,6.38704090534731,6.08229889760274,8.3940340374553,8.70961549138597,5.24554883688433,5.36517059651027,8.261585657023,8.81496510748551,9.54341990709796,-0.129161444614403,5.55534101005118,3.48197707473193,7.21621554776144,6.9139183468997,3.71541961580325,6.7801649646066,10.5912061024654,9.27362974163339,9.54985386537228,7.19707950849488,7.15002670970138,3.63801557092527,6.67403315688291,10.7140821957687,2.83191164887489,6.02327527943678,"0"
"GSM1315682",7.222440910858,5.57690636595531,6.81976159644861,8.92240493069605,10.6195029676597,6.74206277864765,4.0818467679377,7.70912911155033,8.28535948512336,5.68971693815571,8.98384837138223,7.19343356483474,5.40378851365623,7.45443970032714,6.90106859030951,6.39784465288201,8.46575451938902,5.28674358962174,3.9280228402718,7.14903483133081,7.91376465013525,6.14917645066417,7.2951546304005,9.7040535397564,2.95872034394438,8.58102214808953,9.22835955329592,7.93019671996467,7.47119033779017,9.31764615209405,4.14040041562605,10.1476418914434,10.6099774405187,9.39770230662768,7.72771815032578,5.70577543771304,4.45780834999735,6.98742663343555,6.44575807199213,2.9558084184377,8.17384704497859,6.70936760128772,5.36068295648783,7.532288200587,7.5833471971437,10.7390179434466,5.94861753554462,8.59279699513578,5.77355988608601,5.88829482615803,7.84505532159027,8.8641692779464,6.11723742935657,4.76392955777844,8.51737765692758,9.00353617268337,9.74559925691445,-0.129161444614403,5.34598586378033,3.68697325579086,7.15322253404343,6.97062757260719,3.41373720307744,6.67105108862488,10.1033799374168,9.26152616747758,8.43030920356745,7.09322266926939,7.78019418491368,3.82613024174391,6.72472057033176,10.779481248354,2.93395145851276,5.32297984181078,"0"
"GSM1315683",7.106876381728,5.45788937317028,6.97752725898363,8.91846401494258,10.6019077088648,6.85753999606759,4.02946279146536,7.88662154761269,8.85364015072118,5.93541520308844,9.03335719342939,7.49749593909621,5.79951253787824,7.92326712511331,6.91465633365863,6.59191387900623,8.79179952287342,5.7895206729962,4.36529179270515,7.25546629492144,8.24226634968224,6.48413925060597,7.44780084552038,9.58405254329096,3.65452019428969,8.66808793031756,9.21790955153959,8.06000625142911,7.4825586196783,9.09547366796706,4.57018178484028,10.5601362358742,10.7833735405446,8.80202348488093,8.00289682915579,5.80726008163847,5.8296028783303,6.86870340482778,6.42669053249312,3.69641626407365,8.68122546140527,6.77517204213946,5.49592926153694,8.01425192175146,7.69191971892298,10.6802705578538,4.78465506580192,8.85231887421109,6.03649497037896,5.78409000359468,8.44409483870881,8.7770235657216,5.63074127113095,5.14873414813946,8.61641475435146,7.94517188371976,9.4793749013029,-0.129161444614403,5.60515397649934,3.49554398908836,7.09963311389637,6.83713679396015,3.51487655258353,6.93158207305542,10.7118012827009,9.02119217919306,9.43134483714077,7.04863336692465,7.32143902237322,3.49602940271205,7.63764411350748,10.4703359906067,2.91263226486589,5.29191503405807,"0"
"GSM1315684",5.95163255240303,6.64167546518658,7.61538895072747,8.4824728660885,9.81210530098215,6.27859944317625,4.1885742065073,9.09628438916984,8.75755477677104,5.37667154987772,8.66010380652628,6.6419060753494,5.8058178212486,7.4815352599658,6.71341138342937,5.75613316321513,8.69243346576368,5.01100854146904,4.23815116581756,7.34260536638422,7.00984501584371,5.87754602114199,6.79218413497197,9.19625740462292,2.81859612003531,7.29766228749123,7.7648794515485,7.97561147870314,6.64283445435222,8.87332464231777,3.5780891493377,10.1271393289485,10.7179156317737,9.22726196492595,7.46759806647315,6.2441753985753,8.09904160935801,6.76604422629804,6.08534598409611,3.92111415662924,7.39629267971308,7.00961347103942,4.59400913774849,8.69219153049619,6.8299099521981,10.4745000888632,7.37653209323606,8.10847954201697,6.50155904342935,5.82942860419203,8.99924277643471,8.65164742943226,6.22229833770091,5.48127787834015,7.83537750919962,8.95001473344528,8.70390538081727,-0.129161444614403,4.90281522551739,3.686500163463,6.37202268478187,6.46301592387388,3.78821361815846,7.11172760634958,11.4945848744203,9.05173783497395,10.085809025357,6.6317077361316,6.5745025581566,3.59058288069876,6.74856731228613,11.1328439101805,4.36531536787252,7.28182727813834,"0"
"GSM1315685",7.98186135585191,12.0231995606224,8.60320441648356,9.82000956409257,10.6233813463977,7.65954434122133,5.28452513788187,10.7565269024714,9.52607077064895,6.43175977456339,9.70109736993501,7.82891966100324,7.10717672054257,8.51871202480903,9.97074436650575,6.76160061884308,9.19899694042913,6.37817951502403,13.5947523732128,7.91393463524641,8.36341815839476,7.44394882756743,8.5107733574292,10.9369931543064,6.86377694942374,9.71734921717729,10.3002969432601,8.34097227922165,8.46632305556508,10.0386738118878,4.83162950363936,11.2285739863698,11.8339320353284,10.2216616259286,8.80787218164352,14.4099071704832,14.8372517280289,7.81518511233365,7.62679093968784,5.67995322836139,9.66978083485906,8.46572744624723,6.34240968063869,10.1490693431996,7.9585952846128,10.7524016929975,15.3854321590716,9.56979955099073,10.3376141219938,6.92474653843453,11.2508792252782,12.9215284133906,8.77634845736524,8.57587338572127,9.52440439725494,11.7240049940092,9.49769589912399,9.25916157355094,6.84709606703918,4.41158774684053,7.77860977163959,7.85998661395606,11.8592983570294,8.21880907683778,12.7888144697013,10.5190033469157,11.0460280756393,9.69505605435742,7.42936049720446,8.7814316215743,8.58317527915293,14.3328867022839,11.2753996963624,12.3916068249826,"1"
"GSM1315686",8.14514639865572,12.3650394846868,10.2504469999124,10.0472225108707,11.1628028501513,7.23349061482955,4.66254724180469,11.0272142365403,10.3905250916126,8.47516141327708,9.9978133291128,7.8212796841577,6.61338014130463,8.61169940991335,10.0474588058814,7.31122325053489,9.70937426207286,6.42294996016109,13.59163679993,8.05832157967569,8.33558395019803,7.37118621118562,9.30110491487796,11.8504427120149,9.54682957824501,9.92600120713592,10.88550779787,8.57152900998635,9.02839029423106,10.3735833395535,4.58143669955937,11.8446197678953,11.5844134789183,10.2948565620301,8.56226294321009,14.2547142907603,14.6595870574301,8.04405679340972,8.00721681178396,6.91784178385583,10.728570624645,8.69722247258977,7.44149616798045,10.0391768242949,8.94474987348023,11.5069189813271,15.0548898969073,10.1728595005601,9.92252623784964,6.77689760228086,11.3826488162591,13.8705869409958,9.28343648649434,8.58418479859231,9.88157233207822,11.9685413416428,9.93383048816638,10.9266693548383,6.79680237389025,4.2051368693731,8.18602292048148,8.41553872346841,12.3987495305979,8.99755316309365,13.3951655501277,10.8140513045063,11.9107450576767,9.63492909205806,7.73426137631116,8.77716839904243,9.5578757171158,15.0957735590423,12.1612721893483,11.8011778900104,"1"
"GSM1315687",8.1085780076861,11.5775543014686,8.94594802833454,10.000171387443,10.7850301764295,8.15398766605916,5.66129130454344,10.22327313204,10.3095028122687,6.68413734486268,9.35091294101885,7.43029794298471,7.62659197874138,8.73192774892467,9.77797388732074,7.27473404145584,9.18695193356162,7.02720434953345,12.6072515200837,8.16743210997202,9.28352127011322,8.38584587300386,9.36196740485908,11.1464855744227,8.45889890753046,10.0861761949011,10.5387234527501,8.79574815829279,8.6684399493015,10.0513256164867,5.21532191313125,11.6104738853045,11.397663481124,10.4576281500375,8.8324928055323,14.4778447116051,14.4636189902119,7.44770971579205,7.93736425244798,5.88029071649751,10.1456354490997,8.15411427550662,6.36815451546189,10.0290926340988,8.2711363180751,11.0827668037085,15.2476227336564,9.62075095892526,10.0842111432294,7.5814903614796,11.4109079934314,12.7964420863276,8.45109911303146,8.21322990075029,9.76647392391368,11.825649801097,9.59142348349929,8.72571940248003,7.50007699118899,4.96724811171349,7.70627787806933,8.44160388254761,11.8639326302367,8.54602276266883,13.4469996210523,10.5123448052151,11.5531480384504,9.61146745508012,7.61622727365026,9.58759673009268,8.58884774402644,14.6579335178891,11.2234223138815,11.5652301421026,"1"
"GSM1315688",8.35115505944772,13.0815003943936,8.36160876299286,10.6220066075713,11.3149249383611,7.72360861126031,4.83486944173345,10.3465327236169,9.11496876552412,6.17065521777706,9.92016590224571,8.41093734323823,6.27476526714392,8.96082502461365,9.63204148451927,7.51508924931711,9.43461222894834,5.85196717193496,13.144865241783,7.74068251480084,9.24517836488262,7.39735454075466,9.29577302192678,11.4619817424232,8.64025531949188,9.77041959858972,11.218605485872,8.98349616267622,9.045984586968,10.1082456590479,5.26502983238617,11.8296615544396,12.190236484445,10.5091715291855,9.25806381016154,14.3819917691557,15.1253797399203,8.93561223281104,7.89610404119696,5.84173607469509,10.2130431405908,8.75589484928219,5.81471099172704,9.36388228962073,8.11360677279647,10.8097197938226,14.6238378262059,10.2971154442146,9.29294443889911,6.957239433138,11.6026139861341,13.0587947486399,7.0003181880626,8.20975722240846,10.0750275198175,11.6521204480457,10.0175882150497,11.2193509530448,6.76979770221798,3.93176051931785,8.44217940007666,7.97713551800691,12.2969710458681,8.79582481462705,11.858096103893,10.9480749513833,10.9104442173943,9.77134780152294,7.84507842132318,8.62663277213804,8.65203011301897,13.7660098335857,12.6498813433424,12.1273173290827,"1"
"GSM1315689",7.70776795278537,12.2473645579122,7.56312600890623,9.97281322299296,11.0920070224541,8.01745456098975,5.09697517354683,9.53117322113169,8.6362636233235,5.93635425391845,9.69100178759375,8.37815777666921,6.65333068316191,8.53231329091812,8.78806969624126,7.26311121670659,9.38892795183219,6.28431549080305,12.766807285595,7.70722989414722,9.28947803055533,7.7229860904466,8.11470113649411,10.5268658380609,7.17170764981012,9.20033552343563,10.6337937266848,8.58843958580351,8.93843896207147,9.93150908025236,5.42987062089718,11.6313153731737,11.8771763445307,9.97181232521315,8.75917761798577,13.6895294462874,14.1361426950419,8.32009436148877,7.11805841361962,4.12297538522557,9.48673234303247,8.20315059136609,6.25960118094479,9.21788709952119,7.99044001517402,10.9606563729487,14.123771462185,9.92684515686921,8.73525282462507,6.77912130727564,10.9886458774103,12.1562306707253,7.95864743699437,6.34266444369575,9.54698124050128,11.025484921403,10.1545258206812,9.3050726983324,6.74176008716078,4.35376709245219,8.07196362249575,8.17778608675224,10.9392215122484,8.03463009171522,11.0505803428195,10.2024536772817,10.4203175207996,8.84700926553149,7.51128511091949,7.69930699673895,8.28392100651545,12.694960907445,11.5179577596624,11.8464294892223,"1"
"GSM1315690",8.06522868436951,12.1200709833449,8.13981899804336,10.0533370542773,11.1341274323618,7.81360575260027,5.14485014653883,10.6058923773495,9.20907439487267,6.34849438112064,9.85719589915389,7.75048304541072,7.28443583383683,8.71992142657967,9.99724274068632,6.89171851332896,9.26219559381564,7.16528380264828,14.0362737225652,8.30611270086101,8.77630034373124,8.09141995828928,9.86612861753014,11.2179113588302,8.401603647243,9.82879741873525,10.5087465869146,8.91366676535878,8.77673083909612,10.0644120186133,5.04049277702777,11.5129536191544,11.8749764652449,10.299818825006,8.6889985698353,14.2193672363113,14.5258156517509,7.72544997042759,7.94550232189166,5.24572939123551,10.288980374657,8.19426888731559,7.15041472109061,9.84066697476762,8.6582042971994,11.5756135551654,15.04690128761,9.61247351979856,9.38762503183112,7.02378933823017,11.8101067999266,12.8017181537411,9.61695074853706,8.68149835030253,9.68782032078576,12.8568118736414,10.1298966682575,10.6197307747718,6.94316125013321,4.62487330239829,7.95428880770212,8.52599216643703,11.3073051943911,8.60447277550863,13.7407251221202,10.5653069156547,12.3127382723604,10.2141053677092,7.61776391752677,9.08970002129397,8.59482690869272,15.457976568346,11.702739867738,12.0736689720642,"1"
"GSM1315691",7.08821647873042,5.90833103860577,6.89917704784927,8.85111380822534,10.4448408807986,6.98292368690091,4.04649507456026,7.53473134842823,8.40602618515277,5.64254734361067,8.92028635770548,7.22763698889346,5.97245889129579,7.46339298460529,7.68084917559584,6.44030780081561,8.40688423380277,5.72446555522767,3.67304107214077,7.32529393503432,8.25923942828596,6.41528263527908,7.42238339245811,9.80781825657165,4.25048646832149,8.81222568195627,9.13609148332268,8.00956410174553,7.18764791942532,9.60040302880018,4.41195417474708,10.3614005333203,10.433538393201,9.11854975393629,7.62452089994203,6.46246659728796,6.8448058495656,6.58384336627277,6.65731184964013,3.94702931401917,8.3752811455905,6.55404970372937,5.11226844978477,7.39047063028793,7.98384790357244,10.558248451008,5.99343389421597,8.57614598274248,6.09107150323377,5.75492196615426,8.33604892840119,9.74384020658519,5.81534965839925,5.02973430208989,8.19823732711097,9.0344014754768,9.45000087120397,0.689689116281031,5.50496748753606,3.74673702959123,7.03149188694529,7.03487796643126,3.59447600321505,6.73403050626837,10.3911698124745,9.02348391788962,9.44662955436717,6.7376919167444,7.50280921286827,3.36868242698546,7.43736875239298,11.2342215957821,3.35062993810982,5.83356937335002,"0"
"GSM1315692",7.25831182022144,10.9886626984601,8.14015069020274,9.80121905594984,10.5993587988952,7.90588037379864,5.03819760144297,10.6098433452875,8.76272435975487,6.7497091222568,9.65453926845093,7.51810105440656,6.80388066749547,8.55514516711711,8.97638845641833,6.50848936215307,9.33690586743414,6.34290574824723,12.3634088987402,7.62495369837246,8.5722919122682,7.75413634187097,8.15086107738801,10.2635663706423,4.89652269872038,9.32861844451092,10.0149385546614,8.44092588553054,8.23120402975475,9.86760386525659,4.95547813530095,11.2002859329855,11.777390266056,10.1926282325773,8.6475526315468,13.8222693550934,14.8486031048481,8.36642993234522,7.79442923792674,5.22136302839967,9.70328684020299,8.84072597013165,4.88013794578162,9.84402372317541,7.82056133040959,10.8302997780023,14.8318301449856,8.92048271494518,9.0422567128966,6.77636340267926,10.6859759142762,12.1127520560127,7.58802261329707,8.17851595641026,9.49284171440037,11.7693301379273,9.56694103197808,9.39218380198911,6.59161639644273,4.28948777015694,7.51166410262414,7.99601731990916,11.6492558990658,8.09548696534237,12.3925014907247,10.3116701047141,11.36042555911,8.87292630685847,7.23963619964225,7.74583600128913,8.20879730633624,13.7256112561,10.2013870370547,12.1906117501583,"1"
"GSM1315693",7.85807364028369,13.7611919077539,10.0039589722615,10.8961983691195,11.6269820644012,7.41646268643236,5.47384229230133,11.3036727827305,10.7415945846371,6.32586015344188,10.1547591394748,8.57231396780162,6.7123534666669,8.04727319342206,10.8802448068591,7.53390019041457,10.037740012027,6.7055072539326,15.1758369705856,8.41376985846837,8.46736297994707,7.75491876751059,10.1756121109487,12.1864891085234,10.3576928784093,9.67871403946123,11.2216867579163,8.81240394075778,9.48023035698627,10.5671294237558,4.74805795974836,12.5203900570815,12.4616186005681,10.3074641709487,9.00833454134105,15.7242688223564,15.4291356514762,8.46384228837219,7.94311732854136,6.89643600051043,10.5664305151221,9.46821639379235,8.1062404921454,10.6596735790535,8.89023589256692,11.6802705578538,16.0911807149046,9.83565416494072,9.42001190121224,7.39596268840636,11.9466530435075,14.368613024329,9.48260647673742,9.57049675189645,10.3350216654918,12.9589626477035,10.2948669889891,12.3771972175992,7.4263771815744,4.26403055842667,9.10672188143026,8.26768017084564,12.4575278745428,8.59617723024386,14.4143260751827,11.3055154334474,12.1601664332611,10.7576213272656,7.96991064848803,9.90278484929229,9.15015429789204,15.878882914593,13.253786876559,12.5867064457569,"1"
"GSM1315694",7.61264473821685,11.9348051764359,7.85228561586722,10.1723301403292,10.9090140257816,7.7185933501101,4.92197836479896,11.0020611861396,9.01830164030005,5.84746303067956,9.33288267154904,7.77316731760691,6.8470847898077,9.02559247620165,9.43073968887074,7.09924597543175,9.18977711084718,6.49751568212199,12.7522977585122,7.90255803827625,8.68641792153177,7.41553007461437,8.77248616490023,10.9000940987646,8.12704437216316,9.42911725212332,10.456309373578,8.7982588171712,8.53798603864297,9.67467479417664,4.9753735347386,11.4284435910717,12.2059946588226,10.0839443254669,8.83679829007338,14.3048793396967,15.2555443657946,8.34250054973329,7.77991016369865,5.57737884704278,9.92500933401648,8.91326023157499,7.09918187996816,9.9478556945669,8.40392504583905,11.0372831052849,15.2974725307067,9.33633303362812,9.37009605920191,7.07130798406909,11.6501838002437,12.0771472902906,10.0989533161492,7.99693574309838,9.93917226918688,12.4512820948346,9.50993360532172,10.7098911360786,6.99925962931715,4.07852464179885,7.9899966260883,7.97300613851824,11.7532463261718,8.12677993834543,12.8071273362735,10.6726411378359,11.0739029147714,9.13619954363357,7.27631454306642,8.92405249945059,8.71243123093377,14.1958308488713,10.9672519031688,12.3019950831637,"1"
"GSM1315695",8.85278140668698,13.0403642667695,9.12811369042586,10.325010378385,11.1564029187071,8.32500417630817,5.46595124510611,11.1161148882602,10.3791006952152,7.79575345984516,10.5130769354587,8.26639990788927,7.5896831682534,9.59781352962225,10.465217521712,7.41469973615857,10.0320612208299,6.97331834552053,14.5642486296436,8.16052123359118,9.56930736796326,8.19429180937219,9.78607056460679,11.5993592474018,9.61425918338627,9.81154103167724,11.3094613117613,9.08083148653281,9.0700228503758,10.3313533315212,5.76313655899865,12.2106170444177,12.2562497605234,11.0819692106998,9.01192849843347,14.6968968061486,15.1540306566277,9.05587790311782,7.9825707166892,6.51903072215273,10.7264557938097,8.87963889996238,8.7095412541798,10.5388236416077,8.75282173390219,11.5113758661701,15.6140331678572,10.2683616458592,10.0783887510858,7.53050203296561,12.0094728249258,13.7940574939195,9.93091605627306,9.86691482537352,10.1666982056666,12.6046233606237,10.2232754280051,10.7262926224841,7.75840906366816,4.8145524138188,8.34078147432951,8.67215825856576,12.7743463279521,8.71901912180848,12.9735752246259,11.3328176003499,11.650996553321,10.1584161487644,7.638307933692,9.39823651739178,9.09219148683273,15.0467359908111,12.6867047528886,12.3008038916289,"1"
"GSM1315696",8.30523286760894,13.1797556612846,8.74972866829524,10.2832146391338,10.9400332678814,8.02389546795722,5.34491246562024,11.1659600833432,10.3644714112764,6.73152120285486,9.6873613385802,8.160278896794,7.23874137893494,8.96297883696823,10.2549281135943,7.42079542262405,9.75168232464683,6.41846111042832,14.6682809771726,8.1066264096529,9.12926818394623,8.02445693750159,10.1351490483227,11.5783747875304,9.7054510642342,9.2790618482017,10.9570499852016,8.67484309276905,8.94947231172545,10.1882647869909,5.39089743871963,11.9268077113312,12.2330084545864,10.8194561616238,8.81757123795468,14.601231101149,14.840661935519,8.69934301435039,7.71972461537057,6.48765502412586,9.84558808949632,8.86600142414519,7.749177078724,10.262388962513,8.40774528481326,11.5188900005894,15.5111658935936,9.87176336973955,10.500051701277,7.37052798465562,11.6047887634101,13.5200713352753,9.37571661260102,8.9776620345442,9.86552928784713,12.7546406435423,10.0180860394304,11.8998993512012,7.54894236576208,4.70436949606838,8.18789074853296,8.21604206829204,12.0649015899492,8.78674094731037,13.5265367193877,11.0640689713222,11.4361847073041,9.93453812706533,7.45523243119072,9.03535768146907,8.92482280881774,15.3161502387018,12.7723543821997,12.5207366383393,"1"
"GSM1315697",8.2459956388369,12.5310759166191,8.52175685955433,10.2500146248845,10.9067940791369,8.2171797804728,5.62978905185078,10.9185247399516,9.9322139588518,6.54977034859531,9.68417282606775,8.06091843450946,7.32273630944217,9.43812049160513,10.1776508452624,7.31094232461814,9.6446572563272,6.935977061875,14.3073474823937,7.98849547452847,9.2238264234662,8.37003761938113,9.39683292890188,10.9885305961969,9.3123555198071,9.39369306436891,10.9264796373575,8.67084388693372,8.64559079829961,10.2520877144537,5.43619250411467,11.7975472777686,12.1308896023767,10.5521225067863,8.75723876569853,14.3605338352669,14.828714591172,8.47975727914847,7.97772913712084,6.18425751382633,10.2723766160233,8.89627370178886,8.44228923108242,10.3200184481208,8.48637561416199,11.2961224062443,15.2770783471174,10.0259890783142,9.71567221809983,7.35540681063679,11.664485538384,13.2348438750885,9.82009072965988,9.12831514348807,9.69229096524434,12.459602067337,9.94565453899838,10.1776567206268,7.51065219249113,4.7975665250486,7.99706789660967,8.51943282681036,12.1498718845739,8.33876826381622,12.7714718977874,10.8239855427705,11.0251470280439,9.71499490141075,7.42814465408703,9.07923957108989,8.70034202282517,14.7773498374682,12.051483551149,12.2258285030426,"1"
"GSM1315698",8.40507628327725,13.292964454389,9.15556107333256,10.0319914723372,11.0594455101056,7.92524949422764,5.14700529949665,11.7057550748235,9.93450630984779,6.64953099426128,9.273302597239,7.81150163168104,7.16406609303177,9.20675455480363,10.2316211057716,7.24734245017759,9.69274544393281,6.14283726284361,14.7267509954832,7.93997320483185,8.95817461501434,7.97116612497503,10.5656866493744,11.9102476643768,9.41536731048864,9.42213753851322,11.0720320255961,8.50758682482127,8.35896296982527,10.095217071296,4.93976085158052,11.7631725458677,12.1949544567713,10.9584058079146,8.73005875846382,14.7910113638806,14.9740670952944,8.70226722686198,7.50079261762876,6.64679149847175,10.174715951461,8.87091463181941,7.78761930050392,10.4238663630132,8.49011495269587,11.6464563978984,15.4654657009063,9.85692779141596,10.0042286795894,7.19238011684467,11.387385954214,13.6544143338462,9.01777999040942,9.89557032217042,9.85853149273339,13.1519808896519,9.73534227083373,12.0950709096576,7.35120029327095,4.53233990630114,8.15515908973286,8.44022923257139,12.7583946379372,8.43074293012659,13.9247325666584,11.4240454403897,10.9124509245024,10.2737698661654,7.49298136249621,9.10366682933418,9.5554153437696,15.9293810753765,12.9373566884667,12.8760874086532,"1"
"GSM1315699",7.95415842706206,12.7088009269864,8.35619389186949,9.94893039148406,10.4949620740419,7.75886614125849,5.5685336728094,10.8195856677935,9.45362791631415,6.57972847395012,9.15953759124531,7.69747991211357,7.16472664609208,8.83774792808964,9.72965908392038,7.29692898786469,9.15682691350115,6.38972553543761,14.2735388478223,7.90744471192475,8.77558118961591,8.01199279598307,9.26805780360952,10.8928934817816,8.16147082843624,8.86233947835076,10.6571699432344,8.61446268984074,8.49805902854694,10.1230951593754,5.19990277594683,11.2577901114126,12.2795983333506,10.5505430687127,8.57756533655222,14.2559660741401,14.6747695743689,8.30981758623582,7.60060877333875,6.24087396543637,9.45013726359644,8.79839178906003,8.00998943343509,10.3163545818631,7.98207869653645,11.1457158769454,15.4596522502029,9.90748868133577,10.1372902792953,7.0404215173792,11.0633598490303,12.9515967692287,9.49009688457194,8.6766616799204,9.44025385719788,12.2247191204597,9.82557808700663,10.5884695722522,6.98240959637847,4.15335432727056,7.51689461718898,8.24396453005822,11.9148106329958,8.25719790604209,12.9289561468757,10.8953318208878,11.6437362235529,9.19936712689595,7.70797206872264,8.84589811653461,9.23619463377637,14.5917105574154,12.1716697894571,11.9771857623859,"1"
"GSM1315700",8.43296046886999,13.2363493186009,9.2448288801871,10.6056843022694,11.0495084346832,8.47068103010034,5.82973568742781,11.5067752425273,10.6180502520998,6.32047539400022,9.90250107919632,7.86436123960691,7.69638753917527,8.37751406755843,10.2480164260645,7.39685834273502,9.6054520625453,7.15226945392594,15.1873995112613,7.90205590382145,9.4588767767915,8.66682635147767,10.195392736023,11.8622157508582,9.15114294970136,9.29075204070817,11.0612867478019,8.85223007890525,9.0363934803013,10.4660781912277,5.51790523743744,11.7077076284463,12.3500750031686,10.6270380672645,8.63305589845503,14.7918991136338,15.0705856083907,8.42176111835673,7.75741366832325,6.18223278764584,9.64460103176314,9.12545672129264,8.38051683843961,10.5316017770504,8.58101144564061,11.1999991231893,15.7326543530118,10.0987757658036,10.4333340451258,7.37206088512935,11.2641904911678,13.7728637972809,9.37522274913467,9.14114340400708,9.65642705034914,12.669371179278,10.2177445984407,11.3247290446345,7.65109999285661,4.73580401832316,8.17333869035813,8.54852644713433,12.1554092666921,8.43493545983461,14.232595131948,11.2068263253238,12.0622088288551,10.4374422906244,7.58326797208761,8.89961092884069,9.01641533227374,15.7736611581632,12.802911369483,12.4621220477013,"1"
"GSM1315701",8.27776798489138,13.8828059192445,8.12433443241689,10.6672748227099,11.4432548118779,8.29205761896474,5.53655978175611,10.9482639568789,10.9172027656377,6.50616539468232,9.58762848540682,8.48463505612355,7.24446601181769,9.14650206993029,10.0870194371205,7.57007642903172,9.85796227514909,7.09745537443726,14.5788311752039,8.11877823336429,9.95855485530846,8.47935379613484,10.2245902495753,11.9409767617571,9.87027273923259,10.2654274749616,11.266336827259,9.1726083884455,9.29764473674481,10.1841318106072,5.88806037394084,12.0909839486573,12.4605473614107,10.2947839936821,8.87674536516635,14.9022405906908,15.4460820771392,8.92822406024231,7.48208813910187,6.47784740619928,10.5197623260511,8.94862669577574,7.41695183107996,9.78823586876955,8.57144467198736,11.6410499270225,15.194961778243,10.1689582468213,9.33925067294385,7.49895625001132,12.0755005251193,13.5336569650562,8.24433110687866,10.1529691150058,10.3261097354158,12.7308807466588,10.3622612817365,12.5525421217804,7.70167535340954,5.0318017527883,8.85269995972851,8.76438360309913,12.9711567484839,8.88985643585806,12.8707341430913,11.4760168197874,11.3438455995034,10.5650743336771,7.69010826971953,9.24844355140495,8.82245174703593,14.8083386087394,13.5805133552993,12.7362282102037,"1"
"GSM1315702",7.59224915614385,11.9558070702296,8.44949703488308,10.1262297274842,10.798663612182,7.89042584549177,5.45888449863256,10.9909173075619,8.78010701020876,6.98489091571394,9.83704814634115,7.33490228604887,7.5041339837033,8.87650208613127,9.74326823792511,6.5764436034696,9.27234694943937,6.75512978560353,13.7680137317292,7.9296017854749,8.72044710899772,8.10988572208046,8.9529643227577,11.2227778472353,7.29017379681765,9.51589992553789,10.078014095086,8.69259977783726,8.88896553352633,10.1433408073349,5.05317119568872,11.4724105924692,11.8418335150518,10.6736026119257,8.75745169390214,14.3637974117906,14.6846787551649,8.0046285172311,7.66991872524691,5.1373564035191,10.0766509061533,8.61545169479061,7.02110353842016,10.1401948397814,8.45436164012714,11.0460140506961,15.2413180055784,9.39450013864498,10.1969114495582,7.01211485173384,11.6042121769237,12.7399588017737,9.69678968925982,8.45300648825002,9.53691346974487,12.423983683676,9.76212349103482,11.1396577229994,7.04810183506223,4.49473356211776,7.70726373438945,8.61658851727437,12.199953917827,8.21894415431935,13.0153143682394,10.7831418230156,11.3328137778339,9.46868843264662,7.41032491634164,9.19282727801722,9.30684641888338,14.7660922550863,11.2982068089397,12.6858319520604,"1"
"GSM1315703",7.71820790043089,12.5642486017051,8.33188343114329,10.358171734807,11.0452961833962,8.4251287440815,5.66392751113805,11.3717529066982,9.12838096352435,6.71054179224824,9.71734049607307,7.5827332779461,7.48211914895696,8.94942824435961,10.0207356653908,6.82900021431499,9.77582736057864,7.24550494487861,14.2052356463476,7.8423275526929,9.53563861782473,8.57017194175184,9.00098919800432,11.2200205135366,7.39318207911679,9.7389706393434,10.5546119183078,9.08394797314196,8.84825829184076,10.1960168643549,5.48305960577138,11.5647877160706,12.2639951176765,10.4718836359632,9.23245556230941,14.6899759003918,15.2282063226297,8.47595209105026,7.58266539285373,5.48550937693494,10.159559421367,9.12054258628466,8.08995736354052,9.99235954707831,8.81784930075814,11.1404131297359,15.6306615278004,9.70627970865863,9.92057667237148,7.46100998557198,11.6076839937922,12.9676135656215,10.0121889623473,8.8931037506514,9.76428387409519,12.6909977110925,9.7642870567446,11.3946881396943,7.53516312811355,4.88757845735124,7.93953277635824,8.78269503601889,11.8068381566749,8.14139180927158,13.7653995435977,10.9520626122886,11.8508256754146,9.73171675976467,7.24135399079476,8.96339153561354,9.41707868439351,15.4828348217715,11.7982002403931,12.3180109508869,"1"
"GSM1315704",6.94994617577514,5.18809542599646,6.90152680567733,8.68669548914763,10.1338025530348,6.33846017443109,3.90552399529723,7.68813032508611,7.71857509648234,5.49590458822512,8.50056376758928,7.33632790769083,5.4948580943873,6.90754842975545,7.62781348329346,6.55486506958962,8.35560815545904,5.30137254320474,3.89212809205801,7.11000011814673,7.29520960229192,6.14619752117115,7.40451358436475,9.43037911854147,3.74914423928317,8.47381025104777,9.45713524272395,8.04674817388583,7.20365143216631,9.45805690492528,3.63794457731137,10.444784010247,10.1524687646003,8.91331573681625,7.51890611496109,6.66616079567804,5.15481282272426,6.25844834936326,6.11840124582232,4.13912392007919,8.26409000483831,6.02572413584407,5.15214693924757,7.60506531241425,7.34116610665987,10.2012740838627,6.3858685524531,8.25024591841642,6.60547730034075,5.14654197933715,7.28903545092487,9.74961682540308,5.65148100764472,4.48359252572514,8.05836590081858,9.04143349511622,9.32549984068138,-0.129161444614403,4.85701153590426,3.42299251011278,6.96586824038121,6.71740558445528,3.51487655258353,6.88160344729365,10.1614342990964,9.08490163684728,9.01893782671189,6.56585876853621,7.65057877844104,3.40046613664619,7.05473254670642,10.919464668969,2.84594120877894,5.26136897954587,"0"
"GSM1315705",7.06853516585662,9.05923177001807,7.04952181943312,10.0569683677586,10.9197454654085,8.52719793991572,5.43908734351174,8.88205481444878,9.12466784302897,5.70485863523677,9.3731714472763,7.80288499390457,6.80738984567233,8.60729982823421,8.21918603008426,6.33266674874555,9.0721077417046,6.39607757026064,6.86151813812694,7.6991596581108,9.72752957310336,7.72538325805582,7.65663569649282,9.83087148405859,3.8091879926229,8.58767551109121,9.43570701815501,8.57671302586607,7.71751709472927,9.29634017786024,6.02314755276381,11.3669975780407,11.8601922125109,9.02759259068771,8.41157433999637,8.11739606582801,8.88271097008434,7.61249828086648,6.52754212415805,4.1003893407598,8.61646367372393,7.86639286062063,4.99686241856083,7.98449040432682,7.64514178306033,10.5716352603197,9.71782312491465,9.10973000284343,6.27994592261386,7.19711103339514,10.14264188073,10.0344466406699,5.21762005012155,6.1253632619998,9.50715498986459,11.9078000938128,9.83295347166704,1.4947054172383,7.13558110052993,4.58100377137127,7.64383716782731,7.58664465709121,3.99444605440495,7.13625156022018,10.6256311576558,9.71424894698171,11.0354818722122,8.00544042392766,7.13508189935227,5.81206120255141,7.44957869324516,11.3432603762648,6.38560034763289,7.92759441934821,"0"
"GSM1315706",8.03014502692455,12.113782445394,9.5994186261364,10.0714029046581,10.4092273092747,7.76562718973499,5.40497598271202,10.6546618491293,9.91137412133995,6.96608563216834,9.46165626455647,7.43499479856417,6.72148977226668,7.87223014337951,9.96627665472507,7.39738766616078,9.22703730740438,6.07719602742906,13.7640225550382,8.0846688281901,9.01180054991593,7.72867287332457,9.93559450480057,11.4549490332607,8.52805219295178,9.05819567374487,10.1037079573952,8.45666006294728,8.29074615526511,10.1218166895061,5.12806502971825,11.4956375745453,11.2752320000947,10.5565478621895,8.38352223323928,14.0735838309238,14.1678581655457,7.59582203273653,7.51240443500815,6.0905409898895,10.1431008471813,8.07875826038537,6.65719495328692,10.0506844040998,8.53989130748764,11.1720475828635,14.8653192564359,9.8728968214471,9.47693032996489,7.06154868916882,10.7324701394935,13.5440348083294,8.59260018814268,8.00178857688126,9.20336571525711,12.3702519425475,9.75112839097977,10.8069272824649,6.9074397461164,4.18115800643866,7.74344639760436,8.01053934382706,11.6380466259575,8.18297577201356,14.0195282875846,10.5078831867768,11.4935934721334,9.69586639962409,7.54281323628819,9.60171858874964,8.91209621101175,15.4580631789572,11.5653281895241,11.6052417557488,"1"
"GSM1315707",7.08706615704219,5.91322026005563,7.03644640339341,9.30219028916382,10.307439357449,6.63656964980034,3.54870110996368,7.87498051812111,8.27199367671309,5.82499121339479,9.03736097502098,7.59599966361211,5.02162717062407,7.43346813336224,7.7366828139044,6.50835571946959,8.38726825071053,4.69463226995303,3.79540209239181,7.13670947836041,7.52754577212913,5.86419265088496,7.52973863577295,9.74903029390971,3.20485526116866,8.16008053496777,9.03039984970873,8.32338038628365,7.38971826605207,9.34821506757327,3.68593344410643,10.5301687101433,10.889987376054,9.17869584797082,7.88605863979202,4.66503871386423,6.89961383982211,7.01731568379944,5.86170596130616,3.52168154596263,7.73876282000303,6.95492421026855,4.80672695038625,7.54326171791742,7.24365264871113,9.33642603467683,4.70593899861249,8.75239731831241,6.00765264868255,6.03395552151792,8.52213667245175,9.43698403707432,4.97790684328457,4.86569527080418,8.42277200695333,8.14467882898303,9.62150042327554,1.07685655940649,4.68597045270366,3.37799477493771,7.143058285386,6.53754437257684,3.61801556002168,7.24663640176685,10.5947555582748,8.93611839493274,9.19030798007399,7.02422369947916,7.40083606849271,3.6446661360685,7.46652138611829,11.039512612599,4.0254865033458,4.31443232185562,"0"
"GSM1315708",6.72537259641063,5.07282507623401,7.40531558380873,9.26456378716695,10.4023726963112,6.55105681662581,3.78107280164632,7.74779515879153,8.83494639767252,5.59952511714774,8.96522969947538,6.7030686949801,4.99428266413663,7.48273667158906,6.64962186879837,6.26107681411053,8.4991779496957,4.6365141340638,4.47787561089377,6.99909924245089,7.48524310317478,5.64578307696448,7.2796330719679,9.29426863471841,2.96525134215478,7.96897131749884,8.64905279407027,8.05398515740923,7.35462035508258,9.50570722051151,3.99322521692464,10.3822462836969,10.6528376990008,9.33464967166936,7.65775379218948,4.49447675857545,6.20087679035879,6.87860247961733,6.03272267300934,3.55720931127688,7.79409321823768,6.51820013829206,4.73789402757568,7.9534713375358,6.89944114068864,10.4685208467612,4.79902914023063,8.45644866899172,6.16516771923003,5.82822642981305,8.33154158084303,8.55046396615802,5.6167905355038,5.32198174313348,8.12999604330517,7.08303807689206,9.35597404047927,1.67489211435295,4.84291760014776,3.25001132668868,7.11738286021017,6.18744560499832,3.63147021069725,6.97125299604068,10.0746077992455,9.24099382952714,8.68605721484746,6.92903488226681,7.44449675979319,4.56676894180578,6.45507586637714,10.6269188200257,3.21967173390087,5.40413254253483,"0"
"GSM1315709",6.60248298878064,6.79838430648021,7.30643870983832,9.24837273153851,10.0834793772841,7.00807050079553,4.08372307856878,8.25135396504347,8.4329388468428,5.61152878695443,9.08412919303782,7.53434035614447,5.36621283220667,7.50300906661532,7.5784683134671,5.99760873611898,9.07155421442195,4.76808971600999,5.07904082269128,7.4628144828394,7.7186523398993,6.16103103700995,7.48219738718683,9.6237396702684,3.14743258426485,7.57070101278664,9.2686572373417,8.15428202256944,7.08254080964578,9.38087285044915,4.57057818408467,10.9684594211507,10.8044000381449,9.20503792183089,7.76160931937579,7.12575712209412,8.61184859530769,7.06206636056284,5.889289724561,4.22090789562103,7.86962776584499,7.29794135556125,4.97275602777211,8.33389020816225,7.78948685948495,10.5784499892887,7.27997037667865,8.48874692893274,7.18636099514662,6.41221500750724,8.30232141897422,9.35437663518301,5.91582949488092,4.97658128309588,8.30152661040663,9.58752434522036,9.66642485921265,0.222466884488379,5.35097397041522,3.67080044172191,7.20529125418626,6.51813040274349,3.97634663855869,7.04411449577453,10.863845529428,9.66427936277626,10.2821763417726,7.10716004046123,7.31850223756086,4.12412243347972,7.20473943565764,11.6952548486654,4.00826214592377,7.40743363012689,"0"
"GSM1315710",6.47460816622849,5.97135532574957,6.94870989352311,9.1328894295576,10.397253019244,6.85812861094352,4.45960718313442,8.10400844146153,8.3748556353467,5.60130244341017,9.04146442680249,7.18516896278867,5.69023977458679,7.42557659050225,6.99025377285152,6.26054792817423,8.47850449459064,5.47155627761777,4.21788751294815,7.25841157333305,7.93091813499163,6.48837970283191,6.90944028136325,9.38425266187191,2.92695329812573,8.05975325496276,8.57265177545614,8.1792915549141,7.21030137169563,9.68520450092061,4.56760253151882,10.4659719240043,10.9775720460353,9.13234149637625,7.61269567804553,4.94256405461124,6.0751045611476,6.78810557827736,5.72461192572044,3.02000217799353,7.62166192311858,6.76656961143895,4.57388582344614,7.89059365009493,7.25972913396237,10.9366478441627,5.80278052458887,8.41549846033123,5.15009907888582,6.36123685089949,8.68079640747113,8.61207715656518,5.61018809838604,4.89234748302995,8.50442395690409,10.4242848852509,9.64102423963767,-0.129161444614403,5.41819104470049,3.54439957526574,7.41433502967182,6.71342792811453,3.56162863768463,6.80952367106322,10.6089053449181,9.2326587529186,10.2455959522205,7.22740179113891,7.57797126280956,4.47592551613995,7.11978336984934,9.91387163394634,3.79261170637282,6.28708238801618,"0"
"GSM1315711",6.05487133041382,5.62193955925648,7.27718034466253,8.92642638289124,10.3568007054291,6.92398501974751,4.22303237763606,8.3833285025645,7.56856314985058,5.16251907108093,9.00830528934866,7.12924533510719,5.31067910926475,6.69802051202246,7.31165934557391,5.87823319945328,8.45589134464453,5.73571132377629,4.84960994708702,6.63941066742686,7.53674253709526,5.60340447469393,7.30511551346937,8.94719436787616,2.81859612003531,7.71504467967295,8.74884543783888,8.41825420030794,7.79846480333733,9.78261060318686,4.40151992645989,10.5565409308407,10.8269802203317,9.03976803854535,7.766977580773,7.1205400948038,7.43756420681485,6.48690892497408,6.22921247776459,4.14713090611611,7.42453626039256,6.8205512946996,4.97729699382487,8.53604892795864,6.63652512926145,9.8977421136974,6.58505168855219,8.27452157009683,5.94765022978507,5.6175268980475,8.54779620735883,9.28860753473176,5.7258458520284,5.45047095442687,8.31518017525757,9.87554731644405,9.68140840658801,-0.129161444614403,5.29419124856233,3.27225106523164,7.29462936953275,6.63136068116518,3.60938771261898,6.83688931927411,11.5356642225448,9.30855376657172,10.0380052703789,7.30968191202372,7.3759294932974,4.22139007474323,6.73413599707562,11.6063945085013,3.35226905403038,6.15213527966182,"0"
"GSM1315712",6.708017402953,5.76714969434625,6.94274631904386,9.26065972403744,10.4837618617411,7.0850118174265,4.27157873326239,7.96564187745287,8.51794098135421,5.96485898098093,8.4102230198732,7.16437436599983,6.2280363751892,7.3224368209735,7.07408444775787,6.89495949105396,8.89409863213586,5.79521668751993,4.59331833099682,7.5530535614139,8.08072347580994,6.70183920812487,7.30835520972711,9.50937049581299,2.93362936298155,8.74317732684582,9.35757148615117,8.33424517806397,7.33934838516591,9.6559002407376,4.38064834227792,10.4824468142149,10.6781156127142,8.79987745325741,7.64379491210657,6.04713925636883,6.88397585200867,6.8341860742637,6.41836139564468,4.01441032974917,8.4391767113964,7.00026771636303,4.84166831769537,7.73502027213299,7.92419015221417,10.9023468499045,6.26174047729872,8.70371280481857,6.03251649135747,6.3562411173465,7.65125835108563,9.39304716853206,5.78326811456736,5.11644176708397,8.59767686918292,9.49499226375552,9.67848710599459,0.00440208112670284,5.37075570190273,3.74628313780177,7.49846356753707,7.61427426072874,3.71656780133214,7.13453406592105,10.3813811874658,9.29385789677824,9.74914900155552,7.22671183653901,7.52076135033856,4.09250422092283,7.53040610407424,11.2338677523451,3.36152236464122,6.61735556806947,"0"
"GSM1315713",6.95289604252106,6.27962325226742,7.29847922645821,9.51979157195056,10.6271521462568,7.23960229983128,4.10826435917296,8.41067335574324,8.20788164996849,5.63118672335607,9.16965538616857,7.44490939937673,5.3507051547215,7.74182937651002,7.5221612484042,6.36805622669159,8.86539006221348,5.41402556062152,4.79737998831447,7.02007579190789,8.52634929492221,6.28022689331495,7.21582099047762,9.55304938073335,2.97045493676232,8.55883761301914,8.84512706056368,8.17622609255458,7.60440369031683,9.5488388423892,4.872873128712,11.0206583270055,10.7978680902473,9.08553925221577,8.19889559372568,5.45402079984149,6.57372779744262,7.24597170250929,6.38036879493243,3.87596104057855,8.13393923207986,6.79798145789962,5.38987005228329,7.92592893717621,7.51363944151818,10.3122309830919,5.36166746977545,9.02056153657054,6.18993755735243,5.87455082684466,8.97929731358881,9.31905632995882,5.92088465924375,5.53265630407262,8.60095316335291,9.19774047199014,9.80783696162551,-0.00880950424918088,5.82510432473524,3.63299840900953,7.57228515354922,7.01146527611023,3.53454103296082,6.85751208288723,10.4663804311373,9.14612661242899,9.20965200654601,7.92276528838235,7.30367492834603,4.25778883547324,7.22625070568592,10.5104964110733,3.73010844474081,6.20143684513402,"0"
"GSM1315714",6.76810785278933,6.66538660790747,6.99576078086757,9.21573385315593,10.4139949680082,7.14605612815593,4.27157873326239,8.1225451081092,8.42317743481201,5.32502384309705,8.895196433325,7.46701770805933,5.75433591614167,7.42265826403792,7.74063767444934,6.48581665865869,8.79730028094492,5.42020471083871,4.32123097473223,7.09371189352339,8.46272408514355,6.67045943081111,7.92698222985972,9.46962768148966,3.07439895663803,8.26852392412112,9.54509985194268,8.33255849013368,7.64764210681313,9.61867345761283,4.69195799399996,10.9866504348958,10.6480424194636,9.04598991359426,7.82835462399075,8.26703307734333,6.78752128958736,7.42404321934357,5.91135255681962,4.40071233711016,8.2152166018937,7.53644712502748,4.41698064838281,7.64541912694593,7.20025886658598,10.144746972559,7.61340479053137,8.99625447156875,6.48309287411717,6.05554385874692,8.24082052471683,9.84677101263491,5.12747745742753,4.99650927614654,8.49531967362862,9.57286241638966,9.7671244658972,-0.129161444614403,5.54192049428886,3.79625159707585,7.50252566910821,7.14200132329149,3.53193453714634,6.90395550771068,10.5773721018529,9.36212286508013,9.53811556274425,7.40805518622127,7.43319584037591,3.7750861779305,7.4613769824328,11.53012233005,4.14787494236434,6.33536440996988,"0"
"GSM1315715",7.4434856487327,4.86996379725113,7.54856361227034,9.01801192504076,10.1613439477557,6.67883087427192,3.84795570371023,7.88336107108281,8.18752383192853,5.71820601362721,8.83308697771584,7.7543478634819,5.36095231574597,7.62445541733781,7.81709191268803,5.95862156051459,8.48760635154335,5.10272664534872,3.67538946393585,6.98920482226425,7.77759391844984,5.94080142976849,7.5193555424765,9.49301766632176,2.89447098701044,8.5039567031695,8.80120043889472,7.96819811185068,7.46405359616852,9.40944581300431,4.37021206907822,10.4427885299922,10.5156997828667,9.18599190956911,7.69666815493586,6.67491322619888,7.19477394416356,7.08336458939895,6.44794204370864,4.25361258391729,8.34571601732675,6.72104035680936,5.0320574216974,7.48536017278578,7.54159927542018,10.2738971143415,6.31272076602036,8.83241452808597,6.44879844429831,5.31906739665555,8.24557229410598,9.25536546043236,4.80613004076933,5.41593335875825,8.44538902392783,8.9149331985439,9.67938659791281,-0.129161444614403,5.12450165464944,3.18384209100988,7.01793421601207,6.95598468321348,3.67109728481796,6.83371739778923,10.3532043073439,9.15305085690449,9.37778493726529,7.24998713680816,7.21130433518541,3.75151363166441,7.41124777678823,11.0491460107753,2.64574157308612,5.17577645926321,"0"
"GSM1315716",6.44916732376747,5.7550506771693,7.01738238078179,9.06337388603105,10.2290863994849,6.97859938230437,4.28859801913948,8.18616554540479,7.6590325972813,5.3620694832879,8.93645620987554,7.14614283356938,5.45282600696478,6.93472530704079,7.6279229843782,6.59824839874739,8.15097022734887,5.6872993413667,2.78202529776941,6.58006502983697,8.02541556877314,6.19515682091458,7.46558535843882,9.40752960628767,3.15316439570145,8.89469925023397,8.72924918911757,8.10874416892519,7.37517763236926,9.85579089014081,4.3305065955134,10.4424186935317,10.5691796122221,9.05063877381738,7.94835693783468,4.63854731402865,6.45610852331486,6.58136262771634,6.48244330774987,3.42594188552648,8.35494507807679,6.72338831276698,5.42146911330075,7.4679866878651,7.54677407618085,9.95600855614945,4.85569045898833,8.96353746501864,5.72014311407127,5.22745696404938,8.97171010431798,9.55772800479102,5.94576898738032,4.83148104990552,8.55998096144047,8.93871338619813,9.61291027303766,-0.129161444614403,5.34416772234135,3.07093244388426,7.11918292031123,7.25639842097656,3.41656601778943,7.20823387553563,11.4829471029134,8.94257537205779,9.44167000618682,7.19143294535373,7.38468074680398,3.99475442963944,6.71160820751361,10.7969791151252,3.51526063988262,5.38673387507416,"0"
"GSM1315717",7.17089156084094,5.9216434142897,7.09608522624219,9.31402921849584,10.5317928007159,6.83648703838097,3.79075380805116,8.05627874327961,8.38792530579225,5.69286915529501,8.45763663165939,7.32358322917773,5.51926573107616,7.31616032550129,6.49564394261764,7.12440325032031,8.67689348132669,5.49031954547699,3.39100125303641,6.76746233010639,7.97066993034502,6.35747118013858,7.28362890623784,9.695128140339,2.90673771690433,8.63959441683635,9.46231562274664,8.30819350949615,7.56545048980346,9.54765638814294,4.1822434783453,10.2946725674476,10.4533206463555,9.1549054714555,7.57308303809297,5.82139147809579,4.86721568496247,6.97380523191856,6.22603450076717,4.75773495911793,8.22639428423378,6.50331948625755,5.43598936664746,7.31318841449155,7.10422030480639,10.0991571807718,5.43275997323559,9.13882378684644,6.33388088100353,5.41164180433673,7.3735112456876,8.74358615666727,6.50702940623355,4.93694720197013,8.38656652809596,8.39687186596814,9.66792117226732,-0.129161444614403,5.27666362646488,3.51592440665527,7.33290993411842,7.15286802344422,3.44177880581584,7.10180009674732,10.3788861712024,9.06759350405,8.63036233257484,7.59421931473048,7.42872838666262,3.62077199862337,6.83081359641398,10.3989127403419,3.14472563956194,5.40916271349652,"0"
"GSM1315718",6.92269256644171,7.59381256667704,7.2084402714258,9.5767845325764,10.7096615478504,7.16853517298878,4.47912663385384,8.69681174600946,8.63542885110818,5.85592460942776,9.27070684511984,7.36654322387978,5.41810581648067,7.94056618562986,7.61081340610369,6.52514199018529,8.88177463756124,5.13803681810138,5.99191053161896,7.50649393499498,8.37751564717288,6.31061186502893,7.32957599033708,10.1342001738247,3.19599755082111,8.61382923564902,9.27147705636012,8.52712313029719,7.8412368030461,9.28052493262997,4.51790523743744,11.1264181233525,11.0913034893909,9.38501039062045,8.20931045504616,7.7384655096156,9.39110272712092,7.96979402903551,6.2328057424886,4.48298099381165,8.1784339202936,8.02542370998503,5.39362371252821,8.02437120511268,7.55794370777698,10.639467542035,9.51322237192974,8.8267714683042,7.05793800090899,6.32857247480753,9.02307349507836,9.48049367599887,7.3911684298716,5.0283998632935,9.01081686124715,11.0414032870552,9.50237981274747,0.708378189765001,5.65989694109377,3.73580401832316,7.53473619919079,7.08842485367581,4.13933174298085,7.28559166524844,10.2600261509143,9.38004700867876,10.6789897952891,7.82061811198482,7.31949931690786,4.04589327863124,7.82016280615439,10.9947410558411,5.01016692270527,7.52096098214212,"0"
"GSM1315719",6.79653626111585,4.92313572892071,7.33453590194553,8.36171972126089,9.86378782668573,6.707204021436,4.09790384756724,7.54788859993564,7.89981951661676,5.6323461354524,7.98050198666364,6.76487262145615,5.91954426276791,6.87497784400228,7.60370451329433,7.09720365062752,8.11044401311106,5.44479179042909,3.47113298275729,7.03698324184398,7.54891439778184,6.24250902700148,7.03623125796066,9.23802316363675,3.37539336662806,8.19797993151012,8.70938309333151,7.45706752335072,6.59820831131042,9.33784142345054,3.9687721732001,9.80751820382412,10.0020859271473,9.22345457582476,7.13634177860633,6.22136816377879,6.67128712651655,5.8800280677184,6.58605714857613,3.74238363899688,7.89440415222956,6.37997045799915,8.71948266774112,7.65631086819705,7.7526032761427,10.3375777486419,6.83343333376164,9.11190770448848,6.93118335503906,5.61174933647861,7.52579676211516,9.6936223343249,8.35473740870966,4.72759384716602,7.9469174350837,9.29144119274707,8.93748188198168,0.282264801112062,5.19781356089952,3.56565036246387,6.39807339759647,6.95636940189334,3.81418932435561,6.31495466973862,10.7285037652312,8.82126142735975,9.63164774795755,6.10547212926862,7.52025934494164,3.36523512536699,7.1396292518025,10.8556850752732,2.66872617140615,5.71941384178587,"0"
"GSM1315720",6.70452116953473,6.35162740686774,7.4084660901454,9.24654621135316,10.4117964677647,6.93127562244705,4.23591366893279,8.47316815188685,8.27494479730508,5.56087471859905,8.68753827170946,7.3960735814954,5.7430067807332,7.77424342086774,7.50541171886646,6.16656720222139,9.01075692387728,5.07711101549416,5.26360729128051,7.27440700399874,8.10931545925305,6.48437515855203,7.50248272061637,9.72296848033932,3.20706121731847,8.22053955702401,9.09574976885128,8.35003949576661,7.58207934449318,9.18199581879524,4.46387638081065,10.9404648556413,10.7413029117992,9.0781373491088,7.73955107699689,6.53146296989157,6.19868899416694,6.93146462294496,6.01883292509518,4.24677303984055,8.15598101099775,6.67389953559816,4.33028125599349,8.16927814369314,7.65756272352144,10.5594554621619,6.27462945623929,8.4996967626217,6.59556760337558,6.05818320400344,8.2296525540488,9.34119666726821,5.32670691385283,5.735588909417,8.56218876626986,9.37055588910899,9.53141432906887,-0.129161444614403,5.30591482226501,3.6996884567868,6.94446824205814,6.84401422646411,3.48149479859918,6.67184074110266,10.8945683571223,9.28982727624097,10.163107496532,7.40835945597688,7.13835689620818,4.46039235840733,6.86565499948197,11.2909351473665,3.66125218982831,5.79565880206294,"0"
"GSM1315721",5.92784198906828,6.05115037686017,6.98208085668319,9.36151721406099,10.5685165788533,6.79589625776788,4.22132887638619,8.00301538683,8.6870983139979,5.87433454872498,9.16229014595119,7.1590134588406,5.50174590943009,7.59587175103341,6.82096037297193,6.61191306842883,8.65311709408939,5.29802099521588,4.41485580307079,7.23597479910848,8.02129600341499,6.16280085327061,7.11884472300349,9.38973548174598,3.07076953323734,8.34989919972726,8.80318139785468,7.98196797382409,7.2617722848175,9.6293184802714,4.54760643814812,10.7385411273121,10.8627528423285,9.11600553469924,7.85963451505975,4.28267084022044,4.9969821492883,6.89220677293067,6.29943047437607,2.95434893926327,8.12111747117645,7.37298212645093,5.18636157259842,8.11158527652479,7.00866609935195,10.8094818009335,5.42912398264613,7.97403292292824,5.772367576067,6.24003887512473,8.1400896766788,8.54280862787264,6.7593327019363,4.68884187438434,8.61712282555138,6.55322756554409,9.55449319771528,0.00702994167274107,5.30357771655241,3.15403888009047,7.34824920802831,6.87109870054812,3.45284459384244,6.98020591952975,10.8367281614085,9.18795880692657,9.36879354260235,6.81592381026153,7.53026641312468,3.81016083559269,6.63892059280282,9.7233076680278,3.47369864924089,7.02758228769833,"0"
"GSM1315722",6.87283394151943,5.07282507623401,7.17654863685782,8.74643814304237,9.99613827245787,6.33846017443109,4.02008699865623,8.53900612649969,7.56352526635268,5.05739303340431,8.35782230648889,6.74722041212562,4.97848267892356,7.28068243014657,6.58829323058331,5.59724344482676,7.75329388873146,5.56968560951394,3.96144333601885,6.39903232065776,7.33363093102758,5.69553611216158,6.91382969247993,8.71596371406696,3.01771876204891,8.0004318793013,8.54302690751333,7.74011533169923,7.19847315027239,9.40400581599668,3.89757059322331,9.84981639247307,10.3429726389334,8.93945274052754,7.34575384089927,4.99248249543519,4.52387673570434,6.47123071111628,6.18995450684735,3.72408642080035,7.48102345173903,6.35165194230602,5.23594725680742,8.13132930329584,6.58641480416994,9.98870094108917,4.82053875804135,8.2778341729921,6.78173045081178,5.34499710604545,7.22465468223592,8.23823375966204,5.8009983242812,4.6858824989038,7.89897860868184,8.71049217788996,9.00088300666862,0.0291755825526977,4.76895090108967,2.93016285022778,6.5085166672251,6.5480479254407,3.45008609387987,6.61385133114362,11.3325168394568,8.71643203527495,8.54123676957525,6.90874648205922,7.20938051518075,3.82780099472842,6.35831784630379,10.3037787544146,2.63590599396248,5.91853151890931,"0"
"GSM1315723",6.40060758478471,7.244019365671,7.22408085683238,8.85024810460447,10.115699364773,6.79804518151581,4.23016519872446,8.57133827245993,7.92326447342588,5.41175539407647,8.69958928343048,6.93734975854627,5.28278510312908,6.88712692666839,7.7241382996375,5.88771696225923,7.87180516624103,5.67589281003274,5.29423563094891,6.76994118817482,7.59039784922686,5.92211430541173,7.62769212987109,9.40476554018233,3.31633620864441,7.56226037865993,8.91806366101646,8.17701780339398,7.40553366782457,9.57480882573637,4.12590893734476,10.2016706101634,10.383391177554,9.0453861852766,7.57367431757552,9.16393207811323,10.0774488876837,6.47296367834074,5.94987529763794,5.27569282882137,7.5674942142346,7.07948195994451,4.81829380932156,8.20528341589318,7.17635338612945,9.89912955188583,9.072655284419,8.42387482235464,6.52263108716078,5.2996194597669,8.84099444850302,9.84592599706521,5.9274143041331,5.94625179976362,8.36010310577777,10.2097883314297,9.40241928685822,-0.129161444614403,4.99549997287821,3.15266944947897,6.90382796389163,6.56555380414067,4.78548072277619,7.04594300684425,12.0883226909496,9.12834982478287,10.4820528826467,7.11426508483127,7.27442141967429,4.67931870526274,6.95474787027723,12.4070014704494,5.74796290471562,6.36969634071781,"0"
"GSM1315724",5.97420778330847,4.99336523977364,7.25021654883988,8.52817567526239,9.9810468264623,6.82809925288825,4.08933741322282,8.76649863945777,7.94481916767116,5.3571690991411,7.94943993037278,6.43910783793669,5.00570414765858,7.06716533510121,6.34241354578859,5.51040354811845,8.61224254471959,6.19782345963339,2.39338076048807,6.84513835926192,7.27906287481065,5.99545294830713,7.12018603715378,8.95573772660414,2.81859612003531,7.23061327903712,8.44873656796111,7.34828332386273,7.26920047676922,9.45538345413398,3.58359862973027,10.2544512200312,10.6262050011737,9.02497014381762,7.39390797180061,4.60212065770447,4.54895623805555,6.28828144218897,5.90155897430406,4.3253715836788,7.29353024824255,6.79985630552006,5.17659067240142,8.74112318121428,7.69408276574972,9.94499492493991,5.13321401640452,7.85816834337532,5.80100689143083,5.14378347937459,6.94800962501314,8.74394907142804,6.08995959630916,5.26943363672538,8.07833687653002,9.62657946825008,9.12795417643831,-0.129161444614403,4.86273778614205,3.66696858013089,6.4915316371564,6.53045621438632,3.40236614881464,6.22042917250594,11.9403086515347,9.04606802401617,9.44076556977093,6.64957816618766,6.94469183728331,4.45769724265831,6.53834298002388,11.3620876873791,2.3346883942408,5.48016593408585,"0"
"GSM1315725",6.84225197883707,7.44885232770489,7.20473002966463,9.17904902283505,10.2244687452674,7.44730250508717,4.36464698305499,7.85248034581965,8.16831819011705,5.779318366629,8.49013372466759,7.48647062408934,6.0027516936867,7.36822653091578,7.8501954755217,6.71348732503082,8.1791968674857,5.3125366125975,3.38861781446211,7.42661377135352,8.06621214442266,6.6932928937508,7.30786481404583,9.58249208556648,3.24834597083553,8.49101612034892,8.67050742781192,7.92407910971124,7.46564259251926,9.67057378309206,4.55523763795019,10.2749236309962,10.5930366351538,8.8503236644499,7.62586916469862,7.03325827961182,9.61973010095859,6.50580845381692,6.47067632794792,4.26660726374682,8.08881892325763,6.51535036938344,5.05786447306791,7.61835507431486,7.94823562618082,10.9234298932629,6.69650806994267,8.9954914894865,6.14042734406498,6.53298138955228,8.90339815774597,9.71149089400576,6.18077922393742,5.50964859591056,8.44322307150196,9.05204095536472,9.21978636725366,0.00176942521204573,5.68057719393344,4.01663801125377,6.93319666131823,6.92113010827817,4.34931724216952,6.53922343924928,10.6971163925194,8.85798882718334,10.5160262566009,7.43831788761828,7.56209647431772,4.2676703469872,7.72806580246137,11.3108135631944,5.40310223908919,5.84330638471531,"0"
"GSM1315726",6.89447587712623,6.86453721090345,7.57978037785755,9.22273724089369,10.5330640920502,7.30193429840598,3.94569443377277,8.14166557513166,8.75908843718084,6.05061540417439,8.94760913633019,7.45456879967549,5.94393716702668,7.34375126282028,8.46858933699517,6.72277083626745,8.91102874982026,5.59603037451078,4.86031453096742,7.52397738189739,8.27682849978469,6.87124563974811,7.9941167469409,10.3547858003195,5.00160615679756,8.6325566774669,9.46243314274135,8.31180250460118,7.65730894220482,9.31018228188116,4.43847464807733,11.1969280426295,10.7309386572148,9.3088662245245,7.89941303382242,7.62808767951628,8.89633907221141,6.79932498548103,6.18581665122537,4.25004817187341,8.63290611486214,7.10292537315611,4.53426555468455,8.26920452394414,8.22408985179982,11.1229368084213,7.72799857639976,8.80044583754678,6.56301205422845,6.26081034987915,9.01026850801822,10.5484708343086,5.01038221723521,5.54016669053246,8.7644665052798,9.04986696605938,9.62285702123175,0.411857708519156,5.66318201661007,3.72892857223224,7.32586658268594,7.30478719291723,4.51289528190242,7.23359229463824,11.2201574857517,9.43716973169244,10.650986263299,7.44485871096008,7.37915452022951,4.68116831454286,7.45517938555638,11.7555600490362,4.94340701821456,6.02643096748783,"0"
"GSM1315727",6.708017402953,6.0610120902592,6.96762934558469,9.32078071647501,10.2190949739442,6.79374412837865,3.81399785755148,8.21098367071804,8.2586384166253,5.46933407853791,8.81194821065769,7.37204780170229,5.23793452756279,7.24996582704254,7.01959544776326,7.00898900930831,8.37074536007106,4.65576869114374,5.38491568534415,7.16408551613296,7.63516862807363,5.79778617040953,7.26110833123028,9.34116222735995,3.05248418020959,8.19996935054126,8.97188925711962,8.0102306275328,7.28869578001733,9.29530953412381,4.35441472678688,10.2216651594467,10.8357671758248,9.10619713231407,7.64000171635147,5.9464412654081,6.64562657791207,6.78519193756798,6.33014424650383,3.68678074225157,7.91103612222803,7.01032208876311,7.48728215031707,7.8977958440637,7.31964933071376,10.3936487238279,6.42309043053865,9.10324149392661,6.62954629107729,5.57474735135019,8.19841835242387,8.75569437717387,8.20515087460795,4.46940277043724,8.279204026411,8.86122056500811,9.44841873728218,2.43789718168479,5.1170678028786,3.44609415454722,6.87741945410416,6.6084111282866,3.89855713335552,6.59482468728744,10.4138434143076,8.88677248877845,9.36205074564398,7.06744422807828,7.43052674338543,3.98505434886067,6.4255829943185,10.6542952214339,3.80782339323684,6.96269598352654,"0"
"GSM1315728",6.47108509966479,6.81847042609263,7.3308874959665,9.00752392777321,10.1817017102897,6.83050074331524,3.9198792882743,8.7301170619327,8.45356871789635,5.53176151015709,8.55921252894433,6.67522765269247,5.75583976795354,7.23340741394661,7.509656984752,6.25344208658407,8.68309092567371,4.92576899398724,3.97866023254762,7.09459111655107,7.48453917779322,6.13872317515609,7.20121369005553,9.56083644074523,2.93762022317759,8.02367378251162,9.05772602264885,7.8897190822829,7.04431453727351,9.56751365479427,4.08875359359463,10.2600583902325,10.7595158575587,9.16550097673715,7.54808260367278,8.38874969916229,9.79021360431558,7.09813949172697,5.7086103308601,4.64758192351295,7.98423200250329,7.04729067418329,5.03761578922411,8.22174394709598,7.62451795689708,10.3786753946861,8.74839855241096,8.38176347680994,6.72446533655784,5.76716199750066,8.06776565424799,9.26103111580651,6.06988048431567,5.3646419431365,8.40014743546548,9.42400942985815,9.21799223952461,0.360381491028071,4.94900485853746,3.55687701555706,6.82932940743344,6.77742466318777,4.46245801854884,6.72948658112342,10.6313720952115,9.49214968618854,9.91022757353996,7.05700248135663,7.25013259125287,4.12616061847738,7.22430833576493,11.8381175605248,4.60713495799913,6.82200943160481,"0"
"GSM1315729",6.36118210489413,5.6429212670028,7.11395044460772,9.21244395373601,10.1819994426114,7.04162306050656,4.17314791571525,8.79297792994996,8.34759129560725,5.51111100084721,8.68838724880785,6.82510472988437,5.79293544483162,7.19970930106437,7.19504934714706,5.76443851247758,8.7820886065318,4.77418547159092,3.63574159805711,7.26144872404338,7.72611585908442,5.93528969415947,7.23235069834332,9.19244327142743,2.97045493676232,7.54671129980176,8.51979989319041,7.92219153722395,6.53063085231283,9.59139025377076,4.44216191095724,10.474775508595,10.9666287540137,9.30447577001511,7.63305589845503,7.10930361529792,7.47155109039001,7.24965251848958,6.40380932435595,4.2574641182988,7.47196316422058,7.15850465244223,4.79506660370075,8.29517484505124,6.96294502716725,10.2960948027601,7.09274228420374,8.16014939898395,6.95384291173707,6.04286657542531,8.26657592406473,9.32862124764434,5.81517998280227,5.92435730305576,8.41999224686235,10.3491221021593,9.51069186759371,0.0135787275016792,5.16213931201281,3.47870194269907,6.94070086566283,6.65679432505901,3.61432422741284,6.75616564531182,10.6358983150269,9.44104956171669,9.89288726352704,6.9631942660816,7.24798428873892,3.87704451374827,7.5664062139086,11.8125635693821,3.04757506994859,7.10888695340879,"0"
"GSM1315730",6.56110474754831,6.17515916599557,7.10998871969249,8.87239978066084,10.4065969500999,6.80965524238423,3.92658561082506,8.77489832607836,8.43425939159485,5.60878266368172,8.99166476073407,7.04323569660525,5.4909503858764,7.21135182591006,7.67110549270924,6.27476023156106,8.60990636045576,5.13182956084075,4.38383909183886,7.36873438654689,7.63896936363973,5.95924959310365,7.13397374787981,9.67354756708083,3.44246298188801,8.30439360834266,9.12924833682066,7.82338084877928,7.1455000290625,9.37831191979815,4.0940022744967,10.6860647815343,11.0542176230468,9.31259838630571,7.75171532435299,5.29349145415905,6.25276409779439,7.02935702686512,6.22072226617357,3.88786041527904,8.5160206221907,7.39601701284608,4.43917111503421,7.94026990724817,7.11054155555087,10.562724536819,5.78946235417478,8.33356391809586,6.40676971448871,5.8600025182755,8.59081357578188,9.43482767614591,5.69368761583678,5.39472915736511,8.57004631650692,8.99182142250812,9.61761068132971,-0.129161444614403,5.13977956123293,3.44329660656787,7.01906890091141,6.88692700661224,3.88432324018281,7.00767462732852,10.6284821017053,9.24083626556348,9.59737916954278,7.25912564621537,7.28117119824876,4.08344159845144,7.1916273095312,11.3236176720414,3.48470018986676,6.41636685067943,"0"
"GSM1315731",6.95247500208588,6.13193387618982,7.2045487979527,9.12845304572622,10.443710123117,7.08551458622088,3.82031360577827,8.42289679120355,8.8197782690489,5.6846962762473,8.78435385639117,7.02263737919353,5.83005326835833,7.70283982706768,7.55781102204339,6.11968674870013,8.94756597033744,5.24133825900657,3.2744916956505,7.22838427809513,7.81726982406602,6.34401455484235,7.53385426497245,9.68479035163045,2.91350776706078,8.52398861124031,9.26174105436962,7.98026808551515,7.51985508008002,9.26776072286983,4.33797687778818,10.8680513531575,10.669366171897,9.22032500148167,7.80423533521867,7.14704150083632,7.81066101807962,7.13850356532218,6.07053933990258,4.26543075396428,8.42849656133741,7.34275751831391,4.80619897415313,8.13302439266581,7.76109871162201,10.3028313518679,6.93408770719734,8.37969174544541,7.01409805794773,5.53002677608944,7.96099383981382,9.37453305972087,5.08752640482275,5.59865768904566,8.63511215077994,9.41759991845792,9.27152491567054,0.147037420417839,5.13925542133947,3.54596516960375,6.91612243141102,6.85241014758516,3.80773911223594,6.92132551196462,10.6435259956876,9.55566402973865,9.31740611220262,7.54511602119543,7.11182520575808,3.93864676341671,7.54322057964221,11.4700939923191,3.35663094712147,7.0411969374228,"0"
"GSM1315732",7.00742178351167,6.83669795927954,7.57747290438131,8.65686058130343,9.96344996730195,6.76923059997453,3.89359378521425,8.29828432011088,8.32809165265633,5.68189945138258,8.37295143369698,6.97853839727415,5.93710443769123,7.46946579436159,7.75451194868102,6.46984544988557,8.75811780785981,5.33702485272366,4.57896510788203,6.94186758832482,7.84687453903849,6.38553013644757,7.50316828999827,9.67359642645061,3.24834597083553,8.20966765146044,9.53916923348519,7.75211896512176,7.16393413017824,9.27436617688603,4.20718687108138,10.425228045526,10.6374641338039,8.98279994809559,7.7219590742336,6.16181863082543,7.11343672120135,6.87097546015062,5.95756012604062,3.90231411158853,8.06464727273076,7.20346046281099,4.67026121656533,8.3377615934043,7.65651225987177,10.3524302027269,6.69235285060275,8.42773635918181,7.34705535130493,5.72644319422633,7.53077714009768,9.64486173076123,5.37351209977669,4.80210826379737,8.39614550490798,8.85749643731892,9.18765151827434,-0.129161444614403,5.15334078583793,3.37564892882591,6.61508558000487,6.66846467582792,3.53454103296082,6.97381664849829,11.3548275217218,9.1268584908216,9.74720197688315,6.95675967570584,7.19989373786953,3.67189646360104,7.31938285672958,11.5754081639652,4.16165078093115,6.66911226780364,"0"
"GSM1315733",6.86614342848883,7.05097975477484,7.53529455442516,9.34194296684377,10.104748339557,7.00009244337201,3.90255067898314,8.57133827245993,8.09142143107127,5.68934563586544,8.49766063516905,6.97453308527543,5.42977230263536,7.57949423207124,7.30988590338269,5.93634341181908,8.43309047431356,5.08761447810914,4.88605783748867,6.87358970343041,7.77615654158401,5.99776840570802,7.30806099232202,9.58690900613707,2.88623483691068,8.11095578348488,8.78287194322154,7.74759598941252,7.01345275243009,9.34177356462971,4.34702929371565,10.1772521819106,10.9656081236069,8.92911079630608,7.55223408974932,7.2303972473318,8.94354628385607,7.02807167965035,6.35557201364804,4.27393879208143,7.90521428116556,6.88069113339329,4.90894644685798,7.94064119588737,7.48223135362004,10.4495894260305,8.20300839486376,8.51114659001928,6.78469012984936,5.48059985993292,7.97434516448595,9.43190245709311,5.5338453619473,5.20237995617537,8.40683174877069,9.25826658364649,9.37841455507234,-0.129161444614403,5.23016791932691,3.05122418591942,6.71116533502143,6.72555386803474,3.82061082623731,6.47959032737853,11.2890601535082,9.0118039745639,9.98530211422883,7.08943258422898,7.10264822803319,4.0307410533987,7.42050233155021,11.8216836457179,4.76989801756327,6.40941066314753,"0"
"GSM1315734",6.96713879216733,6.04927242316624,7.50765029819919,9.11618217553336,10.0797204175012,6.87567630395495,3.98196236786143,8.57784774616952,7.96273275661133,5.50774562234867,8.86403764268423,7.07854932600411,5.51660692918346,7.58993777848919,7.06343640978039,6.00804407441815,8.42963904912463,5.32947928490705,3.7377673780845,6.82209898363577,8.11045656114034,6.26849427323728,7.54878990701694,9.61470884470192,3.13590018839723,7.85145617068063,8.66500341537518,7.77203671701826,7.03149727862354,9.52898412863721,4.53140758680399,10.2928410941735,10.7624279080996,9.17325869715858,7.92018813329364,6.81272661696866,8.86786328959192,7.20712397435429,6.19321287239914,3.59563285419338,8.00545779105148,6.54471634739594,4.67528130608767,7.71519163965649,7.46406732922202,10.339120182369,7.75407339045094,8.56552966613911,6.59050254829272,5.83644986520773,8.31440577576636,9.18451402344393,5.244499130759,5.07357760957152,8.45334090648952,9.2804371970189,9.58351697257866,0.0148849250023039,5.1197271493291,3.50039701379839,6.91849583614325,6.76056109081871,4.28807760662129,6.73667453509751,11.1270554885497,8.98354967200328,9.87670236412843,7.40088631098268,7.19143383542135,4.19638829080909,7.5461392434758,11.4384341536588,4.5310253050509,5.67779658174989,"0"
"GSM1315735",6.48570812208861,5.36979899685732,7.27752499230891,8.9923452846111,10.1105297150224,6.68382002635959,3.80173884874496,8.41817305561796,8.22115657813894,5.36880943210475,8.16157702477816,6.63430973914372,5.20638508165228,7.44419760817769,6.98792368246392,6.6957958194313,8.24613043332941,5.38135012314555,4.01465514220518,6.74005050839642,7.69420185441457,5.97074523194148,7.04849453443579,9.20324646371221,2.85562685098028,8.12568237364814,8.74195567136371,7.92384329816431,7.06407882550006,9.3677283637674,3.92231833026863,9.88899296586651,10.5039488117376,8.87334614292999,7.85654570357668,5.54728948708276,7.38323450160828,6.694523634973,5.92081805851106,3.44425376380342,7.69201657125754,6.64080993507089,5.54274204816963,8.13123636410616,6.97029083670493,10.1915678768728,6.54663188678338,8.67250495606138,6.22129692700033,5.375180608786,7.37440016819611,9.12507098948202,5.87866709311383,4.73742764865451,8.13410084432653,8.52625412209761,9.27408758852275,-0.129161444614403,4.79047402349688,3.36090033339168,6.67922244251868,6.748615985442,3.68171840057453,6.80196933492495,11.1324419476374,8.81307132968384,8.48194182209772,6.57564531849544,7.23252164657271,4.06938698129818,7.131490453627,10.5492162657766,2.9281016986851,5.31886091295548,"0"
"GSM1315736",6.70701934338992,6.16147379176617,6.88499755967001,9.06743536680965,10.3330462662799,6.50218487508171,3.72254525194832,8.124866242175,8.12808426531438,5.57882669558496,8.64217739055077,6.6969515491555,5.16056956516738,7.59476098872455,6.60604098216855,6.36618923243996,8.38519093567793,5.23571311709827,3.61713114035935,7.05775813696559,7.42598282917682,5.73493229484271,6.85971900295504,9.20182425513049,2.92561436991743,8.48579004512533,8.34827410471509,7.76573500875852,6.87630613360381,9.453382809989,4.08014874917871,10.4701385551774,10.6976816902268,8.97439719136523,7.72142556006741,6.19344301461442,9.06786671335608,6.81419117840464,6.47603685569391,3.79265974156924,8.17397120652098,6.83844755045265,5.35551996260767,8.08608761829312,7.1031926221979,10.4339924464759,6.37029835831717,8.98612952179131,6.4077299108908,5.84869779196453,8.3169374810136,8.74195190955188,7.00461514209647,5.46225521055634,8.44128235384471,9.45636190674798,9.26835999637037,1.08496336073844,4.89848559084824,3.29415316726206,6.93548207164915,6.71331411948899,4.21033251188199,6.91566983408967,10.6569996331192,9.08818960727744,9.19587103478403,7.2982344870954,7.19143383542135,3.72127107457462,7.31254272519216,10.2664318699625,3.88873614851973,6.78211529011668,"0"
"GSM1315737",7.82119036330924,12.2333520814826,8.53114540298509,9.30071237026296,10.3375078452961,7.64818781571293,5.48737144024937,10.5215368933858,9.12704534080199,7.56087471859905,8.83551608066702,7.88802360217247,7.39914472739628,8.0682328120577,9.37602874308365,7.10747471698882,9.70982488563543,7.21318404197389,14.2235708297828,8.32725888626447,8.12701467670752,7.90573827765148,8.56332600017482,10.7848882942023,9.24884793494793,9.56055001089483,10.2491714242316,8.56481475316126,8.79169390588887,10.4103504882193,4.93930049045098,11.2119773812976,11.4583783081704,10.1383392259711,8.01252331794118,14.8977151440295,14.9171626234632,7.54647608873414,7.45193742527774,6.23720288838978,9.9832404108018,8.43815586358693,5.70050188551055,10.4102483795214,8.43045669041123,12.0120050890285,15.7665028993902,9.30946055832989,10.0856818263963,7.12131319857089,11.2235270455487,12.939412418771,8.3603979373346,8.64497145386879,9.15445146932047,12.3810703291126,9.47306022129039,10.4256700740505,6.99853737896871,5.09519509364318,7.73552988342063,8.26430489955611,11.9906470600558,8.32176282116605,12.1387997717632,10.7238073738981,11.9073462136489,8.89865672114227,7.63683513021473,9.24922301791457,9.14858682898534,14.2300937617858,11.9981837922639,12.2156062758863,"1"
"GSM1315738",6.99643519365035,6.8888931655576,7.41857985383084,8.93978098037543,10.1679057725413,6.57739002376419,3.57774964247418,8.34568006694852,8.23555043163624,5.59338640137732,8.52785600822784,7.10388087269414,5.57314496532137,7.51793092298113,7.33210040544521,6.50299983518116,8.61634708721572,5.11999469409204,5.52138612989427,7.27547354831626,7.61118444984109,5.84374408726832,7.67249343604979,9.42893263358915,3.35862338929282,8.37003385737853,9.15899265889231,7.79645673533692,7.33786183682121,9.33245903758123,4.09427799261333,10.597665717584,10.3466098630946,8.97666081099818,7.46545632368757,7.92111438006624,8.62372028893304,6.96117688995843,6.05127616765379,4.52758214740232,8.11815227769793,6.93042352553852,4.91695644499961,8.07636938568854,7.3434888200469,10.5528168098815,8.25508141833395,8.47850781464044,6.83481144587462,5.40681788520838,8.24253029231103,9.70132342165811,6.13388611282396,5.61930224463257,8.39567395888617,10.4277454750811,9.34445139727002,-0.00218858835663743,5.04334738359531,3.234560629713,7.00401871934653,6.72352110756255,3.97826256850945,6.5772306272727,10.7733099239408,9.39870487600695,10.0696721164598,7.09322266926939,7.3767364261526,3.85181196857333,7.28601760875236,11.2616988090338,4.49487666159732,6.29206631898033,"0"
"GSM1315739",6.64009530735516,6.41888642665426,6.90699473634416,8.76890616791492,9.9337804002296,6.95513153487959,4.28534063450688,8.55855764880443,8.07812038114547,5.739702775196,8.00490163479521,6.84889122604014,5.92088547300478,6.87436769595305,7.13550061983695,6.51324787417737,8.23193341084355,5.95502297125654,4.49769530342434,7.36846179419069,7.60536842612201,6.20492420816097,6.83855307442725,9.18409883082304,2.92159011335864,8.25065315161767,8.9295574862853,7.87491336729702,6.74413479458038,9.2148170809859,4.2853369713094,9.71856123493323,10.8687979875251,8.84339428013472,7.49117738294487,5.1580196440248,7.08128167986293,6.4385476753811,6.26681198637409,3.78241474012332,7.67369361806653,7.02682516239696,5.17767960162824,7.90634783608465,6.91044963153084,10.6902288841616,5.92590779570575,8.53435036725193,6.49957892639884,6.16039239693003,7.72490868990261,8.87964371367325,6.33540955078146,4.85086167774131,8.2223699507049,9.4089677410066,8.94707440421759,-0.129161444614403,5.01562959042492,3.99960034392164,6.86838218399722,7.02839721478463,3.52277453786086,6.96996945944277,10.873357926804,9.12954178298419,9.85711193826207,7.17900349581222,7.23385830050485,4.33383302622786,7.69118619573773,11.0560418490181,4.16724865618808,6.75222357904092,"0"
"GSM1315740",8.73666480513845,13.292887801813,8.90752369066011,10.7649050149883,11.4754324780203,8.37284889997601,5.14790233057752,10.0006851246968,10.4475771305461,7.09998988005998,9.99721392470095,8.27020532034263,6.84567315071182,8.52183220994715,9.9530812696819,7.41255895634084,9.20832608540749,6.41879658189615,13.6995179434844,7.97590581084241,9.83173305337799,8.61971116809175,10.2792203713522,12.2056559369931,9.52905819401447,10.1375585056302,10.9433060708561,8.78566160143643,9.07397197158804,10.4500370801014,5.66631716770237,12.1046203755269,11.2178406576641,10.3252657379963,8.97164909977199,14.124193233251,14.469799722634,8.30619893166052,7.55498714174689,5.62906300233171,10.6131937846061,8.06532827325041,7.4476592452709,9.15225016076168,9.00339685335334,11.4070473912003,14.2963997240194,10.53714136525,9.22014956764506,7.11583406971478,11.3853771106673,13.5269546118512,8.44628182282595,8.50271316083909,9.90896728655573,12.0561200050755,10.414651680407,11.7048252020084,8.06951141358742,4.62807956673729,8.68470287420205,9.01229810736828,12.1976752193752,8.45307844565935,12.8110376338207,10.5472788295495,11.3615503027768,9.89857550127075,8.02344956240313,9.13896062623432,8.99207800907913,14.8762209754406,12.8064227757446,11.4599172420961,"1"
"GSM1315741",8.48687158589431,13.2111290878222,9.47496504592442,10.5474423632796,11.010384408552,8.28112557422709,5.72915348563403,11.0530249157989,10.3902776947088,6.1074435249622,10.0549126289315,8.08704269130412,7.36078761513036,9.33601679895082,10.8136824353114,7.80386605150938,9.66074273994755,6.69202557373511,14.1108716552527,8.19326222518309,9.46191968309266,8.29657450466273,10.4394862205725,11.8360211798616,8.79663154308594,9.68043997584249,11.1044110006954,9.22101012381963,8.66878487357475,10.3114232807026,5.6364307313793,11.9013705042223,12.2552094887968,10.8815112887715,9.2315702330615,15.0289071605967,15.2154989926794,8.33615275904044,7.88143346164393,6.95343601444581,10.3424331822624,8.82156098942745,8.67245965545051,10.3965634573909,8.30467748310499,11.5391619132314,15.6048927010636,9.89831529529864,10.1445371166678,7.68511097416753,11.9437547814738,13.7015511578025,10.0509521953493,8.85998643798476,9.99269095089326,13.1364442881461,9.78315434197153,12.5311288862703,7.36123588484458,4.99272853660928,8.60414482105407,8.37977315349277,11.9565526523859,8.90865265850472,14.1189533910353,11.2186457107842,12.0363880941548,10.3362111329014,7.46783080712684,9.46534831738967,9.28249240783549,15.870664481507,12.8830327422277,12.6858895224208,"1"
"GSM1315742",7.53940130773568,11.3243482968634,8.19800924741117,10.5501696319276,10.8873086597855,8.43876901530215,5.47298354522782,9.44933225396149,8.67120040815737,6.66112736681618,9.31604398428452,7.85945907903533,7.01714042873287,8.05024754466766,8.99347276201626,7.15135630278993,9.23292384204167,6.54703075162041,10.9222539796553,8.07862698824051,9.74563601597728,8.05113855547298,9.41639069250166,11.2753818031782,5.21393317010802,9.22830664775788,10.1975564895834,8.59222843151913,8.39496964360725,9.99460940169353,6.00001021786545,11.7122347785746,11.6071932029097,10.3727559494974,8.76542566353919,13.4758264897812,14.0343132355712,7.78170049515599,7.19841099857235,4.69160654740495,9.60158661021757,8.19444705830484,6.6438615346372,9.18890083397899,8.87646732916678,11.1041502652403,13.9597837069998,9.8020334412624,9.25385918171321,7.36840281460515,11.3124392796719,11.832039326353,8.31512945874131,6.31255634788718,9.62940801146335,11.4615700185771,10.1523247149641,7.5322675143366,7.84629345503468,4.41158774684053,7.83455925935593,8.46237274764218,9.84571964331364,7.81828735721962,12.6574396345614,10.0325463749044,11.9450221823854,8.8696705917545,7.62711912197074,7.77865386204093,8.44822712498924,13.7530151896349,10.4903635064913,10.8145872307552,"1"
"GSM1315743",7.73421748471971,11.9020778833728,8.34369904604634,9.51773334604799,10.7858357195537,7.98454196529929,5.33012998029875,10.3540898273769,9.43761533405227,6.96914770493176,9.12379122377483,7.88115626429725,7.32518635284924,9.21135182591006,8.73541293267406,7.4047778742909,9.52207338212628,6.76387068963459,13.6067237164908,7.77317107815235,9.1988316345051,7.87214738053682,7.89840796828194,10.7196833151293,7.63052947873475,9.46255899287819,10.7724352095756,8.63607161423569,8.49927859791446,9.74084955318569,5.29580397036047,11.53234821835,11.8281786198427,10.0393349658555,8.25476602874643,14.0488553313518,14.8852030598777,8.30257117772958,7.39977223541318,6.36291504615888,9.68231694040306,8.56308160873163,6.5044163674817,10.1218653055081,8.00994613813118,11.2272367761048,15.0763726515909,9.53783231686949,9.61598422933995,7.04375466104332,10.7421121866616,12.3630023568243,8.31880945493987,8.65608500962968,9.40589546575518,11.9617054063296,9.44641220699922,9.76297909166544,6.99680250146826,4.53864448315535,7.66014807157849,8.05369796166195,11.8577096311137,8.42934270836586,11.6556751626203,10.8984192713273,11.3756444619359,9.01201239218549,7.45628253184584,8.64727049313084,8.54044236910679,13.4530418806228,11.3277297922571,11.9094520716291,"1"
"GSM1315744",8.2814603194917,11.9393204859824,7.67108082576454,10.1861560975571,10.8777012417458,8.15122859267506,5.15470160045563,10.3265769300475,9.0239738434095,6.46359167771802,9.92671610653985,8.36404931091121,6.85669419852551,8.69456826093536,9.52084492968367,7.23885606302827,9.17679700350554,6.43022300285016,13.324261328356,7.89658387683373,9.14828219332995,7.87430926162202,8.73208179194674,10.7928495976846,7.91401424241823,9.89776665129515,10.6600420337547,8.7504577542424,8.92694986234648,10.1124064651831,5.30940539715983,11.3903475885779,11.9524627086105,10.1367206752422,8.72969705686634,14.35770962302,14.9147319973461,8.01412728674149,7.78157071616225,5.70468637444894,10.2378424120792,8.89671176154579,5.50452485302831,9.63446092514002,8.14398928166029,11.0290918948285,14.8210885286421,9.65688546020056,9.75545779755691,7.19378101843481,11.7088006560799,12.4035603341206,8.41640626968255,8.83723212655203,9.79933301290566,11.8472244388293,9.45221294785366,11.0532031109945,7.32390015442615,4.32821603841571,7.98718737450124,8.25276171776735,11.7781489749393,8.35937942509383,11.6217497737923,10.6629569620229,11.1654836993089,9.93091575451888,7.55230851593598,7.87936242042832,8.73971340587119,13.3608482002741,11.4053614755778,12.1709510415453,"1"
"GSM1315745",6.84679018654553,6.10802260433246,7.47383761740507,9.44925402885446,10.4500694383425,6.90701859479724,4.07318416889468,8.12337451332581,8.4581789153214,5.60347176176706,8.86704026103222,7.39848029620458,5.21625032614692,7.59253689520973,7.44375720095267,5.77884034237211,8.45623062933411,5.58877376077867,4.18365246488384,7.64226972502769,8.10267921054863,6.11758662027075,7.62446629498872,9.63848299816357,3.07681350957133,8.0718107119645,8.90041808029072,8.26342105089749,7.37638490862455,9.13157021232301,4.48147949348803,10.4756673779418,10.7793422728184,9.24929864131736,7.83074002555954,4.87437072106075,5.8862433750491,6.92157681140623,6.20445190184225,3.81735640118853,8.163003879724,7.16788081499688,4.68086010578366,7.93915546766217,7.57175426984277,10.5813000252121,4.81982691362917,8.3151699078539,6.47377039035317,6.33318056576851,8.91944187778724,9.07786000426778,4.80641460161778,5.33175172431478,8.47258387747218,9.35879501469566,9.58019772142471,-0.129161444614403,5.33091722343612,3.62807956673729,7.3223319700345,6.64872328280099,3.57940855512611,7.15585717120985,11.3740680672643,9.31885329075461,10.502152226123,6.99474103434864,7.11370202031881,3.98580282879491,7.57013893278493,11.0937411167608,3.45856005240297,5.28976170726038,"0"
"GSM1315746",7.64087945179382,12.5036088541834,8.12155347132541,10.7198807225728,11.3917433285984,8.3286188894291,5.94063034626334,10.5899694063808,9.02715965687343,6.12525906368545,10.1897305264341,8.42657403556641,7.33259559957487,8.80226094191437,10.1847954848855,7.45471303089961,9.93498233948961,7.43358023491939,14.0946886504017,8.70370471938092,9.6026137989365,8.65262175359154,10.400229877789,11.8902995841114,9.70789929378119,10.1462729254119,11.0255561440868,9.36679086005593,9.02188619609261,10.1885978746203,5.63538904007737,12.1562146441911,12.2623717959217,10.5094529726911,9.13030733402458,14.8696924713377,15.1196839965381,8.53445606468559,8.04521832105257,5.68996319941898,10.5581542015586,8.95023662574047,7.57135055795953,9.99582832580558,9.10746981193289,11.642490294536,15.3838201645982,9.63683114174086,9.1329856057766,7.95038875473261,12.3220079297668,13.2012579942892,9.67148362676244,9.35645618235772,10.222968124319,12.9212220202193,10.1903358966217,11.4297834419087,7.84918077095682,4.98889667501825,8.65876551752837,8.55457402378246,11.7056862101469,8.74288778272366,13.5948688304962,11.0642693332658,12.3859121614478,9.94162431563366,7.84686301118793,8.8842630972535,8.85133163796791,15.3934902424158,11.984115276063,12.4257816595805,"1"
"GSM1315747",7.87594559433137,12.5812142957708,9.64365400513596,10.2410527349079,10.8482597798192,7.77485271376532,5.33895479452032,11.0278714385706,10.1518118244171,7.0718508811597,9.74589401675121,7.90468425259876,7.16670649256249,8.87543528575664,9.79222837918789,7.41179702400136,9.83967894194766,6.71619170044141,13.6781484464892,8.2552697290732,8.84646369038389,7.95500012010229,9.80356902093585,11.4427450489177,8.48469937530833,9.63046193556981,10.684579320723,8.77772396100204,8.91628186726001,10.2322270115997,5.19425470557794,11.5780805898845,11.82123657409,10.3534802783601,8.74129853629754,14.6485791949723,14.6639789439146,7.87931544975336,8.00004074858824,6.11229927095801,10.4586474064892,8.7216895162649,8.09878672439118,10.3593664985431,8.48525849389414,11.5922707206121,15.5694687412854,9.8111284132596,9.81941594953939,7.25206381482024,11.5881481574192,13.4090357850466,9.82410148746777,8.21480729835348,9.96188602569162,12.4006617512274,9.82764862097167,11.2419862653808,7.42207447918771,4.68294701732525,7.96748549629565,8.39407945694368,12.1504660746075,8.34261661151543,13.9357458070648,10.7763769640441,11.750325177511,9.77701411642383,7.25222273655551,10.2359341321457,9.39730754975128,15.5051895982425,12.0720322316998,12.0995536023326,"1"
"GSM1315748",7.35099533677488,11.6968957101404,8.6723591279598,10.275819026711,10.7555046744132,8.14942635004108,5.71880722935751,9.88478028397613,9.30688377725535,6.28454574534768,9.58386933895518,7.61133383364953,7.29110636652083,9.17006088993989,9.9210227610593,7.64679448213106,9.67521851150424,6.90268918801493,13.0276300620905,8.20526836188586,9.05214733717959,8.26032073094511,10.252660833898,11.5152304258769,8.82982337545857,9.68092736648736,10.5571269080411,9.28055814812875,8.18764791942532,9.99644964163862,5.28243610898978,11.8371553583197,11.7333143453167,10.3717242985292,9.17240047691527,14.7879360173807,15.0662126231666,7.66153889738805,7.8331668421909,5.11613872663266,10.4688544783941,8.52469789591306,8.19485716078577,9.93742239674815,8.8763670758718,11.5674383812703,15.3450771877048,9.73297040692476,8.524314253713,7.67692949668469,11.7820162004569,12.9827531518197,9.97138339054163,8.2481137272658,9.84175277835599,12.496764463892,9.93943553181476,10.4466689589934,6.90127041860151,4.65927418834089,8.17855272015759,8.37034867784265,10.937499203245,8.42208649995363,14.1930235846939,10.400328221299,12.1724340772793,9.46434169711971,7.60146065081643,9.59835783386008,8.29078185911934,15.5845342872101,11.175006920141,11.400270403245,"1"
"GSM1315749",7.26375210964106,11.4552083742118,8.48622841110898,10.251035305149,10.8303696580778,6.85164060105152,4.71360614330028,10.8556366003176,9.16448959026017,6.22430968543819,9.32875945306679,7.62267280420158,6.36457098038398,8.86595188726057,9.4814833547276,6.91082014596325,9.16871099465396,6.13354739598028,12.4076081590561,7.87525349031089,8.0200821244701,7.02023282738219,9.38493253162256,11.0099920394732,7.73091065827332,9.28346295047306,10.2062609477331,8.53022453427738,8.57909396950726,10.005804826209,4.59747550267546,11.5173498491917,11.8530165734728,10.2973941572985,8.81507302477301,13.9326935151241,14.4188637255908,8.07322221520165,8.14724818919784,5.40525963218756,10.069594195377,8.83850455482039,8.18659823794435,9.88689645640743,8.28743898721756,11.0899494941907,14.9595255860604,9.55706932448097,9.31742062803252,6.70086694752031,11.4817733922082,12.3292471870435,10.2005613583707,7.6552747192121,9.64838423349096,12.4462977847284,9.69339106669523,10.0271353016193,6.42078116216619,4.02039698951605,7.69499834024929,7.79817700241476,10.8354097861564,8.40758218962705,13.6919369189333,10.1843173405036,11.6665775860498,9.55445968801826,7.31055348444537,8.6104959189369,8.34183990316109,15.2140325248977,10.699213868284,11.9454526764069,"1"
"GSM1315750",8.15743721846223,12.2223520336346,8.34365790083719,10.0559258224104,10.9847302243693,8.22073138411421,5.03160285597346,10.1556657752365,9.83321834666832,6.81447416593426,9.54830340960995,8.2367898108088,6.76096613263814,9.04903150569442,8.98085359025757,7.54651564097786,9.32382654380077,6.12090217920844,13.3614879387775,7.80574966622434,9.32077286378382,7.79588663749405,8.31197896619009,10.9950163029921,8.72079032097908,9.7034664481337,11.0626827417862,9.02641014171839,9.28782990320376,10.0935381981425,5.30536223333732,11.6479626595461,12.1646679750547,10.0031511170037,8.44421495000906,13.9467055821658,14.6050939386713,8.66867081809297,7.37128769628003,6.25079148429177,9.6954371796587,8.49346997638655,6.88647873918942,9.67674472339168,8.14073761983387,10.9190602852958,14.4510075608548,9.97549339894797,9.74531472288026,6.82650729824537,11.4368451231535,12.5114414486179,8.48258421845528,8.45592538451898,9.5792635155478,11.5914601271616,10.0436691581372,9.78016614785367,7.20334017237666,4.55584134068065,7.63042421409297,8.09411769321666,11.9457116449969,8.43412119935856,11.3778411971616,10.7025687566714,11.1454201747283,9.33350996184293,7.6666692518186,8.8796896506338,8.20830605067783,12.6746862499775,11.6398381398708,11.4259710011831,"1"
"GSM1315751",6.98082945891864,6.23841114195199,7.47796722168449,9.32798450925385,10.6237710467471,6.92370387484925,3.70607373944972,8.25927408988507,8.77651468730205,5.65229596594235,9.0909940745868,7.53853398247873,5.3935201782024,7.91260895608208,6.69819585845443,5.86179896706089,8.49846430132851,5.22531747364604,5.64415851201557,7.18466906302048,7.87454128165475,5.95517033956339,6.98365418695377,9.56157587808788,2.81859612003531,8.53647234971245,8.56223515951081,7.78234871823704,7.44852586431976,9.08803361121771,4.07959183157253,10.6348479897478,10.8489726085931,9.07188349167801,7.88908497152393,5.83227484257381,8.30713563174611,7.24338953222492,6.53595036169655,4.29340551936212,8.58692758914946,7.60057135118412,4.86111607992359,8.21445864271394,7.26647716176405,10.4390743106016,6.04465848350874,9.10114738613142,5.96706132861747,5.64353630850142,8.98985622731164,8.63800491336046,6.35575366682945,5.7949649834945,8.76483169830564,9.20115178998095,9.53275875652578,0.288758563197562,5.36224684415469,3.34059717074669,6.64963658579989,6.65252704551435,3.84811171104659,6.55043056792898,10.9260877375677,9.1082799071819,9.64731421717173,7.04804765947731,7.10624088610641,4.32321191047129,6.94784887285778,11.2471492734505,3.92516789992952,6.76412381814878,"0"
"GSM1315752",8.28480880664162,12.9738578329527,9.70720371989925,10.4572359397547,11.1384635442567,7.69983454325835,5.19031680249268,10.5808298542991,10.0133301429096,6.05220451417833,10.0518647095341,8.09468431541935,6.58588345224882,8.54444575080293,10.201930805655,7.2958969986643,9.58486085624252,6.07566504563606,13.365702253747,8.10858629755703,9.17590548316474,7.57244840600605,10.2472616105712,11.9327025552305,9.55990129978834,9.41002211677826,11.109697944281,8.90616604389723,8.74871018801455,9.86989028361722,5.18185434953893,12.0582986070897,11.8741155172516,10.582491728733,8.80510535272641,14.6683920809556,14.5549926788087,8.31439408189148,7.87211177383187,4.91887104390855,10.310260875078,8.4366503901738,6.7950222560672,10.1726913635819,8.51936481226954,11.2436089802497,15.2417470888918,9.81512390136646,9.14031181293051,7.05458957395208,11.5399080840343,13.6942621429444,9.37828868054796,7.62684442908466,9.87997181775316,11.9043051698924,9.98325384992588,10.4892277286193,7.00185674080319,4.08104652164846,8.28711360329076,7.90373100858478,11.8558667941336,8.52104322720509,13.8091448783612,10.8565113206783,11.6100428367925,9.99775194767092,7.49149208073202,9.20183418010371,8.09069299792514,15.448176403018,12.3490990558918,11.7181954261798,"1"
"GSM1315753",7.44857030532696,12.5841264085562,8.69936318453388,10.5097146406011,11.0514470176531,8.12322127969368,5.60125585742305,11.0345299295699,9.64484415440233,6.10494005275046,10.0072566851927,7.52585685653235,7.68446058060608,8.32176564392446,10.3712945054642,7.0428777586158,9.42123489246002,6.88264304840613,13.9172921993477,8.34851427536226,8.90721348530047,8.39139155596049,9.59109975223388,11.5067675641345,8.57540593432981,9.15107057423747,10.704820632998,8.82792477392423,8.82496976600479,10.3696065010605,5.2041243649799,11.7185714165188,12.213551757879,10.5731876419839,8.73422384253651,14.7566254972696,15.2285548218352,8.1965314172914,7.61290789941084,5.94491803021792,9.65027926858709,9.17857059085249,7.22502701308048,10.1885100911612,8.30124622292383,11.5007172955454,15.6918581361028,9.43999878405525,10.0194473226631,7.48997016502169,11.8969124855114,13.1426698621112,9.13027622320042,9.39106728723753,9.86527386824643,13.2534137514001,9.72008103546478,12.4346235139495,7.48241530819012,4.8951732271866,8.10215160830242,8.55482810326197,12.1932326551859,8.17673062957525,13.7198176660831,10.8589772690558,11.8744090864604,9.74038325887161,7.61609914608397,9.09919917511999,9.4410844104876,15.5663737423539,12.0065961113364,12.931888704624,"1"
"GSM1315754",6.97254760471228,10.4503893904447,7.12797035499091,9.82828840930668,10.8624055889621,8.32372622977959,4.98698393589983,9.94849018061061,8.98600386698653,6.00882073604332,9.26308141407518,7.48946370503687,6.52280319514737,8.58900838656058,8.82507320678188,7.1848842686069,9.06103382189802,6.34580194706434,10.2635138031216,7.74551872103593,8.62976705460249,7.16456850108116,8.24940840252509,10.0448588029024,5.74421583203825,9.26107122111609,9.5934766939834,8.59445252503395,7.61947087078256,9.50389417321855,5.10087946857049,11.3348660104373,11.8933770707462,9.68906293279416,8.55729799783012,12.606201914139,13.9032870907369,7.56432041073158,7.36946459698672,4.67752277439048,9.54424595063072,8.44003549884368,6.47338239643336,9.24546547172065,8.6185965618367,11.0628423550921,13.6585014089516,9.45778378641909,7.83581059162677,6.88127359455762,11.2474738606977,10.8664460525754,9.05182404998744,7.16453734218935,9.57114296636548,11.9955968905956,9.7043473423564,9.14852580911984,6.74469186937767,4.18417725073746,7.73214351713189,7.50385719719583,8.49247071342234,7.66511487791435,11.6679704985155,9.90595385448153,10.7226868306115,9.00327667029982,7.44915549909681,7.80746435680264,7.95005426698033,13.3001600368568,8.8206210038476,10.881067719293,"1"
"GSM1315755",8.09319063444206,12.4355410405358,8.38646641261383,10.4621236034427,11.153993498053,7.98804202030172,5.19362194721635,10.561273839442,9.84084254707571,6.78045184117023,9.71948787949481,8.0631751142139,6.95924790091067,9.49121814834415,9.24948800693894,7.53682965462088,9.65656592616902,6.82341491302384,13.618838046567,7.99374818988285,9.51854791223026,7.97251215811567,8.81161677562231,11.4192327330545,7.99527792585569,9.59222698116381,11.2089951623183,9.24178033687433,9.20826892941411,10.0207436922727,5.7191190180847,11.7586838632634,12.054733621994,10.4282244690327,8.92255313842763,14.4030910346574,14.9178154102566,8.70736201507147,7.85458963667738,5.70739647601022,10.0389393765294,8.75782515882563,8.97883025388816,9.6135728756106,8.34631458026499,11.1797718842506,15.0694865935162,10.0758109044688,9.40568872910174,7.29477840496895,11.5111439428138,12.7839579119967,9.7900899941524,8.01831002095541,10.0321350425563,12.1605632874971,10.0293124680453,9.95452662625241,7.24181102112088,4.45556544390113,8.13030394181028,8.37204386590058,11.8458139265241,8.68588335211416,12.6784318557482,10.8743454665185,11.0837674509956,9.92664714833793,7.60787522238813,8.85690924789359,8.59623569896242,14.1668559506634,11.8469392002437,12.1643598591241,"1"
"GSM1315756",8.29895380471879,12.5698119061042,8.55639585214142,10.5274838722294,11.3057554279684,8.05849537264742,5.06047311714513,10.8626737057718,10.5309604096643,7.27727588263881,10.0033389387644,7.61676308173871,6.61503825282617,9.29294807705893,10.2415128436399,7.84388730197376,9.79770195316815,6.4304226607964,13.7012948447915,7.90155359453635,9.37751564717288,7.91031072873481,10.2755634429817,11.9513514699457,8.75977287335577,10.0977349577664,10.8728900778619,8.96751187668273,8.86890559723334,10.0494114713628,5.32076060244995,11.714595137582,12.0468857310856,10.7886354168328,8.97171027714646,14.4905756862726,14.5737797694134,8.73006849869569,7.76254078205382,5.86668074029058,10.6517510651858,8.91312491337006,6.81497345102995,10.1531372458448,9.10194986154462,11.5280385875282,15.0426012005391,10.262247394376,9.78756998271067,7.15121935841187,11.6136536110299,13.5264391741176,8.93078554642243,8.39645963797318,9.95574128547071,12.7957062692518,10.0329766363785,11.5494959082241,7.29595586945451,4.54570435516918,8.43626692433514,8.26737013054124,12.231420705924,8.89129798625838,13.4693325877552,10.7853717397761,11.6608106129314,10.5906543134245,7.54747910732818,8.65205261844784,9.28639583741619,15.5817664947101,12.1730422797931,12.2104108982925,"1"
"GSM1315757",8.57018958557376,13.4779794294779,9.44102218616917,10.1456077667653,11.0693503730526,8.05014827760519,5.20107416953556,11.2083021048464,10.9373243020999,7.06678565909895,9.67131205146509,8.25775607029404,7.06776289816886,9.21328314486099,10.0854919533109,7.59453915730989,9.72170365083278,6.38938323466943,14.8939454791551,8.09222698855654,9.27713339113327,7.96644509450785,10.0468938486198,12.1145032744021,9.77386242018281,9.52156257743178,11.0666049693376,8.85247789013803,8.92187379577916,10.4397665395027,5.22467122626287,12.0306899127293,11.9008358496733,10.6127006432246,8.7766510951978,14.5929873219668,14.9315729131121,8.54509138282069,7.56926887236048,6.7480805774569,10.5014508043273,8.79240110734633,8.12486693899939,10.1506921498621,8.61697740896576,11.5507662068323,15.2855395420216,10.1893307160189,10.0529906765518,7.17809356648834,11.3255214357604,13.6826380579965,9.76558440672971,9.32141999570776,9.79879813662151,12.6381963126935,10.0537628437463,12.3432638777596,7.37854865648379,4.52336099549705,8.4034274396769,8.52391718557196,12.6817574399679,8.72872786691141,13.2713155203478,11.4227958728621,11.5512505077333,10.0556433714672,7.71357182361747,10.0804445281806,8.93428533668204,15.2827266991532,13.1793196142219,12.5216893546866,"1"
"GSM1315758",8.42190179782934,12.148278057356,8.55628933432626,10.5903854089419,11.159530841666,7.88263605232295,4.96983880877895,10.3078377783973,9.21621023010588,7.8126002038771,9.9251563712196,8.13081101439797,6.72341259680946,9.23614080460245,9.93163304293246,7.26867135132974,9.87728423020532,6.38876688854808,13.3049159371551,8.25674332054062,9.16287509517504,7.93122856088621,9.82763016267978,11.454863749955,9.40427978800012,9.71302976772041,10.7843455688492,8.87899402723088,9.06908987632665,10.1596675038728,5.19785148966379,12.106247807624,11.7183852944142,10.2181455590272,8.94354075330137,14.3288004817365,14.3838919479539,8.34017195249749,7.64133709900505,5.6873299428524,10.4315115990928,8.19609409767016,9.02809152566317,9.56805459134175,9.08078799705933,11.4608772963456,14.9633083339395,10.2703844275972,9.27450827679851,6.9361108117522,11.9646196299226,13.2256692279699,9.94560428971407,8.12698121241081,9.79683522522686,12.3573039850341,10.2201263812985,10.7620161994054,7.63306433578339,4.50389185116037,7.98475019301433,8.54734580639356,11.5264670017452,8.82122645360603,13.2064646383856,10.3654509662467,12.0732196325812,10.1308162610951,7.50045107420613,9.75586694042293,8.84680160845167,14.8391537032138,11.6165020934054,11.2793493916621,"1"
"GSM1315759",7.64270746639014,12.6114669406978,8.5355467266035,10.3844218685829,11.1230230562983,8.23133403476731,5.50512184238679,11.2451185075784,9.65553714688682,5.91872371867706,9.91884022798571,8.04668180770185,7.40202883661268,8.97027784039347,10.1388087020257,7.28095391595,9.92200143024877,6.79547506369429,13.3254597158112,8.40436051226457,8.91023071631069,8.05931698565294,9.41782303162186,11.4135978256533,7.84849066969865,9.6722798929946,10.7905215322985,9.12488746178196,8.93491989252403,9.96997508153123,5.36290726845499,11.7980869705049,12.2880636343587,10.4477410694232,8.98530864572619,14.6266760742543,15.5524397305552,8.27651234180889,7.37836630967364,5.75176105807329,10.081590001358,9.07617410479126,7.6801879459468,10.3918726121793,8.36879486325286,11.5224391526111,15.7194279903092,9.67685952937481,10.1347699077997,7.28222799350959,11.9344916935066,13.1236824181234,10.4924653311402,8.7305330814236,9.91177320406009,12.7778483641211,9.92095832378809,11.2603989142398,7.46881711777045,4.74582910316674,8.39112274370042,8.3654322020622,12.1908368127602,8.1405363719261,13.484012593162,10.7211413449829,11.8010034498255,9.60670247710487,7.25683234045558,9.13050337691801,9.1544002916062,15.1636786597159,11.9358458266815,12.693668938573,"1"
"GSM1315760",8.42296590043131,12.8575300436647,8.92476125508581,10.0933566709499,10.8755757238057,8.13516963785699,5.44376999711136,11.192594637149,10.1604694757072,6.89186723490047,9.87100289710431,8.14745827873521,7.60178937961958,9.12678499441282,9.75157522773685,7.26123544209078,9.86328087413542,6.90652168581152,14.8343075696146,8.29649723705453,8.88684693235697,8.09528653178965,9.55017963686826,11.6713594146994,9.24822882074137,9.5354361541347,10.7603779104225,8.59415617726094,8.45070524901383,10.038509570649,5.15712519352182,11.7039686906682,12.0380889673022,10.8341612790907,8.6307590032776,13.9864416120649,15.0656952261478,8.52286748203138,7.59782491144259,6.22681345165985,10.0879625875691,9.10147720582079,7.10574000322739,10.1965270018605,8.76099011174685,11.7902853867194,15.3909567560362,10.0164304272921,10.5968310934936,6.89183377010197,10.9706861385051,13.364307121777,9.59217320424456,9.16190596039699,9.74608797596494,13.2064587686131,9.75022974216436,11.3838080932592,7.88612122402124,4.82512165552899,7.93536187711098,8.55657368941421,12.7424165341154,8.31546008051306,13.3335743050389,10.7473884046689,11.3383913526664,9.52729615117329,7.48102383846456,8.68480281761778,8.92669042382701,15.5333319050568,12.5971396966483,12.8857569945969,"1"
"GSM1315761",8.67942580200729,11.6094081623121,7.66930899693058,10.1264283774041,11.0556955321313,8.18528482526144,5.36634363642312,9.35479628052454,9.68245844620211,6.86819663050863,9.83519669543163,8.60137388917327,6.99926424106006,9.08968099975008,9.27329819156153,7.56766276981499,9.5694183032377,7.00257340080627,12.9668319899204,8.30578056143456,9.56664924645425,8.17410580280214,8.51226403099182,11.0062141568853,8.54398282945816,9.81458523444121,11.13163974212,9.13199901086226,9.35103243685909,10.1152904921589,5.57037999807696,11.8699135760196,11.7515389612184,10.4700852846499,8.75252263903345,14.1686314373534,14.3710262438847,8.36231333954593,7.56306948804474,5.71226186652775,10.1924754581549,8.07745468563999,7.52065235314299,9.48665024834958,8.78975303447157,11.0765028576312,14.5304620445053,10.4304846196445,9.60329964703538,7.40134275514223,11.6646431779013,12.7320204647694,9.17609349875301,8.08944139311794,9.80351603045192,11.2290475637525,10.2284471558707,9.05460542327813,7.80003907134443,4.50630640409367,7.98967832602284,8.58714160264304,11.4924235821846,8.34174852662344,10.9148123143485,10.4325553075299,11.0091899582767,9.36402713357203,8.04825789385095,8.64164155489017,8.27515221838188,12.7973317061808,11.3429581570904,10.7295579988132,"1"
"GSM1315762",7.75392241937778,12.1243545936626,8.20522829951525,10.0804952480447,10.8671244916983,8.0386402749647,5.31854455552001,10.9108590520399,9.10263924875691,6.91999021281382,9.47565792482212,7.95800286871019,7.61379484787795,8.89572115361235,9.73635275229865,7.12219249048962,9.59868069339903,6.86438486961482,13.9519080494779,8.18971795986389,8.95360389734167,8.31565858025107,9.36364354371061,11.0826424375297,8.51850860327615,9.68978413038209,10.7188421281061,8.77000479799505,8.80430731950937,10.2292439708301,5.0599630248236,11.4624986214159,11.9289609452,10.396620724689,8.57635890160452,14.4645758666461,14.4873998370518,8.25236111604301,7.84681747706729,5.94812962807344,9.97228768201664,8.72782661924741,6.62592300563358,9.94076051837408,8.47767870033384,11.4345191870121,15.1046947902946,9.61134211845061,10.0179703909624,7.2069230681866,11.5223981347763,12.8605319180685,8.62659356403297,8.85062573893089,9.64981844700866,12.7076914541232,9.91505179983277,10.6510239619691,7.10060415619476,4.85173843588665,7.82326881213538,8.63533057621546,11.9704669848865,8.55332593189956,13.1450752356049,10.4642806629214,12.333924353202,9.36790434823135,7.6227467366019,9.0487838458102,8.7513098788109,15.0893398688362,11.6883946295391,12.0119735199036,"1"
"GSM1315763",8.74956674503,12.7272108578658,8.64864179192887,10.2250765361307,11.1552408334856,8.30333974911712,5.44420821765061,10.9301212515183,9.81448683988589,7.86885258734443,10.2753052117482,8.49655507408548,7.65285992845379,9.04754384252536,9.87819029691019,7.22710178344964,9.78825542207434,7.22109198790586,14.0635074343393,8.33945638706442,9.534533853212,8.36754586230837,9.4200709810359,11.5775133601496,8.98599419344859,10.0270395311918,11.1323416187354,9.18569806775831,8.94788967492427,10.1716239201473,5.58300933363348,12.0102820432128,12.1597158809969,10.7396014185138,9.10806768467844,14.6291088449842,15.1923289949326,8.31395466453888,8.13470562587552,5.96190400169713,10.6168747434992,8.81685266734868,7.78174555430828,10.2380673367102,9.02277503108903,11.8100469699536,15.4904630687901,10.1273610646496,10.2675302146832,7.48016254709511,11.9501162752672,13.3668173916021,9.88663214736697,8.91559809842333,10.1233541326202,12.509476943628,10.1535227919166,10.887008211708,7.62279001717534,5.08535951451954,8.26370635805021,8.85189329341101,12.3779519334745,8.81337551817193,12.7971480869112,10.7054120413557,11.2102443170074,10.0840858746973,7.69739339734035,9.21356355419164,9.48001512477722,14.8891956554296,12.443667401779,12.2658490294296,"1"
"GSM1315764",8.57853560889656,13.3947248093808,8.93356313564357,10.7810706163819,11.5826175589503,8.0215327606021,5.43585917994967,10.9587498860226,9.57325661998279,6.50342222645325,10.2030346833694,8.60661565216435,6.89586896717507,9.12729722415045,10.1957205041441,7.68556842157792,9.68627611037219,6.77024719445181,14.1381372840987,8.2437733039182,9.69625529666029,8.14627206942286,10.1450663158663,11.9831396175375,9.69480607754907,9.99983098169551,11.3608009582264,9.28630200869672,9.67159047713822,10.4096204436305,5.70573776736631,12.2821063184219,12.2966993841423,10.570762314825,9.27996825153099,14.9084556896851,14.9688106282385,8.68122931297277,7.80348331701923,6.42725761296915,10.7984486490745,8.83104638707074,8.16337312107126,9.91929010433141,8.83244439963681,11.8511092586199,15.4603933829772,10.390416576942,9.83077213304574,7.47061804868436,12.065035532412,13.5808695734927,9.27416417918737,9.28849345501115,10.2531507170826,12.5010268229201,10.3938684604024,12.0524824998268,7.79364166858719,4.6483840457418,8.64877548859393,8.69513219622831,12.6281302102741,9.0047004814505,13.0772626648344,11.3193756683776,11.2395156873187,10.7284457377754,7.88525669871838,9.92257514756184,9.15325223297951,15.1508571898243,13.1833574969115,12.323560179906,"1"
"GSM1315765",9.09852830717253,13.5495401430435,8.95895290421924,10.8570874112521,11.0235501444941,7.88220205030186,5.23287321461274,10.2799776690698,10.8865500507956,7.00375289000244,10.0792826895184,8.69827209390755,6.26670060014997,9.40966281185952,10.5320979351236,8.15848509381226,9.9815123668832,6.34488426945388,14.0101534094099,8.28614395401494,9.07372008807218,7.92724273421395,10.2588647258013,11.9748665071315,10.6664239508582,9.45275690812208,11.5023690471551,9.23671067963122,9.08877770525578,10.2579013003136,5.52712507664708,12.2617502748786,12.0640458135693,10.636403265092,9.04947235786293,14.8319388315096,15.3340230351928,8.72048508480321,7.91773544569905,6.53455791001379,10.3235854203099,8.90528187401423,8.05601519570946,10.0578593388546,8.7292571176037,11.4335581750447,15.3063157576401,10.7471530557552,10.1355525633564,7.48942704298806,11.8672623699968,13.9054774889208,9.15256534591818,8.85560764119438,10.0679790781975,12.5898114817446,10.4337811147003,12.384081800144,7.51863378841073,4.40786170214862,8.66557450676865,8.14094398551284,12.6446780244402,8.82602300599923,12.7700651644591,11.1284988734253,11.511379359592,10.3325483253861,7.97551465014407,9.47549258940213,8.85144962248752,14.8467545163484,13.2471120552639,12.301080314819,"1"
"GSM1315766",8.14606724826947,13.2512555701896,9.10802799323843,10.9531698877089,11.394129637777,8.06895712642836,5.55263530358942,10.5555290972107,10.1429183578558,6.67825545432886,10.2990527574507,8.52216313579415,6.75107218282048,8.44214043537669,10.6170142756708,7.60148879065499,9.99519731052403,6.60614048502028,13.9599544404292,8.56990599551311,9.39466499007855,8.12100452056847,10.689704081203,11.9205773165772,9.71278332420159,9.61488913164935,11.2693739041469,9.50593366687111,9.25210413861677,10.5265561611066,5.67638886194936,12.3239788515906,12.4478523914724,10.8202630521685,8.99087329893412,15.2090062219758,15.4261814987792,8.22438900733526,7.82205434876063,6.31928992311072,10.2466939653311,8.68522782695319,7.24337679098704,10.0065776074943,8.99912151719488,11.6218797144782,15.7626820485121,10.0490357612498,10.1938949592545,7.54353678119063,12.2380007163834,13.7501882492669,8.93239325695663,9.01843605537906,10.2771254681798,13.0246863263409,10.430819659564,12.1569428768047,7.77756503978651,4.67676742450588,8.82860153737322,8.38710457278223,12.2541151902307,8.9303452298617,14.007449520647,11.1149364732595,11.7164501127121,10.1667807980304,7.76517355957382,9.82556853870801,9.25245820235996,15.783291679147,12.8300625498319,12.5237228622563,"1"
"GSM1315767",6.15999227676099,5.92927526186283,7.33014009313683,8.82550144226878,10.4392889128661,6.39065638555652,3.71820341440671,8.64757802975238,8.55052097581117,5.52989635793753,9.08552626831043,6.92954484142516,5.23578071520821,7.64248483269686,6.46344428681791,5.71996511993325,8.50197424309693,4.84379549896137,4.77053837609582,7.18508188083312,7.32225098457931,6.0544790493695,6.97713032129422,9.17887615087406,2.93096264310788,7.79881604119356,7.87586370623481,7.78442827901641,7.02335121349633,9.43162847005904,3.65149817946824,10.2076313874071,10.9343442719104,9.17625560478815,7.44703397642861,3.44152333731546,5.84026843947138,6.97046333781156,6.32183240023183,3.23239390046738,7.95230284795551,6.9532405397161,5.04165842236116,8.56160311007399,6.74526575945383,10.7647236438462,3.75829634205167,8.11053101060422,5.8322390320444,5.51409462152646,8.51334128744211,8.16932747815906,6.06134556081525,4.99855516877144,8.38952979381526,9.11928478381462,9.33111991830597,0.33446101223749,4.80970582112591,3.25384828384634,6.95553391600333,6.68446040644377,3.43899904572485,6.97924933089427,11.4440086618269,8.92561891781213,9.59918929453045,7.15436296408329,6.99712524538889,4.06301745642245,6.84778760818995,10.0849251528714,3.22683745247788,7.0080168170151,"0"
"GSM1315768",6.87594559433137,5.42007595128471,7.2748949720807,9.11028862508975,10.5686936944438,6.65396200015902,3.68645160710135,7.75943763560292,8.45191017521308,5.66415367020766,8.58986413551636,7.46977304110657,5.42268906579582,7.46197230990566,6.84562026259976,6.630083738396,8.53058313432829,5.22170737369642,4.38204298208176,7.33643989452493,7.78590258130849,6.10720747449075,7.31798217145655,9.40747085147527,3.13184197182288,8.45064776871062,8.76621289922859,7.84490043191469,7.31386635575223,9.11303052728382,4.24095039867042,10.4355471740158,10.5939230938968,8.93345225920157,7.90418624046607,6.08902852613225,7.43328391510813,6.65204402870133,6.50315747661708,3.38995594028644,8.21768795124884,6.58652055095592,4.74305243699735,7.82684573548727,7.36986344714061,10.5408402434934,5.76396946298126,8.76458065761175,6.23196184046921,5.51035166501971,8.56455193610705,8.8343502926859,5.64014299508555,5.36998563071971,8.40484142054305,7.98652451745202,9.45502580909104,0.17768405569988,5.21681640463312,3.21008269197791,7.28376589861342,6.7842128066321,3.70735662851959,6.73856016474889,10.4546073381798,9.07401997062861,9.13804152836967,7.08248990706557,7.36178555948652,4.02892657065305,7.68885511777475,10.0186477103605,3.29688636152841,6.0842986016002,"0"
"GSM1315769",8.23201308268249,13.3650845198841,9.65329704536826,10.421838647442,11.2475844764396,8.03656165050298,5.30557966011268,11.7034135055011,11.4293763566922,7.17735633581173,10.3352335163324,8.22529388117096,7.46857904549489,9.09518997923404,10.6329510709821,7.30385000599766,9.87561521433943,6.83547676471125,14.4248402702669,8.21298115621987,8.89189922869664,8.13090855791099,10.1599514184216,12.0190957068373,9.79987797409273,10.2588128143501,11.0453834250433,9.08726833143357,9.46101260278698,10.5040131313964,5.14213498559514,11.9885684463369,12.1197082552042,10.643857594002,8.92529338084396,15.0937638436978,15.4592856431871,8.35400200193727,8.14135607967207,6.65169642390827,10.7255242852251,9.33032598233495,7.86813116087653,10.7466696480911,8.495412132252,11.6512700997656,15.993138931632,9.94730900322675,10.5040528212464,7.35367706753817,11.9210062100611,14.0361960450156,9.81809350970571,9.88737605264404,10.0487257281865,13.1788380011936,10.0894924945349,13.0747121774953,7.30836471537455,4.75058935508683,8.52891306258573,8.64729428223094,13.005810897786,8.99076585443066,14.2594186096943,11.4516826239591,11.8517409961768,10.6329938871523,7.43943678035006,9.53774637496092,9.80173970787967,15.9687294632811,12.9119797500504,12.8348236334825,"1"
"GSM1315770",8.36624864229056,13.0534025624262,8.67504315163424,10.4942505385648,11.3800405949588,7.70180342113594,5.10124213299246,11.0471363564364,10.2436185448214,6.87081867026647,10.1407933586856,8.23004933960371,6.69938649962436,9.31773201117323,10.06259952488,7.62069735058531,9.73304211527081,6.49389025897173,14.2353793499391,8.22788349880554,9.04297296442436,7.75921453990687,9.79708436059923,11.5578616608094,9.50278368068967,9.95868061409865,10.9492163529524,9.08505560854445,9.19871203249281,10.2650258216185,5.2061667578758,12.0096580851374,12.3054652692128,10.587091737389,8.92149781159105,14.9337835659183,15.0512194339585,8.14355714012343,7.63855112741286,5.92465863449372,10.5285039668403,8.70521595801725,9.13712897203059,10.2771592813044,9.06499629863695,11.5855749741636,15.6121461703117,10.2184239853198,10.238034361782,7.22086289445772,11.9756149478728,13.533517895823,10.3207791612664,9.48519689325922,10.0935355872204,12.3836633463468,10.0626148220113,11.5474801769146,7.49496503402671,4.53102297782915,8.46181878093913,8.19704087816312,12.3848999651123,8.71930560766894,13.6095712858411,10.9526880720307,11.4828832520188,10.2942269126618,7.67653302866374,9.51308514573644,9.08648892975091,15.2876254072958,12.727070797373,12.3295178720456,"1"
"GSM1315771",8.22174226917806,13.3617642332405,9.3571113709578,10.3316763421216,11.373378733622,8.04019728028632,5.38502848305301,11.1436836740416,10.2331729019225,6.79320723481915,9.56365343582763,7.98932341425596,7.20179489311289,8.24714070530251,10.463720380153,7.429738044018,9.6632920182419,6.75619211402007,14.8201831274947,8.40067727904965,9.15404854552054,7.84447940585757,10.7626517075505,12.1029212505192,9.92904288894451,9.89966839107056,10.7840008126382,9.08826821131006,9.06546421423405,10.3393422333146,5.39616255050909,12.1336140065635,12.0645662541492,10.632647252629,8.61007792612814,15.0262745395097,14.8676471121424,7.92767847131476,7.64760572852105,6.56386417999886,10.3318442421,8.68519613016768,6.98155095006611,10.5443222102701,9.08682266109012,11.8030127167772,15.6554361227391,10.0916049686995,10.4940291380094,7.43957679596063,11.9425690178369,13.8798893495837,9.3262604786465,9.79212353973436,9.96478967393292,12.9966558542469,10.1344955315457,12.9091667004283,7.70247386856587,4.73259955396074,8.58762432466563,8.48608127194394,12.3820846299327,8.4697479470318,14.1758853240667,11.4128475942543,12.0822206356156,10.3094171954684,7.7857488720491,9.92115742149413,9.36014330757567,15.9141958919926,13.0735953192506,12.5141051170316,"1"
"GSM1315772",6.54499749411988,6.85097877226687,7.87352996699448,9.20418623244523,10.6405737868324,6.86077441002801,4.22132887638619,8.52027796049149,8.34542345892454,6.09950091376454,8.38618042884469,6.92810484625544,5.80436519983953,7.30261803231503,7.16538103998475,7.06106278154386,9.02359629502929,5.84309576811195,4.87298785949917,7.3993881462955,7.86672907767411,6.14261466740697,6.78726720860675,9.81474640368248,2.81859612003531,8.42898334481315,8.724879852848,8.49271925544815,7.5190901014395,9.1718485631874,4.24070133608182,10.6327532304308,10.9421915519931,8.96457733468315,7.80647799725059,4.56502805054683,5.34984733592929,6.93604061612683,6.22603450076717,4.16522235809026,8.38807460547368,6.5203337768977,5.27462772497148,8.63193414080408,7.6060154517705,11.1217703883891,4.75383117277734,8.57600680035456,6.13394331049478,6.08201073320731,7.74263369059254,8.71436425400495,6.56821546703772,5.12130065008055,8.52462006285679,8.2115583759366,9.4240468708514,-0.129161444614403,5.12978819424343,3.75983815490817,7.00945260539716,7.29089786805367,3.46382615050618,7.24954853147383,11.0398814980312,9.53913295160211,9.44618370279576,7.22187289319742,7.00249402822879,4.09041789367437,7.50802754423942,11.3316042535548,3.99538240867003,5.76960280390111,"0"
"GSM1315773",8.12623161690118,13.5843530079912,9.51698484570061,10.6368082099227,11.3690995226193,8.20993495335717,5.78960470799766,11.7817178905176,10.7568353118356,8.29915900053726,10.2051618958646,8.14455496455344,7.82945826895166,9.25513089210373,10.1307625108128,6.79072080004625,10.0070371205662,7.24383971432125,15.2174801042293,8.41970191070083,9.29601221429642,8.62298264762576,10.4377390874,12.0444526879456,9.83115362020637,10.0208925972233,11.0064066675773,9.1050050004194,9.53833663609923,10.5442911886281,5.52916595269953,12.1924044513737,12.165019987911,10.6574669555864,8.91330336557808,14.9904007009334,15.019805874545,8.54968946898357,7.75396092502379,6.95051076687736,10.7946989260519,9.17852555729521,7.90597226092033,10.4652150624507,9.17476453721222,12.1388156558992,15.7243567898902,10.1200608442613,10.4521996549351,7.52997396010434,11.9675088062377,13.990685309512,10.2494392033833,9.58815988008516,10.3076804440683,13.1508608857119,10.2776261219578,11.9204870191025,8.05256234502207,5.20711723350134,8.66664286801377,9.09555923077923,12.5985590269714,9.33185273443263,13.8245510897635,11.2396342741466,12.417241376013,9.93448531108023,7.5578335291764,9.91188347345832,9.93493500283558,15.9246240675661,13.2784045325344,12.4573606103304,"1"
"GSM1315774",6.26001411545244,5.65801165011566,7.45887239425534,9.15003087379415,10.7024847468651,7.28079632960791,4.554395431022,7.88954968955737,8.6254788295354,5.25749984890004,9.19978835485824,7.14521356136921,5.61241202879299,7.61316296067634,7.19440868596276,6.3765255579954,9.17239833006723,6.68227816170977,4.48659417877665,7.3095718914948,8.07442195869701,6.5613095687017,7.64953147276185,9.62049913675361,2.81859612003531,8.60334546103875,9.11611143011201,8.67980910489142,7.85481275232498,9.22740795398605,4.52467220831879,10.8207254434814,10.7060578948269,8.78155792352028,7.91077424123885,6.37667335178415,5.0692430620797,6.37980179036372,5.6769959205783,3.83451491813421,8.51111482638329,6.6763254139322,5.72826491441655,8.63843901478459,7.66837296133056,10.2882296913871,6.07026305232274,8.25082729865434,5.78602000707447,5.76662418014461,8.51746562381439,8.98410557286168,7.56990093210252,5.0885412901191,8.61530136842959,8.93605110060236,9.62360494337708,1.22585481960515,5.48406740690017,3.64862694414138,7.43109753192137,7.04250792713779,3.38658315157371,6.90429152612163,11.9318826771291,9.38237016082407,8.97963660309838,7.25625494640998,7.01874003388402,3.79315775085252,6.92171722016098,10.8072685276255,3.01690002971436,5.0588986952428,"0"
"GSM1315775",8.45631234063775,13.2273329634197,9.07705586152255,10.4542953735336,11.483251909533,8.31217348291081,5.68088445387057,10.615120735303,9.92390556675791,7.03813074450524,10.5618015017364,8.45103243547961,7.2908470522322,9.31548622142818,9.56728237039123,8.15507449924494,9.94002492725206,7.16740156450997,14.2425554336784,8.25472903485554,9.51018543884982,8.6105545886535,9.89096228945014,12.0770754534378,10.1809520334794,10.2867180411709,11.4572433572547,9.57028658930519,9.56917705431795,10.3327604467625,5.54397752193402,12.2614567842635,12.0110754317511,10.8768165241963,9.06866609333395,14.8420118300301,14.9859263311707,8.54107946757531,7.62445953820609,6.14633220430703,10.9895325266555,8.80499960879602,8.09423463888524,10.3326631109795,9.27915902125436,11.7910705826698,15.3567438001457,10.3826656089893,10.270634277174,7.53197960949277,11.7544736204239,13.6184322092193,9.61029607806075,9.06111057415463,10.1669054695844,12.0523382904108,10.2767943063314,11.370077047618,7.90720887181282,5.11149890844855,8.56007850458017,8.73214062834108,12.5384673304878,8.85699141098712,13.0604943392214,11.3034894605813,11.2155307993859,10.1636976102254,7.88996277783007,10.2068182818226,9.22339694886131,15.0451069192638,12.9587751392586,12.2336322641002,"1"
"GSM1315776",7.01106546592219,11.7328824606846,9.11337135908714,10.1686310190503,10.9273227353986,7.77921037200231,4.53258144460041,10.2425378731295,8.56034014411296,7.04409621079085,9.8322870358928,7.35352754268793,6.34222113522019,7.97426948929806,9.19139870120287,8.00832761987668,8.1361530583039,6.04269805317295,11.8135991479841,7.55289363512609,8.65454241013005,6.89059893759613,9.01889762293336,10.8362503566306,6.14901110388817,9.16700200761385,10.1768405611654,8.6371508026971,8.70762330672954,9.91090914066671,5.30904910284869,11.6292263066165,11.6887618642793,10.0977365265581,8.66705240527924,13.4167177973904,15.0325994103169,7.59343424292198,7.45601219822601,5.94353943953405,10.3585546888418,8.21290169826501,6.52509743297752,9.61979658478614,9.32244853565389,11.8275949143431,14.666134163067,10.1133949778784,9.5463891869818,7.52325056499578,11.7743137173307,12.4969753332804,8.20842768282782,6.42584970139378,9.49046990347224,13.9090211357776,9.59290412610389,9.9273150589475,6.77064400660131,4.64911261828867,7.84284934030965,7.81152895645933,11.8949048340643,8.15147615728659,12.7755723549772,10.7137239461988,10.3185001019646,9.11085716058461,7.61229284276177,7.96678379735005,9.04939404195794,14.8147619232064,11.2433467279059,12.9647001049265,"1"
"GSM1315777",8.87494615193539,13.5858397593303,9.34458338433387,10.4199598849426,11.4678824839281,8.36872396495466,4.84861794610923,10.9187477123375,11.1222864207763,6.71017581176914,10.2214323258448,8.09508538712994,7.35847983006645,9.73403123257507,9.72047167835646,8.00484244758779,9.153587757624,6.63956843375926,14.743568070166,7.6649404744044,9.19119404086286,7.77530712557668,9.47430866755076,11.5125424573778,10.3424324756825,9.46865164787824,11.3879376755501,8.76316705634073,9.23726340444442,10.2456993864911,5.72634164810325,12.3190113987184,12.1231030444868,10.7123139384066,8.78463601854682,13.6722536003803,15.2634921621424,8.71889270600922,7.42345713528072,6.58335152374825,11.0057891584215,8.67044520271885,8.97011688194555,10.2762507318772,9.67114960059834,12.2270274070926,15.106538586495,11.0683268778623,10.6497040245559,7.7291600914819,11.8415499517268,13.7070712159464,9.31632386482574,10.0027125950713,9.83037033853927,14.4250257151169,9.96942038374622,11.0340944867008,7.57301066980087,5.18484733669511,8.1185213945525,8.37334096200134,13.1931537170543,8.74851306294996,12.403227662304,11.1459898914977,10.5350188128013,10.6192264228755,7.47430104370559,9.52758228165131,9.25688907828494,15.1299530531532,13.0318244015409,13.790674063838,"1"
"GSM1315778",8.78676800677342,12.5512055076812,8.50106154566576,10.3262561095732,11.1871009564056,8.31657014864511,5.36942335803428,10.8025808943946,9.94456645490826,6.92291472917004,10.0942007774871,8.39363024005699,7.47961848197852,9.79703887425215,9.1244185726773,8.00457400836067,10.2716884742424,6.91980841315208,13.7961708158501,8.23328273805546,9.46682848347628,8.34407955135267,8.79330565483479,11.2898290554559,9.73956820387837,10.1364108202959,11.3177777689303,9.17751240213066,9.22746249464743,9.99102796014349,5.60320222378274,12.0755330187972,12.299746509409,10.7735344915279,8.95668495055364,14.514175808277,14.9581813086114,8.52954417885984,7.99326503932174,6.4782917713838,10.4676648355016,8.79457707402721,8.15998515903036,10.4062549333183,8.75625808735112,11.5160998005957,15.3467827387955,10.2858556452141,10.269116102306,7.33879946177973,11.6371610199916,13.0991857071905,10.1083573222171,8.4834707947171,10.13463078582,11.8501351497179,10.1120528990532,11.0659271176727,7.67904543126292,4.79515490752028,8.0394259656983,8.64791964415251,12.2569663671288,8.52115277540674,11.9949416971965,10.8290384946738,11.5796860806374,9.59046996593886,7.79426751968059,9.60467568172488,8.93369110007551,14.1076232603286,12.2111100753321,11.7238991912071,"1"
"GSM1315779",6.58030804549728,6.35107316366427,7.71015890119024,9.18653720838767,10.2221865335086,6.38003927818249,3.71093785410758,8.79315167954863,8.79373295620979,5.43608171247281,8.78580898630087,7.21706290552669,5.34205428215334,7.66312052665332,6.96024495538163,6.22194939253369,8.76862846123591,5.14988686930827,4.48837610895952,7.30169373853245,7.36762371204194,5.65963708604461,7.263032262435,9.77024982598939,2.93762022317759,7.84102700448635,8.62552611070123,7.98276057010712,6.80976885813192,9.10161833628833,4.03116234525652,10.3544718397046,10.7818377668572,9.15969503500096,7.69627330168923,5.19257468778521,7.91441771369545,6.88737124854467,6.15718206919839,4.41032499926435,7.89063160931087,7.15182231836189,4.82855595487722,8.23272250443577,7.45965766188401,10.6551144971123,6.29597789592911,8.74902672605178,7.02890149346778,5.34811592916605,7.9813981274727,9.14290380336076,6.15508968863539,5.6407475861833,8.44345121968634,9.42162854033522,9.23062726563868,0.135074706429144,5.03660842992895,3.61769508458949,6.89223305419466,6.52501989073525,3.88125476322126,7.18988325931089,11.0011855569022,9.27543847433284,9.9343728617562,7.64983553752737,7.15456247148205,4.27197231621797,7.34564206266666,11.3245041792665,4.1550923551202,7.53751022243383,"0"
"GSM1315780",6.34715667808211,6.26601627154572,7.33437026531609,9.21049639004133,10.4156557134561,6.7003270146886,3.99398489611065,8.8736009230223,8.66997804414365,5.82380763696905,8.87644545143523,6.59967892711316,5.90831875452311,7.37859014356931,7.15138178746639,6.54872666829321,8.60001192361248,5.09418252851196,3.70289233680604,7.37779145088959,7.48875758735102,5.97310065293961,7.02039497131986,9.43758986867758,2.87656618867264,8.22465977984701,8.39269391917301,7.93535297448265,6.84717023724608,9.40368705176266,3.96153607005082,10.4759565144999,10.9841471162924,9.05106846705686,7.73013108790262,6.99970709718591,9.02381457521975,7.11569210052551,6.16649553402336,4.37066356354315,7.99467306842051,7.04205294968058,4.58623950281968,8.34415081104707,7.30661328723829,10.84418282677,7.73475514475643,8.39328944858248,6.55297888281134,5.95747508419467,8.20469404523557,9.37286798296591,5.54309563493554,5.72151673059347,8.55734820943992,9.40477832561832,9.22564810484243,0.335506822389041,5.05728657455319,3.72846904203537,6.99135584495388,6.64646004444088,4.73481557081299,7.03001838280941,10.6265295307876,9.26988964041221,9.81984115920098,7.1935529972281,7.08269616908111,3.71496518549293,7.40558070726916,11.6385126232794,3.97708456774944,6.59188395887392,"0"
"GSM1315781",6.5732051962584,4.62239894312946,7.07552063160003,9.07280546192382,10.2851933065704,6.77609910264707,3.80856226541014,8.50673816171954,8.43773504488011,5.46109256310775,8.86240861136969,7.06247797187162,5.64902091135079,7.88500820913954,6.94121884697488,5.8576784749745,8.58654070770745,4.80222808373716,3.95919639702061,7.15694812341753,7.7605409286744,6.06398091713665,7.07789917300458,9.24099364245333,2.89993574748725,8.05107866851505,8.08784901097522,7.84458902975913,7.08593938610764,9.05366394094356,4.07987031724869,10.185614455762,10.7490843771143,9.1720739914498,7.56055562763714,4.25345098916289,5.01686856640967,7.01472226830207,6.18035395995475,3.36902133793511,7.84909138435866,6.86510631318681,4.66619373775387,8.07957593854123,7.10832373030105,10.6792549788328,5.20736929908618,8.73866020834369,6.40080219029973,5.63864614369158,8.34398981604821,8.40979506023834,5.66472522465906,4.96040330699796,8.23771088036346,9.26387002867546,9.05864506512604,-0.129161444614403,5.19125469821909,3.5840549428453,6.68259197057021,6.57873263163876,3.50427819424347,6.52749238045397,10.5845236115069,8.86751126337271,9.58127879933704,7.01566168597573,7.07538320979002,3.85099062210031,6.8322490346362,10.52890767393,2.79140392476951,5.3078635976029,"0"
"GSM1315782",6.41779003422864,5.61618488453067,7.85592506711662,9.36751287344049,10.4071630236537,7.376551284491,4.44537615541194,8.71537694087811,8.3631799297287,5.31759528316336,8.9408564866783,7.25510254052686,6.31357523300937,7.95506575532497,6.92586271433167,5.48355232846902,9.01244982168465,5.00494379077351,5.50530557739338,7.3928804738786,8.57345090301008,6.64177001445786,7.07548115129973,9.10819076337082,2.81859612003531,8.2926666993049,7.65550904544702,7.77098834197648,7.07675964531133,9.23498890640913,4.99603158645833,10.5094151942678,10.9216903882938,9.01169762499742,8.2488547123978,5.12456452676519,7.69561293777919,7.14869164298508,5.98388833244864,3.61007156914777,7.49699146246321,6.85927451559046,4.75677942010886,8.24752481016061,7.25926788974012,10.5857156910867,6.30597575187326,8.26096371020751,6.268363023048,6.23654770012024,8.6730753414967,8.31106949314934,6.08515946717805,5.34172462091939,8.7232504591912,9.44832889133949,9.44910454168422,-0.129161444614403,5.88291566807968,4.00719749176119,7.06544314158602,6.84567655709986,3.77284229270706,6.61631466988817,10.6828824836731,9.45931219941316,10.1202652733449,7.35632015890655,6.88071299718116,4.82613024174391,7.50672966272691,10.6743591130338,3.41269090624207,6.44405764638925,"0"
"GSM1315783",6.37318620558268,6.38936494808534,7.34903795604533,9.15953564923529,10.4948821898583,7.10349855229067,4.08746839490093,8.55113870206531,8.59445878818618,5.78940110586979,8.62904555076512,7.18825494266241,5.78190654939125,7.61790927282303,6.78278476347447,6.24752928455714,8.98005805689306,5.18927540867226,4.76742299658162,7.36682515755359,7.98118780225902,6.20148444088659,7.40240203185822,9.66024531554637,2.84575017153904,8.4521859872601,9.05091679920854,8.07728424286094,7.63841332108317,9.44401994479377,4.44389383798503,10.7736378798284,10.8014095020672,8.93796657501791,7.55239771936416,7.36171408527808,8.8645977129538,7.21871952081822,6.08253736210415,4.65478865740436,8.36444191322904,7.49488117291232,4.31675320064415,8.26797925132946,7.70236338273397,10.837589204959,7.44252699553164,8.65491009737381,6.69472120428699,5.88813001265001,8.30881851269243,9.13523281096767,5.59639828475068,5.86840140375284,8.56732720942705,10.2325724345297,9.53275875652578,-0.129161444614403,5.28805713121603,3.58253016372761,7.06813161550494,6.96528531150775,3.90863890073468,7.11085439233671,11.0993198055955,9.37269554341406,9.6462574428419,7.79175401218478,7.23852686084027,3.72037191901987,7.74111500858243,11.8540317224739,3.64127916606133,7.25955640265992,"0"
"GSM1315784",6.4190095567365,7.48144071437812,7.70286382090203,8.70808974256787,10.1354774624669,6.51605164413467,3.79717190906268,9.15045364764596,8.50737173964402,5.85476615048554,8.06704031968568,6.89771203865307,5.91864942940637,7.92827290943843,6.7830470120625,6.03662064027755,9.15651376445635,5.40158729186392,5.2265877459912,7.44267136771427,7.28109112629176,6.17542139693232,6.62241689995125,9.44568057301878,2.85422002976604,8.47112487717403,8.35950793334688,7.92053788299243,6.67281928582611,8.95469412404373,3.60310534985013,10.5019099911259,11.2369580339933,8.9356413721794,7.63979639435,7.25634816973131,9.12448262211717,7.24698486343131,6.39478069489398,4.52414306343555,7.84566603298703,7.60848205942585,4.51091110402459,8.69170318887312,7.20025886658598,10.8316803405125,8.69907482480547,8.03389808116613,6.98647181570697,5.13603150118688,8.58036017251788,8.86966742370885,5.53563151350819,5.98829656872603,8.38597314387303,9.8137590459544,8.91214683851035,0.528935760736968,5.08965872849504,3.52494957525846,6.49185859354101,6.57973181446175,3.84181172269085,7.09003253525026,10.8849565559174,9.36743693127636,9.52766249993606,7.38597738173706,6.64376522059371,4.13765625731521,7.11651447136264,11.5699543607795,4.92956636382704,7.08240466982149,"0"
"GSM1315785",6.32130123623659,6.84813389620915,7.43612940438649,8.85878620570511,9.94169482989448,6.55759472074918,3.6630493107295,8.81662298219413,8.77897355850121,5.70540959764212,8.61690830944993,6.76436837656587,5.93666250322893,8.0290230552683,7.368031364681,5.83753605446573,8.67863920509427,5.25161950800764,3.75155890967524,7.54366792850151,7.25325955033473,5.98181584465268,7.12809672986315,9.34306807411049,3.04510464984399,8.1678046791582,8.15821899214049,7.7070605909328,6.40162568789757,8.82610180426635,3.61775604003892,10.3228340334641,11.0254721088953,8.9250844502393,7.72021229362563,5.38602822472376,8.40047017145138,6.76912498918965,6.48439517391683,4.7131251096595,7.99565683596008,7.94399804907305,4.37511300858853,8.35761977401182,7.52596256332717,10.5891407784293,7.01610760935456,8.19639516393853,6.40253724167048,5.25762432535016,9.07664955690622,9.20007148991796,5.43954166687176,5.94695826732545,8.42230908538964,9.20387144977252,8.65955822630137,0.165973804386415,4.9200049868149,3.56565036246387,6.36962285882087,6.46436904256329,3.78712108115744,6.62367954995962,11.4522368381999,8.96821328973719,10.4889772560288,7.11221195744553,6.70873331138514,3.7974273456849,7.1656727683614,11.7032740278834,4.40349755215945,7.18038773206326,"0"
"GSM1315786",6.64009530735516,5.33966400078468,7.31586537219526,9.17651871811004,10.6794260530806,6.87916037497621,3.74927142885082,8.24160873210313,8.91477523326056,5.97464311116074,8.64575139864789,7.17678095762142,5.66324799420942,8.03422196194261,6.64335224837363,6.55671874103099,8.81336886145449,5.92378486872879,4.47405865812724,7.0370975826438,7.82868559272497,6.46609642483372,6.76814337509803,9.46957140205994,2.87795139765174,8.69706785684246,8.67179545767812,8.10604463081741,7.33996732851956,8.92750125315929,4.16659587331482,10.6221682569944,11.1117840672472,8.73096514200431,8.16262609494366,3.62405129777397,4.6494076177882,7.07374141304829,6.48510428921294,3.81775776300525,8.24234898471638,7.00220278465475,4.91679341940015,8.2020128991286,7.26708905660553,10.6798572513833,4.4604269239259,8.69788321023575,6.15124616890482,5.95967263989892,8.64119191359776,8.6198887089836,5.43858735779857,5.39278595897378,8.90039199681938,7.28103431194572,9.40383497504032,-0.129161444614403,5.23311821696222,3.64083383921804,7.13669520811792,6.60718663742979,3.5029479082655,7.18075837285906,10.6116972563918,9.34378983816923,9.15528805481439,7.23239411831927,6.93191516915217,3.63324632677739,6.65505240968401,9.62133856149459,3.2381108825647,5.44670258929787,"0"
"GSM1315787",6.10422541227591,5.50573468474789,7.33941364690965,9.01732651851161,10.1717419755878,7.23598368676403,4.52348619308962,9.03425065512309,8.42027243500664,5.57420878252789,8.67474329686225,6.74354110852531,6.75821766532787,7.67508149040778,7.3236973363337,5.57572099136288,8.97252726670165,5.49134065144965,3.80544326172155,7.66375611719811,7.77471773121155,6.63986518686976,6.54029805410945,9.21551389407566,2.88623483691068,8.24447761168077,7.8116317617226,7.78715316140749,6.69350204123786,8.7992586285159,4.09289887479405,9.99511438697779,11.1589645296191,8.99678591559349,7.5490669305526,3.56345391504872,5.16285133600396,6.92951542211635,6.03853121650099,3.61284954505274,7.51474671920206,7.18761629336607,4.85381127930036,8.56740215328626,6.99247654364177,10.7493992951135,5.44074556184957,7.95524987317633,6.11690019005099,5.92490722173824,9.42102869853425,8.75061046061606,6.11801712817846,5.34132165223536,8.28303351469973,9.21109891036177,9.02287769454364,0.161262959250897,5.70769766189547,4.07780329426338,6.3891494822922,6.9700561327895,3.42361388251868,6.15529262608784,11.2445922902115,8.84073002022562,10.3829686351008,6.63665070477133,6.69335064672401,3.91997083865629,7.31858651043437,10.6892714183208,3.12759957953508,7.54472342979435,"0"
"GSM1315788",7.68057024306752,12.9106675326166,9.06884072868986,9.98408192804838,10.7922639234104,7.78463900028915,5.53409176074593,11.5285666876437,9.97832961166234,6.93235905971183,10.1321093475464,7.63855320604359,7.62439839087658,8.59716656043967,10.2275562248391,7.18560879290288,9.68492567865038,6.87786832809747,14.9827342587378,8.0386974030511,8.82298899971403,8.07882060076555,10.2294146704857,11.6795692170734,9.24427361189755,9.50319370885949,10.4782498482041,8.72760575364261,8.28175417059848,10.2183920404954,5.12036919776574,11.619280806598,11.8525473549818,10.5883356698779,8.63026818084077,14.40800510881,14.8928664446445,8.00217583423835,7.85664602754327,6.39245049503618,10.2909279889128,9.0711616731013,6.56496682634472,10.4845646570413,8.49886769088822,11.734300695602,15.5716124776366,9.28990629218846,9.90161651252815,7.40255483722264,11.4184050882418,13.5144146708895,8.57739038823254,9.76447444960514,9.73908875096655,13.1207401359325,9.67036634193736,12.5534184362783,7.2742786118022,4.84708934867909,8.09081057962621,8.37912763629948,12.571649353881,8.35163850565144,14.1536031484036,11.2644259605129,11.8265970796349,9.96221018067925,7.5885888401459,9.36026515326244,9.34189588992947,15.9120272049294,12.5286498521114,12.7966047395846,"1"
"GSM1315789",7.68184078039393,12.9928795759032,9.13538121072796,10.5820085396394,11.1150411772602,7.91835168560483,5.10124213299246,11.8076681452758,10.1314186073055,7.65448511272165,10.1761260149501,7.72272025717132,7.28920364513121,8.84321475934082,10.1623854148977,6.70079474068393,9.83383731604201,6.45882347576772,14.4185198664237,8.2586077116028,8.69785040019282,8.05852499230801,9.84880407250541,11.4762953019727,8.77155863143024,9.71709333916848,10.6092012401544,8.76593235436321,9.00956764467775,10.4820787821665,4.69850166421702,11.8788517372983,12.2082148904027,10.6819778600356,8.66137423493371,14.520745711499,15.0794584583382,8.42163876101345,7.66499871140741,6.43898025003156,10.1699616024002,9.05898202556851,9.07414635077685,10.7858503677054,8.65977786038855,11.6737038768588,15.8024244607627,9.91618268659066,11.0060764130749,6.83901010552629,11.6603022491226,13.6709863519724,10.138611839144,9.55829666329054,9.92290171170045,12.6752911263631,10.1764496990569,11.0641273487144,7.59630218301671,4.69028056534022,7.97753058938223,8.52748171770801,12.5618257928011,8.54268106832405,13.6127036547495,10.8630394507264,12.0255106038634,9.98421686125556,7.43290490600712,9.41668910413292,9.53953951798574,15.596416419051,12.4587453154093,12.7814980732439,"1"
"GSM1315790",8.12865615829419,12.9822624527582,9.06966186267057,10.6368360996748,11.1233331465823,7.83454421573986,5.02692952471984,11.228267700275,9.87731184394028,6.34272147259676,9.96875725116966,8.01345804213574,7.1480259645174,8.76587899715499,10.3546343342337,7.35265522325768,9.55534029930555,6.86270903644415,13.8038974449935,8.1486115674167,9.16956923851262,8.07012374060952,10.1777339389239,11.9220381486922,8.25068697723394,9.89376158491592,10.9916078652768,9.03478726316078,8.87937497318404,10.0601709332114,5.2976009750033,11.9319014910563,11.7365838907511,10.5030286578085,9.07241733676829,14.644801561774,14.9233932382667,8.3223681819251,7.96831397280729,5.77488968015699,10.389411895424,9.00816985145508,6.17910757506081,9.77818050380982,8.52064829177315,11.3979606148391,15.3982028647249,9.75420268761598,9.70916373534206,7.31925077843757,11.8112440348012,13.4246440053413,8.2515803195367,9.64499866451848,9.99603890494482,12.6438032168198,10.0586104975507,12.122133663864,7.33675787019765,4.37153449732009,8.52368604549095,8.54181265673967,12.3679991637519,8.61641721778179,13.9755798130875,11.4017823867428,11.728766059577,10.0202725716144,7.79392773778603,9.55176209414643,9.19280732663467,15.830774866233,12.5413313562754,12.5416498512263,"1"
"GSM1624280",7.96268796489927,12.3431676107714,9.19176077961629,10.6096741898711,11.7227158213186,9.25540404945868,6.02492077604701,11.9712019183458,10.5260256535537,7.91892089635192,10.3698483801961,7.77529345877041,7.99016779226206,9.71803625499715,10.5799189138317,7.45956825774298,10.7915098139844,7.46860379960409,13.37607912184,9.01243405863395,9.7074045948998,8.92394584419717,11.6711279344352,11.9672947347314,9.00134626550816,9.78856480640994,10.6358341537839,9.66801272072655,9.2635201006129,11.2948537035353,5.83971576713839,12.5324977110991,12.5776570343965,10.7660346380868,9.40821431612707,14.8749394511031,14.6543090895345,8.94420938847251,8.9978329764443,6.85570388150143,11.069020703744,9.55617737641662,7.86808747009134,10.7787449815238,9.84706244271452,13.3884590857035,14.8494886273434,10.4541166534058,10.06658357579,8.0164328600443,11.3894190695629,13.9313375668716,10.0233222954594,9.52032687591538,10.5334734913314,14.9347521478826,10.8747900504039,9.592041881488,8.02930675268617,5.61712335149608,8.55234579455018,9.76110151116147,11.9130159238543,9.48094408274727,15.5951004716015,10.7308436951441,13.9169370200497,10.2309095194338,8.09912070287846,9.42407740310945,10.0922549919779,17.1822303155564,11.4061917613524,13.3317374640303,"1"
"GSM1624282",9.22207459371791,13.8092850177966,9.76816126683403,10.8822000446822,11.9286034760418,9.14577955828418,6.18998002231751,12.1595695247416,11.2761088035817,8.26152255950403,11.0151834988967,8.75780603204157,7.91616721081829,10.244216691489,10.8259985599521,8.10128553676137,10.3859450673258,8.39460321816031,14.1256789067827,9.00238039397003,10.1562304076349,8.82441017064626,10.5926854901578,12.2772424657586,9.73244127154986,10.2465544508733,11.2229355652613,10.2341161941964,9.84135816690067,11.6143952055857,6.29276659235396,12.8134742876432,13.0286650784488,11.41413672762,9.66789194288748,14.9526487622008,15.6161236218615,9.16786566888312,8.85963568252428,7.14043335843454,11.6935115686518,9.92939470000083,10.0276074136536,11.5001697247942,9.78750559803407,12.3602621938728,15.0408790786819,11.0007328424775,10.7425811526648,8.44854387268208,12.0268489901782,14.3038940215706,11.3109647244626,9.92029692710529,10.693443412134,14.2696192984775,11.1281465423354,10.4364421640776,8.59634734541006,5.14763806819486,8.8484778885602,9.53433064931444,13.2315524918123,9.88040877810565,15.8275116487629,11.6520106638401,12.7666027469653,11.0966084277222,8.46835451254417,10.1610429972757,10.0426729631273,16.6816281847895,13.1902181097665,13.7974421499296,"1"
"GSM1624284",8.14711253603669,12.0330380872023,8.58529720968422,10.394406202968,11.4804785885853,9.05165738091963,6.47237975301823,11.663441155385,8.7545716830022,7.08719237894172,10.4135697576254,7.70403477560059,8.19180165343171,10.1668341601767,9.32059482733632,7.6294932591853,10.515875371371,6.14667570471673,12.6910413197177,7.70049005231921,9.54854783041368,8.67240707720121,8.80549186266503,10.8063189458306,8.21218446021652,9.77262326254092,11.301950139767,9.37850610353157,8.75805552020611,10.7740215402338,5.90810274211864,12.0284373006545,13.0747124459682,10.0788220791177,9.5000658434648,14.0400918903283,14.9708861560874,9.46892534675681,8.15537425343078,6.77478388611786,9.79664843333091,9.54237157689158,8.30979291983226,10.8942221989437,8.60508965240856,11.9578247313736,14.0807398556113,9.91912764402195,9.43099500199889,8.03915293654438,10.2194940681206,12.423522202911,9.97610765703859,9.21701445919537,10.0128456323623,13.4675328973361,10.4721009435527,7.60411471378858,7.75984607769294,5.40139466044065,8.36750611909658,8.99469213910278,11.6407859801853,9.05107916579079,12.5105669613898,11.4525849293257,11.9294063720119,9.85453364052402,7.55124752089252,8.58913664937995,8.90516943937739,13.7714979613389,10.5413924992329,12.2906184767047,"1"
"GSM1624286",8.50325634626197,13.1414679317208,9.99055368817047,10.459257347318,11.5276553819533,8.90684082806785,6.18998002231751,12.2247135500611,10.3803197985699,8.13918701657998,10.4349434084179,8.20760894948109,7.6682396973747,10.3203086408384,10.3426585630023,7.43939037580535,9.988425329305,6.46860379960409,13.6611843397485,8.42747155791279,9.1512123328683,8.05267915831938,9.40412930028326,11.5232015042879,9.12076143245293,10.2115075037741,10.7460328103976,9.2341161941964,9.66427337388549,11.3417747509228,5.67677719601218,12.3556627646741,12.5988216443945,10.7372756451054,9.13711048031739,14.7213341439051,15.479107515673,9.01894735559086,8.14288330924758,7.35974638683902,10.8674837946285,9.33378495508017,9.02439070097001,11.6902083069221,8.80399372082263,12.3132332854677,14.992635864047,10.6235159871284,10.8134646388213,7.56271489260139,11.6789256867579,13.6916551693135,10.2735489249926,9.4433648941005,10.1105824340581,13.723831883255,10.6125821671025,9.94831197251698,7.69395814203648,5.53466119130411,8.11892976595648,9.06720463888715,13.0738345142324,9.33188827335255,15.0754917088744,11.4109068980758,12.2977588039907,9.66821618255364,8.59453161862132,9.85541671471739,9.78969222195746,15.5385121421582,12.3361820401047,13.551402028178,"1"
"GSM1624288",8.639393034248,12.7309648365128,8.66124606291751,10.6449496646186,11.5506775998692,9.01886744580196,6.37284407946732,11.2839893593767,9.8664645630731,6.42753251094296,10.3991426869901,8.15514152958695,7.91616721081829,10.5498683421211,10.1968594589141,8.15176398178917,10.0373349297859,7.31660070615904,12.8561005659882,8.10929559788654,10.1537235520243,8.62586449126418,10.3415447629052,11.7549063729674,9.66469666491403,9.80433212226826,11.2712750995328,9.82749093473375,9.47470112999272,10.6858457288475,6.3331243299701,12.6988073454712,12.5010357527936,10.7333974302945,9.7631002492986,14.7302563408644,14.9307818696931,8.72562274275645,8.82877471881952,6.07434416797677,10.9582220653403,8.95045631552866,9.75619459002044,10.8042800736309,9.17745211635008,12.2024471000935,14.7647821300404,10.6567784412601,9.98119208455937,7.73959265468547,11.2194940681206,13.4556922085719,11.0848366846721,9.88580855071999,10.2881869336477,13.7471251447068,10.3702213295335,8.96401065887496,7.83513420499718,5.69512586349736,8.56144800165743,8.94936814859329,12.4792592272289,9.33188827335255,14.6229795041769,10.9486742311272,11.6387957218257,10.615164036416,7.49905130976709,10.4986243564745,8.40636358240595,16.2545262924606,11.362509322535,12.8290383914889,"1"
"GSM1624290",8.98438303599858,13.210919812473,8.76816126683403,10.8402059560175,12.1126178826745,9.13816637417431,5.88741725229708,11.9327277705312,10.7833689473096,7.06047504056594,10.9865197406446,8.80964496356119,7.99016779226206,10.2663698337276,10.2830551107629,8.03111024270182,10.3083621263733,7.46860379960409,13.4221660352948,8.45721890130685,9.73784946528171,8.76121634415907,9.19977080177707,11.759595889651,9.82223794190051,9.77262326254092,11.7325844940969,9.48868902128199,10.04939529526,11.2748437428038,5.83971576713839,12.6926513682636,13.1387333100001,11.0448019701852,10.0587225816327,15.0520280375684,15.9095581250591,9.49936307997761,8.67243268965013,7.16180700922711,10.7848904624547,9.85315911417375,9.43620429937457,11.4949520155232,8.78196741449264,11.7812196646955,15.1011076533052,10.7560400726332,10.5062831293031,7.65386278065959,11.541422163008,13.7671622572395,10.978928176101,9.46299370084943,10.6507570130324,13.7274963379579,10.9434066624783,10.6160873554547,7.55240399782246,5.25455327211137,8.97648550093627,8.94936814859329,13.212451658293,9.76884054905984,14.3886495941341,11.8046449955542,11.6688529556819,10.7863621378824,8.47994248681939,9.66508550261325,9.59704714401506,15.0751937676548,12.5551544004774,14.094464043977,"1"
"GSM1624292",8.58362976272599,12.9662347165181,9.09466209151121,10.6025143982982,11.5257201770476,8.42141400089761,5.22845417013214,11.4993783929754,10.7795623618799,7.07389555632826,10.699156005449,8.5701790288658,6.6682396973747,9.62680100235596,10.2881172038191,7.74359974487182,9.84193924082752,6.46860379960409,12.5392181246507,8.33436215352131,9.07376824744295,8.08744457648006,9.66489353249223,11.7893841820549,9.04463036323696,9.78856480640994,11.3542730227637,9.10166589817275,9.59253762028658,10.9857848199618,5.15321523995517,12.3567755260412,12.7228927519525,11.0195462698021,9.41966433687061,14.3654224208324,14.7238220951082,8.82028686223069,8.66371547254902,7.14043335843454,10.8808010741824,9.12733407761274,9.135899016187,10.6625519640192,9.1942278291009,11.9468057304135,14.3454826039074,10.6872805296575,10.3378855976074,7.56271489260139,11.6789256867579,13.8786613606582,10.4239430219694,8.82643000364106,10.3588414872115,13.358323523749,10.5875781609727,9.26707972651101,8.02930675268617,5.53466119130411,9.20276135675995,8.83772279276438,12.4369243900705,9.3021409299585,14.6593327987028,11.1822825230278,12.1732767733095,10.4468756716108,8.20996647156675,9.7890742198887,10.0325487458536,15.4737431441451,12.2128233466985,13.2733404852729,"1"
"GSM1624294",7.54765046562042,12.3405325506035,8.69777193894263,10.1313717971342,10.752807886475,8.27636366809433,4.56548915740971,10.7500744642459,9.91238039812846,6.72839899030249,10.0386424717207,7.62907271791937,7.47559461943231,8.85955284125371,9.88565777061977,7.21247539577821,9.42322608340528,6.73163820543788,13.8910550852191,7.45721890130685,9.33503356042369,8.01705524858866,8.79722424668143,11.203438584164,8.92618890593942,9.38929462298942,10.3672236935784,8.25920717515923,8.8270028739236,9.94077508504419,5.56260617609287,11.5432897678499,11.8723230492794,10.0195462698021,8.34956009840626,13.9999544769792,14.9829867857125,8.38447138889047,7.42667627524817,5.77478388611786,10.0767563525236,8.51435720072199,7.47442362160506,10.1677872722697,8.00752711490777,11.1512536697215,14.1311301364047,9.96300245340004,9.48162107506886,6.62411543726554,11.0268489901782,13.308752015665,8.52582263598861,9.50904106836887,9.71432214180991,13.4057512217049,9.59763182563657,8.76331330863783,7.47605311169235,4.44719835005377,7.93506557355629,8.34897560730253,12.598664960982,8.21967876976653,13.9453677154901,10.34473997411,11.2627118568915,9.99455715625248,7.15801439193202,8.50896630069596,8.71569164051368,15.3293668011778,11.9431171714716,12.9332964752822,"1"
"GSM1624296",8.70619640493224,13.2936224018032,8.89940580011228,10.7780111944102,11.5956483590054,8.72567106945792,5.98052665668856,11.4834953513687,9.85926906166889,7.03325357183091,10.7050325717857,8.53980537982228,7.36867941551579,9.92368317867343,10.7728219613843,7.79214359682985,10.075302779985,6.95403062677433,14.1069893239437,8.63692492354174,9.63735709737154,8.80365161047946,10.0160588486047,11.6868972049704,9.12748729564124,10.0621298797359,11.2186545679335,9.15611368219512,9.16042660764879,10.9407750850442,6.04803300326311,12.3377408566768,12.7002236766028,10.8035093435055,9.45626149053418,14.5573593194411,15.4625962862874,9.17542566019597,7.92674987838281,6.35974638683902,11.0076201590799,9.54237157689158,9.38445392474414,10.9638563867807,9.23533303243058,12.1221632977973,14.8170215459766,10.6065926840919,10.2086025806624,7.53100603287406,12.1263846637291,13.7076182242727,10.7668307354924,9.78023518076246,10.242922199912,13.4039203901891,10.5723650670261,10.3976638363212,7.83513420499718,4.53466119130411,8.7877238574811,9.12269975147885,12.9960176653214,9.02703369182413,14.6206767183075,11.1953386758533,12.080167368918,10.6216994724659,8.07385394426803,9.46714612500134,9.59704714401506,15.5740518971327,12.401120771805,13.6174453710049,"1"
"GSM1624298",7.45745265664884,12.0460354277312,7.98070590221413,9.96268996254254,10.5845364038852,6.78537731558218,4.68096637482965,10.3082369056234,9.85926906166889,6.40647089541513,9.69325540400934,7.66704056811839,7.127671316012,7.85955284125371,9.09655455311839,6.21247539577821,8.66649723441764,6.46860379960409,12.354261970793,7.42747155791279,7.9170427437555,6.60201774930981,8.71183275545078,10.7815005829791,7.87114754238146,8.77262326254092,9.84285571758818,7.98618868075281,8.39260004977783,9.98085252441953,4.70780409163281,11.0845910397749,11.5705325999631,9.75076788143351,8.08772245335522,13.5167960387053,14.2696122690645,7.95596256989819,7.34178737766166,5.32227168142035,9.60667748968684,8.6492867808081,6.53896387379977,9.45251674920277,7.40345579123891,10.6514934915373,13.7390190339753,9.39127577983558,9.17822893161893,6.9460435321529,11.3894190695629,12.9223570730657,8.52582263598861,8.63205195847421,9.06579451231129,12.6776020402224,9.53623128097243,8.32171498308785,6.97485896866379,3.76912644494113,8.09405509731745,8.00948914103086,11.9135140060415,8.21967876976653,13.4074734684257,9.90342315003234,11.2428670454946,9.77174504181026,7.02722778439667,8.23766427887857,8.86008154984885,14.935071582409,11.7492254892514,12.8069081221235,"1"
"GSM1624300",8.44185580159782,12.7489612658067,9.05766788402901,10.9626899625425,11.8190946116823,8.20528057003284,5.56548915740971,11.3786262335148,9.71923860988992,6.65885805704941,10.8658058748585,8.41148128284674,7.36867941551579,9.92019419259355,10.6125697001221,7.74359974487182,10.2347809939922,7.46860379960409,13.3654654478152,8.59739655935511,9.56750598811757,8.5024820757589,9.81371236946999,11.5894200501587,9.10721490061498,10.0356576683747,11.0673658567961,9.25920717515923,9.36636850820465,10.9955991097887,5.90810274211864,12.3456091000102,12.8489590562139,10.8791736134376,9.57366187425652,14.5924106740645,15.2205557144954,9.10855081648081,8.61027621358756,6.02854047836364,10.7872497353287,9.36549381480751,7.83174562302762,10.5563525601873,8.79302260300163,11.9826994000126,14.7433449593781,10.4822219910862,9.85245877043717,7.96989027410727,11.9199337862617,13.6857706130616,9.58625848985058,8.99770143079089,10.3266610814624,13.6085381097975,10.661326500954,10.0429989550218,8.21927769633024,4.90662996869107,9.08776883447002,9.20213421897325,12.575561365528,8.9266317948663,14.6044534705892,11.0041370147805,11.8762950355524,10.8779254888783,8.19598224213104,9.379683283751,9.25784105769586,15.4369330407736,11.9707624732424,13.5400947772438,"1"
"GSM1624302",8.05784519793961,12.5165985557153,9.26661477430051,10.2823795852339,11.1867473855286,8.14577955828418,5.56548915740971,11.4013463100148,9.38031979856986,7.01944777230588,10.3016768775545,7.80964496356119,6.99016779226206,9.55212431606146,10.0436596046863,7.45287360516898,9.58987595281473,6.95403062677433,13.3429708100281,8.25189999332934,9.06312100324344,7.55310814882887,9.49127186291293,11.1308348352071,9.33349075643866,9.72371366205997,10.7676834833668,8.61067954566061,8.87430858870196,10.7452242759264,5.03585828931701,11.873793756917,12.1884455224856,10.2809874175602,9.01031794966962,14.2827973638931,14.5992677259765,8.25725933201342,7.5641797989981,6.07434416797677,10.4216455958543,8.67482187291523,8.79068296640573,10.576252117625,8.32945520979513,11.4742784541645,14.6075681803477,10.1468950573335,10.0499048346434,7.6830091263191,11.2194940681206,13.423993594858,10.2244808823567,9.1065379228338,9.66369606873994,13.0437038105773,9.91152260145852,8.81962074953979,7.58184777571495,4.90662996869107,8.77994650688938,8.78709671969441,12.2140699366914,8.45414402340355,14.9268476275193,10.8027504515644,11.9294063720119,9.98191294700025,7.9735898207946,9.1870382058086,9.30906638105103,15.0846763044092,11.7392136861234,13.0008392156384,"1"
"GSM1624304",5.67318134770428,6.2451355278109,6.31444329939112,8.75881762917689,10.0180465632355,5.38327887201084,3.30245475157592,8.04520249978957,7.72320751209287,4.77843967280209,7.89180108339142,6.64818154086707,5.25320219809586,6.43964958680305,6.08496657884318,5.51203567763712,8.09391845815232,5.14667570471673,3.89175969819573,6.42747155791279,6.6867451243337,5.28008965442245,6.30847706121957,8.74006786399175,2.37929444605178,6.8657326669324,8.15809260987659,7.48868902128199,6.84611169687131,8.31458992159652,3.85365495809626,9.96417999337415,9.71967603926892,8.10306962536439,6.91240419314269,5.78774183552511,7.69237713036798,6.48219394791232,5.46731825974552,3.39627226286413,7.8874138972541,6.6492867808081,3.02439070097001,7.29331815435352,6.40345579123891,9.2208591372074,6.94460316762524,7.70924586115425,5.94556817482865,4.36108103143174,9.21949406812059,8.42916876605218,3.78628309815858,5.68649974249659,8.07873356801878,9.65314899649784,8.61753138307428,1.1122616174589,4.12241615707765,3.25455327211137,6.41849004781539,6.39477929691565,1.99813253749226,5.93957085057379,7.65258596626227,8.43067015289721,8.76937983163587,7.33996046769427,6.09912070287846,3.379683283751,6.69015654840654,9.85619512591418,3.83633615302147,5.89830105392597,"0"
"GSM1624305",6.34455860024291,6.7045671464482,7.11280943822147,9.34378012989805,10.251410102393,6.3308114521167,4.15045165813087,7.57127131145716,8.40523743077419,4.90397055488595,8.73979798994637,7.5900785863035,5.25320219809586,7.40012122261641,7.17516438781476,5.51203567763712,9.20083366206883,5.14667570471673,3.89175969819573,7.164437152079,7.71422586075581,6.28008965442245,7.83001418179909,9.85471042993288,1.37929444605178,8.23496647659812,8.95690579566839,7.57115118147397,7.62055199645618,8.85711715599728,4.15321523995517,10.8231676838471,10.4972836179325,8.60556996589357,7.62649532105631,8.12877875336018,8.40697491150573,6.97918552671549,5.82095521436022,4.07434416797677,8.60667748968684,7.16385995363786,3.02439070097001,8.43082167810345,7.31418845314182,9.57176629906653,8.16699558896169,8.40112356579192,5.62364007994129,5.49858455518168,8.21949406812059,9.76901876893681,3.56389067682213,4.93161224033312,8.84123425429213,10.0116029674103,9.27319687513864,1.1122616174589,5.47605311169235,2.03216085077493,7.22584496987299,6.85421091555295,3.58309503821342,7.08641223890306,9.13801279343251,9.37054916045964,10.1816402462441,7.54641134516169,6.62963541957723,3.379683283751,6.58324134449003,11.4284465748858,3.25137365230032,6.26087113331068,"0"
"GSM1624306",6.47288269721845,7.2451355278109,7.25031296197141,8.88220004468217,9.93299079328277,6.78537731558218,3.78788157874616,7.64927382345843,8.15792737723341,5.44829107110976,8.43494340841795,6.75780603204157,5.99016779226206,7.06308623533884,8.4345510166334,6.07972018692644,8.97844124073238,5.14667570471673,4.47672219891689,7.54294877533273,7.25309194688751,6.01705524858866,8.4732218235562,9.84213236385341,4.18664936810939,8.36823300746159,9.23640885353961,7.30811677564017,7.18314668414888,9.4492394482913,3.32314024139748,11.0298332321044,10.3385858719134,8.65561064839317,7.87129898981302,7.94694043037437,8.4730641019635,6.54967754462831,5.7568248769405,4.65930666869792,8.69978689407832,6.30136347738779,4.86089196868713,7.84585917738229,7.86812405824235,10.7307201826878,8.35964066690408,7.81616106507077,7.08307169857859,6.03915293654438,8.21949406812059,10.2995334856356,6.22685568954456,5.17953975377671,8.44130364740349,9.33737312859207,9.3225245875022,2.1122616174589,3.95249115563534,2.03216085077493,7.41849004781539,6.48224213816599,2.73509813165847,7.17661004787464,10.9156203720961,9.2533656210893,10.1982231304397,7.38675467917321,7.4130114787004,3.379683283751,7.92719574570739,11.12133719471,3.25137365230032,3.09094613186836,"0"
"GSM1624307",5.31061126831957,6.41506052925322,6.87834418458445,8.4750246631763,9.84260455682566,7.09948590601025,2.56548915740971,8.04520249978957,8.09805592125601,5.27320436455167,8.56987298850405,6.20760894948109,4.6682396973747,7.06308623533884,7.10805019195622,5.9334994460754,8.95826335879475,5.73163820543788,4.69911462025334,7.09043657063522,7.65873074816411,6.15455877233859,7.7636716869704,9.20834738454758,1.37929444605178,7.67308758899001,8.77450474922279,7.72315427491902,6.64257830278617,9.07643018440176,3.67677719601218,10.7197163352341,9.77030211233889,8.43458376908095,7.48106488153475,7.90321905294505,7.79929233428449,6.25844624696386,5.54532077174679,3.07434416797677,8.27132887903716,6.84193185875049,4.30449862016275,8.03028374851972,7.43202494343568,10.6398116864896,7.68156876179144,8.27826681800639,7.32407979808238,6.03915293654438,8.21949406812059,9.37558772584734,4.43835979473827,4.39104385897042,8.02626614812465,8.76006420041435,8.9822956758719,1.1122616174589,4.95249115563534,4.35408894566229,6.49649255981666,6.64270681035924,3.99813253749226,6.59164754715349,8.7900894900122,9.4257546624831,9.20644363724471,6.94069028427374,6.43699034163484,4.379683283751,5.88280162634894,10.8242050116697,3.83633615302147,4.67590863258952,"0"
"GSM1624308",6.8490311831037,6.945575245952,7.00033470896306,9.59531889689401,10.6988690793642,7.38327887201084,4.56548915740971,8.75889831463293,8.36515999139885,5.40647089541513,8.87104252322462,8.02961064750309,5.6682396973747,8.30701181822493,7.81727079563952,6.43260121014271,9.33207819534708,5.73163820543788,5.97922253944607,7.36607101324865,7.83179545713698,5.69512715370129,8.06163988291358,9.65632898244134,1.37929444605178,8.70703492091335,9.78997615798523,8.15611368219512,7.84611169687131,9.57238767906417,4.85365495809626,11.0683808125936,10.4972836179325,8.5360290326405,8.02912779944438,8.58129095805769,8.99193741222689,7.63257055297665,6.46731825974552,4.53377578661407,8.72953423747238,7.16385995363786,4.60935320169117,8.51571057568996,7.92952460290649,10.6001747142523,8.35964066690408,8.70924586115425,7.53053067554981,5.49858455518168,9.21949406812059,9.98375761772982,5.6227843658757,5.45517419639013,9.01284563236233,10.8860720853265,10.00513565223,1.1122616174589,5.20041866907892,3.03216085077493,7.77212700243009,7.14966679907912,3.58309503821342,7.03910652412471,10.5785853848185,9.6147021005349,10.4681112073146,8.08009334093915,6.82401346474409,4.379683283751,7.34223324498623,12.333917893409,4.25137365230032,7.73480232164309,"0"
"GSM1624309",6.47288269721845,6.2451355278109,7.18319876611287,9.08074572406425,10.0180465632355,6.38327887201084,3.30245475157592,7.48880915126519,7.8153257140813,4.77843967280209,8.37722791056166,6.98521652814464,5.6682396973747,7.11283927053594,6.52308769123506,6.21247539577821,8.26794785792737,6.14667570471673,4.89175969819573,6.42747155791279,7.84428640132018,5.86505215514361,6.84613384716237,9.06416379556183,3.70122254093914,7.98120988435234,8.5475684027414,7.72315427491902,6.92011227831508,8.76830788903943,4.19760935931362,10.1756840985679,10.2521711200959,8.05416002488344,7.62649532105631,6.6882061619742,6.31386550711425,6.8016816220753,6.15537425343078,3.88169909003437,7.69978689407832,6.42689435947165,4.30449862016275,7.90998951480201,6.96905296709313,10.5259626094534,6.94460316762524,8.29948330391609,7.53053067554981,5.49858455518168,9.80445656884175,7.75109686093955,6.37124559887973,4.73896716239072,8.42112576546586,8.68967487252295,8.99756243252521,1.1122616174589,3.95249115563534,3.44719835005377,6.92099038834457,6.85421091555295,0.413170036771108,6.83265564665728,9.41812071262524,9.32902989102137,8.95646538423636,6.98191294700025,6.19598224213104,3.379683283751,6.88280162634894,9.79148943652636,3.25137365230032,4.67590863258952,"0"
"GSM1624310",6.41014694187049,4.2451355278109,7.89940580011228,8.44331580344896,9.21344225219397,5.48281454556175,3.56548915740971,6.57127131145716,7.9835971966711,5.01944777230588,7.46295778458754,7.25823502255106,4.6682396973747,4.40012122261641,7.01341331781814,6.11407169171722,7.76271254967694,4.14667570471673,4.2136877930831,6.9717920741366,7.07376824744295,5.86505215514361,7.68519762894731,9.30317093074917,3.37929444605178,8.08812508826885,9.05301056381903,7.10166589817275,6.68564702467806,8.28288106186918,3.54553266273393,9.77070026395294,9.19772333607357,8.70397366995457,7.02163326289745,4.46581374063775,5.40697491150573,4.58037434185123,5.10474818036081,2.65930666869792,7.7777894060796,6.16385995363785,4.46496329235599,6.1937824808026,7.61758059659175,9.37912122112413,6.94460316762524,8.1439657262948,6.62364007994129,4.62411543726554,8.21949406812059,9.45891610944624,4.88581877170949,4.10153724177543,7.1782692415697,5.36774677763559,8.91955992052394,1.1122616174589,3.75984607769294,3.61712335149608,6.15545564198159,6.09521901505674,0.413170036771108,6.77607211829091,8.65258596626227,8.46940254738593,9.4474517367485,5.69014682262314,6.78717669656371,3.379683283751,6.2047297212363,10.3720332659805,2.25137365230032,3.09094613186836,"0"
"GSM1624311",7.24022194042817,5.56706362269827,6.96080634477642,9.30901471173737,10.3509457759439,6.93347595457132,3.78788157874616,7.10178602815594,8.7545716830022,4.64093614905215,7.9719714320754,7.52953704436845,5.99016779226206,6.47812373461769,7.21823310970664,6.0622327601976,8.95826335879475,5.73163820543788,5.89175969819573,7.20006106180972,8.06312100324344,6.39556687184239,7.78890897846942,9.70437615684845,2.37929444605178,8.18766076181977,9.18759660418667,7.86065779866895,7.09003727975739,8.7217653031024,4.43861745881742,10.7471317928145,9.81921171281984,8.75076788143351,7.68459827561988,7.97888332287712,8.53625792845069,6.49433451078453,5.7568248769405,4.39627226286413,8.20228723460751,6.84193185875049,3.38696078035472,6.84585917738229,7.43202494343568,9.8672221825927,8.35964066690408,8.43985596028064,6.7935650813836,5.73959265468547,8.21949406812059,9.35990610361507,5.78628309815858,4.63205195847421,8.1782692415697,9.66542732627627,9.63716018982321,1.1122616174589,5.41192277427263,2.44719835005377,7.17930238393596,5.85421091555295,2.41317003677111,6.88710343067966,9.50058287281722,9.53933683820025,9.41943736057891,7.41712832821673,7.05847871838111,4.379683283751,6.34223324498623,11.4199098929313,3.25137365230032,6.09094613186836,"0"
"GSM1624312",7.10811840442083,6.83009802853206,7.62377135749885,9.1412872659993,10.5845364038852,6.57592394995323,4.30245475157592,7.92490826607186,8.74679433241048,5.27320436455167,9.25437116277612,7.62907271791937,5.25320219809586,7.91669674835732,7.8586907230195,6.19653385190919,7.97844124073238,4.14667570471673,3.89175969819573,7.54294877533273,7.58621824837974,5.86505215514361,8.05472046897379,10.133934073866,2.96425694677294,8.70703492091335,8.75492921088603,8.44562029939011,7.50507477903624,9.36088357387046,4.51076724457325,10.8644357022188,10.321712053349,9.63497088233413,8.19822199462078,4.8808512399166,6.93053686756274,7.02732702120683,6.10474818036081,3.07434416797677,8.28474939479948,7.08985937219408,5.12392637452093,7.55635256018731,7.88888261840915,10.3650001128795,5.35964066690408,8.97623828055673,6.43099500199889,6.49858455518168,8.21949406812059,9.44411910751815,6.37124559887973,5.97600635969157,8.9152348357359,7.78278427691443,9.63716018982321,1.1122616174589,5.20041866907892,3.03216085077493,6.97648550093627,6.97974179763681,1.99813253749226,6.99019692364376,10.2375484669834,9.60168521486806,10.7356967053796,7.70253054707897,7.65029489014333,4.379683283751,7.78969222195745,10.942168349024,3.25137365230032,3.09094613186836,"0"
"GSM1624313",7.32768478167851,5.56706362269827,7.4633066853056,9.34378012989805,10.1595492441988,6.48281454556175,2.56548915740971,7.10178602815594,8.14615020945705,5.67656005878287,8.28608002250346,7.40025402742349,4.6682396973747,7.25256403420256,7.3975568091512,6.71590801100277,8.16606824390815,5.14667570471673,2.89175969819573,7.26877381189374,7.67280593337583,6.01705524858866,7.90886960251033,9.91840510525027,3.96425694677294,9.00869062077445,9.60117314633723,7.10166589817275,7.52892152099061,8.4914676836806,4.24067808120551,10.3645409160205,10.404174213541,9.07882207911771,7.52413360342663,4.46581374063775,4.40697491150573,6.35481464143609,6.78924635463288,4.07434416797677,8.24410741030213,6.74882245435901,4.30449862016275,6.386427558745,7.11715160608227,10.0430720179921,6.35964066690408,8.98935378034699,6.43099500199889,5.73959265468547,9.21949406812059,9.34405215241423,5.50249013215798,4.73896716239072,8.42112576546586,6.95270927835674,9.29807154377767,1.1122616174589,5.12241615707765,2.76912644494113,7.02992475989773,6.09521901505674,0.413170036771108,7.38014344195977,8.65258596626227,9.18519411844772,8.47493247317061,6.53260554563666,7.29551791568196,3.379683283751,6.46776412707009,10.271232625193,2.25137365230032,3.09094613186836,"0"
"GSM1624314",7.37772546417811,4.2451355278109,7.87834418458445,9.16091607274824,10.2746424086307,5.8978520448406,3.98052665668856,7.57127131145716,8.04830288605891,5.12636297622239,8.49043852100965,7.23314404158823,3.6682396973747,6.9026215631456,7.17516438781476,6.69336544235168,8.33207819534708,5.73163820543788,3.47672219891689,7.12791127605389,7.54089425787025,5.5024820757589,7.48356376777766,9.73190934060459,1.37929444605178,8.77262326254092,9.2078961657972,8.04508236980638,7.18314668414888,8.59838288759711,4.28249825690014,10.0158127617895,10.2873605485582,9.26226822021364,7.29465175730387,3.46581374063775,3.99193741222688,6.13464004534947,6.38485609955354,3.88169909003437,7.63838634941418,5.84193185875049,4.80199827963356,7.386427558745,6.71379591185106,10.1123346804292,6.35964066690408,8.66088283959286,5.62364007994129,4.84650785860198,9.21949406812059,8.71457098491443,5.88581877170949,4.93161224033312,7.9152348357359,6.48322399505552,9.11420735137748,1.1122616174589,4.53745365635649,2.44719835005377,7.05591996843068,6.71670739180301,0.413170036771108,6.83265564665728,8.91562037209606,8.68220891989318,9.13932944138617,6.50459116946706,7.33007513771833,3.379683283751,7.2751190491277,9.25212380224532,2.25137365230032,4.09094613186836,"0"
"GSM1624315",6.53300368965602,4.2451355278109,6.69777193894263,9.55137554930641,10.4192517893348,6.09948590601025,2.56548915740971,7.72327440490221,8.40523743077419,5.4889330556071,8.40637425622117,6.85968564606078,4.6682396973747,6.81515872189526,7.03766086406482,5.83396377252448,8.26794785792737,5.14667570471673,4.2136877930831,7.09043657063522,7.36134483753953,5.86505215514361,7.13564046435736,9.73735347929472,2.37929444605178,8.5661723850735,7.96714982716519,7.92478813608867,7.05761580206502,9.09480871371661,4.32314024139748,9.95245070079204,10.1602486306549,9.01635799217106,7.60659576361861,3.20277933480396,5.40697491150573,6.55355055377552,5.88235575902436,2.65930666869792,8.33721681469362,6.6492867808081,4.97192328107587,7.55635256018731,6.88888261840915,10.6041877767589,5.35964066690408,8.57649065230248,6.20860258066245,5.20907793798669,9.21949406812059,8.7021872604586,5.6227843658757,4.83850283594164,8.1782692415697,9.01160296741031,9.40498674769418,1.1122616174589,4.65293087377643,3.44719835005377,6.83352754709423,6.09521901505674,0.413170036771108,6.71717842923735,9.50058287281722,9.03835273011845,9.64182978191536,7.17201583038019,7.1483642218983,5.379683283751,7.74078262147651,9.65266173182905,2.25137365230032,3.09094613186836,"0"
"GSM2211691",7.89359108451329,12.0126547733468,8.24792831548478,9.94513918194775,10.8760246010714,8.02311830679096,5.32002243317065,10.7114148910677,9.60383107338843,6.3045981876722,9.42652169371043,7.66455994095476,7.08863376512597,8.90432378587241,9.51680716792353,7.08053749618761,9.52540210040814,6.44063390243283,13.215254310214,7.91515627444152,8.95915536396403,8.00176408819415,9.63786080226872,11.2564075299846,8.79745994518336,9.49342249059664,10.465026789563,8.71135516946995,8.51921721458468,9.7691555776609,5.27146792196895,11.5739099484059,11.6899584035458,10.2111295622693,8.46441958764248,13.7261205928764,14.2120601166394,8.05345658462456,7.51446131510315,5.81997360838421,10.1391220772861,8.69624095911817,7.48242743221604,9.89088923454279,8.62562555648722,11.2257473164726,14.2550436384673,9.70007092405375,9.36652736841002,6.952025726524,11.1955560739721,12.8167202654195,9.46175587092094,8.46620856748527,9.45741524977992,12.6435253813383,9.56717706498014,10.30188339756,7.10265886975973,4.59033943354321,7.92547426440855,8.02785179277537,11.8364256532666,8.46218814550293,14.0841921816169,10.7317529432505,11.5093441826012,9.62785934039809,7.10577543286666,8.9012835504229,8.68992196601487,15.0897686464664,11.5848277390867,12.7750501952937,"1"
"GSM2211692",8.24021641659919,12.8957137014106,8.78344698315422,10.668326123237,11.206952179933,8.1983615855109,5.40248459336262,11.32284960315,9.95273984671719,7.05771006494582,10.0437630147993,8.02608421018792,7.29948764155785,9.46314773313121,10.3574575798414,7.5101970298313,9.75838400153333,6.62004315321853,13.995151741691,8.16199345274751,9.1504924680717,8.03661950323835,10.291185465521,11.9899189162999,9.40632967441282,9.94814989713653,11.1392954771188,9.2212758949296,8.87149729626523,10.1946233855655,5.49542381681619,11.8396129039589,12.2611806965308,10.6913629413561,8.86708938689086,14.2300496631045,14.7384947859491,8.82551129522262,8.06760109101078,6.43389523158181,10.6219690518277,9.40727058503335,8.38845418065639,10.1834517902769,8.7641136310312,11.4950008277931,14.7761288385406,10.1905173255731,9.79390195769349,7.30392888085685,11.7376051482849,13.4476802334119,9.88641428821268,9.46756384709728,9.99860088976476,13.3225829323313,9.85247531106685,11.0664375287193,7.50751452910646,4.77295515692171,8.40168343628936,8.32431157926309,12.6909767648938,9.04631405876029,14.6769937564507,11.2966123370322,12.2018793170258,10.494056985958,7.40062381665006,9.30621840956329,9.16143143911879,15.7665276461023,12.5105888214112,13.4379727354601,"1"
"GSM2211693",8.09206262555466,10.6057742973394,8.38586879151441,9.86255839175391,10.6141612419605,7.38797004890159,4.80890896233675,9.43226081987061,8.84787932920864,7.10126643093256,9.16782400878769,7.90785812872729,6.44063752391877,7.69175233534699,9.37435492629772,7.44097411598674,9.24544820833784,5.99227632995396,11.6184957541944,8.05686708358082,8.52459352524612,7.57195123623491,9.2907594519225,11.1249115115242,8.06724309623882,9.53549881905273,10.3183786435415,8.5276829598844,8.48369078095554,10.0372078888087,4.92503706182749,11.3131140147681,10.7528977473098,10.1560917987843,8.31368098626939,12.8660212673906,13.3722773575806,7.38847855649748,7.37388027524298,5.75168886881773,9.93546307243686,7.88858431269663,7.39262799808444,9.33884135629437,8.46839675782139,11.2725634367688,13.2836097122143,9.95241276423854,9.26725148778123,6.54757686223335,10.7424368305144,12.4460169029729,8.98775039058234,6.92188805126146,9.15267134468974,11.4339610067692,9.76856409160102,8.29232909084677,6.71442678425496,4.18799265620055,7.64791134264032,8.05103929031984,10.8396239855806,7.97190234432022,13.1082746062645,9.8199990705177,11.7298144994633,8.93501135896885,7.8294769086871,8.52879972714104,8.42007650525094,14.372151937024,10.5967082630885,10.7116483892671,"1"
"GSM2211694",8.80944897436705,10.4211934101404,8.53821164526134,9.9190926401749,10.5819932615085,8.45653433538466,5.92505055694591,9.17707846341649,9.25649316053849,6.28314507800589,9.29221060830221,8.00022214687595,7.6453131214901,8.57774251426399,9.42131223725783,7.65182765196423,9.30067158275099,6.92794168820183,11.6221472819927,8.15449458783196,9.79819072414082,8.47453561455836,9.37113706617848,11.3104206206611,8.50067849462457,9.64140657501624,10.5695763947243,8.80871235606617,8.2639601593426,9.86816408954183,6.15906717896871,11.6880079161597,11.0223275163404,10.633707484363,8.66456762950723,12.7716515743767,13.0949777685376,7.28024088203422,7.78102920154167,5.76906543753771,9.8699792067381,7.62258966391123,8.00825354838138,9.36690956436848,8.84698582250088,11.1606756339909,13.2622402185308,10.270346985819,8.95769046536049,7.65675098368999,11.0493780410454,12.2328042837263,9.34608362882469,7.30695573496083,9.31878234111416,11.3981226460229,9.7965038666022,7.99828862840176,7.78301998883703,5.27058243769748,7.56490420367488,8.5448539029828,10.0503342883011,8.28156014245358,12.9659727707237,10.0438677019952,11.7279418825979,9.15242381318967,7.87113702663594,8.91175054947397,8.22800222654087,14.2968614397617,9.73582038324609,10.6089129605677,"1"
"GSM2211696",8.38382874993177,12.8540080652193,8.36139085377931,10.2494558959927,11.2538469290225,8.13003351070747,5.37940098024958,11.3638963274567,9.94404452130354,7.12180606924144,10.1398576918551,8.0484895782408,7.23633992303151,9.73798416975546,9.96255799325112,7.20071742016706,9.75194749290535,7.02779061656689,13.977175931826,7.9891568558853,9.13437280270842,8.08618491146553,9.48909207732193,11.493212009146,9.47183736673826,9.72886941626658,10.9578970078992,9.1719987330878,8.87251507058673,10.0786736955555,5.45622096312052,11.8788506892727,12.3443158100569,10.4808446203079,8.86884598645146,14.2291693272673,14.7126945331659,8.73380515054331,8.07108887212106,6.08315426542608,10.7430586509004,9.2147308171418,8.00448234223516,10.2150589837457,8.7616509930946,11.4796297775918,14.7950563356926,9.92865062117161,9.36811786629317,6.95799139336038,11.7307692858559,13.1849693996964,10.2128930438842,8.86007477735951,9.92771042682619,13.1441993268735,9.96015082859299,10.9010597575009,7.60408067493818,4.78818967061687,8.23029852129081,8.44125212477368,12.4033422241751,8.80124288527364,14.6539670912648,11.0791439016039,11.4724455412382,10.2147683143971,7.02135791473898,9.41598803053921,9.32829861460501,15.6058065564358,12.1336394168101,13.4592219594505,"1"
"GSM2211697",8.09432213273678,12.3078815655774,8.43126284224283,10.151132884839,11.0254756551967,8.22242711501437,5.60013035236338,10.7563486382764,9.57736738131804,7.3517321632633,9.47645528106159,7.91446691280294,7.50098717983361,8.81548770376923,9.92071955917629,7.18371544865711,9.61476647750894,6.79255131567484,13.4439037596936,8.18589468846158,9.29319115422666,8.36321373646468,10.1900744358158,11.6370659541405,9.20935773693164,9.69065009403609,10.572283866105,9.08451500485744,8.64842595960289,10.0979193027977,5.5024385553081,11.6351453399543,11.8669928521787,10.5716341193341,8.59431987416301,13.7215067940655,14.1535143531921,8.21655059190811,7.79254415692777,5.76086051471598,10.359178883761,8.67190136805957,7.82082995656173,9.82596676498191,8.99480111898249,11.6554512991837,14.1586504295933,9.93966641692272,9.13604174464588,7.25146146096271,11.4467168207216,13.1829736209002,9.4943964877448,8.37844061278505,9.7273323079171,13.0103205048083,9.96231078307329,10.4504900201002,7.78465292058,4.9018005293795,8.01677160033976,8.66755062691582,11.8633659765283,8.42233449938986,14.5896982873487,10.531543469669,12.1903090230841,9.62385570125454,7.56317963897693,9.36389501394657,8.92140095930139,15.6041124623766,11.866420328663,12.7619177454187,"1"
"GSM2211698",8.29034985007383,12.0412004529659,8.58378327511576,10.1757475268384,11.1996744947559,8.11725490598617,5.3440679071373,10.6115043189085,9.90612027835603,7.07731752957857,9.96018481975267,7.96754647218866,7.31942951731658,9.29551454319689,9.62912184385254,7.5249723825117,9.68498688144477,7.09001313164975,12.7496285121675,8.2230130512532,9.07829864333355,8.18381792065773,9.59001345878669,11.6041547983805,8.80445350544733,9.79028507203645,10.7911113121046,9.12409135219623,8.8364586944977,10.0519651898623,5.46582296223182,11.9149423313964,11.8239520648608,10.5838639711213,8.92294262162438,13.8421120589898,14.1762868242335,8.02735836595434,7.99233968795222,5.78803071588145,10.5603029844243,8.61877469022706,7.97459513504644,10.0352109539153,9.06771787417438,11.4579236881071,14.3419949271381,10.1007855209897,9.30522566352318,7.11039132219259,11.5746342956423,12.8516818105178,9.85767451805462,8.09812682663597,9.85279816712587,12.6027311538331,10.0539934372045,9.81025347317616,7.35430236580665,4.52272852738853,8.05394739452957,8.40427615201734,11.6522531927876,8.69564943595338,14.415915309268,10.6985882454346,11.883446352449,9.54168377065912,7.5514953441738,9.30025548242097,9.071426403306,15.2467708571216,11.4310626756503,12.4913718374005,"1"
"GSM2211699",8.60754002595453,13.2477034911984,9.10131582342606,10.1518320343758,11.2432006669594,7.86852495910464,4.99506027819365,11.5844086387048,10.6611045013651,7.88511752183587,10.0003785754852,8.01136270448115,7.08684493037616,9.58461124561688,10.1661030561048,7.35819393638625,9.74779452174459,6.78738036017169,14.1526444653609,8.0307093453298,9.05095679452078,7.99418423691796,10.0426455179648,11.6117883665928,9.37848132672931,9.72232657039981,11.0170095618123,9.1368175561886,8.84062532567081,10.2237610100559,5.21707278240427,11.9696697375062,12.2314147539162,10.7497796275814,8.93824853595056,14.2369876320452,14.7259478099113,8.67945786383066,7.8695296569182,6.43675942756106,10.8381919907735,9.02934859907847,7.79389437759068,10.2828315726352,8.67007439074246,11.4162636353043,14.7696123255538,9.93673708588404,9.86192260549698,6.85305927572297,11.5446457645438,13.5774476317163,9.73696873641497,9.31991912523461,9.91885533031421,13.1055096286216,9.98251864162145,11.3134428033337,7.53493929324099,4.64491596639802,8.47465364389511,8.45383384731405,12.7237961236292,8.92837073514031,14.8357389681858,11.4186811423204,11.4430690219454,10.1904027696288,7.31045917803821,9.32787400668207,9.4468030096186,15.8416399852715,12.8382809337053,13.6002853717931,"1"
"GSM2211701",7.32539679717303,12.4407511216011,8.01732250910804,10.4934758336305,11.3014477298719,8.76254794090865,6.12564438800379,11.2802791681401,9.23050859327216,5.85726019649005,9.99679560764273,7.9347638422074,7.94593649780063,9.39565121448233,9.8696141209625,6.97600691271631,9.79148831049012,7.31510302034897,13.0905336416765,8.4221162631614,9.49062515833665,8.72785282067823,8.74250123573055,10.5663160426329,8.56451320387151,9.595205065177,10.4764282753349,8.98530901192059,9.05661403205378,10.24896618905,5.81758628665994,11.8565700560516,12.8569010940422,10.1911189981727,9.00558325703577,14.2347286047843,15.0204601001956,8.70037374312317,8.28956585707779,5.41774979483313,9.74129290431561,9.44725713421207,6.15173647528798,10.172105791138,8.48142570051036,11.69607540099,14.825748532273,9.30028426997315,8.70176146287992,7.99133865054882,12.3398430215058,12.5834114872865,9.42818856236599,8.96167291736732,10.0948787694972,13.3205913641298,10.1944925585311,9.83924918155903,8.01634108954645,5.52999652785257,8.32747804379796,8.82864686898339,10.9875536014032,8.32175444077002,13.2316184688956,11.0943644190195,11.7991563531737,10.1558404993121,7.43483417628547,9.09666173084013,8.90721505305808,14.355846479985,11.4118518119775,13.6518502964217,"1"
"GSM2211702",7.59163363504517,11.9595147562797,7.81731718417102,10.5221477301371,11.0513377185086,7.73771608792871,4.8514694245648,10.8579689757933,9.06393169043367,6.13683427847378,9.90125574928034,7.50206447369207,6.74282168350772,9.48928628659356,9.62722098593793,6.71604160552856,9.23822979644027,6.48921408287789,12.4102772396914,7.90028810738624,8.62029577078144,7.52362678889153,8.50680766496977,10.3724803989266,7.9082179163358,9.44081274395836,10.2663036846153,8.7030531930005,8.82177998460511,9.99326203436831,4.99964661396118,11.616527516817,12.2682416753533,10.0970017426327,8.78406880012296,13.6757474308904,14.187994963666,8.56299606232343,7.96742388700793,5.27397013678275,9.65968083845081,9.01442320439771,7.21655847634423,9.39073380306612,8.22555701325357,11.2154131702022,14.2678531894268,9.17537483741037,8.72038176159702,6.80090799367187,12.0147595909826,12.1212233861584,9.27032810615141,8.29601235727425,9.82754404569939,12.806083532229,9.86901636638657,8.89948733768212,7.14140860402045,4.16015844800383,7.85165801117937,8.0846870282143,10.8864622360418,8.28629184574689,13.0398206687144,10.5571048444436,11.2071538487399,10.0204257069469,7.28802865165629,8.86538604545499,8.66653091444777,14.2313188936711,10.7102642844535,12.6291730020173,"1"
"GSM2211703",7.54943707139096,12.5009432300538,8.24471994861568,10.5515860459963,11.2171884584437,7.79500589127969,5.07625636104163,10.5164051860396,9.53601568916086,5.53759870857463,10.1069988160916,7.91775998668398,6.63433272567865,8.05040204536035,9.60079850210469,7.23633216879504,9.23559593894763,6.3903606959516,12.6037387997759,8.11468773796916,8.69912480531513,7.74902482598359,8.80409647345458,10.8743946457818,8.15164223907535,9.31262251542401,10.5299351088896,8.55561697426364,8.84892266006376,10.1682198111951,5.01280697925215,11.6419833556906,12.2555581400963,10.1368902190906,8.75301762018207,13.794261968439,14.4526217772656,8.31620358873888,7.48637517627089,5.0104231372179,9.49607332204475,9.08893185798866,6.50662476894975,9.87649814223717,8.33561728935467,11.5741815193992,14.309563690876,9.66973862462758,9.1245269017529,7.10323153061972,11.7003909339336,12.2179102140383,9.24004582841314,8.31179293996483,9.78544552898253,12.7083868583419,10.1300758300353,9.46491441950592,6.94949160837506,4.07328099732386,8.21683223394423,8.03717156059194,11.5743019174033,7.89715957215054,12.4974501954262,10.6884499330726,11.3854311715174,9.98628870747611,7.90149006089111,8.43516135093491,8.90436105600293,14.3299673926411,11.3957608249814,13.0286210864801,"1"
"GSM2211704",7.64192875149945,13.2636347893517,9.04862939859171,10.7509375808637,11.5559903718954,7.48864013968484,5.06182929040635,11.2857364301329,9.97068851117623,5.70222941034743,10.4711020465674,8.20277418248444,6.52232132151248,8.93110311698801,10.3274713412631,7.41141887535313,9.83128321893795,6.37320597491254,13.5416480226303,8.53229918091183,8.40970516295308,7.54453577865451,9.30938605508703,11.2026095354298,8.96943335679642,9.41489804520756,10.8312228643317,9.05582511999053,9.49033609459755,10.5098643320985,4.78247786784601,12.2440222706194,12.7723573984557,10.6856222534015,9.26755274675486,14.753129352521,15.2067814532686,8.85788789734633,7.68674293160664,5.83133691192398,9.94162724784666,9.53151079474712,7.7934087851792,10.7907141535263,8.7722921962497,11.9752533778179,15.2735366725408,9.73484662503422,9.43229756999509,6.99133865054882,12.3030031301675,13.1952239676022,10.1565398993036,8.82709029671721,10.2484836319245,13.0361362992138,10.3905460952205,10.2503855604395,6.98259229819191,4.26405931411614,8.4818166671633,8.33038929247866,12.1509841621994,8.53556133183315,13.9170150353317,11.505847855165,11.7681326886766,10.2854891103058,7.75850182854461,9.78083706141078,9.19801707757804,15.5158006496866,12.3543982419172,13.666163819,"1"
"GSM2211706",9.36055146148056,13.9066256055881,9.79299642511365,10.8161208230353,11.66798917848,8.49260359009218,5.75612154797732,11.6469411585341,11.4814751744331,8.76160795742636,10.375010017502,8.66338335121368,7.55503689665586,9.80194964658297,10.446831480537,8.07050096007483,10.3318325142374,7.36281436906594,14.5518548219121,8.87465515749698,9.72049270023525,8.63504807155995,10.273722712555,12.3938150372931,10.7451428408971,10.3239510619667,11.8395947371858,9.68770770219708,9.75767359769781,10.7370302111051,5.85002859583922,12.4506644622969,12.8319596434622,11.2138270968813,9.29027698461317,14.8784361591242,15.4135779319644,9.39247615961465,8.32505414232206,7.31408706640622,10.9581677931944,9.32926807303208,8.52516828397453,10.8530470727293,9.27186320574021,12.1454004331773,15.5284067715603,10.9734691250135,10.7710691750459,7.87108657069869,12.4369275610968,14.2878093295428,9.73448037716105,10.2256687994386,10.5434662216882,12.8986765458873,10.5869099775005,12.0050674479741,7.96685625180075,5.27275027438019,9.1074131329764,9.06021093621809,13.5635400946489,9.62755251239325,14.4010212671958,11.8265553957994,12.2152524658886,10.4268865501602,8.27069261531584,10.2550727442654,9.62509463350404,15.6593648405336,13.8657037819905,13.4908478402855,"1"
"GSM2211707",8.99018301153544,12.6530672126799,9.079871571687,10.4196349154022,10.90822400846,7.86394254644034,5.02511751204983,10.2109936579632,10.0960112743654,8.08276020123781,9.68161262852034,8.40684740633859,6.89777530665759,9.38842266470825,9.41199029484152,7.62408799635929,9.64485505590292,6.49239533012257,13.325013310248,8.16531381103913,9.07890039309864,7.92942044392675,8.91716063798675,11.6172815641453,9.60302158541792,9.53466920716047,11.2214243057914,9.04236059634991,9.34465449562574,10.1462925724104,5.3590917872767,11.8466907351995,12.0986815055643,10.4749197863508,8.70642825591868,14.052115682588,14.6585430194023,8.62596740900127,7.75152269286847,6.31626612934853,10.2123300193788,8.35242579401933,7.93969389104707,10.1658075217477,8.52273267466727,11.3209552852144,14.7529422863887,10.5797719959809,10.447315087606,7.21040305416751,11.5779555032398,13.2347323505154,9.32648211185072,8.88706475745978,9.72342573894224,11.2306106442466,9.91466586096081,10.4659771783318,7.48760123792887,4.41693386336594,8.07734999005614,8.24448921907301,12.4959853943904,8.39980547036948,12.3223741976403,10.892114664022,11.33874900815,9.46319146233981,7.87311467607638,9.55796873868757,8.76578582609435,13.9669498597501,12.6726388470957,12.2530878360544,"1"
"GSM2211708",8.87004703458234,12.8828915928462,9.43055708028458,10.6439336355792,11.1377950471692,8.22838129202092,5.52849247827472,11.1741966458291,10.9168991913556,7.30393258441201,10.1634053375207,8.10851246569872,7.19209708507003,9.48872306384939,10.3686775153978,7.63635920542757,9.83041070905899,6.83577184427397,13.6411676286561,8.27695916686803,9.60533681721335,8.2047668602179,9.90705099853909,11.9873758503977,9.52917654701582,9.92396043156946,11.2117824043224,9.15011123715745,9.40990052024118,10.2361009042481,5.79014160454418,11.9217963248203,12.3011157420264,10.6614801018323,8.98855726625041,14.6226253248734,15.0648131020298,8.74574476385483,8.04750752050355,6.15099949501746,10.5323564439214,8.96519648956641,7.53275222199351,10.2541751140121,8.63462555473817,11.5232331141342,15.2688421041508,10.4726130257118,10.3418790328599,7.62585697574421,12.0658550865875,13.7203830336864,9.56627522096746,9.57683807091977,10.1717190053922,12.6973577925708,10.0108194935898,11.2550041591153,7.64690457486366,4.60761742497505,8.66841349647437,8.47798859784185,13.0486029801233,8.291008080875,14.6763474011283,10.8582149567987,11.7837654677748,10.204906504142,7.68807238065596,9.52141438495219,8.8660027206423,15.6554487068718,12.7801669718895,12.9073258739236,"1"
"GSM2211709",9.07041894621029,12.5291818722344,9.69178630208716,10.373625205427,10.8672113201344,8.24727118599184,5.54414574258621,10.3739780948359,10.7246772531848,7.65446899313082,9.72523663891486,8.18648464125721,7.3025736214316,8.52268349647367,9.90834213073974,7.63051551032074,9.72403249674255,6.88984851702976,13.0261018680857,8.73191904216265,9.49829308812607,8.24789996945458,10.2326156401294,12.0254722458079,10.086245202261,9.75937150466393,10.9481029080852,8.91116829205314,9.10157792011755,10.3912148289279,5.65921551184572,12.1386266068983,11.8679981562372,10.7336298875881,8.90866849064226,14.190194516057,14.5822228984252,8.00384182759781,7.96260329393253,5.96432172893664,10.2211100611408,8.0838673417139,7.41552840019452,10.163043359061,8.92241832102541,11.7546435863319,14.8862404263737,10.6438155871327,10.3510997723467,7.79425450743993,11.7747413676993,13.5111194367953,9.54086644368397,8.69956154102176,9.80812461924585,11.8104639527216,10.0945068163317,10.5303846284791,7.68237520091492,4.6681589669101,8.37814566304176,8.33266185011458,12.1476805145418,8.51313141799153,14.3213090157707,10.7528348071582,12.0218353931742,9.57396739657311,8.10556517344184,9.86111671662065,8.93335026790303,15.3804835088082,12.5500601970903,12.2177419945203,"1"
"GSM2211711",9.05077441706402,13.7887776934033,9.49768197208248,10.6558118093613,11.6969504365534,8.64460668353723,5.92105969674987,11.5718504934074,11.1559119799914,9.22227302533406,10.4890656430506,8.65787987571894,7.61708424475648,9.93565616780467,10.5531850707353,7.820439377068,10.3889494850358,7.57723883067511,14.6044888962005,8.82460850912113,9.84103372514655,8.637483000477,9.95636820018239,12.0712866948244,9.8727605800847,10.2970519624946,11.4782854243245,9.53886972349218,9.83280299470048,10.9174791660376,5.8835495490383,12.3707394330936,12.6437481664012,10.9853671355575,9.29289625737492,14.9144381229181,15.1567385342562,9.21863898553604,8.30530527797119,7.06697708731155,11.1658159280259,9.17933856246773,8.834465556707,10.6626577499754,9.29645681884359,12.0770523993014,15.4496741569796,10.772402403965,10.6674794317817,7.68460076661687,12.231148733201,14.2395284718141,10.3778328432589,9.90738049213787,10.4867497403329,13.1600978641153,10.5347832333329,11.9788761513259,8.48006231618792,5.42864728392973,8.88150793892593,9.06614139058687,13.3138449257405,9.59130388376015,13.9789678128066,11.870492201922,12.1564237541083,10.7891816471671,7.99979793629948,9.96381440527989,9.91928194539649,15.4369980983806,13.6127470807595,13.720111940461,"1"
"GSM2211712",7.50596904281485,10.274824353778,8.21387924022736,9.54734126164425,10.777645219064,7.49655618171768,4.67313218330629,9.2161585768489,8.72298394895176,7.05454799235747,8.94910350351053,7.75054612389718,6.33307570982894,7.82800962402391,9.16340506026463,7.59494736661854,9.56213013365924,6.20112221945246,10.8875729899927,7.93279814559188,8.75290560803053,7.34047809229305,8.87855967000405,10.6823174634284,6.80114499199122,9.37559508451188,10.0424774102131,8.31293121382165,8.35124048493189,10.1173716654639,4.89158686810372,11.4949306041182,10.8820822851855,9.56708435604641,8.17829107518517,12.7165820280416,13.2314385278972,7.48149031985878,7.43780010780482,5.70493510011799,9.75790148759278,7.68958840260185,7.30131283133849,9.35968489305034,8.60836931941948,11.2313727091823,13.2070878438956,9.78497833066312,9.28419893100596,6.44370168551649,10.3773901822915,12.2936044594828,8.98879477070983,7.38246968593485,9.10602397922409,11.37339012533,9.83372135100149,8.06713803615765,6.31867845607593,4.28997668849078,7.78653720420415,8.11668896971835,10.856177557122,7.87973250039235,12.0253671481117,10.0893571979864,10.7785733402345,8.73024212262112,7.87286761810149,8.27682916096017,8.32403343768946,13.347286597052,9.85887877965042,11.0218361780306,"1"
"GSM2211713",8.02257752523337,11.0787528972973,8.52063366306768,10.0478710274836,10.785737869274,7.61218520584485,4.71982541875433,9.53395621693996,9.16342277374085,7.12407030466444,9.49493901949307,8.02119371384084,6.28083184227753,8.32104963530402,9.66586001318599,7.90078148538561,9.55475329853196,6.50819718624546,11.8105551575524,8.1206864785906,8.5706732706265,7.30415657848103,9.1494161342844,10.9552757142607,7.78113297519988,9.34941454679364,10.5179475447731,8.98188172896574,8.74383601759891,10.2964683128045,4.77477320312097,11.5160713568539,11.6086940023366,10.2013764601746,8.76098518700992,13.4798054429243,13.7688838762893,7.74116429104464,7.82772631262364,6.07288070697011,10.0895144724698,8.06623366719828,7.97887232478143,9.76033778299437,8.81804491354346,11.4050118918982,13.9186534300521,10.2067189657388,9.7084135671961,6.94001987326384,11.2390957692363,12.6260303612171,9.84945727791019,7.41991491521133,9.44323399168036,11.82638197597,9.96785014797076,8.80857884148391,6.73653097096183,4.16015844800383,8.0501558153672,8.14368857828552,10.936126672655,8.58478884660381,12.1430484938862,10.3902253878037,11.1691307346861,9.10857744194687,8.05550222638544,8.8680759686225,8.55084313072214,13.775340106088,10.8552014681617,11.6847534644338,"1"
"GSM2211714",8.11004036648371,12.3854304550645,9.24659236294845,10.3852659237167,11.373265813396,8.00935202828501,5.32002243317065,11.1062745084089,9.85639996898288,7.69818257728473,10.1199789595896,8.26201338585911,6.89573327511937,9.64044446344586,10.4842525424765,7.61594270923346,10.0206536604418,6.68265513051821,13.0692491214333,8.26540213544564,8.93609283748878,7.78753847966624,9.94517766807924,11.4942075205303,8.66984788140503,9.61653190637722,10.9129851705804,9.18497359434325,9.061084736099,10.7007998737498,5.07529882127611,12.0643377973638,12.1922859618868,10.7203358496889,9.27710881140308,14.5035886528992,14.6269899930701,8.634554904838,8.23152735183165,6.67613783581056,10.8483687199819,8.88541239121176,8.77495709155818,10.386677488189,8.96728005621859,11.6468150391288,14.9931959692858,10.0250621126862,9.84292989015393,7.36057246021454,12.033786002162,13.7072416461955,10.582431162489,8.55098898768229,10.112908935945,12.8258756783544,10.1725389424276,10.2466800060713,7.23037003794827,4.69103343316268,8.72804518172576,8.63845327003509,12.1284718593907,8.7363309414698,14.2395251540926,11.0337038592778,11.5071621377574,10.3686334649433,7.97030983687452,9.55128958304994,9.04381109910489,15.2643252882493,12.0676585754551,12.7763945132509,"1"
"GSM3138824",6.2963105242663,8.21072903679443,7.56882120165747,9.07588853596873,10.6265140978995,7.45379572146778,4.30683346986843,9.94341440378549,8.58505492433433,4.82452691717131,8.13873426960362,7.42788017260862,5.68053181895881,8.26868939036708,10.1993677926442,6.26295815853819,8.66699903516403,5.56967962966721,7.81485946384997,7.75885955460841,6.77572632356092,6.63294911757048,7.77961166256014,9.8227640682221,3.10004711967958,8.60614760971204,7.15989080686998,8.15035253529236,7.71445020448836,9.44846212351417,3.75272092642293,11.3755976125576,11.2996692270757,11.7048632173553,8.38797102789891,3.21501422255342,5.46163109809034,6.67360164883371,6.82720473225724,1.34031058491403,10.2233862482678,6.90344531873071,6.26716720838985,8.64796886312842,8.64104287821831,10.5501508880246,4.14551402439636,7.52064679231787,6.86276270815029,6.78511049962928,11.7041538323866,11.9321300278786,7.6280619308153,5.86377783244132,9.03768977924522,11.1239708963982,9.04489473561061,2.10236923833179,5.15122066179414,3.96838989934678,7.17864204299043,7.40602700586694,2.04220380809181,7.20052968774053,12.327883838462,9.41868448536575,10.0735124199027,8.54881026755394,6.53791789842841,8.40858381216725,8.56740524169632,11.7010058325654,3.51872001631014,2.59402724701165,"1"
"GSM3138825",5.69058946337834,5.71282327034249,6.57143714986448,8.20141941805259,9.90626237729456,5.94134572053099,3.14636879767519,9.63749862688675,7.07105894496731,4.09828772959816,8.57793808001321,6.82539991062944,5.45226283128569,6.93786489499132,8.73010417937102,5.4744622637319,8.12045675275669,4.47853174160902,6.43343035721395,7.31305980155888,5.95081303011901,5.95707812065111,6.82979741972836,8.53461298531916,3.42197521456694,8.02118510899088,8.95968573761474,7.1279847222639,6.78553330254984,9.34968396903599,2.2013109854128,9.2130145864565,10.8355671404714,9.18285728701903,6.82214269413447,6.13784636203096,8.5089368128687,6.06335973966419,5.72318166771401,0.147665506971635,8.21029624882739,7.64909066858933,5.52711067562108,8.7645444399778,7.31626078627579,10.4159897007973,7.72632488184705,7.00337109910829,8.4136836355109,6.35571770737336,10.6804191835942,10.4402769315489,7.14196392659602,5.61179861511652,7.80220170029709,10.364978995902,8.63382613853471,2.10236923833179,4.62070594509536,2.27131703230409,6.89003402130309,6.6316871410373,3.04220380809181,6.5558609408951,11.435148360394,8.06434919343121,10.1417277861231,6.55618979791954,6.813874803055,5.13556531776084,7.77385611916375,11.2455044702835,0.933757515588986,3.0090647462905,"1"
"GSM3138826",5.81088369709605,6.38601295407538,7.30526303650012,6.95205994911587,9.15749897756183,6.0633362449096,3.35658650506553,10.1224704169799,7.91905585152226,5.00636524015712,7.98817459302823,5.83293358331485,4.86730033056454,7.06587250736739,7.33198998312865,4.41712908866595,8.19056099122104,4.81295078067958,8.66123627473676,6.93081223739771,6.79880993667396,5.38088582955769,5.81741369527253,8.76040799087645,7.24979423918426,6.78017700948708,7.58369851577656,9.46337507695783,6.54452520304605,9.26679651287807,2.86689194634224,8.24201445817905,11.5638267898685,8.47669307487704,5.17899912232478,11.879165174546,7.47360373975642,6.6446744633702,5.77613054766297,4.96236240437041,7.36680073450738,6.76656351231032,3.52323766647387,10.1754587725722,5.90597681696758,10.7961146259143,11.8150100353292,5.65872292772084,7.26437969166681,6.05763635444037,8.41875161352434,8.68313345544506,7.02961620073052,6.24371153076424,7.2773601920135,10.0515624008701,6.84484974579196,2.10236923833179,5.00536979533068,3.43637627857458,6.17052939720311,5.58525156804702,3.36413190297918,6.38339374489034,10.5334323078062,9.66634740549527,10.2803434040884,6.84837054941285,5.84718088967218,4.94915219352996,6.57637539520087,10.8812846536797,0.933757515588986,4.91595534189902,"1"
"GSM3138827",6.33695250876364,6.50336990471354,8.2194690156104,7.20141941805259,9.66273428581225,7.62866993888182,5.13215493845548,9.05730537031347,8.60512054738843,5.53322478631471,8.88347721436154,6.53337330145594,7.44882374731892,6.90780766113514,7.68141468645643,4.92192124070312,8.97243900726282,6.10471690505669,7.13969915415724,7.80085364327304,6.46538620294877,7.64392023539148,7.35175012292372,8.98643715485179,1.10004711967958,8.63751178062137,8.40225164443903,6.33743808789285,5.99198418001727,10.2798625195384,3.49307710978991,9.49182957498087,10.7985165700083,9.91265122578298,6.83914911944016,9.86726168258729,11.8038539551956,6.62629593405535,7.94171661338095,5.64864961505344,8.017651170885,7.73895128110246,7.03800473689695,8.72220749342034,6.43940901704866,11.6276249541244,10.4969863948977,7.96221377435153,7.99323264004569,6.64259885516152,8.5442824956082,10.1554381553968,8.75485042887962,5.89125856886342,7.89146903839417,11.8380562658662,8.86299709250222,2.10236923833179,6.00536979533068,4.70265634391203,6.72627175900927,8.35553723541325,7.12966664934215,6.36031013177729,11.4961957052562,9.97316637963215,10.8133263763779,6.7994609489319,8.32982568890452,5.37657341726463,8.49356251298435,13.193606891432,5.18168502903257,8.67440066347567,"1"
"GSM3138828",7.41495502076491,9.32991839200446,7.73670829230057,9.40901483746095,10.2196044795041,6.26327381541835,4.61349480810248,9.45196378898747,8.89317721969666,5.8082862761641,8.52919374616179,7.52409548786793,5.99540515631222,7.57635679212927,8.92394568727077,6.67120009630818,9.53399690364903,5.70985728771547,8.62013107140709,8.35795633953321,7.77572632356092,6.81869463649519,8.95661218108258,10.1275024018119,5.00693771528809,8.45002840779475,9.83851241480538,8.05872205982679,8.03928989479562,9.55888611320782,4.25022058589374,11.5803572668449,10.917512557565,9.44886939265272,8.09181455189041,11.2900476142622,10.9492031970921,7.62629593405535,6.83346372272892,5.8321636812437,9.5382230843362,8.01413111679834,5.76871370092336,9.23451761474153,8.23547813155974,10.8889972687135,11.7195528760813,8.9435378495911,9.01743498837132,5.90825873040214,9.20724750833063,11.5339497786505,7.82238358656508,5.64446480403684,8.5330150674817,10.9480432134007,9.50396500295212,3.68733173905295,5.55930540043121,3.81188541366679,7.32713525624792,7.27004933634797,6.46846856279391,7.58602291140535,11.797550260181,10.4142793062457,11.1052367750683,8.75526114502137,7.10421655488453,4.33909871184597,7.64050573262059,13.293844004555,8.40136306567198,9.19888930517051,"1"
"GSM3138829",6.2963105242663,6.525737717742,8.38920868786742,8.89656483652417,10.6477528942738,7.10181039272423,5.13215493845548,10.094128801262,9.32444318076739,6.12038150044878,10.2100516741053,7.53798992952631,6.55179850483661,8.79327927310876,9.04049577976126,6.7429510996578,10.030934656573,5.27689788043937,7.59489377990807,7.66777783156392,6.88761920363182,6.80897948166198,7.55188973741304,9.67374147080374,1.10004711967958,9.17516856656417,8.73307613981479,7.88287222442737,7.87950945075885,10.02050873635,4.70965220453104,10.6326219186373,12.04470210251,9.8426812250391,8.30471552424956,9.44863389931312,9.90125423564746,7.15082258091453,6.88258148929362,5.84413632290978,9.38688498055072,7.55721697737052,6.69316266791619,9.59832024015668,8.30190549329872,11.2198930181565,9.66257246061572,7.72036199351323,7.88339404092242,6.51060330935153,9.45117309121672,10.8123003554403,8.4884319410059,6.80237728777717,9.60809418427621,9.79698957378455,8.91175640442207,5.42429733321915,6.0357434443742,4.20420283644555,7.76629865288085,7.37905995826667,5.68605999786654,7.28875687075226,10.867188146419,9.8785730145503,10.1766550702356,8.64191967194542,7.56546860914619,7.17863403965272,7.97944025281364,12.5563615932452,5.1036825170313,7.69556527347371,"1"
"GSM3138830",6.72161635899897,9.84544457271268,7.70370402524827,9.64620426072549,10.7009730900999,6.8982769986391,4.0886532998189,9.29525807657713,8.70518750249235,6.27413756499758,8.99895443178148,7.56085403787804,5.39622879637137,7.79738367144149,9.04178217756463,6.94914270943814,9.09935111974504,6.12489478699432,9.50291545753523,7.60482592593599,7.65442002733879,6.31377163369915,8.53307988763828,9.91037049693619,5.26997212112189,8.83981995591449,9.74338640859248,8.28785605904229,8.20403465713226,9.51074640176851,4.34332999028523,11.1203933211463,11.2951678348408,9.31927648524562,8.06073624070497,11.6747873478892,11.3884212511366,7.89240973282111,7.03156323076343,5.35711887260059,9.13312838830493,7.72142135654489,5.95562240931662,9.18287200919083,8.658049303524,10.950775729566,12.2026654782194,9.20892001028132,8.3663103772488,5.95978903104222,9.94800468165921,11.5322587899347,7.99187410673897,4.84516215427397,9.01579717339638,10.9085676130448,9.51261255156563,3.68733173905295,5.42806086715296,3.53070366112274,7.48593436850913,7.32760035891013,5.62716630881297,7.40611382139042,10.6765289725786,9.81983159686115,10.5923560301106,8.51133556213528,7.31150208383077,4.6147331544594,7.79706351032507,12.6044841276027,8.123582074469,9.27115959166068,"1"
"GSM3138831",6.55934493010009,8.86092190933163,6.70131743241139,9.65459204621821,10.6188523961914,6.40847173095829,2.90020821040579,8.41156323952389,7.56470627894252,5.37314757082874,8.09920590541698,7.25919833801694,5.64490790922809,7.02445257998741,7.45295703721107,6.80386547918141,8.99546997591816,6.65540950369309,7.92696983017151,7.7649340690181,8.48686593035922,6.4450161669774,7.82361884479924,8.77562108482296,4.42197521456694,8.43225370606678,8.99463161672267,6.74269456637911,7.68500642659588,9.07898720161576,3.57214868078111,10.5393299985848,10.6040528922526,8.24127397324435,7.53958883758125,11.9406645034918,11.9898898408488,6.85816940840268,6.47356777764254,4.80791613499703,8.10106717907263,7.20533566038153,6.37209614071098,8.35899119004234,7.60056380886324,10.5323544574891,12.2086301173756,8.55180772380433,7.75493382779988,5.8411445345436,9.49847880599508,10.5378877281753,8.53390833827027,5.20773223365868,8.68501816092675,10.3318783060851,9.95257998562693,2.10236923833179,6.00536979533068,3.79677852127658,7.25479831410071,7.32760035891013,6.84955873014942,6.07853916336192,10.0667719618495,9.6013989272582,10.3561338916928,7.7869700047487,6.91728512813653,3.67613369912354,7.81990348668318,11.6039840888798,7.48834636726662,8.66727622904229,"1"
"GSM3138832",8.03739222690473,9.25825740687701,8.3501333085547,9.73589214832005,10.590928394629,7.97282395200415,5.22213630529315,9.06047612992141,8.58100809127163,6.49314734693937,8.86788035931052,7.59669923682477,6.8724436338405,7.3379520528042,8.26086439850226,7.32401968427447,8.80375717267114,6.08425280249697,10.6117675984725,7.62166036479925,9.24359477934686,7.51838935330762,8.24020347027556,11.1693790419609,6.10004711967958,9.54956408134567,10.5362015219304,8.5458372371498,7.94307457953632,9.7849746500149,5.37675299182268,11.1834198042682,11.1204446648957,9.71107727595408,8.34098630434246,10.8767923203254,12.3796992430103,7.35881562319036,6.94749896597495,4.77493881255076,9.22524659029336,7.62289315163889,6.14647018412275,9.15801162883442,8.34454983070722,11.3584615537679,11.8088880918271,10.1712909646602,7.59972830231649,6.4578158949921,8.31687199950513,10.6059209356633,8.27861277316403,7.43946251957446,9.42420158034277,10.8779862654304,9.92261194879944,7.27229423977411,7.04323798092112,4.92736263108673,7.43039652395822,8.03854143606812,9.31366683599619,7.71899677667478,12.710065343903,9.56439034034959,9.71622768827281,8.58533614357905,7.47538816879174,7.74938268115418,8.47769112034147,13.7024857995325,9.58121594204391,10.1613495885971,"1"
"GSM3138833",8.69840896783764,14.1381809548853,9.20774653058586,10.3274273029647,11.4495034358991,8.22020509352646,5.58768562175288,10.9468453091858,10.0226467397821,7.30533218660117,10.2750557408164,8.45742444822264,7.30787292195052,9.69109887830228,10.3038518925962,8.35360786885751,9.99873030508175,7.3812345402541,15.5338852186836,8.19654579283246,9.91956209613457,8.28602664321625,10.2402034702756,12.055580632026,11.6411437350291,9.87094247341027,11.9023440266746,9.5373756584016,9.41601046252337,10.135786341865,5.74420942656741,12.343343413553,12.2308632978726,10.9328790340107,9.07755385876524,16.0011817305741,16.3938950711584,8.95707494652498,7.69252111501222,7.38743449702806,10.9279726718938,9.05108887279702,8.45168440544884,10.4749158241323,9.23547813155975,11.785392731628,16.3167878987785,10.5533482418801,10.172168882783,7.28171712592959,12.4907014554034,14.1183488366615,10.1429426221365,9.95883667866804,10.0047250158974,13.2400300412375,10.1740641947578,13.5048484105468,8.10183263483197,4.49370945364054,8.54151171640402,8.63982419047564,14.8340789125565,9.09261434857364,13.2881312839921,11.5886094868081,11.9804030155112,10.2520927354639,7.93429155344222,10.6938700634203,8.90543967136986,15.3237347582568,14.8743464099481,14.6621337228704,"1"
"GSM3138834",9.52017433281941,13.7625246735804,8.36980328869483,10.921107020787,11.10362060886,8.5227678635469,5.41645796104293,10.957939735662,10.4033372280242,7.02990075461791,9.90846789323924,8.41538922842543,7.28876409900281,9.5619537270023,10.1935923844473,7.62341749132709,9.7698098407478,6.73632949907666,14.0384224288944,7.92539874121134,10.0479422059628,8.44187645944683,9.90048030648554,12.0176958720211,10.0542434300665,9.72040478896971,11.7945690672178,9.1279847222639,9.36586435453935,10.195613976898,5.73993477146708,12.5721732552718,12.3946734519319,10.359391072537,9.31892938346926,15.6240736189813,16.699657597912,9.09109822447297,7.61107130139248,5.99136227609296,10.7533280690826,8.55127587752273,7.26020326064008,9.84150642179268,8.9248358442189,11.2440303772791,16.1366693103655,11.0240733028993,9.8144671511095,7.69295305504857,12.1166669302499,13.7401565246272,9.59268264339883,9.45105049384967,10.2344029914018,13.0480220431649,10.1557788417301,12.7561100170384,7.83015931072431,4.83425322669524,8.43039652395822,8.3653850213696,14.7688477295758,8.84905731723915,13.7867373087595,10.9757311714914,12.0396160009375,10.0835870111069,7.60494780256066,9.74222288958131,9.02710950420496,15.2609174576195,14.4962384609383,14.7928815056107,"1"
"GSM3138835",9.64680777135043,14.9791033356799,9.36453385143242,11.1219849505582,11.5576522397547,8.79052081828322,5.80486033381831,11.508199022569,11.6930521766334,8.21067896714435,10.964538228761,8.70124171660431,7.47948430002072,9.68446578596983,10.9246431468158,7.97420463163586,10.3368504334717,6.33000921689893,16.1182712363113,8.17845533584956,10.1115488601067,8.67098847858965,11.0402502277533,12.7771965955626,13.0159264985154,10.1662354417942,12.0620820659427,9.77903641344283,9.67755062167683,10.6140946640664,6.0086659074704,13.1076477163097,12.8882227565107,10.7783793594265,9.5142240398256,15.9596553795798,17.0330203363675,9.4670819257152,7.97889416225049,7.13147347346905,11.1528107541666,9.70099504675878,6.92365806968054,10.9972519169235,9.77958282086403,11.8017470175001,16.5482228980548,11.0817888007556,10.4707931155058,7.77795070805641,12.6085761724044,14.8401885554832,9.92471852488692,10.473193376887,10.5498709633667,13.5534386033663,10.521208575254,14.5515178837072,8.10183263483197,4.81188541366679,8.85671394810306,8.61692378836556,15.4921906861008,9.40329330232804,15.2098552491528,11.5601241123786,11.8841221544877,11.2429761487869,7.77978160438659,11.3926673933849,9.12918737231832,16.74368913593,15.9242603996871,15.1045441876064,"1"
"GSM3138836",8.79638412740094,14.1725871668303,9.29580270725105,11.3547100573581,11.2377264977785,7.65478277920095,4.83149546032177,11.2588012141635,11.1880889979775,8.78426939504556,10.6785916885607,8.03587364198512,6.25371715190361,9.20523079251386,10.7503097676675,7.0085756229573,9.89931093569801,6.44682288188168,14.8373393700404,8.08443542651092,9.1344129684584,7.85691395872568,10.2597852604732,12.3355663510627,11.5798273837087,10.0927064063722,11.1565881841971,9.09376900692599,9.41601046252337,10.5281893159849,5.30911427494731,12.4959736293904,12.402018631291,9.95166133399965,9.19999620361982,15.783326650951,16.4251052220652,8.81500522913551,8.11099769825783,5.9660194279785,10.8360050918919,9.32739435055858,7.9706320051225,9.84046514059202,8.76657376030217,11.4851294010307,16.3433767896864,10.694067543086,9.87679466201068,7.07526624846216,12.8511036981054,14.2649599377465,9.75228745957722,9.40492410086998,10.3630900660394,12.685198748327,10.1502477357568,14.4871529884251,7.81710315789886,4.02133877929574,8.7716718249797,8.43624161891395,14.8904355091856,9.14082344161626,14.9657736768341,10.9407157303605,11.9241995938631,10.2791018557968,7.42614464977189,10.1852488840743,9.64761612178378,15.9813796161976,14.8689225651927,15.0952009713178,"1"
"GSM3138837",9.00623129541827,14.8083628519337,8.64530704649084,10.9890110852888,11.4356145677089,8.80516759424762,6.00921883232449,11.4159021752482,11.0046315832283,7.30340215950277,10.3273119779478,8.62951403377827,7.53243317996968,9.24183389854038,10.2464317767661,8.03104296308323,10.5384842946413,7.0945211379508,15.7822167398082,8.45131688763511,10.1321427948336,8.62189392906148,9.8602995081257,12.1116047749317,12.0263431144607,10.3159068339134,11.6104985751203,9.41800356919652,10.0363782993757,10.253611089422,6.1793803453433,12.5375035708932,12.8528229895662,10.4347537026656,9.37830793054819,16.061565649032,17.1972012245238,9.01896562030574,8.27403631411491,6.80179003220019,10.5809836556346,9.60484141412982,7.45168440544884,10.5093936332198,8.9844787906463,11.5962533155596,16.7594384088175,10.8094373251973,10.133937502573,8.05171152048326,12.4330257445065,13.9721781885186,9.35323660671034,10.6691496682198,10.4796339711537,13.0847694462601,10.2706897411679,14.208277746903,7.85592240678939,5.1398122491756,8.9552380322418,8.72795510075431,15.0736465636859,9.00974016637661,14.4136482002087,11.8241076597209,11.9312967688034,10.7869700047487,7.97868567280067,10.8173893577346,9.40989280447917,15.9386589165361,15.5651619643175,15.4399746016158,"1"
"GSM3138838",10.2859685800448,15.3381865754419,10.9847584682482,12.0790078778129,12.2216293149815,8.83402245691981,6.02083791559133,12.1700330251689,11.7482288837856,10.0582181295721,11.3215983267534,8.5855929845862,7.92289265652785,10.2892367677712,11.280612623763,8.56852280721666,10.7831066633613,7.3643607216897,15.3729322463221,9.24298136582274,10.5237026985396,9.17317330352635,11.2998391909983,14.0034978487559,13.1600674741874,10.7541818009541,12.4407747162424,9.95453320955482,10.7522051264838,11.0842723741455,6.05068912236611,13.5309092194588,12.7077800198374,11.5307805904393,9.88695467344775,16.2372230760492,16.9572030199202,9.50076505197149,8.84899342102253,7.89393987883039,12.4625674484453,10.2253734136181,8.85367269860663,11.3513356835486,10.5003996469378,12.2909833397303,16.9674116841991,11.9920557858805,11.4019853567344,7.94388264013286,12.9494239587445,15.3147870345374,10.706285156508,10.7243077593996,11.1200312269708,13.8667259052847,11.1288465139431,12.3263709125299,8.52492240640555,5.38679424972402,9.21984571526629,9.52502299342368,15.8988724889335,10.4627515365036,15.7688789713554,11.9404969247119,12.8802562462755,12.0610695745455,8.30606819778014,11.4689239934246,10.6160648733573,16.9079463057427,16.1356899675592,15.3230814501919,"1"
"GSM3138839",8.53334972156714,13.0567592094352,8.66012938619636,10.3965670031982,11.0870567639855,8.4905074998243,5.96178348952674,10.6417387329246,9.57491647754474,7.35835056890066,10.366686216282,8.04887098251399,7.77967646525679,9.25681529007879,10.1375411603701,7.33179703486618,9.49758626345935,5.99936390491046,15.2332232101519,8.03753445154189,9.89567147592655,8.67634171308386,10.0335741628975,11.9314654060668,10.7330423168225,9.65038158087241,11.3011880087836,9.09952827621467,8.7217182049524,10.5249919534964,5.65166902042463,12.1876184346748,12.023088289404,10.8994098767185,9.08113226913449,15.0817779899068,15.5780183828527,8.31931818063396,7.95899460481278,6.4566545461515,10.5663813544468,9.06087937598982,7.75721806208553,10.0441355883077,9.4295387730246,11.6569978003011,15.7824354780924,10.4545822109406,10.0685207673499,7.65437602293788,11.7241915856231,13.6031046116587,9.85452266631741,9.29090261401889,9.73946594494913,13.191715503034,10.1831206905428,11.922548200747,7.91838649373604,5.07867195436169,8.15279391566409,8.9139055261227,14.2160370717739,8.65877925384067,14.8278693342357,10.8541551117979,11.8763799509679,10.3273423544458,8.04412220772101,10.282230412934,8.84486423112678,16.1868194893737,13.7167557245094,14.2140943012964,"1"
"GSM3138840",8.95493006671276,13.7460974407001,8.86698982932755,10.8697979269614,11.3530497866796,8.73652592864249,6.02469024108693,11.1110475937198,10.4283294206469,7.89798907911233,10.6064132486237,8.09346113353807,7.80410650407734,9.70208670781225,10.0392082339008,7.82422456681599,10.1486150228673,6.84978754885995,15.0876895061575,8.39954685985631,10.1702581674051,8.90558780546137,9.86180781463098,11.9705500923952,10.2972638127896,9.90999524997404,11.6853638706921,9.32274157668615,9.33302109785233,10.4761611909641,6.18568033369903,12.6751067776153,12.4859802027569,10.7478098270087,9.46577077179853,15.2952210620858,15.8342422679584,9.15979539107874,8.15163968275518,6.61410618412829,10.5751604588653,9.35948102750449,9.19261806210421,10.4389060257521,9.08850185518953,11.6925134361723,16.0466930251956,10.9656887540506,10.259314636584,7.83425814895836,11.7439548404446,13.8204060556185,10.8799864832718,9.7262165072514,10.2438509298233,13.1729435503544,10.369205481809,12.1535781792466,8.4309205212922,5.05981292711038,8.54778886209018,8.94969309021703,14.2714732703586,8.84490567396868,14.215660249079,11.0695611028182,12.3476119896994,10.4630803935281,7.90870614324774,10.0569554830645,9.19181504038091,15.6040049272873,14.3629026860677,14.6003533255366,"1"
"GSM3138841",9.90849449372248,14.7411027028477,9.46079782091542,11.0427216720335,11.6026291484731,8.54038340646387,5.73133129839634,11.4977108864195,11.2131455745848,8.07810984766053,10.8047742995631,8.72977051425944,7.68930202858654,10.0777326625775,10.8655751244842,8.11306272805513,10.1962521032989,6.76232470760961,15.324814366555,8.56534459720591,9.95852112525427,8.63569972858651,10.2586407185322,12.6429646332044,11.775122040065,10.1317759710508,11.9533553411441,9.52030214504266,9.82992742190829,10.4865301643477,5.88636181054046,12.8806935070839,12.6259054850477,11.1000444048025,9.60319133674675,15.7503908629608,16.2972078431291,9.24357030184424,8.20088320177503,6.69345741041211,11.188530020323,9.46331683848903,9.42857614246965,11.0816334861296,9.63818888116315,11.729710479174,16.313710626158,11.3784105304552,10.4771090156525,7.50193844822441,12.6562875211213,14.3871637165789,11.2745104045791,9.63772007440349,10.708410009281,13.3877407546957,10.5578772853014,13.0271817419376,8.16502646131917,5.25482890951552,8.85502757147518,8.78922841802378,14.6861727040141,9.63011549558852,14.7931285191962,11.2726731798117,11.8004642254408,10.9287439658769,8.02968857623477,11.1713225080165,9.42404106652514,16.029961921418,15.2966602092937,14.9899183526702,"1"
"GSM3138842",7.04967055668317,13.6478688305511,9.23275053671575,9.69174504463567,11.0176666477519,8.19817878719646,5.58768562175288,10.7980750406214,10.0091565060414,7.34340022743469,9.95164871700312,8.22238567239922,7.25765356646278,8.78916316463653,9.80852660435977,7.65269056890542,9.47903044443111,7.16442315118095,15.0797522066346,8.02998764248854,8.8822259448616,8.31377163369915,9.44123213181071,11.4494304966993,10.6236090757366,9.83981995591449,10.7382404845195,8.61983781859358,9.25000051108444,10.5112081380633,5.34332999028523,11.4880518953129,12.170702186414,10.5063742532574,8.46120093889654,15.3824846389977,16.0945657274195,8.18261529632156,7.55536186880619,6.81806885135792,9.98727752184148,8.76485314454522,8.07683599628569,9.74575764390717,8.534566250089,11.5575413935308,15.7044954494997,9.89818886241623,9.70365069219561,7.42151976576911,12.1565366879971,13.7191290181874,9.7074764273099,9.39375890939261,9.66546536350535,13.1456659674975,9.8264712164771,13.6750694648191,7.66023430928199,5.18111922333251,8.46176069486755,8.86615239467433,14.5869268058473,8.65877925384067,14.3554968423464,11.1421402998607,11.6383773512668,9.85436929003429,8.0789497962741,9.8741694073228,9.11899160521243,15.7923509252594,14.1019595218263,14.755579067429,"1"
"GSM3138843",8.52457951193941,13.5441733145611,8.36528780757234,10.8805643578305,11.1318883338828,8.50134130573557,5.28129837776129,10.689624782429,9.32927633450333,6.84590056796387,10.0585639209196,8.40025592490027,7.06893419173419,9.40673033078961,9.74676457670455,7.72534511117081,10.0149223385843,6.80045983649638,13.8450528406502,8.39171674543388,9.78731429783613,8.39718764188679,9.36244472371995,12.143226754105,10.6774759477153,10.2682779709557,11.1697535534987,9.22074186318375,9.43382173863982,10.3737507798161,5.87860536690603,12.6428514229055,12.2694676928445,9.85020834667505,9.53176462113474,15.5817234716169,16.8803094811642,8.64010173358038,8.07974676427339,5.92902522049629,10.6833254708654,9.28506285285226,7.07419127503013,10.2471452230693,8.55891611150474,11.3603711437766,16.1228433003308,10.9108626924513,9.610375546516,7.70809959880244,12.2307830227914,13.3654851819795,9.38931421358589,9.25433264652082,10.4683942200499,12.941856485948,9.96733375231695,12.3359889150915,7.52759654070388,4.66986640879436,8.46286833027005,8.17245950897382,13.895903228392,9.07853916336192,14.0257503295756,10.8908552158337,12.042167831113,10.1509333194333,7.49653397766329,10.8585280525281,8.81359523421496,15.3671093579647,14.1612230450907,14.5069165832416,"1"
"GSM3138844",7.2963105242663,11.315547210228,9.44733115188745,9.45775917131238,10.7480915148558,7.67406184169584,5.01310226681172,8.99569779471823,8.72366016256383,7.10937690825997,9.39416695270407,8.05210210377701,6.70956086757034,8.39323448830539,8.50797771711743,8.46388441156438,8.72326725481078,7.13487887556694,11.69131439769,8.02998764248854,8.60943257256548,7.59952611603303,9.39822455272322,11.2203029771236,8.85493462184304,9.86874156521699,10.4870874226735,8.13921197768716,8.75751892638024,10.276063809318,4.94324283247235,11.1655562943377,10.9493742127851,9.91982288118523,8.13835713782744,14.0356585811931,14.2297051208648,6.87694661543331,7.75979181084822,5.59769842760668,9.56784825344548,7.34924507178024,7.23674428781609,9.10869845310013,8.12565485360699,11.6438427740778,14.5311161349412,10.4668954723795,8.37881937215537,6.73422933062709,10.7406797084117,12.4756075807763,8.45918501880586,5.68690007035724,9.34564493157998,11.5885904245276,10.2240635812965,10.1412882276241,6.88540917128977,4.10956596230748,7.63094679998596,8.63657487594694,12.2758234848515,8.30698062937117,14.0213211758177,9.93589432364014,10.5883706821595,8.57810457434798,8.03363936384541,8.44431802390047,8.73566296566093,14.611839637962,12.0999205982351,12.4019187861634,"1"
"GSM3138845",9.28596858004484,14.1337508024655,9.05910244923072,10.960541425871,11.6341353255588,8.41230359254931,6.15342355520914,11.3760557215352,10.3220205185005,7.71699044214455,10.3443184032535,8.89542950904861,7.70956086757034,9.94343157086587,10.6125308190661,8.32011522981855,9.90453494276102,7.35584922183419,16.5354405733901,8.81994301646927,9.84943600974393,8.87565052130727,10.4054821068615,12.051940743526,11.5919002160093,10.2120951355625,12.1825292690017,9.84223023993002,10.1349421338593,10.3548382976372,6.21984693685023,12.4559226821427,12.8695721438634,11.1214567423549,9.40139154366123,16.2957901205491,16.7526098858667,9.0076503070779,8.20812687410165,7.2561899637498,11.1111630568081,9.35380335374254,8.27697561077501,10.954098248169,9.16187504151975,12.0329461506728,17.0022816313076,10.9754893174924,10.4963709178132,7.94707797929267,13.2143485647058,14.3744788806338,10.2234249557626,10.5394635035764,10.1959800802041,13.5791160665145,10.6690633185912,12.4893094836561,8.40206565862002,5.41179825585392,8.66503162964978,8.94838333521024,15.3945921369564,9.49357666264076,14.013892011484,11.4777792328882,12.7618387583916,10.8195308665329,8.22891230233384,10.3972328878307,9.48961100396541,15.8172262191253,15.0248622739655,14.850235935539,"1"
"GSM3138846",8.73688311565228,13.2758906810283,8.94471212475206,11.4637380238018,11.587006959649,8.28433543094618,5.84463086251091,11.1045342867611,10.0404397099089,6.63802097632632,9.85409340758044,8.50535892528634,7.36737393369918,9.51037956144968,11.0571301418981,8.71646088510151,9.7034224434139,7.51721220977308,14.7898244076476,8.39759331177055,9.8016695908132,8.45439449929326,10.4917886254338,12.0945193675203,10.4129300749639,10.5034944326497,11.7981059531297,10.0378778060339,9.31391227490463,10.0359939838475,6.25022058589374,12.3345349559358,12.2813511977222,10.7558471460741,9.86567256195993,16.0099207871189,16.0714254517914,8.65740153429621,8.97323652738856,6.4566545461515,10.8347871137352,9.65464306174512,8.87662167201439,10.3244031182587,9.05892873980618,11.6744263948926,16.2659418527959,10.562556964896,9.82821448156561,7.73422933062709,12.6889407384401,13.6866850187953,10.6957860167869,9.18478082627685,10.4125197752951,13.238865951577,10.3273386252633,13.5618008569691,7.58520726387397,4.79677852127658,8.81308331966429,8.5372715391452,13.9954908759699,9.17760329089102,14.8144049128492,11.2108796002523,12.3756320337098,11.2129429817087,8.00441249791904,10.2932950222328,9.09526423024988,16.0309387740842,13.6352805821634,14.8958092090628,"1"
"GSM3138847",9.15571219409349,14.8377828710046,9.50935464109362,11.5118518741021,12.1468830721127,8.58520191030571,5.79587155059105,11.8255916168369,11.4395479456124,8.38961478241751,10.6480991514306,8.72775134662279,7.51937702714423,9.22059510216604,10.9604541224864,8.25752427248756,10.2492265681639,8.03178538260284,16.0774763627959,8.69029526812534,9.86044900246635,8.85455468585176,11.5354445743517,12.8886710749116,10.6774759477153,10.8840778755994,12.2130551358562,10.0587220598268,10.1322174965228,10.6383923627254,5.68762589820104,12.5839011031659,12.6408835436249,11.0238822329663,9.54650825152104,16.2314743275326,16.8253643405207,9.58597099055277,8.67520163881219,7.60005384860481,11.1780028456205,10.0227442471031,8.39134661961058,10.3429042058747,9.31982740129598,12.3724519274168,16.6741449540817,11.507196837104,10.4323058080774,7.4711949247933,12.7650638670387,14.7687424322662,9.86499945469274,10.5164849397983,10.6298766067343,13.8754915474633,10.9871184043314,14.1034255129666,8.34559870696099,5.22692291294563,9.24066043218523,9.42592656330465,15.4122100235927,9.53281829423361,14.7576212225524,11.9446485679824,13.0343156648071,10.987239615187,8.20224863784506,10.1518671300899,10.3108051033091,16.5075366565279,15.060058674281,15.4484411461077,"1"
"GSM3138848",8.77435782107094,13.3541427670269,8.03086876850178,11.0201791033824,11.3585808926529,8.22020509352646,5.52379200515425,9.82069123269009,8.89317721969666,5.76406227590741,9.31298519644872,8.21375536725578,6.78786586307013,9.05219757047032,10.0615760469293,8.0500260664508,8.84056261366969,6.78785979971674,14.028246024502,8.45507880643131,9.52888914525493,7.97456554737995,10.5072912062034,11.5135952040501,9.79004509109902,10.2051339879635,11.2561238577481,9.2675360746627,8.85988064400992,10.0783641417741,6.11151431506215,11.9784416328425,11.5701748823407,10.3056532013816,9.31892938346926,15.3917327992976,15.480526719212,8.05513923285922,7.81776503637094,5.25917382218863,10.4550564831923,8.56706476332686,7.44145973443838,9.07545112877391,8.86750266915295,11.7823437096248,15.6555790262494,10.5853248499571,8.99594192730368,7.25618203382245,12.1977247342121,13.0563601170728,8.29912704682288,8.71664741375129,10.0441932990829,12.4755227933513,10.7097411157471,12.7792078448059,7.4675892313396,4.32495499590616,8.85418364337806,8.42874708236703,13.0471264866609,8.62043294219119,13.9315818499268,10.6894478196266,12.2389954273866,10.0048750350928,8.11171109143145,9.47487549087644,8.91135964291368,15.4449528874009,13.5637970682451,14.0912137876444,"1"
"GSM3138849",7.93521183209825,14.050866968946,8.97565315588981,10.9723323441421,11.5137088921671,8.60877038144412,5.56140629695403,11.2800378494101,10.3147280259342,6.37314757082874,10.1273166121739,8.464716940789,7.42101189730125,10.0794190392053,11.1602236348622,8.0500260664508,10.0003577108278,7.24037200441425,14.5625777761475,8.13221115108033,9.00143910318898,8.40688103809063,10.2168205428376,11.8068089625762,10.0099402034496,9.93124298367808,11.8285163991411,9.431765470441,9.41601046252337,10.4503895720853,6.25022058589374,12.4747515702601,12.8018522825715,10.7631755596384,9.53263607693949,16.2151903220399,16.1796216129621,8.67091423102918,8.56667718203402,6.62339893793803,10.7207307708988,9.7936571731926,8.5022402111228,10.149628717155,8.99343965821792,11.4466147066243,16.3335699085097,9.87126756310094,10.371535645695,7.34121813767825,12.9996097159128,14.3194925687146,9.94528521590239,9.69796523432019,10.7015693371906,13.2433232035529,10.1957050261428,13.768593241135,7.85166037993523,4.75048486900265,8.88508480533136,8.44555537005358,14.6571436554025,9.50151084418298,14.8309498947575,11.5986282426331,12.420315183429,10.8633208908788,7.97595070507943,10.7618274475208,9.10769240509103,16.2935597780373,13.9421861376596,15.5776146944517,"1"
"GSM3138850",8.99357599461224,13.6968952652148,9.46009217402393,11.0379206857697,11.386825272018,8.44633991654873,6.09599527516007,10.9117246271997,10.15648360122,7.67431710554931,10.2466935177395,8.18755029690838,7.37101251076253,8.62335427166644,10.9085156467012,8.67833459709755,9.38747650654167,8.20763521800225,15.1167020358818,8.86163815178585,10.1115488601067,8.68433450383739,11.0442410879493,12.1898701830543,10.5263118743817,10.3287737646057,11.2719806194914,9.12233815912276,9.42938949232456,10.5381922841702,6.27406732784811,12.1773334621141,11.4428815571929,10.6867596636555,9.15203207472451,15.953088884791,15.425923827107,7.57163471782001,8.31710503600679,5.74970152105173,11.1081417048329,8.91582904318654,9.11978814147024,9.89664797598514,9.70789785297456,12.2110009547586,16.1896018965923,11.2123369854148,10.3334843400068,7.87509186646694,12.8781832321616,14.3265018912147,10.4055530080825,9.21590616510438,10.1424306119274,13.2728177972896,10.5025186920131,14.7094683324253,8.29627099459742,5.07867195436169,8.84995658192775,8.96142768303496,13.8276562762504,9.10655353953151,15.2387795259643,10.9581135298724,13.0238406659413,10.5853361435791,8.02704869436207,10.4694660543143,9.41989419663667,16.4084663858008,14.1639280990848,14.5724993820007,"1"
"GSM3293897",6.75899968361242,11.4206871000933,9.85966505458733,10.3357785308576,11.0530118204699,7.2967709865376,4.65717017017736,10.7866439120468,8.84558840258439,6.45645431240222,9.4382445254869,7.85660134282927,5.87162359740816,8.34916398522529,10.5747491934182,7.91773148400175,9.09001640644786,6.2619710410672,9.18430526341307,8.10209329509524,7.9792373478647,6.53966945713478,9.57433573314992,11.3724449994328,5.064428808578,9.48692970500903,9.64912196370534,8.79501760660166,7.37728507410055,9.98130295900655,4.62854715736543,12.1360075331045,12.2245363522137,10.8817040445392,9.28621335811731,12.8448354088869,13.1969051583759,7.04137750002859,7.03173911358993,5.33687448501739,10.469224455991,8.92009072664211,7.56747863505401,10.0531578112591,8.28029940450896,10.2521404242453,14.3485944917111,9.18545951258028,8.58408334860536,6.80077153212758,12.4999246564439,12.7217688317156,10.3806358446325,4.40036583999369,10.1576506891177,11.824400157792,9.93342371004195,6.78886680141087,5.80551992094166,3.33919296953446,8.03446752659032,7.41624861343002,8.10629860731967,8.69529798823919,15.962323433403,10.4550108234679,10.8480227575688,9.99474811154037,7.48569747402247,8.417556592872,8.99471484542441,15.3424934865988,9.43865460728579,9.42333036666658,"1"
"GSM3293898",6.91114243042365,10.7296645633272,8.78171710007239,10.2904444218645,11.2345985407845,8.44915899092727,6.05649983825753,10.591093377504,8.86993330379761,6.26175702294065,9.90220145263401,8.27258459577622,7.74072873316734,8.70645349658302,10.3340042924458,7.39650666676819,9.87169683364037,7.07002023053718,8.14536726805292,8.46193056110586,9.66915648418781,8.5804041370308,9.23125168888143,11.3610605337955,4.34488087846997,10.0227453630076,9.71840343388533,8.92948968313143,8.13529370429933,9.7183508065603,6.00843915008046,12.0667375774206,12.5200833316322,10.1839000118025,9.21200223662886,11.7226039110404,11.6043184894243,7.93246813815843,7.06114428222449,4.31518850857516,9.92038244731887,9.27151523814074,7.14701643672545,9.85604232970853,8.63023482821441,11.2424140556282,13.0508581455367,9.60420007406512,7.68700302563152,8.06946150182395,12.2161187628227,12.3986339999487,9.33888767005536,4.84416753106394,10.2086165168933,11.5213518263205,10.343947832438,5.47381452459517,7.37325614761469,5.30512434472619,8.08640490571228,8.79178108923996,6.07845902023605,8.07387421251515,14.1343078871667,10.0442840354822,11.7165407647008,9.70156293637731,7.54380899868677,8.09855653187773,8.95953815015999,14.0988106821415,8.50508082141946,9.06323606824545,"1"
"GSM3293899",6.64314602809422,9.88119793501795,7.1232490920806,10.7410750238826,11.1756872008336,8.47062772502807,4.64297045394929,8.92901340200559,9.09986784186753,6.37187011637574,8.71165734161129,6.29841495374359,6.12761066441565,8.65794519386182,10.1235277328133,6.36302614272729,9.0512947598127,5.64164309269359,12.2056778001131,8.12245630985891,9.05339208986928,7.7503308742852,11.7030138531793,11.3171509992239,4.99112480461914,7.74638718914401,9.49396540326659,8.77401351739356,8.99145811286026,9.51821219922626,5.18126857197726,12.2290593627443,11.3690520422474,10.7024750599613,8.56171000654682,12.3902681436167,13.1366981370031,8.53555401322728,7.50610964221615,4.29583125109941,11.3718918058281,7.24261261011742,4.49267380521512,6.71751000880958,10.2894057114747,12.4883296944292,9.22743988180612,8.88563979258169,6.32708949164615,7.70216210408582,12.8689940796937,13.5402444599592,6.8185761059413,7.29170946959876,9.34844762460135,15.3181609097046,9.84194122771309,5.29500385045,8.15025897657043,3.74458522078257,7.95577962100009,8.10498835466421,7.29610467635591,8.01486780947358,14.0332726389828,9.27500491144229,11.3066387567975,11.3703737514646,7.22606559565976,7.91784033042064,8.09905711483323,16.9042312071459,5.74495332890896,10.7452728281407,"1"
"GSM3293900",7.36122390321726,6.41597400919614,7.75754612983852,9.4643480207963,10.2531856583817,7.23799338002597,4.21917408837031,9.34498991347513,9.10261236162226,5.69591816646207,8.44842164570521,7.57604142738307,6.43400119604731,7.98028243520338,6.71998985789657,6.39993232555537,8.96048131898685,5.75408229727035,4.41021183758067,7.19238041204872,8.34391936841575,6.89392484627998,7.16669694737193,10.3805574499114,4.11116580485739,8.66190287015744,9.10009201070705,7.9791296688214,7.1655279499506,8.84531449509029,4.77062729315766,10.6594799021575,11.375201992242,9.55713697952183,7.91623307035137,7.56815568063398,7.75405774804859,7.68029515833955,6.37953356795484,4.83543466812671,7.63476157316676,7.23049739178718,4.97002173839039,8.67784741474648,6.95396587906763,9.83073610520553,8.69823347059892,8.73399789537282,7.49737319660008,6.3420547000361,8.01893705760448,8.87721968503472,5.49718881610786,5.39478789131581,8.69357220601062,9.16608265949968,9.07612496841821,1.70968072104533,5.42643550154012,3.67986301203248,6.65778080954449,6.73683567799884,4.90419725750525,7.11345699007732,9.64944030322699,9.50965039645208,10.0025790621937,7.23481947498425,6.86147834261484,4.96012341035995,6.98520305502183,11.675935253986,4.35937139504856,5.02472221628595,"0"
"GSM3293901",7.33480077185374,4.71126302968706,7.2296418586221,8.88597418728661,9.99714010718785,6.42557037573439,3.73830327904653,8.39558696559523,8.6971815971341,5.68688726466073,8.6867129823983,7.05430308664187,5.81293832842339,7.62665309473589,4.56341946832131,5.79498540299314,8.30178457795576,5.165389228778,4.13526278321674,6.79438800379426,7.13945734740208,6.3218069293633,6.19400343901308,9.17161300141882,4.11116580485739,8.65089550541651,7.4152132715084,7.84600522055177,7.01410222886001,9.17372034686617,3.61835307450473,9.67798926451799,10.4157987604869,9.43632867230804,6.96265081925378,3.1932452034843,6.30209945553604,6.60016127162502,6.61265180192492,3.82145341378073,7.84775389570733,7.03330464472064,4.79131917948521,7.6941908418276,5.88989846408056,9.71813365148704,5.35221839565407,8.67486107692487,6.72975634588203,5.58529219424297,8.00111746213777,6.09941763797263,5.93934400990815,5.13831286242484,7.83925568380921,5.94483747944827,8.88466678445518,1.70968072104533,4.90202843091328,3.24855172873997,6.32065118134679,6.32482264576099,4.67823261525877,6.62252143476276,8.380645321806,8.82253296930184,8.7987831678115,6.97607920393961,6.88168325209168,4.56695803518772,7.45803706816864,6.61297677614105,3.73534029362041,4.3912095996802,"0"
"GSM3293902",7.30025171757222,7.77454997647226,7.66558567954571,9.21024304193195,10.5070363959468,6.96568409887866,4.14748231705816,9.32788350757409,8.59846907408742,5.39861344479977,8.43503387877271,7.32390160400528,6.3026315079842,7.53724133627233,6.86605521542685,6.45960050040545,8.64366240898046,6.04072016796194,6.23927294545578,7.50882909676094,8.08868270282951,7.0158811683476,6.91013150376785,9.52980593819837,4.14872795714056,9.08412665604174,9.26354174436983,8.07359128394351,7.39697796543946,9.28774526535149,4.41110607161864,10.2935406884,10.9295948449484,9.35040545422288,7.76600652210421,7.45568427720026,7.57280307746677,6.90588891462701,6.16294741343598,4.36483140895092,8.23436477619941,6.81326392149202,5.17315622496401,8.73122458816604,7.00463887415902,9.9925547283633,8.55966786489052,8.67365515579927,8.01845633198955,5.9845765740272,7.7820805663813,8.76040131727362,6.38764210393048,4.96192529335723,8.64483109028158,9.19100158227455,9.78483715259621,1.89078581679365,5.5820176879884,3.74384008982136,7.19738559140727,7.19894411481398,4.69108443680381,7.05916764282951,9.35822342162517,9.20785218992684,9.40098520352903,7.08479479843923,7.11998331341275,4.88791283882837,7.42410030821196,10.5180432024051,3.94598279051841,5.7237825422607,"0"
"GSM3293903",7.37844400938297,5.83614386123708,7.56960337561718,9.73154238650174,10.6234841405668,6.84239804076176,4.42787640075966,8.78025442566953,8.44360327774144,5.06169337936358,8.90532224621379,7.59961500920433,6.05182117091498,7.71133091723421,7.0992163491266,6.98149091379618,8.84889720691044,6.15656368226485,5.30865317090702,7.81149340073859,8.01525060400878,6.80577437013859,7.03680247571357,9.37090668215446,4.46158723773954,9.77311621040371,8.79628617700815,8.14557408752196,7.49721901782352,9.77727523367613,4.57488261209462,10.5774326413749,11.0696773054593,9.09792411287226,8.09077118769605,6.61619068986125,6.60869571568509,6.91610180224757,6.81685051883986,3.86761087757661,8.12406139238337,7.32406652647201,6.1177642768735,8.50912700905274,6.65661474467688,10.6669137534563,7.9592060160288,9.02287478380735,7.30920679936376,6.11628467773612,8.23132862718401,9.06579753363403,6.65836867949317,4.92035702685576,8.86106339851187,7.79960006582777,9.65349217091654,2.21763668040842,5.46166180927144,3.75415000584749,7.37893521947193,7.28509115049707,4.71165660355523,6.87762675672986,9.76385915374314,9.56745494689421,9.70883793410094,7.27172050520514,7.60907125971399,4.98986995093322,7.51357921414316,9.69517482206398,4.17560951229295,4.28907499057271,"0"
"GSM3293904",7.27304740097184,6.56495605683202,7.37104237654426,9.37508068269921,10.0374533825134,6.75301944852752,4.25787922849402,8.25604672284777,8.0675649308715,5.41459512429191,8.39749242729209,7.43683023730193,5.80451814026284,7.53182219396095,7.41535114664004,6.51644408998053,8.53869284937891,5.81109141455225,6.45012657903896,7.31386420200343,7.67251463371115,6.27271944817368,7.2756201681936,9.4835741643265,4.32248457741173,9.04622326830876,9.45008702311612,7.72322961592567,6.8172656855443,9.51114862782554,4.08230376170023,10.1893801447197,10.648347367354,8.6024362780448,7.72052787163993,7.47375519196416,7.99712307841918,6.55772829503272,6.85470088225419,3.99113748433754,7.74937162775995,6.89086794744484,5.17879400107739,8.19625760598183,6.68999218370582,10.0584241254993,9.18408347384231,8.56535123178427,8.64615174159505,5.56898937545563,7.89069149683379,9.16346449150178,5.84130931218219,5.44702180506382,8.37874026482585,7.47224255642488,9.15653471211406,3.13819298641125,5.0415318371532,3.54061187043801,6.89132240941973,6.69146965686236,5.43477602185175,7.02367562260198,10.1211204211785,9.08303347308418,9.36873348445978,6.6083005145408,7.28292065674773,5.00349374874051,7.66656419470459,10.6618568980368,5.14881417455073,5.74176274875472,"0"
"GSM3293905",6.89646754901726,5.82433709383941,7.79462311867267,9.9816990751003,11.0453143743907,7.24179050445013,4.76030207918298,9.46104681429378,9.38698341280563,5.78656218495743,9.36028569025024,7.46242598102965,6.03979773909079,8.3407032578112,5.88681224292888,6.36552312836626,9.29171440501487,6.37351069728117,5.96586045991763,7.39228664114063,8.62477395551775,7.03075624179192,7.11000058440468,10.0445798667135,4.15155371239375,9.26450107553743,9.41333034468436,9.01527092364319,7.47623427437852,9.38498276746619,5.00803987339211,10.9966255385651,11.8482300431643,9.4105913753413,8.49884164555924,4.50565495296079,7.68079747852511,7.68292591853906,6.34153880574836,3.84668518273738,8.92317282812103,7.73849698480041,4.46887198906478,9.54688159995801,6.819782381832,10.8552164639301,6.70448031440272,8.59552960232344,7.34382150212654,6.34071654885681,7.97073468883443,7.05326577732415,5.13215642298135,5.81315074485935,9.25045380845166,8.76899411257353,9.85325459301424,2.52757407489662,5.83834034444948,4.19489816594207,7.58662933633828,7.22481459580052,4.81167238217919,7.48634273528376,10.1847019033169,9.99432529167117,10.3461132372633,8.3988231864903,6.76671235088471,4.78221458631091,7.84806671162309,9.30479669019774,3.90775311412763,6.27354388796728,"0"
"GSM3293906",7.04132717223141,4.43731529440014,5.74172170185102,8.7334314713029,9.92303989757993,7.50878174451456,4.96935529522765,5.98915274566535,6.49372124652065,4.90585447825557,7.61254940387448,8.05545446902969,6.23623806365504,6.29924140710138,4.01298898582572,6.89285097081265,6.36088266304401,6.22399868032032,4.25585945628498,7.62662626109715,8.33808391727719,7.09777203762842,6.60449589812936,6.1448582064452,4.19887792227396,10.1165441446255,7.88762441061195,6.30920401745597,7.26919494032204,10.4643222179201,4.9514865570234,6.78535933060446,8.93662970453231,8.87779985656883,7.4083912134946,7.2950429193604,4.14124112505783,3.81716024430176,7.08469618377093,3.5061445614199,7.54280130674832,5.55504974766208,5.90380594492153,5.62636774812871,5.20177910764471,10.8862800798625,9.61597105693743,9.9183180016537,6.74066045817045,6.14905608850293,7.7012841597327,6.06009491695588,7.70405880207842,4.06241979291553,8.12676297009055,4.3517776557682,9.52687807642653,1.81598106159898,6.17854840304744,4.46245818137734,7.42898706859492,8.10686180393156,4.73869454985196,5.84215380795381,6.46577645326587,8.71274675030262,5.97799353260498,4.89340714372265,8.13917510604366,4.5040422998407,8.30436416407947,6.39630789271738,4.06541823385578,3.61915881866603,"0"
"GSM3293907",7.79284888385677,7.96521769029793,7.48403927431017,9.04724567450335,10.1828071509111,6.55834715274174,4.22770011826289,7.49439558548969,7.68375288727494,5.3835593866728,8.04616127299435,7.5577690006376,5.71047784530598,6.47843586505227,8.94189133485741,7.3466027064403,7.87143988752711,5.9957890411356,6.47283314070356,7.35370601960402,7.8517507422006,6.62246517388512,7.40080942499794,9.47636954135912,4.15691433738137,9.38945187496264,8.44012535946318,7.28266325634911,7.06201404906282,9.88556367596891,4.13322576749408,9.79964371441962,9.62719770106105,8.66952904767962,7.72325706662849,9.42698541215873,9.82787234335013,5.37096527887477,6.97167104462382,4.89919825775807,7.82503684592034,6.15402040495174,5.80496419355467,7.48412547089268,7.58497958193788,10.6240906252156,10.6594942130002,9.30492842239467,8.20859993335554,5.44526991189208,8.72656050931557,10.6509295460541,6.95227187302803,5.02674492864953,8.38166146698284,9.10837697825882,9.37975445889346,1.9193025212355,5.24925649452335,3.87831530125003,6.98001665765494,7.47079631473805,5.00386540691548,6.49426046122888,10.5690988074153,9.00707170619566,10.3666744478541,6.13766042419349,8.2192775384611,5.4532836495727,8.23506697794457,11.6851059293741,5.77547936718438,5.21141904787035,"0"
"GSM3293908",7.22171888619546,5.3076962200595,7.50517804136832,9.45062621923587,10.1505638993942,7.05577329089788,4.22360318559908,9.06047760908927,8.94375122635325,5.32565610041425,8.95325819618986,7.40792287083951,5.85066023224023,7.93207312038888,5.84203726475106,6.23124688715598,8.73849467137198,5.64992318173788,4.93377072768421,7.07431169291785,8.02427732988587,6.4538735537045,6.70484177699209,9.57525070741182,4.32113938270197,8.78815706591014,8.17028487073326,8.23611921462294,6.92889897746421,9.08463306974646,4.63334514555604,10.2888279401539,11.2208411668053,9.19064699927782,7.54325516405366,4.41448669324387,6.4096296096743,7.01669415709715,6.72777109562538,3.6364173068175,7.96903164199043,6.91857593723727,5.27542650794005,8.459708874905,6.48509446142386,9.96155688613654,7.01674889732983,8.35455292792237,6.91829971032824,6.09640246983932,8.46531952463218,7.57867754118463,5.34721354335205,5.26912813686554,8.58773748864332,8.18109348595699,9.02748579426767,1.96089080467253,5.45791504215926,3.3408012871651,6.9562877546905,6.51419010393708,4.8074194713136,6.95862301414666,9.84079104411352,9.36517136627752,9.86922018270471,7.5382058970813,6.72047658084643,4.6358586547626,6.69007914932455,9.18471497661026,4.21267651439464,4.42289221283711,"0"
"GSM3293909",8.50735096722158,14.2990684455174,10.0155292778226,10.6806260270851,11.4983402859468,7.9458273923652,6.06025431379304,12.2655417042757,10.4360777146837,7.10416978140036,10.9258069042113,8.56273941028651,8.03730190827846,8.93900036269141,11.6864025304753,8.02797585404393,10.4176750100045,7.5758179033302,14.7086362332765,8.77786081814487,9.29405473571569,8.73759880831626,10.3054099144786,12.3437653820265,10.1116368580467,10.4980298069267,11.5785411777439,9.45476956648532,9.12706652344532,10.7302025428671,5.6111858313889,12.6171883581982,13.1050718249385,10.6856131940818,9.45349831343876,15.9538913129582,15.7545888994078,8.80695267278645,7.75235652866287,6.96828851855168,10.7129600043219,10.0625703306309,9.52496618252106,11.44409256339,8.37039292340057,11.7487030168161,17.6348154932519,10.3771051428913,10.6528669252099,7.81267332634933,12.6106342958756,14.7009528733893,10.7698106943374,9.41694139022659,10.3278430933565,13.6778804300886,10.5092492362157,12.1957816413195,7.37823232381693,5.29382883229866,8.83703132492096,9.04761782869666,12.7052096815398,9.35851390613045,16.3119676430435,12.0119457392329,12.8362181211002,10.4585094203089,8.21101177281124,10.1191659440288,10.2148335583473,16.8882412148873,14.0629210293091,14.6743620212301,"1"
"GSM3293910",8.56281163630356,15.0640490033413,10.2532956046451,10.7388834895205,11.8002490383175,7.96493926165907,5.62846362661836,12.5973740779586,11.4889883944439,7.80261556056783,10.9953841199425,9.1810520540724,7.91040026042545,9.66196153802074,11.3787224116763,8.15720670116918,10.7617804215235,7.51531734467364,15.4090693246373,8.91552256467003,9.21514424788201,8.74987486252526,10.389693557668,12.4164393472473,11.5217104356115,10.9465094383734,11.9052991622258,9.78545161849316,9.63761038396735,10.8494212227768,5.50657191186707,12.9240775775126,13.4601412637726,10.6173120024226,9.55544753066077,16.3255268730752,16.1881744607515,9.16974199424226,7.68610057041787,7.08334374851388,10.7844753617993,10.270394045799,9.78641548041854,11.685783412279,8.81725076256037,12.0714525478472,17.9236949700802,10.7570885921761,10.9324636567428,8.04121207127798,12.7088539208452,15.002228092006,11.2869263351007,10.1069487245343,10.61665935478,13.3465020452194,10.8964254636795,12.5468434480324,7.56066781076575,5.28322735268984,9.22215126089249,9.27858857121093,12.5297193246365,9.36597796947025,15.8640049916356,12.2665140743322,12.8611008090499,11.344470821962,7.98416822452727,10.8689633639549,10.3584401589989,16.7088484639318,14.9067869498138,14.9296629192295,"1"
"GSM3293911",8.04501923118491,13.3425306617925,8.92158988842497,10.2052419769694,10.9248181995328,7.98275422482901,5.80321055780064,11.2181962905031,9.31179150511949,6.00038827851942,10.4620445765578,8.42503130956869,7.19971949687451,9.08428168195317,10.6965974571304,7.90505499909225,10.0218510281388,7.08344576014965,14.1362761236869,8.27937075529643,8.95801305803024,8.17528561390642,9.88738543600094,11.7364153406235,9.90123925910538,10.3287480366349,11.3593376699746,9.37490855407249,8.70981170282818,10.4016918322321,5.53253046094972,12.1508960908903,12.9677876599529,10.1313358550296,9.32100965037255,15.4226111683215,15.384951638791,8.27150038217176,7.41795762089715,6.19235596035509,9.8670213717738,9.66417662929238,7.99281353925978,10.9575457287246,8.09002330512034,11.1608214487871,17.1285853136664,9.87265120467963,10.3639158871214,7.61791081623695,11.7066079141376,13.3879176249699,10.1654111603393,9.02885996355799,10.0622981869337,12.7799540933088,10.1169496308803,12.387277050148,7.20221706634779,5.1554543098643,8.47193823750099,8.42236585850703,11.1948498104731,8.94749170769305,14.8212920230851,11.5954848350981,12.4857443303743,9.86731364780185,7.84679164129097,9.91348153118614,8.81973841112468,15.9156763634915,13.4010873840455,14.0174393183052,"1"
"GSM3293912",8.12456719364151,12.5130220587753,8.26479201734443,10.1087438187924,10.8533123614322,7.71680964480125,5.39522847252183,11.1335679458188,9.20645759706235,6.2663737542024,10.2695177861996,8.47932825812992,6.94668510859738,8.79088208746483,10.5301304981812,7.49520765576034,9.77074709939009,6.9623086551615,12.6130842320043,8.20670958722571,8.72554212241583,7.76594246187939,8.38165882484996,10.9872382098329,7.96563030161576,10.202918689323,10.7038180040458,8.9991997250762,8.46962057414604,10.1792986791884,5.24483295058497,11.9155939370574,12.7318337568336,10.0351408604004,9.22496452665739,15.3038873805724,15.405231117125,8.25664681323931,7.81410958833886,5.4213174142314,9.99109879681391,9.90211674647822,6.93881754966534,10.5918959754041,7.91248615658629,10.6417516717909,16.9198711015884,9.64711679698594,10.1095537725711,7.52443212032727,11.7372773097071,12.7451837139027,10.0449445777459,8.00063639036827,10.050424944285,12.3349707044417,9.95579483906568,9.93367757016834,6.81622911475406,4.52031661876856,8.10129489081717,8.22072659666239,11.3468765394291,8.62113419782877,13.9837397159722,11.2075422437264,11.8735659149928,10.0518498292132,7.69303614683496,9.16323894185552,8.52344655561902,14.743515598526,12.1063958367948,13.91033802809,"1"
"GSM3293913",7.63274033195982,10.2024189826595,7.29057647147983,9.96924422052799,10.6238098921729,7.37286908342444,3.87477735671145,8.26607936536015,9.02864924040784,7.03460568255117,8.71195186183535,6.45865916134447,5.40298118443486,9.02990724400214,8.28576894895119,6.668673583772,8.49089128713949,4.15321207815921,10.5669842653241,6.84761387764045,8.20079635755955,6.06875309594814,8.04018416836832,10.9218832672339,6.73746709042259,7.74051319079591,10.6319118357357,8.43166485670266,9.20709736217361,9.18701726382448,4.35766414273027,11.4379764796753,10.6126711608174,9.61294119063499,7.83627263390588,12.2558896373071,13.5614455338682,8.22240978595044,8.1584672261042,4.44351607447525,10.2362574804778,7.02250195175609,5.79869343355177,7.07513179867501,9.30202287503414,11.4521447186307,8.9696295684682,9.95300860850592,7.41915596699701,6.14925856099886,10.3918605132272,12.632029644818,7.02120613945783,7.96686517044089,8.838287707197,12.7042190198305,9.33277110680362,8.31918601439453,6.62891850088556,3.26545866837272,7.61519062295109,7.00183753458611,12.2580010920649,8.08984032391234,10.2839179923884,9.49141512249365,9.01960764327782,9.29935757238638,6.85929552062769,6.2689601008702,7.46790210740329,14.3868428865473,9.46028250890445,12.3575617901777,"1"
"GSM3293914",7.99385236778461,10.032519024991,6.65883155831506,9.94532611298679,10.4990285352277,8.46830124173512,3.91801428006973,8.19620217097994,9.31418846176247,6.29817348228729,8.71041724298957,6.73577238631702,5.51989339430721,8.71575294000189,7.95635673093135,6.08184608059042,8.66961811188967,5.06512369154502,10.036229013027,7.21773198223364,8.54074033082643,6.50368902378718,7.75097888289014,10.5590606061734,5.96688845930966,7.30673276350445,10.5805040177603,8.20969856156505,9.33355843726916,9.28555812426395,4.63144445491611,11.2088752145299,10.6816658637969,9.88118770303073,8.06581360980607,11.4737394013869,13.261077616735,8.38183985113167,7.83124886313344,4.30705729674033,9.7219013203678,6.97310722865549,5.48994484240451,6.97467073626418,8.60464740263704,11.3499187069345,8.82913637944526,9.71184558436213,7.1909356896071,6.12051846603416,10.4334714743573,11.851152860466,7.17121735138939,8.87866779500297,8.98477347060083,11.8058637670581,9.39834533694717,7.2341801242416,7.06703436873396,3.4669512889251,7.24380358676974,6.99611373744783,11.8437627320044,7.82885183378478,8.62371253011607,9.3265285498243,9.13260546749011,9.21177624625924,7.13811398997746,5.9322116184175,7.54775333177926,12.5981889321542,8.68084492785267,11.645024467841,"1"
"GSM3293915",8.13239447738209,12.0063420660001,8.27746619990376,9.91610656213701,10.7757374358939,7.96497154591062,5.00635473200321,10.4514360180989,9.47150673088834,6.94040682805434,9.77406417108915,7.72311980694814,6.44193738022146,9.40557086181217,9.51360499111187,7.28577672898338,9.52393923295806,6.28379828352463,14.2226825767701,7.96733734507058,8.97518483104023,7.49944032839109,8.87567478729267,10.7641237301425,7.9733196003403,8.43468326914479,11.0617816867159,8.10479710645598,9.29286751019427,10.1260056300456,5.21550507765672,11.524834834661,11.5982524616634,10.7123021114335,8.51206577996004,14.2846437552239,15.8014966217011,8.40968853283456,7.75082324954639,5.6663968001118,10.2763209114095,8.41024151821686,6.93049157824264,10.767622733936,9.16648664868716,11.17735584839,12.9284236337031,9.99320635943945,8.99485846732262,6.68459085178855,11.6532231340248,13.3710913589705,9.23506976104164,9.78456975591758,9.6383470428376,13.5919444332766,9.40856215577619,10.4301678310861,7.2532813651381,4.21258871874572,7.9112607933404,7.89234483240319,12.6237349776317,8.51922213400672,13.6898642505888,11.1329788847288,11.4454837329561,9.26229057579948,7.79841875224175,8.41214059641211,8.04096382663286,15.188012089732,11.6289125034452,13.7099598600943,"1"
"GSM3293916",7.94564735655652,12.5175933716032,8.5079662934629,10.0378931554983,11.1714874372198,7.92188619282786,5.24780039003004,10.7614168847729,9.55221533146097,6.86570070363672,9.90415743829891,7.86297379929959,6.62950688512376,9.34716537108602,9.93152404689068,7.54135672904123,9.73695132731743,6.14850223724744,15.6547345806518,8.04443542615105,8.66373430687188,7.23465495744867,8.78834648790501,11.024831966629,9.42651103492982,8.51087853713963,11.0684160165763,8.32060532211739,9.94819856268007,10.5913918953119,5.0485512767727,11.6152948357715,12.3645512993952,11.1062125881311,8.84373978393664,14.7057823085703,16.2570794618394,8.92785371444638,7.63189476113432,6.12836978679243,10.1611918827404,8.53904647461199,8.37281686663355,11.1322050174127,9.41139915376348,11.7508315706357,13.200281791613,10.3341635015379,9.45811113941438,6.50975781079667,11.8154592544446,13.6917138079475,10.6326369313618,9.16972618486712,9.54012786626438,13.1569254654377,9.80489623214266,12.0003216824853,7.37485335585168,4.22571642925513,8.32169371594602,7.89300196727786,12.8612823645068,8.41974814331885,13.4288577273786,11.3762035454482,11.9272824248302,9.5707395108055,8.14623121940247,9.03162314686326,8.73368693403641,15.3375409670531,12.2570609961919,14.0894026643169,"1"
"GSM3293917",7.87058677805408,13.4740907059661,8.88851077521457,9.91190826099352,11.3484918439656,7.74792790891272,5.50304091481568,11.7424595806627,10.6557330975785,7.16633244278163,10.4508683607136,8.90762020705965,7.53108400614328,9.0808383232391,11.2660317208373,7.73595194443592,10.3590112681523,7.32050269225168,14.3245042143846,8.56112675193035,9.04207224119673,8.2778874087188,10.3045518261571,11.9839543453822,9.68384026532004,10.2165973173428,11.3669796393637,9.63337888778669,8.66676354795872,10.4543417492219,5.42011699915306,12.6897490133539,12.5994485915855,10.4658386702941,9.07161678790281,15.3378069824265,15.2227336689794,8.56436248940245,7.44432993097892,7.0811421759788,10.595618421207,9.65316072009389,8.75825370741202,10.876123667864,9.39707979002924,11.756309693591,16.857980782891,9.82944575722456,10.166684737173,7.62560111842448,12.3005247085016,14.0751322594367,10.3671080742799,8.72794979318966,10.0025610842358,12.9094435168882,10.2159360645189,11.3482125701612,7.21270857371621,5.36509428846724,8.49477306287642,8.71589421782252,11.6906225050648,8.8031225897607,15.6968875167467,11.1788561596412,13.064544890822,9.92747151652332,7.55875465752669,9.68858025634736,9.39900546961924,16.5081186611776,13.301305796965,13.379342375602,"1"
"GSM3293918",7.77444277972094,12.4745686733852,9.20783537511761,10.2164425701488,11.4036730913535,8.04674633700589,5.70493251077739,10.7179971790105,9.34510093735799,7.30506986587521,10.5409102032678,8.72032792229033,7.64702704761098,8.28054599084994,11.2648551607117,7.87750106327318,9.98180806677333,7.53884148055018,12.6494922832459,8.49521218554136,9.58222883619991,8.58744301813785,10.1839893978811,11.965577674036,8.22234739015299,10.3978770932936,10.8738201937694,9.63544998802537,8.56900659570959,10.1019052663007,5.82030067259298,12.4584467212572,12.227691227124,9.86597130696217,9.53322351695736,14.3420343839895,14.5160903394666,8.12479678024805,7.25360111840284,6.35311117621441,10.2923349906114,9.30469109207562,6.73068657201308,10.7501322327389,9.49278659814406,11.6050755639105,15.9963887077904,9.59793825294757,9.28248186366485,7.77700490420929,11.7119464399213,13.5869391822935,8.91475657695048,7.21272803472104,10.1349698439329,12.2192399521501,10.4190590240491,8.43071153395967,7.10978506598694,5.30608561401768,8.36065814782222,9.00411782331226,10.3965778003343,8.53105673684341,15.5655797159934,10.8766782256092,13.0259122813812,9.71530785163481,7.88906209054924,9.58184686057458,9.21088292086091,15.5155626467105,12.2936935867977,12.4063033660395,"1"
"GSM3293919",7.82675301386822,13.184223504372,9.79407472700627,10.2166161636112,11.0772622224712,7.37271558989503,5.00263078451087,11.2674901924224,9.66088896793918,7.39044592538949,10.1548365430761,8.24559324819898,7.34456374421841,7.94287144693556,10.9363603173266,7.47916504962495,10.2032068413463,6.86126425798261,13.9357169706875,8.73459693092885,8.57915028954285,7.93150828050609,10.8912977672215,12.2283135424977,8.8754482577584,10.3619977711152,10.9582125750762,9.20265117388334,8.96508791690951,10.2675070237121,4.7950576632187,12.2818528300828,11.8717280874514,9.8148742844406,8.88019599841878,14.8791800549298,14.4812408515302,8.07674199542243,7.10232203702616,6.57166345163953,10.1988636988731,9.46962880875976,7.04691950614782,10.4982819122728,9.1348510795963,11.7426071132076,16.4434554144944,9.85926050628317,10.0647835097727,7.05337887997311,11.4687914388472,14.0123323394862,8.85579325023533,8.87887561796943,9.9683768075176,13.1553868476605,10.3212435675143,11.736217995666,6.93240212864302,4.72973376121148,8.17521378773717,8.63792073198008,11.1619307153909,8.66397657326046,15.659086823486,10.8561722846283,13.8170065235322,9.31277594177008,7.84644426508997,9.35837865693723,9.49742996208231,16.2759873565852,13.087873248796,13.0700235746185,"1"
"GSM3293920",8.24966845153252,13.5651355075158,9.72602159603103,9.79244162229935,11.1588236562649,8.03237288178338,5.59967368981877,11.5047781421332,11.3631288482756,7.80822151519998,10.1902750594719,8.49450368585677,7.73739072072248,8.41954749340129,11.4029048280409,8.05308125302163,10.0792704247209,7.56722039480793,14.078820533137,8.55504588993543,9.63501542620706,8.61163377615065,10.5404942901353,12.2922263143749,9.93500431199896,10.4057746887092,11.0511335913545,9.57051453416355,8.62094832905444,10.4453740245797,5.734584377104,12.4575953802198,11.9995783017244,10.4141803084032,8.86174856034659,15.1048239522978,14.8804328924956,8.28443695512063,7.3732948646899,7.12077196346297,10.4370621708242,9.14240093206988,7.87987206278301,11.0611084991874,9.19840092092923,11.749465844896,16.625822204622,9.81594665778636,10.0764905335407,7.66825835910807,11.782037733306,14.3262686758142,9.34780968886145,8.90027224734807,9.94048790000176,12.5454707331556,10.1000461468345,10.9155692511345,7.17825318536529,5.52369351469747,8.49031939082022,8.956076481585,11.9154903861591,8.72513771118877,15.5998093182541,11.1054642502895,12.737047653297,9.86405744608853,7.68829113540781,9.98503069636049,9.17451235934995,16.1351900213048,13.4703243294147,13.1126792342415,"1"
"GSM3293921",8.1183381153935,12.8678546432501,8.34558663589321,9.97164948695735,11.1304441292867,7.53824892368207,5.16711469977817,11.5106440866068,9.59753252919128,7.15078966095983,10.3206092248817,8.31521556204314,7.20279961709248,8.90746633583198,10.3733814075836,7.19980972928277,10.2120689758285,6.80868315659258,14.0807901609262,8.35230699646163,8.6187815040521,7.95432993871655,9.30192824131963,11.3074295039865,9.50343170189316,10.3642514701605,10.953820413194,9.15823680028708,8.95398193810578,10.214139217353,4.83975006493717,12.2223341568848,12.4545256370265,10.0076046529186,8.80746772054477,15.0189894625996,15.1162387461854,8.65795060501758,7.45421165062185,6.31038815360951,9.92446555137342,9.5760016396956,8.64619710434925,10.9366550174238,8.69276233089756,11.4221495955054,16.6995929539707,9.62589150123497,10.0807588526246,6.98295698573306,11.7171065327812,13.3855132322124,10.2105935453451,8.58638956520351,9.84115340162354,12.811897734738,10.109637645894,9.91981628111981,6.46567717963728,4.72702652420405,8.18031762182614,8.57034989347,11.3342483887876,8.75931053909513,14.4346177712104,11.29699123279,12.5420805328524,9.81941417783496,7.6395133363994,8.82599223736186,9.44958191271057,14.9098711952229,12.4839972173807,13.5130160730203,"1"
"GSM3293922",8.54736545247817,13.1280222276793,7.85219817138287,10.2563314864498,11.2685736360501,8.30169742321551,4.24765095573979,9.39781318547971,10.4838053897742,7.45424429866062,10.0281628970733,7.09165973841933,5.42614699588695,9.29672372369259,10.0015437606008,6.59340350999829,9.53340661501917,5.25150867569611,13.7887054626808,7.05646135401111,9.51792423867933,7.28581479516603,10.9589136567399,11.7516851902735,9.76965722899003,7.80779000240406,11.6922255503253,9.08106058164272,9.57847469594142,9.80057089337555,4.97872051232356,12.1421686912053,11.3950259137556,10.3522003028298,8.00169050087875,13.3920205112991,14.4395127089649,9.07012582161416,7.96020346249784,5.57692199077051,10.8569562440181,7.70437774380038,7.69290409052352,8.37227633923806,10.0980718478732,12.7289593735785,10.4381257509665,10.3155625148228,8.02842436143886,6.78519893618874,11.5668281865439,14.6339275780753,8.10012572168866,11.6407988273915,9.40114568532759,14.6046599863421,9.81562089337627,11.4990611224717,8.07585965530453,4.3043597324259,8.58762577343655,8.03439760626707,14.0451143118097,8.45917942199886,12.0691073127136,10.1197338781403,10.4179559673987,10.9281995946162,7.05123074533616,7.40619723623502,8.01580006371183,16.1898243769942,12.6233758857355,13.6972921283387,"1"
"GSM3293923",8.49065914453054,11.7464140458454,7.49653231973613,9.77537811800665,10.9467084717235,7.69708491588582,4.22842561214085,8.552322350916,10.2811465030792,6.94310824697474,9.02800027519762,6.67680282443109,5.10708668357828,8.91369935334626,9.26485952011259,6.85935802739091,9.02915809347149,4.26796935253334,12.1012308265615,7.25794423197756,8.44088310947716,6.70797229250383,9.49342544550307,11.4388655941769,8.72161193220779,7.68768959443018,11.2296107537788,8.73723906298373,9.29034822229658,9.29892383087447,4.54026236857045,11.6430668344863,10.7121286305779,9.9873790152486,7.6499738371159,12.5490531682189,13.7314430513476,8.66749539623127,7.70048048645977,5.0426699912634,10.3407033778151,6.99563174943531,6.02473555202724,7.90071970519025,9.97392055017667,12.2931960118707,9.70411995841749,9.84420238528224,7.69153780698424,6.24613627857952,11.0403764064172,13.6667659600412,6.88218737900886,10.5442630925081,9.12594015047188,13.6785383458178,9.40650505124968,7.9962551157108,7.38487464041754,2.96529215207289,8.26616072677088,7.19378258403753,13.3419863861753,8.07200047317743,11.133267296767,9.77215069242646,9.57273083897245,10.0333581214523,7.30034387109422,7.11695070633242,7.27787017899873,15.1483262291208,11.0850873269973,12.5573936572829,"1"
"GSM3293924",7.69448475685303,11.3576284966338,8.49526038887462,9.73463232954844,10.7927458493079,7.71220404890959,4.75903837761645,9.90581380616502,9.82862786696176,8.18726110664688,9.32237044819479,7.88524819957282,6.55019413136092,8.70436062934356,9.59034456110237,7.30326615626762,9.54800702855357,6.22132610152645,13.7698265206085,7.8088169792059,8.80716569682646,7.64511985298853,8.95938293164934,11.0116533541054,8.51572837155376,8.2377231541818,10.7089567614935,7.99522347125304,9.50794762525186,10.1700444263863,4.77925006286389,11.6152572903902,11.13097680006,10.2892364440994,8.23598442950281,13.6944985951449,15.2297105883664,8.25625042364546,7.19176824324835,6.11527541828658,10.1327978663365,8.00264555330321,6.91312783475313,10.4363018239193,9.55702755662975,11.5650935910381,12.1445077197147,9.96581386113856,8.56477844525454,5.99114284921499,10.9093464956809,13.5866091749191,8.87601870842113,9.50837767209732,9.36245000582666,13.5227612182334,9.60989973725405,9.85509325028612,7.26725161055277,3.91148480588479,8.01150227959211,8.08010632945678,12.0717775239783,8.12399854752435,13.3720259804235,10.2919061197151,12.3165929550988,9.38515163816765,7.62034708905709,8.00999171713972,8.15494310073783,15.1946114615971,11.3011367384039,12.8230631033762,"1"
"GSM3427911",6.87754463331839,6.7363007197454,7.59489088961513,9.2026319556482,10.3982337672616,6.94768162112461,4.18059145362421,8.74875807123189,8.49798473707147,5.33499332045979,8.85648465966253,7.47918988401577,5.63685894888325,7.81684559472565,7.69694858914282,5.79510435559729,8.47397489102644,5.04041590527686,6.25487516799537,7.15895827386515,8.09025697960222,6.25141406590072,7.00044736472655,9.40946957607611,1.8006443888056,8.16917313352666,8.42691711849991,7.86891841533247,7.33363221973762,9.01821439449794,4.66546463986013,10.2757692512224,11.0087630248423,9.57699612334912,7.82879302504905,7.84095698610086,8.97421474624744,7.15731405621735,6.38046171715507,3.16262266585387,7.98702400987674,6.67228786195456,4.35656693030382,8.22805105533471,6.94389548844728,10.0315692057058,8.75313063170542,8.52396710689105,6.7302779113713,6.11609572443743,8.67899724177612,9.40490199782721,4.48964453293042,5.95701662195644,8.76039487830415,9.14470767376833,9.43151821570976,0.746126128911873,5.41548048897722,3.55751507923874,7.11353403227625,6.52420040656766,4.79250548214032,6.94931213498497,8.71263016377934,9.10077493051486,9.40567389449587,7.55382341643547,6.97403694401656,4.35760958753483,6.90849411977469,10.4441991038618,6.13939455946976,6.04284255941234,"0"
"GSM3427912",7.61102965874964,6.31216101335931,7.53069093581588,9.08723240059961,10.2741943855538,7.17118766277176,4.23717498199058,8.35455513477362,8.57189283509967,6.18860383347827,7.99909765765588,7.68490877398616,6.09629056752055,7.81816977567304,6.231374817612,6.63543660010116,8.77192771306346,5.6480984824981,4.56681917431011,7.22498814420035,8.36395679399338,6.3526974017379,7.37166018024565,9.72582894869993,0.215681888084448,8.90068429760076,9.14763786768967,8.06330482727129,7.84366623295221,9.14967652063372,4.59042758633542,10.5241289465178,10.4624082673308,9.3469195557995,7.56778744115119,6.03979833000716,6.17102946593879,7.35881835090239,6.61618877699312,4.29250294840078,8.64582239142606,6.34959865122739,4.79329950068198,7.88762661682995,7.5448753865058,11.0088491292057,6.626274352155,8.75988128607006,7.2568620632983,5.91009226364001,7.66737532213459,8.83178360248726,4.69859142320192,5.24217383868838,8.32452673143754,8.25370845092971,9.45682930423895,-0.253873871088127,5.7618706413065,3.63280320654298,6.78237054664998,7.16511931326283,2.51948698773391,7.18890195401695,8.786195258464,9.1265034096154,9.23345604087695,7.34375126673489,7.24342117471034,3.01521739008776,6.94456337448221,10.1984426894598,4.61583260341275,2.67360874974663,"0"
"GSM3427913",7.8393836383248,6.57823587351315,8.12257540424707,9.44012294815854,10.556697175365,7.12710659430765,4.29162276601296,8.59547358969785,8.76947170793609,5.7875055251573,9.38401516855839,7.97688554851928,6.141853144901,8.18543823508128,7.86078404567531,6.72570497721211,8.99990981609555,5.93350070136035,6.0693195148393,7.47849977591563,8.21965292324607,6.77839338251546,8.15609096820841,10.1241914141254,1.8006443888056,8.81513285348555,9.05216052374133,7.97170288076173,7.73348331520179,9.48003279398912,4.64278920189223,10.8173809506606,10.9099877953814,9.31281170147924,8.03608282819768,7.84509078560787,10.2533398194235,7.33662116987826,6.6494948636103,3.79556519547684,8.61204890960125,7.19081237730104,6.4345694423051,8.25985979356538,8.00140794710249,11.4513255506891,8.39212106630833,8.98887066076259,7.00025392662394,5.99478942821529,8.78056591725172,10.2490310869424,6.01727385858563,6.04952876074598,8.70923578809149,9.06203065095911,9.8405586367637,1.33108862963303,5.62014253169484,3.77252797020959,6.9240793056431,7.36720763814419,4.51948698773391,6.87918604859433,10.1349064892883,9.30779466600766,10.3455250473074,7.20724926683003,7.7922602299064,4.33714548497512,7.33942299182343,11.9012057585825,4.70329544466309,6.44619825364355,"0"
"GSM3427914",7.58287861843549,6.17830526662452,7.46685169909144,8.8673617331667,10.1910110386315,6.82992808963247,4.46747260141238,8.26315388896389,8.28082337952205,5.44461781163429,7.92711770662553,7.46342256815745,5.89812426186399,7.70103714207504,7.59842285265863,6.42252226568105,8.76669106469732,5.59061298783734,6.25487516799537,7.28084137893386,8.14550969608187,6.65987891125607,7.16239220731031,9.48261635667664,1.21568188808445,8.59775716464346,8.94667984743223,7.40562348973772,7.63884644106371,9.59858165593527,4.61975166581536,10.128321561123,10.5196662885748,9.28422874352224,7.43057583289968,6.62476083072831,8.06914985191958,7.13349214651039,6.72812737345604,4.12018739953347,8.40082579598291,6.85768607580881,5.48209781238768,8.02354272610737,7.45570487682856,10.7795455806845,7.15352135501987,8.81778986409806,7.53431552904506,5.98207837646574,8.12680694077189,9.39388199485668,5.17705430262239,5.07616388724945,8.16399956568595,8.64312014253306,9.33642143222092,0.746126128911873,5.25690746265056,4.18478838481786,6.55915065466229,6.76049842992932,2.74187940907036,6.89293920366166,9.6980426275563,9.21556812740135,9.52858407642059,7.14454847277033,7.44747270135479,3.56541447264824,6.86210121429024,10.7072335096956,3.03087010269159,5.08864624902547,"0"
"GSM3427915",7.36462592745997,6.93121240465975,7.65635524634292,9.77668025184044,10.9756785104585,7.37919616594555,4.7066602652918,9.28043188039572,9.03658656914238,6.02566526235206,9.41363827556563,7.7960911618283,6.29086309403406,8.37101157948908,8.28880944921458,6.10530996546011,9.22945729445639,5.17166043855512,5.52617718981277,7.56202313147791,8.43803911221749,6.31554440332043,8.02768676304594,9.93995375405277,2.21568188808445,8.92775254079893,9.34723739897927,8.73767388205422,7.65404884770738,9.83714156070367,4.88906181704186,10.9474966145222,11.2706412595405,10.0807806920208,8.14184196599744,7.77964643270649,8.20345094363117,7.80094886535422,6.50809499688094,4.96098880468422,8.70809197716274,7.57796047940641,4.76063331176166,8.51839280716424,7.69596797500369,10.8129289192305,8.2547735011598,8.76675829281746,7.54226428216055,5.84839994123377,8.78643849676168,10.3729898270735,5.15359532979841,5.96653939607495,8.96301862857549,9.92414029384021,10.0330534678824,1.33108862963303,5.5485892706698,3.75016015718114,7.61502833626036,7.24888767095543,3.25645258190011,7.41733409019554,10.2493835714579,9.66556455783011,9.92456084178495,8.05734235252729,7.47471500940023,4.04075248219489,7.99273065694272,12.4048477663577,4.86376011685634,6.17610909027581,"0"
"GSM3427916",6.77552369637788,6.83280870059875,7.57949378465662,9.52716721925498,10.8331958085225,6.95545897171633,4.20916060582099,8.10035026391724,9.12786438407689,4.43284064385794,9.61378046501092,7.50868118072517,5.57176392066137,8.39605589168128,7.12044766716986,6.48459743978975,9.20643507654053,5.53074153185995,4.09733389100889,7.4560324357897,8.53633188666858,6.56808643533658,8.10109106630768,9.74231344844266,1.21568188808445,8.57602123499216,9.27016117596062,8.67128648472032,7.72774694565265,9.14165834573779,4.78159069697658,11.2571713493205,11.1662658726032,8.92376941073334,8.41605464185979,5.33845664557167,6.14158568804631,7.35195322104074,6.20012990065152,3.8614531311333,8.54427349863722,6.28339050013951,4.32712315241134,8.38051353265273,7.77569516747443,10.828916954408,5.61562710795549,8.76283258960366,6.96914339408391,5.82011089680234,8.76081619006363,8.8385727681499,4.85221461231513,5.8985209726463,8.8361222044674,9.41381659401181,9.9663232050321,0.746126128911873,5.68831403433641,3.46440567484726,7.55043343756118,6.95444031249017,2.25645258190011,7.21322382575969,8.77233640990361,9.70960166192223,9.63068226403933,7.62031882822238,7.26213564166886,2.85171865780488,7.03934159923431,11.0299339252871,2.8382250247492,5.84353375118894,"0"
"GSM3427917",6.85418064025288,6.3242845724418,7.23100747828638,9.36882423821419,10.4612799381543,6.81717959689048,3.44362585945801,8.48163897184154,8.43658419240733,5.34759335723942,9.07710016965715,7.67535898470861,5.34381197398302,8.17100085185748,6.59133840118223,6.10866897755002,9.03517990062322,5.44251434884821,6.25487516799537,7.00386069010047,7.83353289565357,6.09210617183243,7.20074601521238,9.43504645696599,2.21568188808445,8.39078761198048,8.79956091989773,8.16167984505495,7.80605194115244,9.16105430074752,4.19792500087388,10.8460570414052,10.8052333830509,9.03087830398905,7.77880488921737,5.70882509551679,6.30985717063611,7.10993029445015,6.37323014792399,3.09849232843415,8.43623862447367,6.94341594983469,5.95121198442232,8.16944449834316,7.44598972199534,10.2819440395682,6.14614182465427,8.58638205220833,6.40950907330877,5.49281629216517,8.82403842416798,9.01675248415403,6.02375789215582,5.7954274796822,8.91161240405166,8.51899883070387,9.55531916763831,1.33108862963303,5.37192412299048,3.10771216179922,7.09367100569987,6.83795457000932,3.10444948845506,6.63263976554911,8.6381711715789,9.0082580816995,9.12313262597095,7.7063213461196,6.81950904753275,3.37778746947246,7.18214219963334,10.2175515124075,1.61583260341275,4.41057434391283,"0"
"GSM3427918",5.68572702602724,6.15812738468689,6.23494389284556,8.17914242599109,9.65588781734196,5.80000445308235,3.0602972199065,7.40043165650636,7.82139176088475,4.33499332045979,8.09518476184726,6.29191131582319,5.00882772627021,7.34827718151623,5.93141384277985,5.41304417876472,7.76931176485645,3.85755184812705,4.30378476847632,5.462487457927,7.09420416411888,5.34041907195946,5.95892809528829,8.6210458611343,0.215681888084448,7.66364510029991,7.91525874975649,7.42742099659997,6.4072550828808,7.7019059801064,3.37000875633396,9.95315660351515,9.97480979643762,8.20536541158548,7.28899962153656,5.41830995326089,6.00110446449648,6.3953719921538,5.17954902322907,2.69795439885042,7.09487999963741,5.05966901833054,3.21906340655389,7.23721105462018,5.89474783911819,9.04603968851416,5.91385094225158,7.41061448259219,5.59925426074538,4.80575560382527,6.94448491318011,7.13948705765478,3.83756783635073,4.07616388724945,7.94654619416105,9.41986563868462,8.46620763655481,-0.253873871088127,4.42083372347143,2.20959177581844,5.86905460513329,5.68595147656427,2.74187940907036,6.07044857248661,7.78895112375451,8.34999327891112,8.21265472215467,6.38327963092153,5.67209322358335,3.45578998147374,5.92664146648495,8.11355379187328,2.8382250247492,3.67360874974663,"0"
"GSM3427919",7.06728982075499,6.78536153819629,7.64752239197073,9.54785667044671,10.8372376027203,6.9515755372291,4.20916060582099,8.65061514389031,8.89206261771467,6.5464974256535,9.24625798414127,7.76812615329232,5.44421387094086,8.21388666471065,7.34765308726844,6.78569203125995,8.98081587005016,6.08272671013483,6.30378476847632,7.55901438160558,8.09420416411888,6.34657129894106,7.58199520103494,9.94708225032391,1.21568188808445,8.74259644169473,9.3144925708113,8.59268121731404,7.88032470353106,9.67596742449765,4.6370642140586,10.9227101105843,11.1454670875129,9.38221457118458,8.35533548375727,6.68134435909468,7.12663534658034,7.40812895277636,6.54717716212149,4.04278289584786,8.87668423482354,7.5114650676195,5.27410477011185,8.51274624402309,7.5629658434887,11.0036688901001,6.95666402579056,9.02946596440892,6.77143523612806,6.05671717735849,8.44161976747011,9.52255909752611,5.36240934463431,5.40511240981458,8.83313834602858,9.05038029122018,9.71724776186573,0.746126128911873,5.9624036286792,3.64497792048908,7.64445334689982,7.14935199740451,2.51948698773391,7.49693848443316,9.21085534252162,9.41492990363681,9.45331741763282,7.84927929996164,7.43777763487108,5.53877934614477,7.19717040886567,10.3384422260138,2.61583260341275,2.67360874974663,"0"
"GSM3427920",6.50999973851839,6.993273372792,7.89894302147556,9.46247859932295,10.7222274552668,7.39643973824745,4.60282445430726,8.310779971265,8.62705635464016,4.75003081973863,9.80702023466509,7.39358801629323,6.00060721946524,8.39161546022602,8.06161256590655,6.39664974051405,9.09907351722184,5.79784560200279,5.78921159564656,7.64097447287274,8.03177495984546,6.90468258001278,7.25535870693808,9.79705305978443,1.8006443888056,8.45917458696073,8.93236340568358,8.08832079406311,7.7533828726395,9.37549170761096,4.35264759567252,11.1239182365253,11.2602770264546,9.11878539313848,8.45050471191741,6.19035800658254,8.31316231535978,7.38231912063798,5.45085104504646,4.03137813257561,8.40082579598291,7.32464122840583,4.52162617657432,8.57186622043355,7.94389548844728,10.672630376768,6.84715054104407,8.51115342116329,6.39787437282537,6.17870770173711,9.43415753510438,9.41129167311631,4.88106947498731,5.53879084504655,9.06509986086514,9.8699380122503,9.97984571480226,-0.253873871088127,6.02701271010228,3.49162714358229,7.33159883563792,7.362656545913,3.51948698773391,6.68733040708252,9.37207696599605,9.43170726969313,10.2089084332646,7.21039239452401,7.4407676774769,5.28467806508098,7.49953113490553,9.93787935766585,2.73130982083269,4.41057434391283,"0"
"GSM3427921",6.41738858833352,5.61324232334107,7.12893556902652,9.12804263922752,10.3043540714191,6.86338338681795,4.18059145362421,8.62958144401811,8.63043503309513,5.2435702926962,8.58008030746449,6.84071415324893,5.62621170468375,7.54183854722578,6.19444824861364,5.68240422284792,8.71461219720006,5.21795409082905,4.56681917431011,7.1904079124902,7.81451851773492,6.18429987004218,7.3765958506118,9.46476992120384,1.8006443888056,8.25032407361009,8.39879351758552,8.10870058026495,6.80059751106033,9.0890207465405,4.39057007881627,10.3527916714463,10.6982743055511,9.46467673137656,7.64453455564287,5.70882509551679,5.15638268997439,7.01821327610518,5.90653052882265,4.1730392817992,8.17802123493765,6.2511501631393,4.15347506492631,7.99682538773159,7.18490358795107,10.0546528188189,5.89636351552274,8.06815507728897,6.65896050686964,5.95631528040066,7.62867179280411,8.89957815442579,4.20013791573544,5.55150189679611,8.37771486350244,8.65855018310266,8.91891956922197,1.74612612891187,5.28065606542317,3.65705075278966,7.25973892812874,6.67864667594104,2.93452448701275,6.96762401326191,9.63969864132549,9.27476391990925,9.34415950528317,7.7338860944818,6.84456041958812,2.66729408666745,6.43760338576233,11.4415894648489,2.35279819757896,4.08864624902547,"0"
"GSM3427922",6.25739270413494,6.37178499604573,7.16445628537778,9.03270695420589,10.2949150854229,7.35293809961087,4.39471625897706,8.57960874209109,8.23938257755294,3.40899390190357,8.16651810746636,6.91214929129188,5.78780084695799,7.51595991540018,6.75968434449079,6.15651573679033,8.74422078389362,5.94271923138973,4.98185667358896,7.09392438844766,8.3590440933068,5.9857541906601,6.7095189527571,9.20142982725768,2.21568188808445,8.23132960958923,8.19146854433802,7.86393156266271,7.1908316193386,9.03809681137782,4.75540676517293,10.4820376130288,10.8501545458642,8.98049200074528,8.08993128617012,5.19035800658254,4.7115978473015,6.96716020793252,5.83463761034087,3.51352982771299,7.69605272753982,7.08504080803885,4.73843756564747,8.26210523377103,6.6459272925041,10.0532208633257,5.72863606978468,8.47201502725633,5.67832583173657,6.4473016329128,8.51655041988682,8.50474258420625,4.88106947498731,5.46007886903251,8.61074592469213,7.10396133142503,9.2112520954817,-0.253873871088127,5.83587122275027,4.0720882520685,7.17657755062996,6.75356238271895,0.934524487012752,6.81706433668653,7.41373960496885,9.20435883166259,9.28560732292805,7.38606207159286,6.56928241799958,4.35760958753483,6.95344152582867,9.00304700050137,-0.969129897308405,2.08864624902547,"0"
"GSM3427923",6.57575418400211,7.51881478725361,7.52587927474349,9.38821171136693,10.9456255652894,7.36466739219297,4.66601828079446,8.96034278517214,8.66296899724352,6.43874124529762,9.22772203270384,7.44908312888493,6.13435860835407,7.90547689399798,7.62938530533019,6.7147255099058,9.38107967935169,6.0743632372002,5.64482168631139,7.29898872564412,8.34088636454523,6.98969060521927,7.44867352865597,9.90911804674281,0.215681888084448,9.02320642981228,9.40822909759513,8.42268085373621,8.0112319615206,9.71044955578781,4.66546463986013,10.9178065538917,11.2461661492069,9.57814522340262,8.15128947772783,8.45933722152094,9.3458038670425,7.6732488241847,6.62230190071973,4.57766016513271,8.94270708745979,7.17371356925649,4.37106649999894,8.56278692652269,7.57638635925102,11.0445991541549,8.59409394640585,9.00141955148718,6.87995969290623,6.03841636061555,9.07656656347775,9.85607651578921,5.15359532979841,5.8060747238817,8.97254140269399,10.2805500631483,10.0323521090738,0.746126128911873,5.97701332356355,3.91003149395953,7.57164992347088,7.84938515078572,2.25645258190011,7.53778057920766,10.1838882949213,9.55050799501219,9.73855723850297,7.93727578095947,7.49139375054686,3.88028781000165,7.65999580709878,11.205638190864,6.21077919270653,6.17610909027581,"0"
"GSM3427924",6.81236046455825,6.18496899690553,7.26989649167998,9.06638604787873,10.5031499958325,6.7427296477306,4.23717498199058,8.5473458732786,8.57977882823512,6.21634882396117,8.98846022667362,7.44427146781254,5.3695750700481,7.78469507112195,7.77316337471845,6.35765560889818,8.7823443290088,5.21795409082905,5.20424909492541,6.8099506449215,7.9751091070167,6.12110604355499,7.39227747284407,9.72423392914455,2.21568188808445,8.56502921960189,8.7062602907673,8.08660941184476,7.49091301192771,9.32580721632193,4.53916657081807,10.5250505019889,10.7168880150007,9.32928413589367,7.58855990339546,5.22883215439717,5.39965384098676,7.27360969401849,6.24835818114772,3.57766016513271,8.57088815116845,6.95597212170178,4.60985335958605,8.03409264544828,7.2365363563664,10.4643131406433,5.61562710795549,8.63551375953921,6.69743465468428,5.70105822515858,8.53991441295233,9.56656989859422,4.26725211159397,5.24217383868838,8.55478951871812,9.26383266820341,9.45316564716898,-0.253873871088127,5.4629591991441,3.46440567484726,7.3018986014225,6.74309538366788,2.51948698773391,7.27754480672654,9.53196115466179,9.11774384997376,9.38191442727858,7.20724926683003,7.02970728627396,4.06584346315772,7.07231892168059,10.6631109564632,2.61583260341275,3.89600117108307,"0"
"GSM3427925",5.42533734144901,4.78096976907913,6.30402227558461,7.89530827366962,9.19066006063665,6.34703749817118,3.23717498199058,7.66759932352119,7.32736596545908,5.96970885637805,7.38806768538286,6.14545248683878,5.27731656219611,6.71105093070306,6.86078404567531,4.84429190522482,7.39132371084849,2.97002657738547,4.3968941728678,5.81500387264779,6.47332208914278,4.86237177515482,7.03082101377007,8.48976867550752,2.53760998297181,8.0831839918137,8.01002167300048,6.95866358569058,6.33363221973762,9.00816947983047,2.84255871426801,9.25036125459795,9.75592054925181,8.98049200074528,6.46651295210608,6.27245908679743,6.37456286002393,6.08530616326132,5.02200774624259,4.06532546449895,7.18378050422634,6.39456941036366,4.17015380607294,7.23721105462018,6.97800334276754,9.25728198533388,6.40917623048806,7.45751545756122,6.28239715540544,4.94325912757521,6.93040972796838,9.06964743258615,4.26725211159397,5.53879084504655,7.22787174885233,9.04256078676088,8.11913389349327,1.33108862963303,4.26288136369519,2.1424775799599,5.77240943659978,5.67864667594104,2.25645258190011,6.03118914203938,10.1446216441215,8.5570025366402,9.51408450672548,6.28533458050957,6.23224743072201,2.52979056291751,6.52357660887218,11.5769543127135,1.35279819757896,4.54807786766277,"0"
"GSM3427926",6.75043271541505,6.40069768796097,7.64012014360812,9.57618845031831,10.6652650513239,6.93593641345151,4.44362585945801,8.91206677936141,9.00764810086885,5.8858075987691,9.12705527713428,7.58060610752779,5.67867912457788,7.79010349372924,7.91123596084222,6.76028808728625,8.95572488908733,5.89602599594169,5.56681917431011,7.49118289092747,8.00476908053694,6.3526974017379,7.79015442096473,10.0859526098377,1.21568188808445,8.48418879411406,8.97235125503443,8.46742434617873,7.5408382372594,9.63575592953663,4.7341119868097,10.9362827849508,11.0294172137272,9.84815033730636,7.93295025634034,5.95053099191007,5.18552903563391,7.2126445021227,6.06303501450264,4.3578789572528,7.98372641977617,7.03147212649989,6.37466873667913,8.54629880373412,7.53115710525802,11.0029273351925,6.48717874248934,9.27317368335003,7.15686627332158,5.9033664004517,8.48319182294039,9.5081532123689,5.80028682027127,5.51302774898147,8.84651737582978,8.14835545078348,9.47810302064792,-0.253873871088127,5.47844444664152,3.58305017134588,7.53578666159678,6.92387359619432,1.51948698773391,7.19335472002359,9.4542327889874,9.58371036313818,9.88848002150698,7.39022569653439,7.20084533158287,4.35760958753483,7.68686241295146,11.5085057682966,1.35279819757896,1.08864624902547,"0"
"GSM3427927",6.23947079613767,6.47870019996224,7.20916308924316,9.10279668806841,10.4966341308653,7.11326768684258,4.44362585945801,8.47843416850763,8.87436061598121,5.02566526235206,8.83734658765927,7.13155167002251,5.97566086233501,7.83527443160013,7.0033290249022,6.61432361294797,8.9717422864247,5.6480984824981,4.30378476847632,7.16292717606809,8.14741048033692,6.60448067259698,7.27558124813497,9.44088497177742,1.21568188808445,8.34332625827421,8.81737659505809,8.22916344177094,6.92612839314419,9.1020661666649,4.48282858666826,10.8314177907262,10.9751900701404,9.20238771178559,8.02407501557533,5.19035800658254,6.17102946593879,7.14362695643091,6.24043126537609,4.54595130540537,8.33894142311876,7.49435104675565,4.25077226628122,8.21883252530533,7.36065766819558,10.5591723269847,5.57223451244211,8.82251227434047,6.61441406791638,6.13344296800132,8.72355079080629,9.00231338073193,4.74641994829253,5.71861188263137,8.74142217693696,9.32312985188719,9.46048368118337,-0.253873871088127,5.28653263175984,3.62052487676454,7.32366257571416,6.87677381889985,2.25645258190011,7.27544634084255,10.8679676289986,9.43368491913357,8.99847005269506,7.43524962122039,6.88244030325921,3.82257231214536,7.05592448342992,11.7394618425934,1.61583260341275,3.08864624902547,"0"
"GSM3427928",4.80018575061215,5.05277438454066,5.40879459750167,8.11720636742169,9.39153063146476,6.12365929268918,3.23717498199058,7.3730811683614,6.88500786018072,4.80588405447215,7.24346476924959,5.61097975657131,4.87132420252028,6.013459574871,5.53969741773562,4.86430186595631,7.37076238836618,4.3485382006392,3.20424909492541,5.81500387264779,6.93385542225965,5.19797480693926,5.7557137756357,8.37491716614306,1.8006443888056,7.1193245840761,7.3109756387941,6.92074563328981,6.28758485221819,7.95817326708088,3.0376890556,9.25647791261366,9.5890538627299,7.84767396449672,6.49647332431509,4.41830995326089,5.62913568710952,6.11410342756876,4.58209557832472,2.69795439885042,7.14887488927814,5.2592780440227,2.58519130535178,6.38464141827541,6.08202640731077,9.58912554908633,5.0934003625823,7.29304488621101,5.26968610365588,4.53693884539747,7.35074152691674,7.28178094011991,3.31032083348586,4.14487663733346,7.27700852751513,7.63793990342738,8.24190975231907,-0.253873871088127,4.42083372347143,2.72744008068106,5.67239770462485,6.11187729198585,2.93452448701275,5.35112593910765,8.17759288838987,7.93236046508312,7.59897340431199,6.60964532670793,5.57201221075515,2.45578998147374,5.87149991229249,8.70723350969555,1.8382250247492,3.41057434391283,"0"
"GSM3427929",6.38514825133331,5.20477747798571,7.74597477624928,9.07913303874658,10.5452124309171,7.46069427996675,4.46747260141238,8.03058624631847,9.01606789380518,5.27028763107198,9.32076077044297,7.47762088436043,6.04124920396259,8.0146151176167,7.16065993515736,6.13031397159,9.09071610042026,5.57883582006099,3.71882226775516,7.24009503659055,8.36150253475525,6.59417566420524,7.1428260392832,9.49314427963898,0.215681888084448,8.46657683532333,8.4231988302538,8.14368681653508,7.31079224337951,8.96727547418813,4.61393433922005,10.9197349393116,10.9389988820404,9.13995000313652,8.36516792887086,6.65803698560261,7.19988432861098,6.70737615462579,6.07199588207426,4.36698116436005,8.68898315421503,7.44888053024148,4.48209781238768,8.35759659526118,7.76009831242341,10.5398751679162,6.25991069961184,8.86341616226794,6.29499719218507,6.12190134611863,8.89460900654054,8.69781443187247,4.80782049295668,5.87848321940975,8.77212735045304,8.3069013900953,9.43682810407741,-0.253873871088127,6.06511731512778,3.76138741260439,6.88916756952683,7.06502347855524,1.51948698773391,6.68733040708252,8.4902377424429,9.47515012478929,9.46215671468162,6.58321720143028,6.99859404826054,3.98922218155481,6.90849411977469,9.5351341370189,2.49030172132889,4.08864624902547,"0"
"GSM3427930",6.86005720658955,6.08875368164623,7.39302728164335,9.1127497806041,10.4989038580448,7.10280068779151,3.74618862947844,8.9755772988673,8.97612688250315,5.43284064385794,8.97572555361552,7.3768512271839,5.7973236210765,8.12466213719061,7.13444093924936,6.01511215648853,8.80806149911718,5.76703955522161,5.25487516799537,7.31334401862119,7.84529086652974,6.18429987004218,7.09091644803339,9.64956123259852,2.53760998297181,8.29923367409104,8.77861529232105,8.13460544437441,7.12252560594769,9.56557047291539,4.2362968117464,10.4115296375744,10.8973354152915,10.0059051096748,7.72919934321358,5.37322206373235,5.88152284874381,7.53854104901297,5.90653052882265,3.49704170492442,8.0592942963669,7.40559643251268,4.95602900072009,8.25761085306182,6.88758804754532,10.2347198306818,5.95666402579056,9.04328732438545,6.87157190741351,5.9033664004517,8.82878882372139,9.15153239931538,5.25628099377297,5.67280819301824,8.28794637400002,8.58508802116164,9.20441908143824,-0.253873871088127,5.10556935886508,3.86910122990465,7.57260693514172,6.69321947702831,0.934524487012752,6.97798452486764,8.03629889234766,9.33676848176492,9.46089726890902,7.73497780474267,6.9975791378839,3.60017989080891,6.89011559045984,9.65712466139751,0.615832603412751,3.08864624902547,"0"
"GSM3427931",6.55416732179396,6.4841136961486,7.88272578583408,9.27444073517632,10.6330789474383,6.68776318851267,4.0602972199065,8.55952915503512,8.64387117250082,5.37246802587845,8.96559185444016,7.40683903979109,5.83479832649516,8.17203689861,6.97250103482305,6.2153445112208,8.97855281854159,5.81802348394042,5.75444617748589,7.41335575059612,8.08827933016178,6.29023331479124,7.74200997300285,9.61726961972791,3.02303681014205,8.52588392943064,9.08606586375511,7.99561042024833,7.28368039776227,9.3044184759187,4.34915015143629,10.8803087660541,11.0448368656853,9.22016241351356,8.3810387088837,7.0998457136771,6.15638268997439,7.22203654942836,6.47131514760618,4.24392276795571,8.30763397306812,7.4559699550278,4.95602900072009,8.65794415956303,7.7718117329872,10.868535783874,7.32017122442932,8.40306767353884,7.23414198679822,6.12768369871264,8.31732884682132,9.28476685710345,5.41268255111554,5.76300600198982,8.89668416252428,9.74058595196868,9.7820989062157,1.33108862963303,5.45776029246979,3.59565020812551,7.5110399992611,7.25871868031512,3.10444948845506,7.02620573452512,10.2312615531835,9.53979324660797,9.55243081837496,6.93252538140607,7.38675063870027,4.29532530928049,7.41206829365519,11.7689056204858,2.61583260341275,6.64323510070311,"0"
"GSM3427932",7.05709405364911,6.31823552776899,7.76379451399468,9.65356611161782,10.7631662101034,6.71550817899557,4.36962527801423,9.10935631262647,8.58501231054332,6.5189115939816,9.05624156475949,7.48700938847507,5.56062336305617,8.14168528503292,6.80763062298226,6.07300312840039,9.02753791129335,5.41628280727503,7.11113969053392,7.18260954192979,8.01833520981623,5.91299784822478,6.76477785806394,9.6762045575139,2.21568188808445,8.66878840357587,9.19365279159989,8.32590409660929,7.62964750421725,9.59606897888637,4.52063061938065,10.7525665554095,11.0121024550362,9.6960943213162,8.44468738532209,7.83473399281069,10.2695933004224,7.32416128181827,6.45770471608753,3.16262266585387,8.13556443569476,7.34387744726874,5.85649332716918,8.78361714408885,7.06942637053114,10.5970091481622,9.08859617885252,8.80829841512077,7.28239715540544,5.7317550223815,8.84669902157915,8.83992677579588,5.42253033707188,6.29604071066711,9.10089434866602,9.45563676970644,9.47397661085337,0.746126128911873,5.41010731687837,3.24201325351081,7.44045097657515,6.85749475640497,5.06380750395772,7.02370756066993,9.24738121854673,9.54711924369685,9.24081299226529,7.29276733801609,7.22446075192839,5.26314490353134,8.39261593098902,9.71109098536506,5.75879055725479,5.17610909027581,"0"
"GSM3427933",6.30124699372436,6.97800661613869,6.40530561142179,8.79193712371466,10.1201654226944,6.66422767405188,3.49093157423636,8.10173947446357,8.02764553540209,5.63138632324002,8.031842936279,6.71850822087576,5.04124920396259,7.13106937958374,6.44406213868511,5.94919076354283,8.2707335700349,5.1238319134645,4.20424909492541,6.94053475473165,7.52101883117408,5.53614354283383,6.67947818980862,9.21239399686877,1.8006443888056,8.23653476872049,8.48603360039477,7.95679117135781,6.73919696639618,8.64469912269993,4.01579644975116,10.1078617901938,10.6002734141033,8.8581180018486,7.59239176498649,6.39029557709129,6.67095586280415,6.54668912805845,5.83989333579236,3.82228253385262,7.563176131822,6.85500697561293,3.68140662061109,7.86416764400597,6.77569516747443,9.90392138260986,6.46362401451044,8.22190679586681,6.14994685938179,5.62133103268785,7.73371781696329,8.34798909120779,4.3726051117402,5.51302774898147,8.38078334046399,9.33278002192091,8.9325157487688,1.33108862963303,4.93647516368868,3.42258549915263,6.93304945914765,6.00496208806934,2.93452448701275,6.67145901443963,8.74704996829275,9.08072225665419,8.78760541974776,7.11634077063182,6.5828800214003,2.90830218617124,6.81416673722654,10.1438363588093,3.35279819757896,5.08864624902547,"0"
"GSM3427934",6.47213155292795,6.41210245123321,6.53867488004858,8.73894192913231,9.95598830946247,6.48776252316492,3.58112938320794,8.42505544347518,7.59282710868741,5.61062776307322,7.70147230749399,6.45068345632678,4.83479832649516,7.18132799001937,5.96625559199215,5.54782820116106,8.17515591005267,4.71418767295587,5.44128829222625,6.54995029917734,6.95571485622339,5.43583863703814,5.93503747508026,8.75954640983123,1.21568188808445,8.44425516712499,8.69705156775139,7.5665215772279,7.28758485221819,8.99932243915275,3.33507496622457,10.0717380327566,10.3889596004143,8.80414315506727,7.55213240747478,5.80533307637014,6.78007758518426,6.91297391705654,6.07645553026496,2.60868706075333,7.7552687705308,6.79756508337124,4.58519130535178,7.5070774939364,6.24776361178965,10.0745523762566,6.3717015250694,8.02291569190386,6.47741313781058,4.95631528040066,8.45274124041914,8.77628848989556,5.96432497863667,5.2577706937394,8.06827550608505,8.1700505218828,8.80855594640462,1.74612612891187,4.68386812930522,2.39401634695586,6.6830712061393,6.18071616831385,2.51948698773391,6.96241572225915,8.35544096440418,8.92755681456007,8.5309865666359,7.56245864126348,6.57064796002381,4.33714548497512,7.17456897992854,9.65512369708106,2.61583260341275,4.78908596716656,"0"
"GSM3427935",6.6386418899575,6.71343661139367,7.08162985424816,9.23807400542143,10.4369238855919,6.10280068779151,3.12169776457065,7.65440672305268,8.22716098313212,4.28346301981971,9.03119526172676,7.12555292940107,4.10398495931055,7.70533727950866,6.93621482904367,6.02936111222681,8.52758940093957,5.00565048711619,5.64482168631139,6.75842034428142,7.6432470905851,5.53614354283383,7.34269544399351,9.5323182218147,3.21568188808445,7.65330315607845,8.89123552054997,8.34535645927546,7.26399803190057,8.70812450284156,4.05066690959821,10.7307641821787,10.6601528873024,8.83811332618863,8.10878151287828,5.73579214311706,7.94681430899553,6.90412222368559,6.16705807904587,2.30202572251928,8.18808491828235,6.48051213929059,4.25077226628122,7.98055421855711,6.71226978733279,10.6519664226566,5.90513372515047,8.16652382217964,6.12898724074614,5.23871501110138,7.71331160630145,8.88784356160786,4.69859142320192,5.40511240981458,8.68792286010956,8.71867117554023,9.62210044667504,-0.253873871088127,5.03051865360382,2.81624934763891,7.30880697076468,5.8894848706494,1.93452448701275,7.33710936072635,8.51707935466154,9.3276815629505,9.19154908914302,6.98852316269135,6.92790032221612,4.60017989080891,6.57049765625968,10.5087828100719,1.03087010269159,3.67360874974663,"0"
"GSM3427936",7.44501970731071,9.51749545013296,8.17473925863964,10.0849590471802,11.2023715889044,8.01621300279542,4.31809497737415,9.67834657514558,8.98802819231209,6.6968601607173,10.1243249103498,7.62663816923721,6.45628670324143,8.34000429782873,8.49538544658503,7.33130102932318,9.33405950540373,5.99682663672918,10.6063475384968,7.77925384769858,8.75155678360895,7.16354130987538,9.07217595980977,10.9280864682461,7.80813892535253,9.37985213429932,10.3420774520909,9.02940928857073,8.51609157492371,10.1266481778987,4.91294804215941,11.4435634652142,11.8129126059338,10.2131527575356,8.85275292399323,12.4602638891216,13.1096289212747,8.35733676408064,7.65248490621611,4.82888526867687,9.8370324061358,8.21190478576059,8.57739714786999,8.92636864260889,8.05031754758343,11.0503526813852,13.0613930421595,9.84031776555002,7.32909039085348,6.40982692749414,10.2636089351908,11.4332110263833,9.72668373023127,6.29604071066711,9.43885940691653,11.8095937187864,10.1988042612189,5.70032243929875,6.86758008247761,4.28931896828917,8.06811210340416,8.00350113094106,10.2462728020177,8.28903212434805,14.8408760912965,9.94211853348109,10.900607500312,9.36647134323498,7.95167719323668,7.37025379678706,8.17076740976868,15.4761264012345,9.40699549196777,11.4712702756004,"0"
"GSM3427937",6.52487301499992,5.56296911685984,7.16445628537778,9.18670076700358,10.3994491801733,6.38208444527038,2.62419810509983,8.39137231721889,8.48963739435795,5.91995582118095,8.41810405913767,6.64212845514198,5.34381197398302,7.58914426200414,6.37972749693299,5.90929803641931,8.68438319518951,4.69249260185656,5.04075036264253,6.78441555281436,7.5911288646999,6.08476419649126,7.18282410721512,9.42526278295335,0.215681888084448,8.38141942944628,8.22602576637438,8.14039110969719,7.06908634698623,9.12780836697677,3.87696874505384,10.3582314114144,10.5128722040998,9.13449262549343,7.74821656938395,5.27858518959428,5.21409818783068,6.93375048648629,5.94605889300929,3.82228253385262,8.25663106963402,6.47354258447575,3.79329950068198,8.02882732923564,7.4605380305645,10.0674768591764,5.60490070136243,8.55267269060156,6.46631542892725,5.62133103268785,8.22521064483288,8.31136560718285,4.63224892837322,5.2577706937394,8.65196858741864,7.95362705834059,9.36009117866739,0.746126128911873,4.7534090625583,3.30474900885878,6.68129776394808,6.22651985792697,2.51948698773391,7.02620573452512,9.19015634985378,9.07855713112393,9.08112509944937,7.60368130399,6.77162889713427,3.11475306363867,7.38607308512225,10.5806487962713,1.03087010269159,2.08864624902547,"0"
"GSM3427938",6.36875381308264,7.68551260983123,6.7096610768612,8.93455609433745,10.1518822954132,7.00126266132945,3.23717498199058,8.51225713981741,7.73143234691692,4.73092199679093,7.83363690435816,6.63087931400902,4.95878704377062,7.63944934385221,6.91367226039258,5.82604253276996,8.50260704438224,5.21795409082905,6.3968941728678,6.53777558523124,7.72188753982466,5.74617875765029,6.222839786063,9.06443065416518,2.21568188808445,8.12307671893721,8.69087960094396,7.91978479739623,7.12252560594769,9.11850062475054,4.02020162887116,10.0514135754172,10.4600555056563,8.65530111884891,7.7554975157253,5.65332998292509,6.97630107349591,7.24144257607806,5.82936266830019,3.00829451946257,7.48369997817994,6.4417560958081,3.83573476700238,8.12572312091385,7.32929349728625,10.1231325567016,6.71373719340534,8.20174905219146,6.44386057809955,5.4473016329128,8.55833694632511,8.84263098472426,6.30500703358939,5.24217383868838,8.3715582608127,10.0007982623696,9.06803590421063,0.746126128911873,5.0719385809838,3.27372211323815,6.84865727185728,6.45747429276684,2.25645258190011,6.53427463570613,8.3024225821047,8.80937049830854,8.84665984581235,7.70409324522748,6.06598491399065,3.52979056291751,6.34618035799874,9.96478544202754,3.03087010269159,4.78908596716656,"0"
"GSM3427939",6.6179824193914,7.19490723396165,7.56236498609368,9.49099433349103,10.6497725342575,6.82144162374464,3.62419810509983,9.23304437786594,8.72670477837993,6.49078799306722,8.96897766927954,7.31844845349302,6.07295806368993,8.27784202395661,6.44181319818155,5.98983274804017,9.01875435271011,5.80796981927649,5.20424909492541,7.20202699575703,7.87197597467297,6.22494185453952,6.50655444473647,9.74105207564896,1.21568188808445,8.59640822107544,9.35847606239803,7.991958025789,7.42153930888705,9.77185010045195,4.36308934239417,10.5830595090948,11.1003935003079,9.64984668875681,8.06739405325528,6.57585123024737,6.95952536074508,7.65918823244955,6.37323014792399,3.68345482915531,8.17657781806798,7.21608651344456,5.25859177074052,8.75201248392394,7.16727369392928,10.7950493183853,6.99413873120922,8.75297134108739,7.94735897819181,5.47478236933491,8.63736275306815,8.50474258420625,5.8153150295036,4.96653939607495,9.09716805720774,8.87214565620195,9.7483303653748,-0.253873871088127,5.26883063002638,3.88971150957993,6.87991949272481,7.27091397728543,1.51948698773391,7.53076015152989,8.5003619597166,9.53453752115648,9.36854366391013,7.21665818088075,6.96055855957767,4.66729408666745,7.89933412048922,9.78797791997078,3.20079510413391,3.08864624902547,"0"
"GSM3427940",5.30986012402907,5.4568407659985,6.07285964462043,8.33095605262374,9.56131989455811,6.10978711810762,2.7066602652918,7.56255896722511,7.40240707708924,3.58956614754539,7.98445088169148,6.20355544140235,4.40737710276049,6.4525712091287,6.12325720075669,4.93033173629151,7.7823443290088,3.89602599594169,4.78921159564656,6.16292717606809,7.06634435965789,5.65987891125607,6.8481600244003,8.51138528047897,2.21568188808445,7.32552497190996,7.79525222070438,7.16411614460531,6.48412384626507,8.11148019707277,3.50813967519745,9.74507201886258,9.92869527107618,8.19491646235445,7.05356178007571,5.81379465511833,6.41203756544259,6.44747842241991,4.9557740478425,2.75453792721679,6.99031407981092,5.46302471256175,3.45513076478741,7.19081814913573,6.58526451059747,9.19890641265898,6.46954884846754,7.37505329736925,5.19097412764184,4.91678691621402,7.40773150550157,8.35558224053002,3.74641994829253,4.36246807240609,7.80904267041111,8.22635796278475,8.50211018353981,1.74612612891187,4.30980241108268,2.39401634695586,6.19906156478134,5.53232828745106,4.74187940907036,5.81128198409253,8.650345885525,8.3660597539288,8.42129890326474,6.82179856353954,5.99249384872412,2.85171865780488,5.60471337159759,10.5443526670483,3.61583260341275,5.48096367180423,"0"
"GSM3427941",7.02606715802848,6.40069768796097,8.06514173145959,9.38984974167731,10.6167125546557,8.03835198006467,5.19494674660128,8.80356706672891,9.10375864296377,5.96970885637805,8.6116158808976,7.75393771041336,6.74415296205516,8.16684920858701,6.82153622500747,6.70366184340844,9.31714403499186,5.95187923067521,5.04075036264253,7.4066765949585,9.15167811052132,7.3799474361461,7.78793318104805,10.4323137094878,2.53760998297181,8.45024146219072,9.15830168040282,8.22528000728371,7.24404342552493,9.52475723848718,5.42752121498916,10.7531565745197,11.0617654501134,9.89362653751065,8.1667920584974,6.22249062752335,6.30985717063611,7.73687426332269,6.55678448979553,4.21396954585409,8.28369931283219,6.47004514023952,4.15347506492631,8.42327826688238,7.67532820894466,10.4707633527629,6.53316494776352,9.06417302938169,7.16375265890682,6.63763284501695,9.02451329459575,8.76064551214306,4.43231135786447,5.57659287775894,9.02382190763769,8.27388633286734,9.80527522858179,0.746126128911873,6.10888971715669,4.41549607436631,6.94048221665417,7.69503077047513,3.39395610565005,7.31684645683385,9.4969951086182,9.61815466201128,9.75817199916125,7.68614346418197,6.93215606288586,3.4932646868924,7.7746383730399,11.6755031907124,2.61583260341275,3.67360874974663,"0"
"GSM3427942",6.49497152928606,6.19820482406222,6.89272717799158,9.02112743531101,10.2053281104255,7.35293809961087,4.64525972062766,8.3868212249877,8.56484669146755,5.86842552054087,8.6245549366051,6.79104676843424,6.26364162529904,7.48794553923058,6.17020070236696,5.24005937757335,8.21990931095722,5.61388276716019,4.64482168631139,6.76365699264757,8.27547185206913,6.45873903914822,6.58540986544771,9.35237779923686,1.8006443888056,8.39078761198048,8.35847606239803,8.05282515619717,7.02766641960625,8.94638540724936,4.48282858666826,10.4381921117596,10.8042349287834,9.39596398129254,7.70152615875896,6.79254692141429,8.41203756544259,7.13305929470969,6.1919327476849,4.45497764535788,8.18378050422634,6.10997410017861,3.31217281094537,7.76632032060782,7.30262554682417,10.0242791697753,6.86524099802696,8.09181927718979,6.30125618265675,6.01364845546661,8.30783293544745,8.52171566280996,2.97774549439899,5.33332172674657,8.64177282031275,8.39551577726887,9.3318685446841,-0.253873871088127,5.58719210989355,3.77252797020959,6.46951344217761,7.17293881772213,4.18245200045634,6.89293920366166,8.25138314910423,9.17223068327253,8.9199852114322,7.02110737176294,6.75970572975845,4.4173158336591,7.04765686744632,8.1280533615684,3.11833294394193,4.54807786766277,"0"
"GSM3427943",6.69232976085149,6.72719851263815,6.64012014360812,9.04159153787073,10.2091452252078,6.86338338681795,3.92905268662825,8.10173947446357,8.41029067616508,6.03348476681136,8.31225554291551,6.96237476039934,5.49191061297216,7.68950705040694,6.51423743274467,6.09349144964653,8.48995174357621,5.05748941863581,4.3968941728678,6.56802187209936,7.81571428658986,5.56808643533658,6.84103558996692,9.20234669734948,2.8006443888056,8.58557102426971,8.70089568151226,7.81722518115098,7.32225742987297,8.98658894924496,3.94342039438368,10.1243743766063,10.6123845950447,9.14925774536275,7.62782899057605,5.19035800658254,6.00110446449648,7.41241578036793,6.36231437044481,3.93674125843754,8.24841056282905,6.52163687267679,4.13660124636191,7.83731215217926,7.05671531878158,10.0997407083474,5.39679250603223,8.36731764858964,6.48293014277814,5.25993149701108,8.08135162604312,8.72151426735139,3.86671418201024,5.09365131397829,8.40308827589471,8.36448888164824,9.10118721373387,-0.253873871088127,5.06511731512778,3.10771216179922,6.64354284195266,6.52827007087671,1.51948698773391,7.04603690644669,8.5884181363818,9.04826799826082,8.34961393537528,7.3408859330405,6.81720993144316,3.16205877841703,6.42489233401278,9.62681482724025,2.61583260341275,3.41057434391283,"0"
"GSM3427944",6.21216345014194,4.69020430515595,7.36994366853031,9.388621393335,10.6240094381924,6.9161460476915,3.99616688248679,8.4228342035585,8.58935909009221,5.20254302443614,8.90112249809258,7.27755602284612,5.3695750700481,7.59069471356754,7.18909501411943,5.74201907914515,8.48198543376615,5.23306098321926,3.98185667358896,7.14698563219907,7.73585126119768,6.08476419649126,6.96680452089892,9.53414003673148,1.8006443888056,7.79880468358155,8.00505542010714,8.37440261430048,7.27583964454509,9.3813404793008,4.49869997931114,10.5275817484233,10.6877942613059,9.3155702014418,8.14445436153405,4.1508296423959,7.26277203456637,7.07947708445913,5.63142329068828,2.57766016513271,8.18090374347078,7.07125699260575,3.91703486910423,7.75679754648931,7.20232064102848,10.1162918846113,5.26673196546786,8.25861138914714,6.07155896069707,5.71648826572819,8.64707790790136,8.61798540809477,4.73065263243422,5.273200734309,8.66796595341775,8.66874595020855,9.65664387760019,-0.253873871088127,5.05137725850148,3.5315198707058,7.13442409921501,6.65278461262907,2.51948698773391,6.81417605736171,8.37023796633227,9.22310180008676,9.3550478214259,7.49317581607817,6.69105138128724,3.73142442408717,6.71323782837576,8.44303984703692,1.61583260341275,3.41057434391283,"0"
"GSM3427945",5.86005720658955,5.06727395423577,7.53069093581588,8.99230460014526,10.4121495748564,7.04929535775125,3.89428726846757,8.58458527355511,8.40339488612536,5.49078799306722,8.20722562581826,6.79357116984979,5.97566086233501,7.71957920208444,6.12885990698606,5.96595564602223,8.72544939400578,5.27745510257771,4.92045612892481,6.66635979129265,7.97831628516052,6.40079168993894,6.85807549326538,9.7988727300373,2.21568188808445,8.42766361421551,8.48959361464017,7.96426629191995,7.10935021719996,9.25536733761356,4.11797684455764,10.1821852580763,10.6056869102897,9.40376235185295,7.67692527519816,4.58576669911245,5.86360094074655,7.38450281687864,5.95092464818111,3.94891597238364,8.3492280623558,6.291339253255,4.37106649999894,8.20021684713798,7.29723228805395,10.7993265081203,5.60490070136243,8.55494465176541,6.09336333101542,5.56277885033273,8.13450133256189,8.13508187853478,4.4516766827314,5.46007886903251,8.26930239298824,7.54136664373232,9.31466609475439,-0.253873871088127,5.13192068581203,3.50504765934461,6.55721804212829,6.93617810609744,1.93452448701275,7.03118914203938,7.95520046705342,8.99071054335161,8.42904840286968,7.49059265506416,6.68475963541951,3.11475306363867,7.08852914886185,9.72355702207114,3.42318752547036,3.67360874974663,"0"
"GSM3427946",6.41738858833352,7.63773688526182,7.4635004895918,9.43140094003232,10.5375048260275,7.24284864789921,4.74618862947844,8.66947417114162,8.60747388465181,5.21634882396117,8.90041338279647,7.33066735930568,5.84401685652454,7.77790590545931,7.90716629653317,6.82400050123174,9.10841810215372,5.93350070136035,6.60634753849675,7.36593896956875,8.44809816907562,6.67950771800501,7.39227747284407,9.80492177471011,1.21568188808445,8.73526068839339,9.36866154624437,8.3309725411128,7.69871789704111,9.25748894835016,4.76855813282423,10.8275012223769,11.1500775982123,9.10609530546116,8.0552980843422,7.35883814556969,8.897023942284,7.49170373641447,6.21233895834674,2.7820186636389,8.5587506834412,7.14109661767439,4.32712315241134,8.65794415956303,7.83644919855352,10.8991468772895,7.80090635627484,8.67155650946474,7.18759940086118,6.3713527796795,7.80294881878613,9.57716301906538,4.90935851941874,5.57659287775894,8.85389690619538,9.73816735116603,9.51019252983767,0.746126128911873,5.48356947881939,4.12519958852806,7.31224878959207,7.02813841043543,2.74187940907036,7.53953036115762,9.20054296808548,9.51652346728513,9.35233343672887,7.63559802238439,6.92896543488236,5.17364675269224,7.54135131060016,10.8377851209891,2.8382250247492,4.67360874974663,"0"
"GSM3427947",5.95096570278776,6.73175679460046,7.12681862801441,8.99284362314457,10.2132978643164,6.76502831483937,3.66601828079446,8.55547948208584,8.03276148062441,5.73092199679093,8.26345624443706,6.93519602805395,5.57176392066137,7.24572674414256,7.56057614741154,6.01868761071236,8.72139497904447,5.5669617197727,5.20424909492541,7.28084137893386,7.78551864601237,6.10667897291971,7.36173789188469,9.86955068352552,0.215681888084448,8.365669327157,8.86200677676525,7.69562917985678,7.17405590658777,9.37353683598273,3.92003746694573,10.5337760437154,10.7191600954339,9.18439128249174,7.82879302504905,8.12045599335238,9.43951830186469,7.39248154282052,5.86072683920953,4.19364956147449,8.1966554090767,6.80035290074286,4.13660124636191,7.79451721243847,7.5403171045435,10.180660703731,8.20769649517091,8.54240435514773,6.81145091497594,5.82723533123573,8.67161231502106,9.36877484099853,4.71471108856519,4.96653939607495,8.47567968046147,9.24351268382382,9.15887648220193,-0.253873871088127,5.31556168037137,3.22589358814754,6.66164464832797,6.93311180304966,4.18245200045634,7.08250123273563,10.2453760826564,9.11281516519664,10.0687767070217,7.61083517835548,6.75130049142991,3.16205877841703,7.15930222327523,11.5079515250931,5.18061722219628,5.33657376246905,"0"
"GSM3427948",7.09745179126525,7.40069768796096,7.0281905952867,9.22345042715576,10.5515130173939,6.76502831483937,4.18059145362421,8.83564703772283,8.59455799676653,5.27028763107198,8.49056798643876,6.96909018776532,5.26364162529904,7.75181170930816,7.31607769301517,6.93033173629151,8.58673074170449,5.3063099652499,5.68229639173005,7.31334401862119,8.0338315461394,6.00143581289237,7.62244724477224,9.78087883703573,1.21568188808445,8.41700513271679,9.56955974064986,8.28246166793098,7.63578664131466,9.75317659304155,4.26997993800268,10.96593822726,11.006284379716,9.68653649808599,7.99795083953316,7.20972333144947,8.70406417461609,7.54376111817574,6.2204213046446,3.94891597238364,8.31945402586695,7.11221954038425,7.36745524644656,8.48225221490183,8.16727369392928,10.8798892604402,7.46954884846754,9.22974948651711,6.82888550831196,5.86925854613143,8.11596538112446,9.68204711601416,9.51862692665603,5.00401410149361,9.0159490638664,9.26383266820341,9.66616964585273,1.33108862963303,4.56318664688276,3.63280320654298,7.25020041377314,6.47444737137056,3.63496420515384,7.57408758319399,9.41373960496885,9.73731556117973,8.98451400634634,8.10118096346081,7.46740280398036,3.29532530928049,7.71845553764678,11.8054488448319,4.03087010269159,3.08864624902547,"0"
"GSM3427949",9.72972000676476,13.918835620492,9.81728331095157,11.4143002059341,11.9905742474227,9.01062476453314,6.60282445430726,11.9285998911901,10.665647332255,7.12048880855366,10.9239810329976,9.31141947471241,8.31094734007739,9.60495794704905,12.1599332766025,9.08093416635386,10.6485336297522,7.63678316927027,15.3473589417821,9.56127153206478,10.2498242390181,9.3941245379614,12.3681641610441,12.5889788735908,12.9065528973768,10.2321984413173,12.3930430047854,9.27834449158638,9.67581163030513,11.452285598412,6.64920277400973,12.8733151252076,13.261134899253,11.4158635387302,9.78226874452094,16.8835466871146,17.039259640575,9.33412837133259,9.43009248487967,7.85337983059762,11.0121256389392,10.1267303285042,9.5195939251594,10.9436087104636,9.51498581458688,12.6604556628219,17.3057576858189,11.1957555978173,11.0452308353423,8.57869694165661,13.2082668813745,15.2773685245939,11.8346896982201,10.3424933726448,10.7446016714269,14.9084285119502,11.2747491074947,13.4556407896186,8.86758008247761,5.52494721678231,9.12271067865122,9.56438949668336,14.8603570546462,9.51350335734229,17.4434983355225,11.7473453980373,13.64149267605,11.4146175974545,8.89720925350838,11.4212705088885,9.56181541315988,18.026730320332,14.5661454793124,16.4778406269572,"1"
"GSM3427951",9.40638704770765,13.4440505261188,8.73489836836022,10.0467923187044,11.1635539226616,7.54815712121709,5.10659087218044,11.1620765248451,9.45432738314938,8.2435702926962,10.148415556371,8.725135219395,6.99647933384257,8.94480321420405,10.7409426187542,7.80807598624051,9.93486628418967,6.59646571408278,15.3008701370788,8.54843406672996,8.83942385949774,7.95588366107796,9.87561394218777,11.3218020175967,12.2528856292364,10.2900842369972,11.3450282525896,8.99970834169318,9.54655188845379,10.6624208926597,4.98006223801794,11.8862380273235,12.4332729931089,10.4011675759001,8.79281885482615,15.9021954766656,16.3521064098454,8.67041781829028,8.52205799553888,6.85822923025902,10.5750026944295,9.41107849752909,7.65350630500532,10.6515350195648,8.85858817582277,11.9718117498812,16.4401026894984,10.3240138643688,10.4684027623623,7.04454246341239,11.9200964023078,14.5141289829951,10.2083441913402,9.6937433395527,9.8487352010796,13.5730943512546,10.1227624870261,12.2743360255346,7.34964267561448,4.56394134839818,8.57308520301976,8.71391330606595,14.738504210934,8.74533989829847,15.0548434799921,11.4891414108965,12.2286538253223,10.246820151391,7.92790032221612,9.732404183066,9.65183728371161,15.9777774622469,14.8243718101511,15.7392492712408,"1"
"GSM3427953",8.92035771685737,13.2888610755006,9.26171983512169,10.9630317199036,11.4281672096253,8.14761919163336,5.49093157423636,11.3919401956127,9.93299780311556,7.97377852068709,10.3966416717076,9.08233240080195,7.18239130477587,9.30028386880244,10.8948879667547,8.27747517704337,10.1366016399628,6.67600447906799,14.0555519649939,8.88994996698672,9.17422801993647,7.98969060521927,9.62701076991448,11.9776610073043,11.2566564869018,9.84383843719605,11.7571764879792,9.04887557034852,9.7306179815074,11.3443904903232,5.38716347737302,12.3069796100604,12.7545181903673,10.9614642909011,9.3872557428609,16.0350213649793,16.6688309123931,9.02306877157068,8.94483988572013,7.49704170492443,10.6588033593416,9.81075949821614,8.72721031022421,10.6018721344961,8.30531463435181,11.8163095769951,16.5147658057008,10.6414055982273,10.9664382632394,7.34429376745508,12.3088533492876,14.2791631836788,10.7026382562646,9.43628830569776,10.2141751740721,13.611590818508,10.9416959702525,12.1986247866047,7.63518882574246,4.66902339445573,8.53185561000686,8.98511323174255,14.8625338690345,9.51483815624172,15.1088817412425,11.772342378574,12.550359893117,10.1466009628603,8.70604055550669,9.18371043603694,9.9378687219082,15.9559104850235,13.9436659001631,15.9191614560023,"1"
"GSM3427955",9.46443716113795,13.7612835326576,9.96115741102606,10.8129987392425,11.8534033590447,8.83836492678111,6.23717498199058,11.4366611738878,10.6415707232999,8.88472733286997,10.3999065413283,8.79294048348307,7.97566086233501,9.7117635486681,11.2473986328735,8.57813096132459,10.4775851404756,7.43926137105312,15.1670934712598,9.21450962639608,10.1589984546121,9.29898418002754,11.0579590883327,12.529946417862,13.2694381106466,10.7920445640637,11.9116972537457,9.24036664606363,9.53920160062229,11.2899810926949,6.23913397104993,12.8888803676841,12.7922352360344,10.8866871540454,9.50856426261451,16.5136765434084,16.9977705308234,8.99010697779337,8.85813904472037,7.85418919670069,11.4119092951119,9.58969141637683,8.81864569654782,10.8504293555259,9.95421277943279,12.6259540134841,16.8914843227408,11.0043319865891,10.7688970172409,8.32177075082894,12.467285432031,15.011899179292,10.662429188512,9.9964804288082,10.6269890037364,14.267296523507,10.3564533073709,12.8307684510998,8.53754348692181,6.14890384911933,9.20925078559387,9.52216126129406,15.1098791078354,9.59443144613695,16.7207149172562,11.7955960832107,13.4507026188201,10.7790411900402,8.40944043262836,11.3114781244247,9.82630049286239,17.5081507307555,14.8306576312359,16.1736621919728,"1"
"GSM3427957",8.27729226157264,11.8931867530207,8.65047268960604,10.2543502737856,10.6566504083425,7.66896559305854,5.46747260141238,10.5868191243873,8.87222170522488,5.8858075987691,9.45768598243707,7.71850822087576,6.902542933131,8.60150146852412,11.2725298535697,8.18543486848909,9.4455824501165,6.73024752385197,13.5050918954036,8.37964638898935,8.43726242577026,8.01308617263129,9.90255516396497,10.989925722064,10.5376099829718,9.89026372168336,10.6215915891541,8.93413057394663,8.40904836470385,10.1667097177932,5.31190580177039,11.460401862052,11.9065360525861,9.87036426247282,8.82126147827741,15.3172833460601,15.6896130843261,7.36343852727428,8.5342670532341,5.74059873625892,10.465789012913,9.25877139079857,8.71589499699638,10.1064827642172,9.27408331032857,11.3258935002574,15.9729265862607,9.90719909964695,9.46840276236234,7.34925148725105,12.0082726535885,13.7385834597052,11.2297099939843,7.83755295535487,9.60419713886319,12.9564908408292,9.40683781766239,11.3221380031187,6.86168751455441,4.47125934588832,8.48230110825115,7.94229122982405,11.8406634832081,8.66586251793072,15.8957787500217,10.5226416632233,11.8679590397748,9.79299819168671,7.67970640769323,9.36141449973826,8.94456337448221,16.5800391986865,12.4411889448921,14.6934311061119,"1"
"GSM3427959",4.53225254536552,4.993273372792,5.43640682870953,7.64124116208106,8.57698097149505,4.98615576893924,1.12169776457065,6.78811866764024,6.59455799676653,2.67202830773736,7.6037963764383,5.54059042867991,2.7973236210765,7.15641752871304,5.64901411207912,4.3029906332998,6.62340518835337,2.89602599594169,4.8563257915051,5.63241245936931,5.89138728111919,5.11391054215078,6.65368630662882,8.25278312096044,1.21568188808445,6.33526198327525,6.94408740281571,5.97910133308289,5.71039970208875,7.23935501962493,2.18621158031009,8.87580062214181,8.98843689306673,6.66722876698504,6.06325827868607,5.47275773728326,5.89922485047727,5.44329467359842,4.88635264688502,2.69795439885042,6.52964956404044,5.33813346473394,2.37106649999894,6.24631326172744,5.44598972199535,8.11629188461125,5.46954884846754,6.90140781951225,3.65896050686964,4.06879000965907,9.07256685190317,7.98160739787306,3.26725211159397,4.00401410149361,7.15087864395251,8.38318497535815,7.76108637279925,-0.253873871088127,3.22666117578244,1.60814115230871,5.38487362868027,5.04527954325683,3.39395610565005,4.83996473879661,8.33672870414201,7.29572960017416,7.77954564995381,5.99218018629944,5.05626975915744,3.45578998147374,5.09656646792726,8.29412603751511,2.35279819757896,4.89600117108307,"1"
"GSM3427961",8.41539453820143,12.9427468713959,8.50321019939377,10.0379398037618,10.7083189133224,7.73822825549566,5.49093157423636,10.2929519074678,9.79867168438467,6.84195330917967,9.67518100967506,7.97577450107054,7.29758895722238,8.50859712348071,10.5147724577984,7.30372352386212,9.20546779856874,7.02313791384503,14.4049725837361,8.55448945879251,8.9431861816994,8.46299268854187,10.2043593559957,11.1780836157852,10.4742479219744,9.9669039837432,10.7127477546009,8.82391744490194,8.98141082864537,10.1266481778987,5.3473982446747,11.4832235522989,11.602080170809,9.76481937914209,8.6516680810257,15.6501034451973,16.2090339100081,7.60294136378806,8.11490038329223,6.5196646138851,10.4057623107768,9.00452746413808,7.25273111931928,10.0601347792863,8.70210276117579,11.6024042404429,16.0576336840869,9.69955075186874,9.98283687354653,7.58816416875265,11.6399328353921,13.836624153123,9.65800733060245,8.96178586610432,9.70271143535135,13.2386015585395,9.58670958678586,11.8081722666324,7.5607639846159,4.82697575423197,8.25020041377314,8.72104214103263,14.0679075567067,8.02994490303092,15.7514277377872,10.6326157228867,12.5640613633512,9.69570708496878,7.70914379404647,9.63517531216512,9.38279050113295,16.393790287782,14.1071011562629,15.0550615747378,"1"
"GSM3427963",9.32481046549504,13.4736490536851,10.1631657449564,10.548956704843,11.2794850448533,7.28357890031796,4.72655982272951,11.3660172464793,11.343024378125,7.78055276451553,9.77758815864863,7.97799574098721,6.27731656219611,8.49624168078567,11.1289472768599,7.74472025020364,9.31445494746422,6.24055551976618,14.2360979609647,8.32578878498784,8.3680379708052,7.70845909170114,11.62109616334,12.7680088992887,12.334622960808,9.90722714346753,11.2775162848953,8.94692092733374,9.05311959858116,10.5339757685166,4.54529267361491,12.0972122678791,11.7746837648781,10.6230961528957,8.66968917204887,15.6806126387453,15.7854232862703,7.86699128448803,8.41344413385449,7.1269007436199,11.1884430404242,8.84963380351407,8.4508712546342,10.0761755831946,9.16579476500337,11.480917573521,16.2614122800959,10.597996681111,10.6084323450477,6.8864132671705,11.5919782687583,14.6999131012639,10.1715902320551,9.43543134396132,9.84577734245069,13.4449240956767,10.1035262681631,13.7540294022939,6.84784386441635,3.76138741260439,8.82836810606333,8.29021453324436,14.4312534583935,8.86878445313386,17.1059321314584,11.4644114347658,12.5139327000182,10.5378045390701,8.23870437887562,10.3293959853702,9.50708848608361,17.2178004287079,14.5942451512205,15.5217752339681,"1"
"GSM3427965",9.90835578040392,14.7281255799957,10.2761181087303,10.9623438378322,11.9456255652894,8.70747085993015,6.39471625897706,11.9447521727302,11.2476565155868,8.1780603392368,11.056559864825,9.3149382448492,7.82085913553729,9.61756131942022,11.7377951897575,9.0231445034781,10.4990589471251,7.65091349810516,16.0294350494147,9.253185036031,9.86535082857073,9.08015641537572,11.8101755914044,13.0559277327144,13.4222384278231,10.9064109086277,12.1086688157362,9.83797268444646,10.2866097288009,11.4578317658993,6.07944715185913,12.8849823399223,13.008793980974,11.3183234370883,9.61705381922076,16.6126311684597,17.039984493515,9.23303503315782,8.79324324249354,8.30143238710443,11.3492280623558,10.0267185965293,10.0033347154985,11.1281871608653,9.6596522665135,12.8372610785408,17.1002821981999,11.3290007170385,11.1194994208571,8.28084048677406,12.6934593230113,15.5222296895248,11.7099443325068,11.0100704014137,10.5434242870973,14.376882658292,10.8419601864244,13.411017798198,8.66312570224558,5.4540637306258,9.762169362175,9.44137860657801,15.926865411014,9.34213092876474,17.201173491896,12.2697908737804,12.7232752776976,11.1506972036612,8.78050704848072,11.0619516479007,10.516105359441,17.6747009220346,15.1406599561943,16.6540161295783,"1"
"GSM3427967",9.60579301038349,13.8905774977306,9.22211107779799,10.381229259105,11.519731264829,8.06375858706321,5.88546341808057,11.3510548620314,10.2257655917467,7.7547687387453,10.4687301322076,9.12354779351069,7.18239130477587,9.5003719299304,11.1342668583996,8.33918658706692,10.1542541330256,6.80291659155021,15.0232306343578,8.83379738687587,9.35164353255453,8.67706867255359,10.0752151331285,11.9307858768392,12.1666022401145,10.0855896869532,11.8188808311841,8.87636652191589,9.4072550828808,11.0281898537117,5.73545215879728,12.4768078674932,12.6418259035478,10.9117421547344,9.59525899688265,16.3782171733242,16.8088252834951,8.81740834550849,8.32438304370855,7.88619705511483,10.8757950544928,9.35529725655985,9.86899815189522,10.9890516812248,9.31602114019321,12.2124408410968,16.8318385356795,10.8090124438613,10.5172775986885,7.67562701000299,12.2991301534732,14.4586634922747,12.4053299411781,9.54991912643342,10.3531896188964,13.5810449684244,10.70123106052,11.4163397656504,7.68720384186848,4.97416183137924,8.37722585212957,9.18716541929009,14.9482397127169,9.38266151254076,15.4421654275644,11.511249013474,12.0567386120902,10.3801429572936,8.65578056844775,10.5662389483584,9.4470637150114,16.4271514561459,14.7461350222401,15.4373052540227,"1"
"GSM3427969",9.11966652508077,12.7266277134058,9.08381410151003,10.5412387916822,11.3991454229259,7.70631900754091,5.58112938320794,10.557252612901,9.70202911683181,7.68697864920333,9.90784176646534,8.22147734939961,7.04924199471612,9.84245041087605,10.1769771123872,8.42454520834607,9.91370167419163,7.1075301011354,14.0617858421539,8.60787378305588,9.05423775680124,8.0208011377593,9.94420912097852,11.7683185071102,11.6403730795974,10.4031846381299,11.5767949891481,9.36913281041032,9.1159529520242,10.4001868724447,5.42752121498916,12.1692751491889,12.2130163843573,10.2757547394769,9.46872957468459,15.589948678168,16.3959933956634,8.15219659874083,8.74152820594939,6.88064669636661,10.5579193984623,9.23166091846577,9.10224974157114,10.4081502529696,9.4484246509124,11.5692259916486,16.2323324989658,10.5172832423949,9.79324805971289,7.20355856568776,11.8991329834081,13.7682659864688,11.4030779744057,9.52112824775259,10.057769239561,13.4109723497294,9.74704853939897,11.386822966482,7.18006848147867,4.51171138962562,8.59914872259421,8.57327980579427,14.0387956159496,9.1652967559258,15.6959564329194,11.2601115152663,12.4657715088752,9.94507990397273,8.13591309594848,10.3127887718379,9.75191829653982,15.7787461287398,13.7199945076049,14.9197555243825,"1"
"GSM3427971",8.25069805156093,12.6266128018423,8.14993586763907,9.30514686627414,10.228422754287,7.07807825838028,4.60282445430726,10.0916372585664,9.96245194560607,7.49645674315391,9.29022923658551,7.86372026877703,6.35029600755322,8.19769917324826,9.98857525821218,7.75279355073932,9.09071610042026,6.13995157882778,13.9840856803976,7.88635371658058,8.43337270909507,8.08660319615505,9.40658450788797,10.9414646453652,12.2549436824255,9.26398282690798,10.6669072168927,8.24152064829092,8.78549061867012,10.0213391413138,4.83006777008481,11.3740450964593,11.3224704714094,9.65475660288061,8.08143582503625,15.062762518666,15.5518731087299,7.56509645495428,7.49815675982482,6.71409410150567,10.2325224511202,8.46126425469731,9.42721646110708,9.74239448136234,8.76986608867223,11.1601872329912,15.5812297084691,10.1066082957021,9.74010202932327,6.82367751182254,11.160171048384,13.6423431121614,10.9918693133325,8.04952876074598,8.89453889069272,12.3081248771291,9.37842017836885,12.3904330904575,6.90052418109253,4.58936394527808,8.1049602765138,8.14670727614895,13.8027683047174,8.25854781626918,14.6084964593911,10.5724711806233,11.4668698683046,9.35515603000714,7.4949941892533,9.53035400562762,8.47507809118099,15.2696496399522,14.0344319344629,14.5994104169434,"1"
"GSM3427973",9.20063105427431,12.442226473625,9.33231586765431,10.6686570241629,11.1302664412664,8.4891026951525,5.96300001855159,10.5283593938393,9.95943270130728,8.25532005547401,10.3111888552212,8.50483501731444,7.87582559475522,8.84570045739784,10.6654911576212,8.10950751000077,9.94880547514754,7.44576000835186,13.3678987709412,9.16292717606809,9.50183181125403,8.83309398263257,9.36099096199957,11.7214383946266,10.5732338927025,10.3814194294463,11.5266693966666,9.13708785687256,9.79306383837492,10.9476999358514,5.67527416311813,12.1979454301018,12.0787336426584,10.3388069100122,8.9210012249655,15.9450574575348,16.3888280913867,8.19087028574555,8.66067571296568,6.88064669636661,10.8572198055046,9.37646876868394,8.90960466362874,10.3696213019245,9.29588081719082,11.9592516029194,16.3454681126958,11.0192180520133,10.2949971921851,7.89830134536884,12.3064712599892,14.1452827430205,10.5943624042789,8.8872840007636,10.2490156794483,13.0220791824568,10.5604364090238,11.2682171977989,8.06083758775055,5.35378650216733,8.30420506880567,9.48181075978404,14.401811610573,8.97798452486764,14.7406140113079,11.030270025924,13.2570488415131,9.77187876545418,8.73190261881865,9.93280258649251,9.6298529338761,15.472509066854,13.5214703157112,14.9386376922048,"1"
"GSM3427975",9.03258635141202,13.8006282948496,9.79911934725522,10.2412532496755,11.1393882157169,8.02177967866996,5.66601828079446,10.7536268119932,10.9950893738726,8.1387279268387,10.0839865552424,8.4713277662428,7.5064981491952,8.15117326615585,11.181280519414,8.41304417876471,9.9301897969802,6.99239439041392,14.8568380212427,8.94860418470753,8.970284931848,8.61343756636588,10.4975206328714,11.8805474905992,13.5012286004158,10.3825937844488,11.2443164951207,8.84735156602575,9.79306383837492,10.7576803273158,5.39227036780611,12.2784359079021,11.8141885118164,9.87738241336921,8.82737115020164,16.1011830246631,16.3705035294333,7.60169051724529,7.89773741036465,7.07368893743358,11.2180369137855,9.08561228558282,9.20142324741816,10.5943175767456,9.60395110761322,12.3543696346161,16.6535858095419,10.7097826744797,10.4102331360798,7.55421683682931,12.1065095265387,14.963514401218,11.6163825229142,9.02239263080847,9.99707705240516,13.0593690744474,10.150821212582,12.4608009562199,7.83987315330777,5.3085808704498,8.56541382547134,9.12604462391244,14.1927224395023,8.82354190075774,16.3439353326376,11.1338205599122,12.7815648175905,9.91312469088993,8.00820025364048,10.7272530093781,9.93226601567883,16.6732727058994,15.0584305849404,14.9852624711023,"1"
"GSM3427977",8.91048103741613,12.2804267895721,9.311963307677,11.262196509648,11.856393631186,9.23168345642183,6.0602972199065,10.8350207320734,9.94118332885242,6.54102229558735,10.4375420453865,8.85165753093551,7.31758043240984,9.62135888686931,10.7242691951423,8.46638463653172,10.2184716476186,7.1558931226968,10.4453810468601,9.22403869037148,9.62289844519329,8.07368069736225,10.0821810301382,11.8871198190621,9.38310003391619,10.2571696145245,11.413392482137,9.48571963716463,9.09382529369438,10.7426128792269,6.15350050099337,12.816816626366,12.9546711962382,10.8046341181623,9.81563812490865,14.3644064451762,14.9339567234414,8.60645356638504,9.56949554154508,6.34871895796732,10.6300894651615,9.53425159928125,8.73843756564747,10.1984592489012,9.43866018019686,12.2079434581244,14.8676792427749,10.7054429710048,9.37728510332304,7.72223224826299,12.5808279635758,13.7450117453353,12.1862056725525,8.23824813547458,10.4740044931975,13.4537954228823,10.8659742355946,8.24597201599508,7.65576644142556,5.09888831141222,9.03794057517247,8.67864667594104,11.2383052351899,8.93940574421265,15.7422590203927,10.9377455222933,12.8202612995966,10.1586515754898,8.37858771894134,9.24334891932231,8.79947022601984,15.2345691928347,11.9254984240662,13.0544305336876,"1"
"GSM3427979",9.22474351039112,13.530798327507,9.83262606601235,10.4424925545619,11.5615913584861,8.55968337459811,6.09897768807056,11.1270309421585,10.5795603539346,8.21977972936144,10.0556047538726,8.63017332180462,7.88478646232684,9.21740359672785,10.5934927180387,7.97150092526792,10.0302718424524,7.48098849666284,14.0836135388896,8.83504162588433,9.78490823980869,8.86879804431425,10.1342545415945,11.9883983226283,11.3365677308722,10.3989351651286,11.6752354738127,9.14162788220405,9.64113703965164,10.8196584589049,5.84876386379472,12.2140353996725,12.2936920878554,10.4227560452303,9.07545909559929,15.9411102524085,16.6216367262178,8.708030190923,8.56394823161446,7.23276306008217,10.8746828078562,9.40009345683529,8.16600216280247,10.3278930010534,9.15986384178559,11.7418201798669,16.4217709270144,10.6029458970828,10.431431128558,7.68742022314562,12.1252631257065,14.5338190342931,10.3440677086448,9.31480163877578,10.2811199439223,13.2092151111259,10.5043879237495,12.0102754686352,8.14976199857222,5.28543553380194,8.80697651617412,9.21267793277334,14.8608204817939,9.16982286172717,15.0267722780826,11.149891953133,12.1808793465998,10.468282913059,8.30665781050426,9.91823843923462,9.70800118000961,16.0598664065912,14.5033071027429,15.6309526716081,"1"
"GSM3427981",7.22132344942741,11.3987283825178,8.45170957132063,10.2037964524754,10.521964971551,7.23328378386367,5.20916060582099,9.83439415441275,8.93709637132918,6.72127182675721,9.04023635244937,7.71717916040324,6.27731656219611,7.41980087518002,9.99912903637292,7.70754378512643,8.70506240792251,6.60229479288498,12.0977673280081,8.35730522123495,7.91389468052876,7.22159841146516,9.555906751981,11.2005123741006,9.79122113491898,9.18271966536461,10.111415292772,8.39943313203125,8.30502530016062,10.0824535324487,5.00027152624558,11.5828382538163,11.4856382625868,9.30797159855164,8.30192813612067,15.3401051260872,16.0239766281824,6.7849195166786,8.17019096853084,5.77861206219565,10.0399765990825,8.71723526800854,7.97632376293794,9.97918996782576,8.81207560320093,11.2953305931831,15.6835792739655,9.61823576810738,9.68072832195188,7.19807302660404,11.129504648326,12.8336538102148,10.167570053279,7.5734802658916,9.40258515643333,12.7100580452355,9.70893249365373,11.3917845613206,6.6704476135429,4.21776570726414,8.4534976836919,7.77084037415078,12.3565892531856,7.946677074817,14.9873493008745,10.2705023593352,12.2208624740315,9.14578031719487,7.54169658632768,9.25839137356071,8.70537571060279,15.4131781123962,12.0034909647503,14.5070259683904,"1"
"GSM3427983",9.48739830958126,14.6720310179248,10.2074111824816,10.9169129766314,11.9418766804405,8.58497227874052,6.31809497737415,11.5460708444365,10.5168197432264,9.46572192373902,11.3115889555355,9.04626967987661,7.98818796021118,9.25943881652506,11.5669102875093,8.99800667948587,10.3490280960116,7.69249260185656,14.8993530750996,9.14698563219907,9.75280587030247,9.15392622099866,10.4276636083607,12.5902052827103,12.0775442281436,10.6853786222472,12.2095928364334,9.42640656198119,10.3896527664154,11.1891122648453,6.08681591307117,13.0069195097459,12.5243512125431,10.9488603916962,9.45774353814754,16.5022290284315,17.2691945051557,9.0024227782369,8.05175508963664,7.01988249373778,11.3826315025897,9.73154674403397,9.80836083149608,10.9042552078057,9.80828899986994,13.3431344306131,17.0203429345521,11.2916832107528,10.6834263498277,7.74686191477171,12.9797244402099,15.148786568213,12.2268150408163,9.74927901887831,10.5857007952458,13.4249498658488,11.1854596883043,12.088200796911,8.36984979475262,5.48825241680163,9.12629987997092,9.9149644563394,15.5415079573803,9.25695338430631,16.7654551256533,11.7704993209573,12.7946209704159,10.8348408303445,8.56174874531417,11.0967959331645,10.336880797261,17.3441395512379,15.6149370985175,15.9375625493448,"1"
"GSM3427985",8.74250144177883,13.552861787493,9.28942807501209,10.8494673824979,11.5495983587971,8.39643973824745,6.20207118103467,11.1465122373763,10.3767352259738,7.97986157273894,10.5471605755655,8.38356926046824,7.89812426186399,8.44573377907514,11.1931118010508,8.5111754167051,10.0551838622985,7.62823806013726,15.0710864410135,9.00164626903503,9.35781329979474,9.12826583512785,11.0585734586352,12.3296380547631,11.1074655913028,10.2399944707164,11.5747015475257,9.40939345160499,9.63425430443041,11.243107154486,6.05389321368052,12.0088148112289,12.5933952854886,10.8790150811186,9.20749204374479,16.1573765021656,16.7660231644112,8.18618367077121,8.55118799328662,7.48768365022619,10.9829008431923,9.70352520810527,10.0457531199269,10.6243013157354,9.71732655746221,12.3070929885564,16.6845347341358,10.6174207628842,10.7366423273274,8.12479541938781,12.1347890754823,14.6005421938786,11.8688540946378,9.71013372870706,10.1752360257568,14.1809995494223,10.1821436910191,14.2223660352357,8.44336593682379,5.6389034060794,9.13766102011719,9.55444669343578,14.8701499761062,8.96567310689175,16.7009605274594,11.6856781622903,13.2978268715611,10.2574955333845,8.40753134800296,10.3902568214347,10.2157381689049,17.4115631145152,15.0583873898314,16.2444922284267,"1"
"GSM3427987",8.78327597210207,12.2708666684435,8.78744024416958,10.2072843138911,10.7605673974052,8.0124899167527,5.45559850112408,10.4593253455599,10.2407648666698,7.89227226249523,9.57431218182547,7.96461671118601,7.2111742054049,8.76834707703446,10.369706694359,7.95759755675013,9.31176083829496,6.61388276716019,12.4972279919943,8.46891372708643,9.09025697960222,8.19797480693926,9.90767898268411,11.4441830053115,10.0100977544346,9.5364738598348,11.1591402128536,8.89114836271594,8.92111031837756,10.4599060941372,5.34915015143629,11.8663783150847,11.7786106553618,10.2978937167461,8.72440560811288,15.3439556820027,15.9267769045137,7.99743773076627,8.71102011718587,6.86627551459014,10.4740380574709,8.83882704855749,9.33222675813558,9.90641009250937,8.8512462004816,11.1813163252105,15.8593035929372,10.3025407975849,9.95730178143939,7.40030415337563,11.5550439378056,13.7011242757316,11.011576324926,8.35523650317501,9.61552954488484,12.8880508377053,9.6715848353481,11.0321062348401,7.28065606542317,4.78358315871859,8.27510575553596,8.46704620798865,14.1168412407055,8.79525996636819,15.3368758383492,10.9065541642073,12.2575929467585,8.85932596340972,8.06646895863229,9.47113166840281,9.01622435960966,15.8564092809827,13.3138860875763,15.0193835865884,"1"
"GSM3427989",9.52856749855767,13.2297659911733,9.84104396939735,10.7268420954928,11.4466569157305,8.32168716562643,5.91177469519641,11.3610953441146,10.54327535796,7.81271608795458,10.2769048450104,8.19212054634006,7.69660103257514,8.60610826873728,11.5512832889553,7.88844176909452,10.0340906630925,7.23306098321926,14.978447851684,9.06133754128825,9.56221051849419,8.56413203804796,12.0169395751743,12.8651790412501,11.9354984911026,10.2352352384952,11.5075923396615,9.42978524043616,9.41976149591915,10.9607797628954,5.78159069697658,12.3492838336062,12.2188621483621,11.4479600605756,9.22903561543865,16.1249255102205,16.6350800934551,8.41402006240981,8.95274508380547,7.11479414076325,11.3752575898564,9.41335655743854,9.22056543171912,10.8244544965926,9.88489393837606,12.4793190192955,16.720138502227,10.9632267832594,10.524651985307,7.85364293322183,12.9024603506518,14.6640526609409,11.5039186639125,10.165695108841,10.2107306160309,14.4522284281465,10.4713915984418,12.8423471251353,7.97792153576912,5.22589358814754,8.731005683203,9.15725719548986,14.757593125166,9.06802591021975,17.4249045736872,11.4221339429863,13.4413137695121,10.7754644225772,8.72364026383486,10.0557028236609,9.80683719542805,17.7059541984554,14.2180288343781,16.0058784534073,"1"
"GSM3427991",8.90622738802248,12.7804886072343,8.85421935814509,10.3869819669758,11.0886777051959,7.74497508793624,5.01246869481589,10.7230369140632,9.91821490557064,7.28346301981971,10.0752163456147,8.07767937567265,6.97984865929845,8.57511470210008,10.7475584045706,7.79822820028417,9.38364751457286,6.61388276716019,13.9549560811504,8.49905358715843,8.82939486155818,8.12110604355498,11.0348073333636,11.4772287514158,10.1684231352709,9.54138935024891,11.0545660183226,9.06981617444989,9.12143224095342,10.6763639326878,5.14847893295498,12.0568402475297,11.9504548100818,10.5105386681601,9.05304048104894,15.7120822243546,16.0003678154791,8.15390443562674,8.5551877048612,6.94588191229401,10.7584079525429,9.17639865292918,8.66458413041636,9.93694821855168,8.93002331386572,11.4534982845951,16.1390946817207,10.0808242699319,10.1846400253806,7.35419222852132,12.2641351141672,14.124808372863,11.1274926139037,8.80076092398524,9.84355496197392,13.4782763364244,10.06048789867,12.1279394249002,7.53137019962109,4.68679809618371,8.65714044535339,8.6611480855637,14.0986457604311,8.78791799102702,16.0965082665568,10.7485942389927,12.083991246351,9.88586188458294,7.86362468121504,10.1794060219809,9.52952587520337,16.7116702223634,13.6110697738618,15.4581072798091,"1"
"GSM3427993",9.74884994505236,13.9957923294937,9.58913621488932,11.5193315357338,12.2630538279486,9.26726831159073,7.12544989943175,11.7909202273423,10.5475261489358,7.97783673726145,11.3510488419532,9.36544312377924,8.92008351444013,9.7806254068129,12.1702856042379,8.66168649925899,10.8210659834937,8.42453151494284,15.7465900685262,9.93648305085043,10.4139626440714,9.91247954570766,11.535529674095,12.9602862316241,12.6751135067217,11.2957055394556,12.0592901467454,10.0558895983405,10.3350477832601,11.6968336190918,6.87149361498769,13.1773208597996,13.2287299595499,11.1290145254554,10.2261097238688,16.8948770260479,17.3421051486704,8.60278506726649,9.659189930094,7.60099266896333,12.0679814345963,10.4138117380831,9.59796031357033,11.3625754769218,10.6949429696029,13.2175635985108,17.3691131647908,11.2904906895435,11.0713300886349,8.96844903603651,13.319017987678,15.1986171445908,12.7934845719753,9.68511733453711,11.0156200945249,14.5973998529281,11.1644885288931,12.9434964227717,8.65463090808013,6.56394134839818,9.59350215945307,10.1621760377621,14.3269760827784,9.80001229184406,18.0538458104019,11.9398342948226,14.0492158514946,11.4337376262793,9.08283058542857,11.5269700438551,10.9147580512451,18.3798884141744,14.7679589687553,16.5788076957094,"1"
"GSM3427995",8.97823863293787,13.2286578143478,9.39214624647649,9.77323295022197,10.8268859794788,8.03835198006467,5.58112938320794,10.7775097720815,10.0295661414646,7.09081794187731,9.62755742476662,7.86251852356728,7.58006324387986,8.68370726353712,10.5981704346647,7.80859243337003,9.42827484702138,6.89127246597105,14.3634897453371,8.15298437282051,9.21784503448707,8.58119002261076,10.0868565395639,11.7470337985177,12.3287728715268,9.74868120415571,11.2533756282973,8.57692052651016,8.82900592624608,10.0075393444019,5.5650247387391,11.7441819242076,11.6383885345989,9.86895652610395,8.34486780051554,15.6522337695441,16.0705084584801,7.61213301600337,7.77552451667264,6.86466984381684,10.4903959817128,8.69193723383005,9.47707973762106,10.2269019552812,9.33851202731563,11.9902622315489,16.1229739558472,10.4348724831129,9.86260612615596,7.58816416875265,11.7626792548151,14.2061997756583,11.8066459467379,9.24511112176793,9.58259488437798,13.3621347418152,9.52920855664016,10.7140728347246,7.62942034528285,5.27763716324153,8.42039122729191,8.74046672510726,14.1725559643138,8.49062076067668,15.7099516537218,10.9085869883296,11.5213525071895,9.85631930367427,7.68539004619681,9.94848651251957,9.56760937693485,16.5654142825761,14.3276787915263,15.2919942520052,"1"
"GSM3427997",8.86298653762822,12.7603426786431,8.58413019477734,10.7020040546348,11.4514989173617,8.41347964154592,6.20916060582099,10.8846888235338,9.64094269091352,6.7875055251573,10.2651097632896,8.40436372598816,7.4289793572457,9.35877951811259,11.4226968729,8.20204047569114,9.90359831026522,7.61388276716019,14.6766498285889,8.69267948983157,9.84587625710011,8.57988500665485,11.498143521526,12.0698413174133,12.5817308387551,10.4024129371001,11.4243618251099,9.59509072942467,8.93237654080936,10.4663405522619,6.15149397071041,12.5419370414004,12.2598609044325,10.3946601447457,9.51274067119359,15.8011002272479,15.9633596700169,8.25831055763561,8.57816987511092,6.30202572251928,11.3680038887212,9.183890409591,9.90991502074318,10.2816051739786,10.0414740284183,12.4338248655407,16.3767966245515,10.625550170425,9.36239647747066,7.71648826572819,12.5180218071035,13.9814540420355,12.2426224450853,8.90596395583186,10.1708110298303,14.1693774661016,10.1214440541805,11.7226902523272,8.41078005880751,5.5315198707058,8.60570856844379,8.9551962438886,12.820030216805,9.04788217854762,17.2263617307344,10.9205226951115,13.1707079925741,10.370340575214,8.37311999973494,11.0772635278082,9.42009666741113,17.5211992373377,12.7965705903427,15.0071368413178,"1"
"GSM3427998",7.0416640130795,11.0746937378077,7.00070985886459,8.79069769490915,9.59194238748646,6.48776252316492,3.96300001855159,9.14145546724692,7.95674361377964,6.72610498049315,8.51763973268858,6.52851759637934,5.94171353041168,6.73648597807933,8.76823567377812,6.42117205964812,8.24836575700645,5.60229479288498,12.0546592081332,6.71041497137059,7.43959123183023,6.97388009037181,8.27716575685097,10.1239494932662,9.2184969036915,8.69801175937077,9.57250015957026,7.42335897127673,7.89831044900442,9.21335981109198,3.57553896048304,10.2244977513879,10.353711442684,8.5063193773791,7.03748896382643,14.1735056906655,14.4783107848618,6.60247242341634,6.25624178022355,4.75453792721679,9.22555962370101,7.72018255205887,6.88455724558706,8.6476758241092,7.3913544654185,10.2856072536587,14.5064655785224,8.60514011049569,8.63065939810626,5.7317550223815,9.88186587601035,12.290225039177,9.10702851134396,7.66989659759834,8.3351114820787,11.7857853713988,8.59623236090436,10.6002153087824,6.07872774664644,3.65705075278966,6.87682357943185,7.32103745671126,12.8264980060383,7.05340387585491,13.8093691767576,9.18972218737491,10.9530583313075,8.06430770119735,6.33385247356038,8.17364675269224,8.38279050113295,14.4508107677001,11.3709983763922,13.5284771330069,"1"
"GSM3428000",8.55053789839327,12.4743717296691,7.64160363478345,9.82106488580613,10.2771727683912,8.23008135182533,5.0602972199065,9.96416652194773,8.82802824351401,6.6968601607173,9.34441634754893,8.05891573637078,6.99647933384257,9.40621731355151,9.60245554582496,7.15975774948248,8.94996101789325,6.1157040325811,13.4560696107829,7.28812773301235,8.95625712085706,7.59933736932102,8.00300306963031,10.0553252555195,9.79122113491898,9.66171162441406,11.084006761502,8.42335897127673,8.7744035705151,10.1796336546354,5.40243023402634,11.0958173861711,11.5804982577723,10.0041962613365,8.14347526747483,14.675208110468,15.5852769212182,8.10287445869739,7.72954386354615,6.06252683114628,9.5228497319351,8.67836237636424,7.11522759556935,9.52120782277129,7.59408836098448,10.7603674790006,15.3806952210288,9.66157605612541,9.95680626536346,6.7985240345942,11.2217835999287,12.6915469188388,9.03262612094593,9.14697205533566,9.20670154288114,12.0817182577532,9.74105157988142,10.122251518188,7.61314480557002,4.20137126901347,7.6830712061393,8.09414181044684,14.2810382201784,7.82282360597522,12.5894064867944,10.3823881616758,10.6233831492163,9.27673929904581,7.34426908950572,8.21488973492412,8.00131815277945,13.6097397945121,13.0930005863469,15.1648773025968,"1"
"GSM3428002",9.20063105427431,14.0135369385682,10.3444365440305,10.9344158021177,11.6992182580466,8.57490984882277,6.31152232345066,11.7650698466837,11.1543637604878,8.53965026025723,10.2913115284899,8.71185064080605,8.01496251244231,8.66101024820346,11.5842189892821,8.64876547014153,10.2909371407581,7.64245191935696,14.9638401032351,9.11045975617396,9.68735544287499,8.95286230910272,11.2646403853243,12.5487224443113,13.1302538857334,10.2808764044934,12.0158969797546,9.32190921792082,10.2222798530981,11.3750032379801,5.9572703731447,12.6256222222923,12.4550658306779,10.9625646609041,9.43631698033622,16.3871760917399,16.855397340425,8.76745561093711,9.1633944219759,8.15410343349842,11.3323127907733,9.88552028400553,8.45342846955641,10.8803365808995,9.511496828507,12.4621566454123,16.918524078508,10.6998074363354,10.912776057222,7.9932066578526,12.4416197674701,15.1803948534373,10.2621197865766,9.83430583482838,10.5078460171078,14.22430722322,10.839556695588,12.5272808996077,8.23807797269462,5.81893843516655,9.27892202300319,9.45587278099363,15.2739917798654,9.48336646485963,16.6217566063039,12.0338596911676,13.0574679036952,10.9011389878274,8.58254163860506,10.702218071563,10.7752644069143,17.3272692714927,15.2987540559303,16.3385004190327,"1"
"GSM4232382",6.72609616076152,6.16078765543633,7.45798149021976,8.93639537183017,10.0040893929721,6.67777297025975,1.15297276703428,7.15720466096896,8.07952712683309,6.55116911706406,7.75261989762673,6.63693310047383,4.85428228703478,7.68388492659681,5.71703503942447,9.03753861794054,8.1569403539276,4.990225053659,4.66137626366143,6.82160009824134,7.71085492635803,5.55590067851392,6.71710528262214,10.8836236892866,3.68487895293015,7.95600354431164,9.08219340871105,8.04311318213579,6.99923715307367,8.79650584754599,4.68415682874199,10.0651328050964,10.7827277779507,8.58990997105824,8.33174588578509,5.31404673855926,8.6370144526884,5.90198004219001,6.15609000769959,4.70052289037239,7.4763259286696,6.25973040758269,5.74229586742536,7.42097271550803,7.44059773096192,10.1796936697377,7.80671488518111,10.4053186227865,5.99616505055632,3.67271475617847,7.95007963512568,8.38387620309811,6.66472259154496,4.52160272454773,7.8486044005603,7.87608514803663,9.03351276741839,-0.417209127189713,4.16159868532007,3.99317969032754,7.44278882563428,7.75112821797343,3.92548864073801,6.27953346181776,8.49721229779067,8.65762030916946,8.94203330910556,6.57755977747785,6.72222865051335,1.37761891368258,6.99263184915516,9.8005030738543,5.60582978546424,4.83203702018844,"0"
"GSM4232383",5.78517430118736,5.21304420555436,7.49743005678498,8.79364104588003,10.2455281017467,6.55341468491547,5.81965773358024,8.17461319612012,8.8289218451539,6.50130659659364,8.25614566710436,6.97560617525715,4.92433607295602,7.49046577940275,5.7522688614424,6.18344502914759,8.4675722967956,4.34648001454061,4.63478880693974,6.30772769451204,7.26219542091732,5.83201804282544,5.81080434984261,8.31269080071691,-1.04408050174927,8.00468691311178,9.5692874803668,7.56185550163993,6.48517792086461,8.86760475866034,5.79646269248093,10.2690143508008,10.3203237656084,9.06597837829494,8.76907591287698,3.77624674967503,5.25830645064823,7.00523709341924,5.40734399752247,4.70052289037239,7.82592569176946,6.09140440086526,8.06908128034517,7.73363235713379,6.77419010062268,10.4970407798635,4.33085201714608,9.05560854964472,5.70318041142713,3.68327348262877,6.74875422746519,7.93145886455786,3.18980639950126,4.27023253097099,8.17312028773848,7.12921183825948,9.311045429666,-0.101764401738903,4.57234476017938,3.99317969032754,2.60425560884659,6.42057661872822,1.26740975100844,7.02551016849577,7.85295542075703,9.0338589215076,7.18440619765902,6.85586529342608,6.71352235681996,1.61736159707919,6.38567779780061,8.74856794112369,0.716056320201333,2.09666028935738,"0"
"GSM4232384",6.86062726684467,4.41101419786281,7.52758206727678,8.74570764703228,10.0767633101086,6.04156203628474,1.61645084253873,6.64617709550033,8.38177969104851,5.67390743280561,7.78104832143177,6.72330255904602,5.19589245384716,6.30398800847799,5.03194626170488,9.10510689039367,7.90634321381409,5.52633936267187,3.19209938539413,6.89177723251676,7.07175419790535,5.66127233788025,6.66062598711411,10.5574879843141,1.14899508580617,7.81598418338654,6.98322378467884,7.14980493881744,6.88473581751553,8.49228834058357,1.95082935601727,9.89800280012228,11.1388843943577,8.87722328472917,8.95932518868971,2.23016583469814,5.3588515332823,6.33038467356339,6.48031602326992,4.73396915105003,7.71644356651947,6.36336241967324,7.35088054953806,7.13506000836215,6.89174138176984,10.254740042201,4.21543326510525,10.5162402474848,6.95504529850767,7.89750281542743,7.48950975102492,7.85967707030191,5.65139317295383,4.18609661863362,7.86067557517177,7.4985820582846,8.93768341095779,-0.765864268237149,4.40287728492253,3.99317969032754,5.33822103634673,9.17407287278001,1.16839377198188,6.39062975222757,7.91497062520321,8.61355057918593,8.61189441003651,5.56303874847657,5.30830021624915,0.838860754455609,6.82031848761585,9.20252008207344,1.1105560625936,2.21155059719958,"0"
"GSM4232385",6.47507358665589,6.04283239572359,7.86311072551634,9.10427496824611,10.1651458318871,6.64203712469346,5.84855269216844,7.61625384727924,8.17820277040687,5.85118789706378,8.53709990804485,7.57463866007621,5.44505674058919,6.65910560493871,7.68731945046633,4.82082533840656,8.88069367384473,4.98247518779005,4.36369923989754,7.70006805692407,7.24072260866357,5.83543964540532,7.56766154101214,8.69662969703431,1.65171435599217,8.52532060802405,8.94656504075974,7.5108408156602,7.30261379229109,9.09562966612259,3.41289202625154,10.4525338869161,10.0246965370692,8.81004184581831,8.2042275645981,4.86358909939921,6.15734261007243,6.43022848794455,4.5040143189393,4.70052289037239,8.12655466286543,5.91345391212229,6.68901778861659,7.61080923501478,7.94674417789243,10.3852589553522,6.84838324371089,4.05168105529287,6.72469293474407,3.67205127104001,7.36051136406276,9.73127088828474,5.73309460830784,4.95087506150374,8.30192013511999,8.53943459647492,9.47757195761933,-0.986106492434658,4.56437879192056,3.99318113302186,6.76268484676692,2.77878785308749,2.38565561434697,7.09692958919841,9.65590639576196,9.23843785862124,9.07549416554744,6.67829305734671,5.75279008041657,2.02959265941042,7.24753885913167,10.8276168842077,2.65169405557079,5.2245870840394,"0"
"GSM4232386",7.15305581481222,5.49108045122217,6.87390827961439,9.1336396523273,10.1738428054563,6.71805371181569,1.32477909800928,7.67840680319432,8.49268113707639,5.37363369682112,8.28187021653991,7.29146013183831,5.91283266215018,6.25699647373911,7.68245430049431,5.43343832162529,8.95836519403741,5.96419084667247,3.65247479331002,7.25127948069937,7.99329993517117,6.01068758934989,7.52307195401596,8.66353943531461,2.51697810029707,8.4269589485478,9.75020740048976,7.3752884426617,7.2760593568393,9.11194559196134,2.22569575000273,10.7118882096514,9.61113904248667,8.93538618576151,5.4805756061871,8.79630752871557,6.08221241806646,6.41382063675961,6.06687783202566,4.70052289037239,8.1051801926924,6.59495723081837,7.71816298714414,7.08350171407604,7.62881735904996,10.3912668230511,5.83252615567223,3.89663905741348,6.80415643418433,6.37957151299522,8.1142280497166,9.47054434395649,6.90666663357027,4.63904106278402,8.28016189265258,8.50249012162455,9.46642372564468,-5.02880256634079,5.46265158848507,3.99317969032754,8.65654037924756,9.95944567637877,-1.1643277986748,6.79520637342979,9.80187484745245,9.41342229555585,9.58262166076162,7.39929140815842,7.69526435075972,1.9786724915039,6.85233859693609,10.6342036991247,2.31661957077086,0.609781088141875,"0"
"GSM4232392",7.88200123578611,11.0454900278638,7.77948932022957,9.94722381356644,10.9978088927833,7.51688972439255,5.40864993628436,10.4593490394839,8.9709041064565,6.15202367320593,9.89719505339332,7.61770736874301,6.31925898648992,9.46878330252705,10.4898304216473,8.56714358626424,9.38322856397975,6.32212038535568,11.9103430733576,7.98703732585961,8.92240396017151,7.66403747615679,9.99534345233531,11.9752552401078,8.88085096966364,9.17923319416805,10.3580075696749,8.83888064980174,8.48066772069363,10.1056677606982,4.34027231274015,11.6389049539529,12.247686510019,10.4025601886184,7.17349335354251,13.1734448190167,13.2606038295976,9.29471260920958,7.5660046136742,6.36280815768874,9.7710482517384,8.79149768587065,3.77990396054276,9.84265042735022,8.04775424525292,11.2823514224432,13.4841556034282,12.0993443725981,8.79250544430589,8.23069081662154,11.7173820601419,12.5266300673293,8.61632109594457,8.82460279147387,9.53446623322524,12.5612830597413,9.80922187948617,9.6950311654324,7.32222773986756,4.00705495738128,9.04138919273258,7.42340500275383,10.9912693977017,8.11019316276193,14.4404198123884,10.3051446092514,12.1008989398592,10.5323719157573,7.20549769068721,9.19156072226262,8.1292366895102,15.3676553733745,10.7744729236415,12.0095570690417,"1"
"GSM4232393",8.79490111493931,13.5613151314727,9.65447983994532,10.19694301983,11.7541847772942,8.75152702322066,6.11639658076643,11.5621074592982,11.3372489429261,6.56164804314993,10.712481513403,8.67123675824707,7.69681992815965,9.28219140487367,10.8998169665731,8.48476015256424,10.193566578962,7.34503843009326,13.6468270855544,8.8544640323283,9.68640957966732,8.68491015032589,10.8050196874394,12.1723339288968,10.524410656303,10.0612192031392,11.255551673575,9.88552620015219,9.31840347903879,10.8635443535508,6.53583770030566,12.5147422847506,12.4043424914939,10.6962113423037,8.00850930204915,14.0859724818181,14.2566322510899,9.69385953647245,8.14113220912074,4.70052289037239,11.1414386059615,9.18283921529892,5.88433289206715,10.8046151794908,9.52793956268042,12.258697798378,14.2227566359728,10.6065410514256,9.75096046585265,9.53214547844888,12.433070791251,14.046601069769,10.1049037795768,9.94605624068792,10.3676951573015,13.1818017869548,10.6089877771845,10.3217411599055,7.98800256153043,3.99317969032754,9.90428107068323,8.15047576500574,11.9068303636117,8.90626401094166,15.3476438102361,11.4237726267826,12.3644353826012,11.1329479500333,8.70843115338469,10.2047916404687,9.76937790867226,16.0270084296616,13.5259773386776,13.0373157021858,"1"
"GSM4232394",7.14629071047821,11.8186208985494,9.09338717533278,10.1563859249892,11.1057960449856,8.42285970592287,7.34777464465656,10.936347311072,9.35377219864409,8.11339439445437,10.2611201648934,8.05287438099577,7.89074541167373,8.96885445125058,10.4531992010346,8.38576466383068,9.43265873912502,7.21956883983733,12.2890173302613,8.23889124404525,9.66965444847082,8.66902921315222,10.2551848316018,11.6955443339617,8.23463331465993,9.73160264363219,10.5478970752703,8.96190334443987,8.46000372917293,10.3599131867721,4.56085504860706,11.6347014722829,12.2704217843146,10.2420590554815,8.79323290768227,12.6281062156473,13.2049904044977,7.18557381782552,7.75444350279869,4.70052289037239,10.3117157158615,9.0926385171998,3.72340484654848,9.6324090812407,8.66412345916616,11.4483740226321,13.3392695522639,9.12244291083828,9.29468217894148,8.2947022539238,11.6128329515244,13.2229987449798,7.11825483413042,8.53252170812178,9.69687059029976,12.7674488377308,10.0092473979518,10.3300854667958,7.58877333099573,3.99317969032754,8.51728223528096,8.96921473241488,11.6283958306355,8.41695342605893,14.5758900394541,10.3788250115741,12.5074574901434,10.0439645714722,7.8677030488262,8.49956350669441,9.21221608965672,15.1367788736573,11.7455901105371,12.5283679496207,"1"
"GSM4232395",7.74844222900101,12.7782413491724,7.64896431506529,10.6238631683391,11.3429287620908,8.21731897898281,6.81555652569475,10.9287725919889,10.034940726831,6.361876680078,9.87272600826335,8.41370413919672,6.69283568074107,9.35088788348698,11.0051541429749,6.50132675938595,10.1218416465653,6.58860435012508,12.281230896578,8.75028533272641,9.17205845942075,7.82276487408271,10.1886044577418,11.1666633986925,9.89527180444167,9.90405659733486,10.6600605648347,9.51465139765759,9.48374304107059,10.3521583380914,4.44324420003789,11.5755454925456,12.5749594600122,10.4085053386383,8.57178512478785,13.8357347428017,14.1805025362689,9.37512939955553,8.15721529076243,4.70052289037239,10.2033621477421,8.89920761746545,7.1465880828268,10.122134434624,8.84176169799735,11.9307673704007,14.014414409269,11.7435639046685,9.545213112349,5.51068089889603,12.0169115183468,13.4338017281126,9.86653686138593,9.34264640317955,9.9684866046891,13.3052059530912,10.0651489620235,11.1610161299189,7.63165519946017,3.99317969032754,9.97419735355221,8.95068424462623,11.9748717529553,8.15043765269828,14.5246817522139,11.3865999417136,12.3939811052765,10.066655429431,9.1997085066128,9.55168190611595,9.38917694766413,15.3447340801631,12.7652575924927,13.0547503089701,"1"
"GSM4232396",8.3853044525259,11.9981106491066,9.14714008711762,10.451008338793,11.1052819611587,8.32031863656496,7.64119407205178,11.0723771761587,9.34820738544022,6.15461770976845,10.4064903983459,8.17315431912945,7.68898195886096,9.19122322437134,9.89682998885851,6.93963233943073,9.69576771415886,7.75428149414804,12.7194428386348,8.68632103089196,9.58257088784105,8.83418741874299,9.04266190483561,10.1729619336979,9.18858440509843,10.3284107092356,9.53877766623652,8.30877821966218,9.09706803074776,10.5731680879791,6.82703274390547,11.9375215019558,12.0551563187905,9.77841049532903,9.84434289858379,13.9034839271146,14.3364480300151,7.69067206747696,8.11298799866513,4.70052289037239,10.4713783963544,9.14017501287955,7.76248337528929,10.3785541275915,8.60394779723526,11.7213841737999,14.3408702574722,9.0182591168449,9.56392804790145,8.39428025944259,12.0702651859625,13.3211618430753,9.18633075517021,9.07182420685624,9.9810575154212,12.7546458716226,10.0554243840341,11.2477682121795,7.90814053926125,3.99317969032754,9.06994891029478,9.17980665312101,11.8157705753398,8.81257441907126,14.1144974537866,10.977376875505,12.1358571130209,9.61818642759537,7.84306139002138,9.96639736932685,9.39475124296994,15.0763737856486,12.0132336451656,12.6538493246893,"1"
"GSM5629971",9.08295458097468,13.2539027496551,9.50339652036642,10.639430030265,11.4197271419812,9.14128258324052,5.8496013063288,11.7708580036338,10.2719204623233,8.2480990413128,10.404688141408,8.21807266407969,7.6919569804646,10.1510799258552,9.73401221388525,7.7319102699095,9.9669170308736,7.4148487445778,14.8214083978483,8.58234037655084,9.78847955422995,8.49525204653446,9.89394196922732,11.9338435691205,10.3886694854513,9.83187922373447,11.2633000249396,9.03158029286397,9.48199255989383,10.8165394286411,6.09946823497533,11.8556252902679,12.6182936728852,11.383951739234,9.20967801644978,15.8616694288893,15.7742651480598,9.24134927049069,8.24016145460701,6.83730068832402,10.2806304651854,9.05215024962045,8.848301076807,10.1342996965245,8.52251520178714,11.7134988251213,16.1730456912536,10.79335859001,10.4214335029689,7.51606076998938,12.1024010128133,13.9094076224417,10.062407750407,10.0997384511335,10.0657473160987,13.1822861639039,10.4654568763665,12.7641062635764,8.42801755224108,5.02650621713611,8.38509125048024,8.81675630065322,15.0958162421136,8.97839257193456,14.2718759985122,11.2019173523884,12.4206772304588,10.0755450196261,8.10315723675056,10.5261353889746,9.24160696915704,15.6518559162801,13.917291558147,14.4156451337934,"1"
"GSM5629980",8.11061092387755,14.6284885176786,9.6475239425431,11.4875498291954,11.7757455967513,8.19335130338336,5.93243935434263,12.4629605263445,11.1506141661012,8.05067914820781,10.4326670840194,8.39147379443712,7.55097568474315,10.0388386612855,11.4746667347353,8.1691236791805,10.8953397377483,7.61203298213537,15.7060376754938,9.00797028193977,8.8285106553564,8.72657759264092,10.295254402349,12.2217032539889,12.4335996237797,11.0923371321342,11.4898133028063,9.09179781569808,10.061959327062,10.6284564258619,5.09946823497533,12.309284949922,12.920412978112,10.3501634257777,8.62221820674277,16.5866684082892,16.3204302239013,9.05139100369475,8.35896888464704,7.14201949317916,11.6192373012194,10.1825271842528,8.66240849923192,11.0479507226531,9.75256119566702,12.200202781779,17.0606684958053,10.3592215393599,10.8686231948173,7.79096927611147,13.32190725082,14.6176853907179,10.3860419298517,10.7906584401186,10.8324949209114,14.2551717395584,10.321738769158,14.351187139957,7.8806011227243,5.03719289593336,9.7545958044834,8.67528387470034,15.7515878248871,9.5741618276123,15.7875867411749,11.6074169071422,12.9452410296954,11.6431359071993,7.8354911016353,11.4173278644819,10.7562508952808,16.9676449220331,15.1289321088797,16.0175599027159,"1"
"GSM5629986",7.85994151216001,12.6711802544708,7.57725930200677,10.0154153150117,10.9985856661363,7.59486766300859,5.96153458501194,10.24348755634,8.92577026577063,7.10153803293599,9.68056289301523,8.11794462959215,7.01989342474795,8.49075216279941,9.39632362489266,7.71868402249657,9.58712874902735,7.57840933006401,13.7230479943764,8.76679033585099,9.06470216177672,8.26481415671744,8.10526377785257,10.4365025260031,8.51339596548429,10.2092463050473,10.1135789453732,8.62753780084306,9.56370250191103,9.8783257065805,6.4405051528104,11.3965571311184,11.9807223812438,9.77590562539977,8.45547651708523,15.851091731547,15.6486908799135,7.75917041030362,7.30375327203507,4.18522399174432,10.3376776654826,8.72282216394556,6.98006615674106,10.0611617130382,8.59363519317396,11.4117391230866,15.8702354514712,9.9245901660164,9.10976801458794,7.31418842711973,12.465590229817,12.6558599022645,10.4234261065155,7.89766981408751,9.82391168265842,11.8195995737143,9.98639957407199,11.0259987159061,7.89006145197337,4.49420266568752,8.63847548628031,8.50371851487677,13.3618911022675,8.17103764987696,12.8517491797273,10.189802170033,11.8887188874598,9.4578372402818,7.70417153936148,10.2448717418975,8.81876534686494,13.2288608952223,13.0119418984988,14.3631114323245,"1"
"GSM5630006",4.6548270822554,7.05083081758068,5.50477379497306,9.80471844576739,9.92795760990429,6.56189034056231,6.90404909035118,8.0251221998399,7.21527688296561,2.53385352364667,8.66628876203311,7.46629107278405,6.34550656644317,6.35233813410231,8.85025326721497,6.68041776534337,8.23349179441264,7.6985179962156,3.84423070976214,8.87955826601294,7.87225658532685,8.00485695441265,6.59291565136704,8.91951909439991,3.03913692916935,8.80065334255566,6.86318423160047,7.72142936575297,7.81795848818148,7.6086634111494,3.99993256142442,10.8215540514764,11.4015818184003,6.42162215720002,6.6636098379397,7.31433616152597,8.47188651325072,6.42885104515712,5.87582119703594,1.02423211507202,9.13049011575753,8.18471253439175,1.9356720373826,7.80208862837531,7.6856027731759,9.87169960419063,7.93970772056572,7.21760512833432,4.34683759241084,7.70781133821568,12.2515915640668,9.28235736129741,6.98325556047491,6.02902305361913,9.04127353088472,11.3111056710215,7.98003004919626,3.56002425140198,6.46917487699784,4.09459520697828,9.07101101741556,6.62184461573888,0.934054498808948,5.64192838388932,11.3441576835585,7.86355554924148,12.1213616666049,7.2394137211483,6.26827543518497,7.06151887691872,8.1593528969839,10.1538599657135,1.80700401399237,5.29503695484754,"1"
"GSM5630008",9.49052663000696,12.4235859739809,8.56278617975922,10.9806221788345,11.1225989561455,10.1300771285326,4.50585510123575,11.8322257594017,10.4072387048967,6.76541759088137,10.9185241169602,8.32030817602482,6.72175158272495,9.97194677763036,9.5631945636569,7.70921219124486,9.47095953621119,5.6551905645515,13.0237844124022,7.37886468218939,9.16842158414913,7.23891229327468,9.73120498732068,12.2543070379957,8.03503253083662,9.04031182547076,11.8726828911507,9.99485225961288,8.44519264169088,11.350094054421,5.77754014008797,11.5881761569064,13.1295081458019,12.771536025772,10.3550537667417,13.2096039481949,14.2632142859501,10.0050204274203,8.90247454908929,7.59914095112925,10.0429545561906,9.4828618229286,9.65914750011417,10.1198829237557,7.99306591238801,11.1036022448096,14.325312606306,10.89072705428,10.7737352468997,7.27244891876504,11.4975643756673,12.3636890607863,10.8058657537307,8.5612926605001,10.1356165352153,12.5361003995177,11.0697441705511,10.2296180025903,6.61648157577813,4.34736127735825,7.57136129042178,8.43049517779455,11.9591940610875,9.87050356100106,10.9917061056646,11.6382156464312,10.2288018396517,10.2714241160509,8.73715536164912,8.68639574719093,8.64349504460274,11.8125830023105,12.1787806583303,14.2756525909107,"1"
"GSM5630010",7.38576888879383,9.9059614642077,9.10616184360733,10.0998333299745,11.2683181780786,7.67029393318083,4.7399768151543,9.67991538564164,9.33794243135508,8.67194243796698,9.68360334733528,7.3073768521542,6.44229162897805,8.19364038808325,9.25508890655267,7.35875893882539,9.23466998560993,5.62556539544222,10.1597037825122,7.59560808374882,8.80362168200076,7.30031283793882,8.91187625455154,11.3594362504673,5.51044264809494,8.90765205268242,10.6280288583421,8.75714863190931,8.24815579463133,10.0333899665967,4.51450573425417,11.7640048511512,11.5185666668131,9.98535899102871,8.47304507043835,11.8461378312839,12.1353320239096,7.14401226900498,6.75101474129966,4.82585066758048,9.66010958263491,7.97680512470481,7.30692784463353,9.0663264979369,8.81184740139853,11.580881299716,12.3134494140893,9.74579457165036,7.90662951739709,6.6239975920585,9.4781244948436,11.9334424362169,7.70160106792604,6.56444609353897,9.56531832558924,12.3012930783008,10.2699428387062,6.04545107857223,6.72618549520386,4.31259585919757,7.51110295077914,7.74775351303278,9.73171602466271,8.4518898017614,13.4920563786708,9.89902875438198,10.763759722908,8.1764039236225,7.56540193826755,7.07573273613843,7.98605316876093,14.4961447740575,10.8475677251511,11.1048433558992,"1"
"GSM5630012",9.6585792171165,12.9998468888619,9.29392162438578,9.94973447048471,11.1494544479722,9.11452612499813,5.66351482122881,11.5124328510526,10.1579437078997,7.55304708887998,10.345128943568,8.41175378877461,7.90672046439171,9.83704916118797,9.99921771876068,7.61617317767289,9.8663682287411,6.86496090151884,14.6894967223427,8.15391202053438,10.2886898231274,8.61285969653188,9.52915020855771,11.6761923599836,9.4895983943021,9.83986569354565,11.1224873429292,9.48108754577927,9.007071529299,10.8543378332783,6.32186065631178,11.9132327453591,12.5136790942438,12.0779180035403,9.68602248927808,15.0543248980225,15.6455478382445,9.15450132609549,9.02163374236144,6.66166203568731,10.2780069055591,8.80087744170735,8.01758959938726,10.4660309664423,8.53588242552497,11.6831198900962,15.3121342641391,10.6994741360914,10.746911458824,7.60394436515537,12.143206966421,13.5398767707259,10.3255760397331,8.87117445126254,9.98142822143934,12.3282415833355,10.4054037930368,11.8891478476936,8.27033353309153,5.71991544531557,7.72805967195778,8.95011025786576,14.3078712496017,9.29234394609909,13.0714302771293,11.163224434609,11.2289501658783,10.3042140511686,7.90620551009229,10.5261353889746,8.41412399178656,13.9396334988782,13.5814616535577,14.3315376720484,"1"
"GSM5630016",8.11061092387755,12.4375860357216,8.31370113684942,10.6537378669489,11.1747631994701,8.22001925384544,6.16664901491655,10.3859318213602,9.01098626800447,6.5144011609805,9.65703739056057,8.14823598704389,7.81401009057694,8.64593750593118,9.68604418070165,6.86865766416577,9.61996014149472,7.44907799053055,13.3297725431137,9.26919210807208,9.32936502304202,8.66176929701282,9.07020263456205,11.4722192762397,9.15713413856781,10.0837154229634,10.2487836210949,9.15467835453163,9.66004811053916,10.1707618035188,5.8930173575079,11.865387696161,12.2520839293922,10.3215552020961,8.56329327395516,15.5684850211091,15.7242824817459,8.049437455609,7.97216506609714,4.78504445119259,10.1461119913172,9.13886188281378,8.86177461980178,10.1885956738397,9.56690932114559,12.1156845560214,15.7448499935089,10.4451914347797,9.0047795384891,8.03182576035151,13.0841142295773,12.9239302739866,10.6002497385534,8.76141591799551,9.78611599862066,12.9980181025732,10.3182083128301,10.0486677912558,8.57351153681257,5.15961499882869,8.46866050924537,8.86355051213216,13.0145389558765,8.22079068507406,14.0172559847102,10.1894941322309,12.8515356829965,9.96430648301393,7.8951618615588,10.2698136063931,9.11059826669924,15.3134409914002,12.0606151659395,14.1304106765589,"1"
"GSM5630018",8.54018451631427,15.4758806711239,10.586069182624,11.7653909898721,12.3015919143546,8.33915040747159,5.76745755157641,13.2997475122529,12.9410746862765,9.30581453916908,11.3997663625078,8.95559090910149,7.21944026218174,10.2712013713769,11.8977160110305,8.10636517807693,10.8278529931361,7.10713875382257,17.2001618354788,9.05721062947987,9.31299715657457,8.74877333875512,11.1989278334207,13.0966026033342,12.8907440219415,10.9729146927529,12.1650335613817,9.76285851419465,10.4433643623423,11.3135830885085,5.83643382914154,12.9331685646269,13.2592300478073,11.2913511322524,9.50714709630395,16.3745758098915,16.5424830397512,9.59107451132254,8.66253307156069,7.95628278457894,11.9692467393248,10.5589624621061,10.1893653965175,11.5704433602679,9.89570431219184,12.825666076272,16.8540510138467,11.1157038468593,11.494090524775,7.72854007183805,13.3908054139396,15.6931094329485,10.5928992937015,11.8800604144941,11.0437396768543,14.9693171537733,10.8026248493142,16.1791437628552,9.03903048532878,5.4786058106365,9.40501955373449,9.11309268163784,16.4513548010991,10.1953511072204,17.0000228876326,12.6886198732989,12.838957616917,11.9434060021308,8.26866445906245,12.2499730760667,10.6937517451885,17.8762233017819,16.1852175737535,16.5102521326233,"1"
"GSM5630020",8.36754513017492,15.3372446731444,9.28753447486796,11.5255495977794,12.2616200719701,8.96646590102253,6.6417964212154,12.9028664497889,10.2681624632177,8.03483763172848,10.8579088345747,9.1750597751196,8.80654326038887,10.1278569690379,11.8101838943707,8.16937954422345,10.8803622345205,7.81727481277662,16.6327742727166,9.02954544731921,9.75338408487029,9.42959585488379,10.4580345090604,12.292212786433,12.2644539309537,10.8301620701405,12.0434977210689,9.86770309913063,10.1847868944177,11.0901963222152,6.8930173575079,12.9691939468811,13.4331003564988,11.0065846579212,9.36919684858671,16.5132942986994,16.6748084957702,9.73171840613,8.27079307326067,7.63156242882163,11.6355204811792,10.713770718871,8.55867875706637,11.480289524059,9.55664098569176,12.6113343851328,17.419674574718,10.5316944064806,11.0504147421057,8.52319695127101,13.457684538669,14.9605603192367,10.8478350144619,11.0126661171256,11.085929411115,14.6688193746838,10.6380139795187,16.0217083217707,8.47187739737766,5.93518343221864,9.74164485904399,9.59667404000397,15.9892098115479,9.70992428005014,16.2862069523185,12.3188387619982,12.8150493279904,11.6558955043008,8.18704863545743,11.6840781642975,10.8001496686976,17.2506424263745,15.8892362341661,16.3793233577617,"1"
"GSM5630024",6.49612933623634,12.5611321280435,7.57725930200677,9.90012748978645,10.6552393845842,7.12726211292559,5.75161151563771,9.7507835634708,7.85938286843672,4.79258779204684,9.42965204626392,8.20790303180662,6.46956455912815,7.43980097535265,9.01565301267064,7.18793618063918,9.45991972898425,7.08118252071995,12.9903447499334,8.47566927108015,8.40301680445809,7.85830829105971,7.39177577925919,10.3409621119512,9.09737469866587,9.69391799216315,9.62197618821986,8.07964873303196,9.30564128929209,9.46463162395604,4.65200925800411,11.5604615727836,11.7698815425424,8.23956182989879,7.84931623505295,15.8707619055334,15.4097538155893,7.45269778711149,6.61438004927781,3.06376047925866,9.53296584958275,9.29671405195552,4.21946500338319,10.1481679490286,8.0685886891147,10.7840419414284,16.2504900415686,8.72344600880092,8.5303091256911,7.13013782108766,11.7923866869627,11.4175714980963,7.47231485714507,7.46670929184317,9.73743493182145,12.0117493757364,9.10704967104313,12.7299492528443,6.78821469256037,4.09459520697828,9.21416585229791,7.49383700336281,12.4438295031359,6.91557646374796,12.5410189423754,9.88082894351906,11.6675620587275,9.29088993863939,7.00056454214171,9.10027492040122,8.89901260031937,12.7692784748524,12.3885812295289,14.4977438506824,"1"
"GSM5630031",6.8512242950589,13.265133582871,7.30107352852167,9.99884228420233,10.6537243463343,7.88881334537007,5.20946209845552,10.7932419586144,8.91811669322719,6.48804983403355,9.86774441369838,7.84121835868874,6.74871863032522,8.43980097535265,9.95062869343272,6.91211561984955,9.44574576895951,6.50709192556236,15.5206600812314,7.85822316243509,8.28809181481175,7.84920608395246,8.1778781520882,10.1061208493689,10.7364204547568,9.59087112423067,10.4407972765861,8.39730036267233,8.85143319273257,9.60379437162766,4.77754014008797,11.4417097568591,11.9784287479452,9.50820984219611,8.37142908644639,15.2379963527375,15.2443576992765,8.17570122825517,7.02702700113166,5.4203611518008,10.068077508589,9.11078857181949,8.13235433961315,10.3176418404203,8.15280169301778,11.0208947264208,15.5730215348545,9.73031154001397,9.57311344823451,7.13013782108766,12.292723331703,13.2755261573007,10.2224019702298,8.77781035624618,9.69335022746442,12.5864085739251,9.30959820628576,14.3938630949603,7.56509929699637,4.17421237504165,7.91261659436734,7.77860347769404,14.2910565910739,7.98200382548694,13.3454774229775,10.7006127807141,11.2631009903685,9.97452851962657,6.93148615940266,10.0525635716842,8.91151901335772,14.535284793812,13.8273589736869,14.6786383996979,"1"
"GSM5630034",6.91953030844981,12.9144956707427,7.4284528349979,9.97916623457846,11.0263647574433,7.25138342475478,4.44982106632142,10.7427819065701,8.71887893797436,5.63338919719759,9.14054779834805,7.63587130303559,6.05992031861953,8.55745256400692,9.6763853963032,6.56924282260548,8.84800918937918,5.43377524791944,13.9053125435627,7.64019276607278,7.93166087252445,6.98005356341208,9.00857061054869,10.3548398466083,9.66584153555937,9.22414216510083,10.4249921745531,8.36387736113488,8.36401963808624,9.84239935562561,3.19257763936681,11.2080239656824,12.0412111220831,9.8945118495571,8.41536351195914,14.6067762814482,15.3449217179148,7.81197929648122,7.56085065286101,5.01921404030539,9.85154519142091,8.51042074542574,6.40928956226321,9.77868040731608,8.16514304321955,11.4114328509188,15.2545530201964,9.48152761978612,8.69305860060014,6.48472280345637,11.5352846887715,12.4314427591192,8.87421718466543,8.30078155227656,9.54805067431544,13.0940075493546,9.57347901580525,12.5718105826086,6.17404684145419,3.78793386874423,8.08367343843271,7.76223229446515,12.9852634397237,8.06266148883216,14.2739278883204,10.2839891890813,11.2836670955896,9.59546119435368,7.57801298920556,9.68639574719093,8.7317766864047,15.4928416409004,13.3485846739835,14.6303741353697,"1"
"GSM5632882",9.16553142550556,13.5039811465554,1.1084655894528,10.7670568448649,10.9076132148626,8.26129677254909,2.4022208415738,10.7942013059342,11.4119231451872,6.51445314714601,10.2583273129484,8.28351183924378,6.51275802004729,9.24307482035723,10.1710492215285,8.70453448018303,9.77461622061005,6.34352778625244,12.995152240821,8.45674436954616,9.68785046414989,8.11185434505056,10.8891807408023,12.2601878738318,8.96191618570663,9.75192580078864,10.8715456192164,9.62470091080436,7.89745652941386,10.1911878933949,5.02157312648044,12.1499151648511,11.6851319038679,10.8464653951942,9.38331552725076,13.6635505097423,13.1687476449686,8.71155309019993,8.18151509903192,1.90390971906146,10.4078220847169,4.08823627806299,3.93041262756806,9.47596438034958,8.73706227611318,10.9154254360142,13.9709705062126,10.0902704594386,10.560301993766,7.35225836654933,10.5527822908146,14.1565901100793,9.83525412679337,6.66910266498586,9.98376958795771,12.2320686740451,10.1593721021874,10.9386297469197,8.60289890845878,4.25697042109458,8.59857925944475,8.02192895591534,13.2950784696958,8.73361948616191,14.1469738839001,11.1678298415603,11.9183825856547,11.7211062572628,11.0882929219377,9.05253824652162,9.80049128604615,15.8414281463008,13.9843634938071,12.1330945333408,"1"
"GSM5632883",8.53475631116483,13.1658059373045,8.94135560361754,10.8657356268854,11.2670687096202,7.73692879655889,2.4022208415738,10.530233558331,10.5409706008547,5.29742391057666,9.67179337111862,7.33268468122548,6.83030027964744,9.47964817692361,11.80509964237,3.57525146323806,9.35128734769982,5.36757326021909,12.4834432587775,9.05878038362626,9.52006709501396,8.07683377890187,10.4634668307004,11.9017122572446,9.03525279764836,10.1077786341245,16.0516398065843,9.50527463524636,8.41354752988587,9.78280823566561,5.02157312648044,12.0180051138822,11.4960752698898,10.472781031299,8.73472817259391,13.0273723853364,13.5154662855824,5.90419816814232,5.86868921125181,9.53326633914107,10.7932014938857,11.4245196659274,3.93041262756806,9.14480969666618,8.57329660053397,10.8958641306726,13.9388727306766,10.3400544845795,8.07905456462311,5.14006171231877,11.2178994698637,13.5807602228451,6.53408459207281,6.66910266498586,9.53856810652,11.9038262981852,10.3057165520971,12.0042687413488,6.56212930265648,4.25697042109458,9.0947796116182,7.77212781228518,13.0749127482099,8.38323494522531,13.9261869407561,10.7290717284887,10.6500853534613,12.3132790671845,14.8714183971601,9.01650134875165,8.44725907124077,15.5725864717633,14.0292238272808,12.0430695332621,"1"
"GSM5632884",8.42902682991841,11.7552662812626,12.7993365987451,10.7424788221442,11.0809593586264,8.15358795241734,2.4022208415738,9.97748568247502,8.7479616418228,5.33441811805886,10.0640787058414,7.75912694377658,5.57699413077553,9.37901581381712,8.87299710283372,9.61964558259652,8.64419165202536,6.58313634316542,11.5345288046513,0.064426946767399,9.55808258917956,7.73205474488647,9.98154065885381,11.393669570507,8.49840273043257,9.45944761706236,13.3825075384938,9.0219857503219,8.48603028368739,9.57163138351649,5.02157312648044,11.8997573673058,11.293493351407,10.1960984544616,9.31390553828394,12.2225178019305,13.1779754851406,5.90419816814232,6.4506240192754,6.54776590883618,10.7819818309349,10.3437370112114,3.93041262756806,8.27676339503621,8.59112622034691,10.1592790567791,13.6320594225457,9.52596566842304,9.4094074417198,7.59641130662459,10.7220663182826,12.9839361311916,11.1276091062974,6.66910266498586,9.71876282256088,11.18202051119,10.0434483681929,9.17428681808908,5.93993389573635,4.25697042109458,4.42865425800244,7.27933515549189,11.7156845095451,8.58911092926378,13.7616949300349,10.0985752703555,10.2017740136821,9.29882223198013,3.49583588466961,8.77547492128143,8.21240268433827,15.4312274985367,11.7427712824861,11.2134236801569,"1"
"GSM6222612",5.9339089665566,6.58448029515054,6.633358889509,8.47889311258527,9.77431960089748,5.30229822967918,2.70378856857693,8.00083316545002,7.99067575263967,4.62554705014813,8.09781285832031,6.72188055277469,4.37627940892528,6.92164241798233,6.42081107873185,5.74409943270484,7.72262707266997,4.14751156818135,5.16478824087465,6.41860005368897,6.31004714922759,4.59675403911254,6.73457896684147,9.01514346750312,3.23906319520164,7.70369214722481,8.63040754693478,7.31637323854784,6.79768857025014,8.40763908410616,3.13120665794735,9.90806678624797,10.511150292385,8.37814319173558,7.52176162614525,4.32422725504293,5.32880145743176,6.32078231679518,5.84515035947048,3.21050515979893,7.24160635487323,6.41733660847155,4.91553212558778,7.90472158725441,6.68590858072287,10.082545995037,4.78790963791712,8.37088191725687,6.27166310772631,4.97765380125342,7.96174559394111,8.42338313005182,5.85989913062742,4.60091671187289,8.06551223281717,7.825212565903,8.73805243392824,2.08263811912223,3.6351205636699,2.53148604177939,6.59477796799131,5.80506804108057,2.83942908473152,6.94299533436369,8.98981583762845,8.53517638860737,9.03541749361809,7.02517774563863,6.20574210482355,3.00628734406404,6.88194933510828,9.08086522567635,1.19056051547032,3.32533831340838,"0"
"GSM6222613",5.75184863925537,6.64918598453836,7.60183480117547,8.58488793685916,10.4756966739842,6.32305678984598,3.98883159534448,8.80012053283117,8.01103157592229,4.74840379793366,9.03152437801988,7.42624856546293,5.70692472091375,7.26399546335969,6.20953182665041,6.32393690124813,8.58340210231909,5.59292271650372,6.15647297266264,7.50453757845443,7.26049755980817,6.39402014354656,6.43206536759321,9.11030070054346,1.47352844883866,8.79993399505068,6.45049845691984,7.88071644210158,8.01181337560299,9.30587988834646,4.02537374593523,10.0083056546976,10.9614068590652,8.41035177264591,7.56005554596729,7.08909884577902,7.13072249343874,6.69167271238964,6.50811537219291,3.58220625093576,7.99582111510756,6.77567352027074,4.89453182697523,8.10048331156095,7.50734466100668,11.0142318616322,7.25739492121834,8.68742955313635,6.34980648728038,5.68999560845081,9.12221026613436,8.45950551144673,5.82436757997876,5.38496098563862,8.56926371820049,9.81589034461846,9.12478017501136,3.95710723703837,5.15137031430704,3.37731511165163,7.34377862707787,7.26540388728798,4.45086379681387,6.45485921993546,8.99196110946001,8.97740969867429,9.87002157024614,7.6269812357371,7.0773393704374,3.78389492272759,7.63748567696826,11.7032717961447,4.7210752321691,5.53833203674258,"0"
"GSM6222614",5.55316464483163,7.19133540172054,7.31091099816821,8.82596685564681,10.4187261825521,6.51570186778838,3.85649182949065,8.64235294008962,8.13677299358345,4.94747514503549,9.2611476055391,7.74188624457774,5.70111909923254,7.29865647080631,8.08744431110964,6.49329132920431,8.46939029390365,5.73247406890251,6.23754458330996,7.56237276727531,7.51309215636124,6.5246042533567,7.07933777010971,9.29317829186222,3.39952786739488,8.69295960243118,6.45459121155373,8.17284068269412,8.04170574991356,9.35842299457384,4.39424106378115,10.3360638525626,11.0474715835762,8.87624145502432,7.57112770346623,6.92785360002912,7.90105290640337,6.85669891441912,6.44706599347283,4.18075781640487,8.21204816363829,6.83383654582888,6.19858032101745,8.32225294202182,8.08905418393275,10.959546328331,6.85565424455295,8.8083247845886,6.60478940921853,5.95528598822497,9.87642802452233,9.90311216292235,6.87734204484381,5.89010340556265,8.70385380909685,9.60476903561703,9.25738767016792,2.49767561840107,5.78628463700355,3.52170502098681,7.40393019318518,7.14085878934968,3.75696692453955,7.24035470802932,11.0342099569869,9.12637873202971,10.4815921869059,7.26640300402608,7.13233461487461,4.5208605168938,7.96148810009348,11.5775556936458,4.2685630274716,5.48061653888629,"0"
"GSM6222615",5.88089058425711,6.82752322579687,6.3004755455019,8.89961684764447,10.0800352470648,7.0733570225138,4.48896325578575,8.25462278680651,7.82809923036497,4.48242210804953,8.15776726260598,7.25156061799466,6.12630115591693,6.9948088305443,7.50785498248734,5.97610694291801,9.2473639923613,6.60973100419027,4.98863128572082,7.96267372329726,7.61611616705881,6.94310560793912,7.37737265868608,8.8015286157136,2.47352844883866,8.37537542018954,8.54277509990324,7.08581044663485,7.73233985905927,8.84691178619215,4.60147367794659,10.2471140391754,11.008986487592,7.78308683146185,7.28070164513319,6.91668429231101,5.2706985028682,6.81353105526274,6.25442091553044,4.04865428039753,8.37267542049851,7.31895011818497,4.49771218563761,8.33897464289572,7.95610277812953,11.0503011163397,6.46829170371696,8.07875098344139,6.37244732747448,6.54024848894613,9.38056671731595,9.4803390148639,6.0596845674047,5.69622367196861,8.25033395146035,10.5000112944039,9.02474150957092,0.497675618401073,5.28567140601863,4.20467572551229,7.78993864385249,7.13888654701807,2.12893570192651,6.43575039698775,9.85645696541757,8.98814608341205,10.5688631591491,7.81426789234947,6.79819914209163,3.74325293823024,8.09092903888644,11.7823614763003,2.48006713266531,6.93199588522885,"0"
"GSM6222616",6.7090355557164,8.74555437901059,7.59544647321293,9.36770325356844,10.7407045885079,7.24362232235158,3.76548089098317,8.55439773945532,9.06618102575339,5.8751609402196,9.04851619803412,7.45915603740303,5.46802197755285,8.0992683827345,6.81360315031927,6.42025158365412,8.90044981090684,5.37428243002838,8.40834527220914,7.21729011461944,8.30190616407335,6.48712954793804,7.8079155787832,9.82180428560656,2.61103197258859,8.6207460722794,9.77119645790785,8.1582292263021,7.93706450833285,9.35330523453919,4.41751084310399,11.4852942481151,10.8242687732052,9.16925850563178,7.99359115872769,10.2386123871984,11.0720414501282,7.31801284788322,6.14022723470841,4.70431977246189,8.68758488528981,7.77338896707619,4.89029483408876,8.66569758702132,7.33131429691518,10.607319086455,10.8227438642965,8.82979563208153,8.10741472874384,5.74970185457508,8.2030645186192,9.47412049212874,5.07408763253167,5.95210374861438,8.76540624037912,9.56863379676772,9.83042942612817,2.49767561840107,5.6764613590508,3.31071736292261,6.87325580684528,6.93349798120504,8.0682477752274,6.71155209889542,9.69640778275114,9.63419339793151,8.98722278114853,7.54172586065344,6.99233846671435,5.25782611106,7.2600115906459,11.5894671001924,8.63073757702768,9.34770612643683,"0"
"GSM6222617",6.78932334467403,6.5236551024545,6.54991813335555,9.15225072925214,10.448848249933,6.78248840848328,4.1310302074429,8.10071010335283,8.43205733192025,4.93459385373876,8.53009190951642,7.55011420450821,5.46116830651179,7.60075635639479,7.60506473806295,6.82541004697359,8.89936303493011,6.10071735670241,5.14810949972802,7.55649620093864,7.34668899286185,6.20498631915654,6.59854983774299,8.9512063155202,2.1516003539513,8.59081721899735,8.38123579448273,7.55921210842769,7.79356068462747,8.92900976739925,4.25585757962522,10.0710549203868,11.1289769859635,8.59889245225557,7.63425062249136,5.85560871555924,6.22042529638697,6.61509588911683,6.46215532959577,2.73329883943365,8.53623995565221,6.8577551727351,5.63318874025764,8.38979179718371,7.4901841098485,11.0114195897068,6.81539037433923,8.97497465399805,6.20033666058086,6.17445450868713,9.21921267293975,9.0773168917419,6.66857290737134,5.78252351836283,8.37461628734695,9.71808555914666,9.2608865280855,1.49767561840107,5.29631865021814,3.3444004891789,7.50384900179103,6.51390219996389,3.06182150606797,6.83044744798242,8.55943037401617,9.07663102533631,9.82531595460214,7.08192414623211,7.20911946502587,4.13753187734229,7.70176642830052,10.0399671944943,2.48006713266531,4.32533831340838,"0"
"GSM6222618",7.35080441205603,8.91169299316618,6.96109594552961,9.24022515153599,10.4483554420577,7.02349650798707,4.40530532673884,8.47627895140798,8.79546588283798,4.7703185743621,8.7243428685017,7.65771499631752,6.03694163577828,7.89499002579026,7.79119296428131,6.66929084505631,8.79804016453628,6.13208152761175,6.16478824087465,7.48610687304724,8.15339769092617,6.69041314632678,7.13180519000385,9.54439653563799,4.47352844883866,8.52065023757181,9.26369662325892,7.69555962647403,7.80180467872237,9.04528059012051,4.70675512826064,10.243612023539,11.0390415769517,8.9637441943662,7.79493754267424,9.30508086142267,11.0321586589551,6.99489620833914,6.6871662889747,4.16565092401467,8.3210948683723,7.4789200389876,5.7663061168133,8.20147111914578,7.57866206550834,10.7125304244673,9.55711173701554,9.01717715248301,6.1975216449738,6.45513187530818,9.37602517618603,9.68803038685392,6.16061347625548,6.40726592106934,8.87792463408089,9.47960262693048,9.41591511635312,2.49767561840107,5.936776263531,3.71435009892921,7.22354952778942,7.04722371723845,4.97328483146631,6.49233392535412,9.5512098672112,8.97909253455959,10.190453869208,7.20790735471594,7.35294702976578,4.5208605168938,7.98615015432775,10.6828520421558,6.93949875130261,6.96393877773161,"0"
"GSM6222619",7.16371885945553,7.36704275575686,7.59010117239304,9.37091043171226,10.3480978531232,6.66544898729306,3.80519060078514,8.51263911787368,8.88985825311293,5.52171123916359,8.70437905767814,7.61413069737937,4.71270707350775,7.37980995606834,8.57658332312255,6.66199835248995,8.45910103451215,5.22227933658333,5.079396749644,6.94778509744487,7.61799101467925,5.62290632696851,7.99502955075237,10.2823715369056,3.85204007209239,8.65092005919006,9.39939657904994,7.94698274193754,7.45238596698897,9.30428955744036,3.9274599894083,10.9857468362361,10.7129820939619,9.33091730515151,7.84460253032652,8.19767136755831,9.46241689517276,7.02626037924847,6.44030862729752,4.71681071664508,8.3597197653946,6.94559852171305,5.23579140011452,7.50951525989714,7.86013371959881,10.3445081637044,7.62144849177838,8.71717689653041,6.56820905178102,5.93827956291928,8.80276587879365,10.3016615394126,6.0693025699663,5.59386195433894,8.60190750809624,9.53030409679482,9.52226975282579,1.49767561840107,4.85271199874253,3.15492269031519,7.16370567025947,6.40323608060099,2.99143217817657,7.22039396629843,10.9205531751913,9.31594530939509,10.3412592082954,7.70747836420645,7.1841665702644,4.44685993545002,7.46105910958399,11.6762443423428,4.63534535814322,4.38946865082809,"0"
"GSM6222620",6.82985115125664,8.83310425806017,7.51197965069561,9.84646387302835,10.7957857692077,7.45116161559366,4.19221372389439,8.52906195591255,8.65377562818444,5.55575871999127,9.23029895367251,7.339023459245,5.72991636353998,7.84603160396819,7.77624262281534,6.15644856030566,8.63131888813107,5.51178595377831,5.35120136510553,7.28519417912125,8.29137122446716,6.37875338689325,7.56493052919582,9.98197660356792,3.61103197258859,8.49806355250457,9.08117925794684,8.12139848672096,7.78734662602868,9.53965621381892,4.71616915866851,11.0573105003866,11.1028042725792,9.24159731491154,8.26169174131531,8.73467860654693,11.1331023373356,7.51293323647247,6.51777631258613,4.8867357180874,8.16601192862633,6.98956216022745,4.87750867913291,8.13812564552113,7.88660593096,10.5170131280781,8.42137065632947,8.85561111625062,6.78436143293563,6.09994423105685,9.5181389424655,9.86915564650937,5.99555422998498,6.02209895137264,8.97476519188278,8.99146190920191,9.80987561488537,1.49767561840107,5.38876489898274,3.22892327175896,7.44361389465766,7.03030041420198,3.57639467889773,7.79938874375995,9.60499295139661,9.42516050786907,10.0505205286948,7.68710222817467,6.97260224865309,4.93589801617264,8.08078702846583,11.1806796539457,6.47184662586034,4.25822411754984,"0"
"GSM6222621",8.95604794382585,12.9707185495971,9.17291999509589,10.6904872933287,11.4742450269985,9.27658811057329,6.24970896856978,11.1732588995465,9.51100309014073,8.00559919147764,10.1494237062004,8.01974494277158,8.36988973363618,9.0850666905072,10.6335325065329,7.6765466610591,10.0538644903247,7.32424174752878,14.9139063398406,8.55453201405813,10.1611333397058,9.11495138591451,10.3024767348216,12.1673514746678,10.9733743359219,10.1139924039089,11.4172005282522,9.63025701196458,9.23217383175721,10.8626652490972,6.18389398410529,12.3450164965871,12.1920374993992,11.5645780877302,9.37911276095246,15.3269983282459,15.4194710635627,8.90850898020296,8.37802434904318,6.18974659963213,10.810335828738,9.18527928703067,7.38101596092851,10.219643865193,9.31051583424279,12.1819387496675,15.9698502723303,10.4454113085844,9.95865729480245,7.91818199356223,11.8728060256787,13.9998033621262,9.65692539790429,8.78407396992623,10.3348573152454,13.1285750405693,10.4405505723092,12.1819859295254,8.55979499051423,5.67958468076853,8.39889209114015,9.34625813977282,14.1578463608217,9.17213879769121,16.1010084459652,11.0246176400772,12.2498263817113,10.0672600590421,8.04777810134846,10.7116728848099,9.4688574801444,16.7293497240563,13.5346097877687,14.7993668393867,"1"
"GSM6222622",9.00022012717265,13.7583980611002,9.87118530051926,10.9018358099495,11.7554204758067,9.1465150200875,6.31764060172193,11.8771627453441,11.0339046227296,7.69784344380419,10.6694501946629,8.36008507477283,8.18467486116927,9.72820290442465,10.7480699902802,8.02081782482926,10.2529054485853,7.29336243464481,15.6707138391285,8.50351980413293,10.1966945249287,9.21791249360081,10.9381997025901,12.4567463243511,12.0953971735501,10.2480596636617,11.777336465931,9.80858839071818,9.65253914784615,10.9996611592846,6.24126020341227,12.4949565840767,12.6290206197678,11.6230423769453,9.65599296561928,15.5954440495688,15.9532722812064,9.08457221911452,8.35799586854936,6.59241003049908,11.0512654419898,9.40963439217073,10.1309458876721,10.6051613053955,9.55586835394171,12.247221356069,16.3706004858716,11.0326901518543,10.5088442397059,8.13021167072565,12.095179258796,14.4844537422057,11.1860696355194,8.93266386779069,10.4512622453781,13.0997018668585,10.4351409425697,13.3110560053258,8.96207255814676,5.69489773626303,8.71836674516262,9.52186976679175,14.6953357516212,8.87652545768021,16.3667293271825,11.7237907195844,12.2099433487484,10.4605401650893,8.03989708622487,11.4480458747202,9.36507970778165,16.7721774332435,14.6014093218758,15.510945860183,"1"
"GSM6222623",8.96789953371799,13.5560765801469,8.83209758845605,10.5522990543115,11.4223691951706,8.99224557400263,6.24970896856978,10.991201893037,9.96579829865731,7.99245205375388,10.3783408372164,8.13303879443016,7.79813172976043,9.55668771815241,11.2195443424314,7.86863876077462,10.1543115315881,7.21863155956818,15.6497615635264,8.49739803381218,10.0688808970507,8.88215625797479,10.562647290758,12.1420651672411,12.3097366393589,10.0874456913807,11.6408843539031,9.71518192155866,8.96944440320832,10.8042292143095,6.09106726709414,12.296570622844,12.4414565890613,11.2398850733693,9.24985435308801,15.5526420095246,16.0417808977539,9.01799554933436,8.56124617309895,6.64182793043793,10.9992562827268,9.2528425708433,8.6284268423018,10.7255630556315,9.21973223245223,12.0373645292441,16.3126961887687,10.7630055882672,10.1282589825367,7.94822432439078,12.3739388489376,14.5238867305367,10.4228353250186,10.0943328582372,10.2720103954828,13.135599868195,10.3047687185516,12.620180102715,8.34584692104803,5.74619896496854,8.5642435998432,9.0366699390777,14.5788815589036,9.14356964549444,15.253140935831,11.4999756622576,12.4517273434288,10.7557060421737,7.94011302448652,10.4966129706471,9.43243131005532,16.1958469270204,14.2214575083323,15.1286622324499,"1"
"GSM6222624",8.29254883980048,12.9635008953158,8.27071456495325,10.4012896425783,11.2115978698694,8.12155173498336,4.91210580470165,11.0786874717381,9.93782865117459,8.1964147209835,10.3084239303435,8.1423315482399,7.03924442164771,9.28629581186753,10.1687720663221,6.99750941965024,9.60822471723219,6.36770977610489,14.5286964072183,7.99344847664593,8.57617083898462,7.95172903493428,8.9876216010181,11.2388364343535,10.2968956888849,9.69005637727831,11.0429554941879,8.83726237470114,9.17857630445695,10.3799731850013,5.14521351594123,11.6258119221086,12.3178546475397,10.6089275636232,8.82600462842464,14.939238970833,15.6713147990123,8.65295071431684,8.09684259649913,6.27245765054168,10.4798373697064,9.03651863488901,8.95992624494623,10.1239906147732,8.0939309042075,11.288925414814,15.8619567297757,10.0290853435229,10.2735021073901,6.96371461029555,11.8012140627295,13.4551380336228,10.710856280134,8.6675309960729,9.99016710790153,12.5061960881187,10.093071315284,11.6378663215929,6.98364286856898,4.53148604177939,8.10834367217616,8.45963000104985,14.1265642708182,8.99091212017567,14.1016967015992,10.9056052700899,11.3607483471911,9.88578491820494,7.54692731839199,9.95437641213857,9.23507829850615,14.712024954728,13.3652435097088,14.7963206461538,"1"
"GSM6222625",9.67217537426958,13.3505380501714,9.81180490167685,10.573101335924,11.357445944046,8.27858216070538,5.56803482677695,11.3518523135731,10.2120611208877,8.41793970364813,10.397946941162,8.48312468522936,7.61728750842907,9.72939439385856,10.8773266554646,7.90787220716556,10.0162612563002,6.96796214785064,15.0916976481474,8.8748868317548,9.51661399430417,8.53611824137374,10.6796098222783,12.0586541238573,12.0304176385655,10.0458758041316,11.7835521338071,9.3822192061556,9.1138343125435,10.5624537283438,5.67210488613713,12.4363413843439,12.2525445287126,11.3198630684136,9.44574721961455,15.7403567747238,15.8691589545489,8.66840914556824,8.45714306616078,6.99368382381448,10.9070118481497,9.05685527281479,9.69400811759296,10.9257832027822,9.21451721758897,11.7824909335079,16.496380098474,10.7338813869839,10.4484121806971,7.47295537635878,12.603336955871,14.1955199249352,11.0919898813995,9.92214088137869,10.2793679721991,12.8552689127632,10.2225225667392,11.3902184350496,7.85990750014673,5.0702255257399,8.64791963898006,8.94313677347275,14.6836989501037,9.49233392535412,15.4090069080389,11.2603575014773,12.0896526814279,10.6997604510456,8.2427398790909,10.9723464016135,8.99292656434802,15.7857841467291,13.9583081787687,14.828667170035,"1"
"GSM6222626",8.86245023513426,13.1349093879335,9.58366055883522,10.5670552163297,11.5302698404385,8.42619470007709,5.47671966003101,11.3507480693241,10.1303906604519,7.55154646870435,10.3202781559248,8.47395303933111,7.45772922254502,9.50521436915883,10.2486702205574,8.18979232988874,10.0470108192836,6.8550175618739,14.8997119411291,8.51062919218131,9.16113333970578,8.44499528389161,9.95459866404095,12.0502341319715,10.9226770942141,9.94337095300059,11.9121639263893,9.66881076406695,9.19510039884715,10.6986261478558,5.3143639160007,12.3807722353045,12.5741914718531,11.3508236423145,9.42484262080527,15.4243967861728,16.0095311044227,8.75520490375136,8.4107993851348,6.67528009951053,10.8382913406189,9.02023305976978,9.38779449355957,10.7275046532146,9.22640967063562,11.8120430110189,16.2746028706362,10.6835038499226,10.5010170217642,7.33682893940955,12.2397720021092,14.0520767094202,10.9722468564929,8.90727854937078,10.3377967927107,12.6443678390029,10.4253002274174,11.5771604022279,7.6351205636699,4.98381077392243,8.34901256144564,8.90766825730647,14.5471716573571,9.12460214085363,14.711064247963,11.3644575835966,11.8521580603157,9.55937972521732,8.46877651065734,11.3642581888769,8.81469606419869,15.4416845979972,13.7174943994971,14.7788427981061,"1"
"GSM6222627",9.46134566542859,12.4065321276587,8.89283761462277,10.1167122479,10.7587035125198,8.35490565588532,5.5230995953133,10.4063038141623,9.85333237708782,7.23304176422165,9.63365464790372,8.41095145683659,7.13709174504585,9.8168105285663,10.2356742414526,8.14545103231668,9.67769522186649,6.43212650460066,14.5642441989546,7.9671105131833,9.47429122496541,8.13855895741757,9.20096721451124,11.2484242049823,11.1680604589305,10.1093430442908,11.7260939180852,9.2107590840391,8.74415209136608,10.1318097327473,5.48652552101917,11.965366811076,12.1485120221699,10.8387935234468,9.21639501455741,15.1023300587348,15.4998630034668,8.58134423694945,8.32993755238467,6.81302603190439,10.5994044062286,8.8343845781397,8.37420542881162,10.4680993162284,8.50612565371752,11.150841166087,15.7828885422267,10.3456410358881,9.94864722834107,7.38782788861323,11.7137865085694,13.3436238455483,9.94844817509191,9.06322445403844,10.0248702483198,11.6447091494895,9.76376369003106,11.2110621333381,7.19754049573997,4.96227761237279,7.81932688455872,8.2635948650561,14.0503709507457,9.11201780525364,12.5055156759125,10.9974753217284,11.0069964544589,9.72061376639559,7.89713668336163,10.0667259503178,7.67504908992474,13.0414260522666,13.0173737903257,13.9837932547529,"1"
"GSM6222628",8.25434897978455,11.9515242779635,9.58069897424574,10.3730445963631,11.2578915221434,8.25311823372544,5.56803482677695,10.6052884058394,9.46977395414156,8.74287269196043,9.97014705637184,7.54574372239912,7.27244359794074,9.14045642894953,9.92083792770236,8.07794943177244,9.72998152380912,7.01918747120581,12.958830574602,8.16546632402034,9.4119004056719,8.11725294722299,9.5317829584309,11.9215482254102,10.0464181172592,10.0387208546378,11.2306653675317,9.1235490884224,8.99752914959674,10.3019007692269,5.48239369468885,11.7614046722568,11.8568793823924,10.5423089238892,9.04333721944748,14.6100629109044,14.87208771677,8.35977644841104,8.35754761779513,5.09085084405173,10.565953726528,9.16101717700689,7.18567213731365,10.0601526217117,8.59251204426936,11.526499376224,15.3291924435025,10.2209567892862,9.51040460025816,7.09483734062376,11.3689955031597,13.2652857252808,9.24046966794757,7.60091671187289,9.88718432428633,12.3357880145001,9.97625765030127,9.87921856958566,7.75382024175704,4.82187856323365,7.8502391541203,8.65444617803388,13.1698480525596,9.30759404549707,15.0716057026685,10.5884034892859,11.4347710942186,9.79452717329987,7.57599358624872,10.3191702993484,9.09092903888644,15.185427625395,12.6151933938917,13.9050827954861,"1"
"GSM6222629",9.35844324841012,13.9294683677175,10.5955798523136,10.8819285536831,11.4157043031979,9.12746442785325,6.27938288676389,11.5414335437752,11.8047871855608,8.4939923804365,10.4633557288679,8.17269313617896,8.04727534917389,8.77933582314764,11.1770693627213,8.23854227943723,10.091464417731,7.2759173001854,15.9537783955237,8.76111392054711,10.3114960747696,9.34183392334942,11.5184040933995,12.8181547509424,12.3280852012432,9.86867358572299,11.6641550311919,9.34030217012757,8.93050039867535,11.3131465576083,6.00919026003973,12.5401812922865,12.1508706007767,11.6292939307961,9.5610277592687,15.6106225743674,15.643325076353,8.53320241316924,8.53055774760021,6.9983810739163,10.9925276311723,9.14476004852743,9.12723759133202,10.9274733510612,9.31121396880318,12.0434343968515,16.4693733194424,11.0072652690625,10.8459915820352,8.23837434124897,11.6615634607618,14.8325842004209,9.66289325830923,10.3550220535179,10.3348573152454,13.4531223171607,10.7403518831508,13.3953320296522,8.73926214606687,5.95865729669409,8.90406185362645,9.55995554324404,14.9039660348556,9.15588290693329,16.074255164767,11.7426868969837,12.2825652140364,10.9513257501202,8.43960141201996,10.8784125215119,9.11224695453007,16.7572034273175,14.9150151551082,15.4877296421653,"1"
