"","p_val","avg_log2FC","pct.1","pct.2","p_val_adj","cluster","gene"
"IL7R",0,1.33209645480466,0.971,0.54,0,"0","IL7R"
"LTB",0,1.08692767232036,0.981,0.651,0,"0","LTB"
"ITGB1",0,0.775968887954806,0.741,0.394,0,"0","ITGB1"
"GPR183",0,0.749574463214083,0.521,0.199,0,"0","GPR183"
"LDHB",0,0.745640339226373,0.9,0.571,0,"0","LDHB"
"VIM",0,0.74266362277219,0.952,0.765,0,"0","VIM"
"JUNB",0,0.740766871051662,0.897,0.768,0,"0","JUNB"
"TNFAIP3",0,0.736359350845342,0.69,0.395,0,"0","TNFAIP3"
"AQP3",0,0.735431191000077,0.374,0.094,0,"0","AQP3"
"TRADD",0,0.708905048785908,0.471,0.162,0,"0","TRADD"
"TRAC",0,0.696660568132435,0.856,0.522,0,"0","TRAC"
"ANXA1",0,0.677225996500809,0.866,0.551,0,"0","ANXA1"
"GSTK1",0,0.653069353674865,0.781,0.482,0,"0","GSTK1"
"PLP2",0,0.644425435215765,0.529,0.232,0,"0","PLP2"
"INPP4B",0,0.640737111251914,0.407,0.132,0,"0","INPP4B"
"TRAT1",0,0.637100750359434,0.463,0.167,0,"0","TRAT1"
"MAL",0,0.632268424718239,0.465,0.182,0,"0","MAL"
"FXYD5",0,0.626704532535777,0.865,0.622,0,"0","FXYD5"
"CORO1B",0,0.614451174422489,0.418,0.165,0,"0","CORO1B"
"NOSIP",0,0.611969907147976,0.668,0.372,0,"0","NOSIP"
"GATA3",0,0.58512017288108,0.345,0.124,0,"0","GATA3"
"ZFP36L2",0,0.575101158305665,0.934,0.787,0,"0","ZFP36L2"
"RCAN3",0,0.571000299610709,0.625,0.304,0,"0","RCAN3"
"IL32",0,0.560033462565315,0.956,0.677,0,"0","IL32"
"CD40LG",0,0.551101986441604,0.28,0.066,0,"0","CD40LG"
"TIMP1",0,0.548641580554967,0.46,0.183,0,"0","TIMP1"
"S100A10",0,0.537510664366845,0.894,0.674,0,"0","S100A10"
"TTC39C",0,0.527222609680386,0.497,0.233,0,"0","TTC39C"
"RGCC",0,0.526738514441936,0.352,0.138,0,"0","RGCC"
"LIMS1",0,0.502370860759215,0.355,0.144,0,"0","LIMS1"
"PAG1",0,0.50085719738233,0.451,0.21,0,"0","PAG1"
"TNFRSF4",0,0.499904241662386,0.203,0.027,0,"0","TNFRSF4"
"HINT1",0,0.498722597090794,0.954,0.796,0,"0","HINT1"
"SOCS3",0,0.494286960667307,0.321,0.122,0,"0","SOCS3"
"AP3M2",0,0.46216345585214,0.287,0.1,0,"0","AP3M2"
"PBXIP1",0,0.454788037366388,0.488,0.25,0,"0","PBXIP1"
"ARHGAP15",0,0.452950006051648,0.562,0.317,0,"0","ARHGAP15"
"TPT1",0,0.444818482710094,1,0.998,0,"0","TPT1"
"S100A11",0,0.442505802933242,0.698,0.401,0,"0","S100A11"
"TNFRSF25",0,0.438894680966716,0.314,0.116,0,"0","TNFRSF25"
"MDFIC",0,0.435518060358581,0.402,0.19,0,"0","MDFIC"
"CD28",0,0.435436993143354,0.294,0.103,0,"0","CD28"
"CD69",0,0.433689855031924,0.803,0.582,0,"0","CD69"
"ITM2A",0,0.433327874087711,0.481,0.268,0,"0","ITM2A"
"LEPROTL1",0,0.432224979879106,0.726,0.466,0,"0","LEPROTL1"
"CRIP1",0,0.419633358939578,0.47,0.256,0,"0","CRIP1"
"RPL36",0,0.418483200356206,1,0.975,0,"0","RPL36"
"PASK",0,0.408215634177971,0.226,0.09,0,"0","PASK"
"TCF7",0,0.406841909214625,0.678,0.397,0,"0","TCF7"
"LPAR6",0,0.406166818580748,0.235,0.081,0,"0","LPAR6"
"FYB",0,0.404950911942972,0.838,0.601,0,"0","FYB"
"RPL36A",0,0.403433083131931,0.954,0.805,0,"0","RPL36A"
"SARAF",0,0.398993448529217,0.914,0.713,0,"0","SARAF"
"RPLP0",0,0.398220723149544,0.993,0.925,0,"0","RPLP0"
"SLC2A3",0,0.397981758041658,0.453,0.255,0,"0","SLC2A3"
"TRBC2",0,0.389059242577459,0.797,0.631,0,"0","TRBC2"
"DNAJB1",0,0.381664226783099,0.598,0.364,0,"0","DNAJB1"
"FOS",0,0.373796534479388,0.897,0.811,0,"0","FOS"
"S100A4",0,0.373764543126716,0.957,0.783,0,"0","S100A4"
"MAF",0,0.370007707571721,0.252,0.106,0,"0","MAF"
"CD2",0,0.366963371387776,0.779,0.501,0,"0","CD2"
"RPSA",0,0.365981153859941,0.998,0.96,0,"0","RPSA"
"EEF1A1",0,0.361201970387371,1,0.999,0,"0","EEF1A1"
"RPS18",0,0.36005542152369,1,0.998,0,"0","RPS18"
"CD4",0,0.358067131034616,0.284,0.094,0,"0","CD4"
"TMEM123",0,0.357316842699019,0.645,0.402,0,"0","TMEM123"
"TOB1",0,0.350322939898555,0.434,0.258,0,"0","TOB1"
"FLT3LG",0,0.349192526842855,0.303,0.135,0,"0","FLT3LG"
"RNASET2",0,0.340938234668933,0.622,0.391,0,"0","RNASET2"
"CFAP36",0,0.340767966615047,0.236,0.09,0,"0","CFAP36"
"CDC14A",0,0.34037928788857,0.259,0.105,0,"0","CDC14A"
"RPS12",0,0.339264352774866,1,0.998,0,"0","RPS12"
"RPS4X",0,0.335668731779159,1,0.987,0,"0","RPS4X"
"TMEM238",0,0.333776252099208,0.324,0.157,0,"0","TMEM238"
"RPS25",0,0.329631872796808,1,0.983,0,"0","RPS25"
"RPL39",0,0.327467187567234,1,0.991,0,"0","RPL39"
"CD3E",0,0.327379623416555,0.884,0.607,0,"0","CD3E"
"ITM2B",0,0.325847553446693,0.951,0.82,0,"0","ITM2B"
"PTGER4",0,0.324805384662863,0.326,0.169,0,"0","PTGER4"
"RPLP1",0,0.321815314310252,1,0.999,0,"0","RPLP1"
"RPL34",0,0.32126469113626,1,0.995,0,"0","RPL34"
"KLF6",0,0.321202605526956,0.803,0.612,0,"0","KLF6"
"RPS29",0,0.320567224623252,1,0.993,0,"0","RPS29"
"CAMK4",0,0.317503531450278,0.397,0.212,0,"0","CAMK4"
"RPL11",0,0.317110053835175,1,0.995,0,"0","RPL11"
"TXN",0,0.315885039813444,0.477,0.276,0,"0","TXN"
"TNFSF10",0,0.315151822441807,0.272,0.117,0,"0","TNFSF10"
"RPL10",0,0.314980254179193,1,0.999,0,"0","RPL10"
"CD6",0,0.314975920979815,0.373,0.207,0,"0","CD6"
"RPS8",0,0.309803888415436,1,0.989,0,"0","RPS8"
"SERINC5",0,0.309203490183955,0.282,0.131,0,"0","SERINC5"
"ARID5B",0,0.308955477202325,0.418,0.25,0,"0","ARID5B"
"CDKN1B",0,0.307603495747602,0.5,0.311,0,"0","CDKN1B"
"CYLD",0,0.30729481466838,0.576,0.379,0,"0","CYLD"
"RPL28",0,0.304808130983261,1,0.996,0,"0","RPL28"
"RPL6",0,0.304422096303739,0.999,0.98,0,"0","RPL6"
"ABRACL",0,0.303258634347655,0.512,0.313,0,"0","ABRACL"
"CCDC167",0,0.300643163360881,0.304,0.152,0,"0","CCDC167"
"RPL13",0,0.300602194480664,1,0.999,0,"0","RPL13"
"LEF1",0,1.0369030931348,0.583,0.202,0,"1","LEF1"
"TCF71",0,1.02033073907186,0.774,0.385,0,"1","TCF7"
"CCR7",0,1.00974554389457,0.523,0.167,0,"1","CCR7"
"IL6ST",0,0.941060532816276,0.462,0.143,0,"1","IL6ST"
"TSHZ2",0,0.916892825216776,0.329,0.063,0,"1","TSHZ2"
"FHIT",0,0.910661787251242,0.359,0.068,0,"1","FHIT"
"MAL1",0,0.898663529717359,0.509,0.179,0,"1","MAL"
"TRABD2A",0,0.846802190659328,0.436,0.144,0,"1","TRABD2A"
"RCAN31",0,0.833653201676555,0.634,0.309,0,"1","RCAN3"
"NOSIP1",0,0.822978811909618,0.695,0.373,0,"1","NOSIP"
"LDHB1",0,0.814479122133164,0.887,0.58,0,"1","LDHB"
"OXNAD1",0,0.780561618700314,0.518,0.232,0,"1","OXNAD1"
"RPL23",0,0.766659406940932,0.997,0.936,0,"1","RPL23"
"RPS13",0,0.764371411365487,1,0.98,0,"1","RPS13"
"RGS10",0,0.762510735614111,0.642,0.339,0,"1","RGS10"
"PIK3IP1",0,0.717887242896519,0.64,0.369,0,"1","PIK3IP1"
"RPS3A",0,0.714146735378947,1,0.993,0,"1","RPS3A"
"CAMK41",0,0.713926531485697,0.453,0.205,0,"1","CAMK4"
"EIF3E",0,0.707408409687517,0.916,0.694,0,"1","EIF3E"
"CHRM3-AS2",0,0.706814961661097,0.293,0.07,0,"1","CHRM3-AS2"
"RPL22",0,0.705160289136094,0.999,0.957,0,"1","RPL22"
"RPL21",0,0.675270172371219,1,0.993,0,"1","RPL21"
"MAML2",0,0.673337267910663,0.431,0.2,0,"1","MAML2"
"SATB1",0,0.670819931765761,0.501,0.25,0,"1","SATB1"
"RPL341",0,0.667287132209469,1,0.995,0,"1","RPL34"
"RPS121",0,0.665738472299879,1,0.998,0,"1","RPS12"
"SELL",0,0.658288765089948,0.722,0.407,0,"1","SELL"
"RPS81",0,0.651282268721526,1,0.989,0,"1","RPS8"
"RPL32",0,0.646515020715412,1,0.996,0,"1","RPL32"
"RPL9",0,0.636639172415227,1,0.987,0,"1","RPL9"
"LEPROTL11",0,0.629677359185632,0.731,0.47,0,"1","LEPROTL1"
"RPL30",0,0.628728954507719,1,0.995,0,"1","RPL30"
"RPS20",0,0.626428180180992,0.997,0.954,0,"1","RPS20"
"RPL7",0,0.625239940773912,0.997,0.947,0,"1","RPL7"
"EEF1B2",0,0.623292802305475,0.995,0.933,0,"1","EEF1B2"
"RPL35A",0,0.621220305526161,1,0.982,0,"1","RPL35A"
"RPS6",0,0.620576272195596,1,0.991,0,"1","RPS6"
"RPS10",0,0.608261104862668,0.998,0.94,0,"1","RPS10"
"RPL5",0,0.607832913707896,0.999,0.975,0,"1","RPL5"
"RPL31",0,0.60707026069503,0.989,0.911,0,"1","RPL31"
"LINC00861",0,0.604225539440548,0.517,0.293,0,"1","LINC00861"
"SARAF1",0,0.593165517510264,0.907,0.719,0,"1","SARAF"
"TPT11",0,0.588021699916054,1,0.998,0,"1","TPT1"
"RPS16",0,0.581212863074157,0.999,0.983,0,"1","RPS16"
"RPL111",0,0.578817428106394,1,0.995,0,"1","RPL11"
"RPS14",0,0.578120268183841,1,0.997,0,"1","RPS14"
"RPLP2",0,0.572489802413653,1,0.988,0,"1","RPLP2"
"BCL11B",0,0.570248980190081,0.541,0.321,0,"1","BCL11B"
"RPL391",0,0.569082642115839,1,0.991,0,"1","RPL39"
"RPL38",0,0.564119181794282,0.999,0.961,0,"1","RPL38"
"TOMM7",0,0.558050830970323,0.981,0.885,0,"1","TOMM7"
"RPS28",0,0.557929513678331,1,0.989,0,"1","RPS28"
"RPL131",0,0.555324728285616,1,0.999,0,"1","RPL13"
"RPS251",0,0.55496070298432,0.999,0.983,0,"1","RPS25"
"RPL36A1",0,0.547882200681582,0.96,0.807,0,"1","RPL36A"
"ABLIM1",0,0.547467951022826,0.394,0.207,0,"1","ABLIM1"
"RPS5",0,0.54306604274332,0.998,0.956,0,"1","RPS5"
"RPS15A",0,0.541409008631286,1,0.992,0,"1","RPS15A"
"RPS4X1",0,0.535444278960691,1,0.987,0,"1","RPS4X"
"RPL37",0,0.532376335948166,1,0.991,0,"1","RPL37"
"C6orf48",0,0.531323616903394,0.582,0.374,0,"1","C6orf48"
"RPS23",0,0.529947604263344,1,0.994,0,"1","RPS23"
"TRAT11",0,0.524346009301607,0.375,0.189,0,"1","TRAT1"
"C12orf57",0,0.52161686286698,0.825,0.631,0,"1","C12orf57"
"RPS27A",0,0.515729896750769,1,0.996,0,"1","RPS27A"
"CD27",0,0.513330009344535,0.471,0.254,0,"1","CD27"
"RPL24",0,0.51075521241221,0.999,0.971,0,"1","RPL24"
"GIMAP7",0,0.507797896243867,0.712,0.489,0,"1","GIMAP7"
"RPL361",0,0.507221718276206,0.999,0.976,0,"1","RPL36"
"FYB1",0,0.500000552454769,0.833,0.607,0,"1","FYB"
"FOXP1",0,0.499035598576382,0.699,0.493,0,"1","FOXP1"
"RPS27",0,0.48418980642244,1,0.998,0,"1","RPS27"
"RPS21",0,0.48384856071605,1,0.969,0,"1","RPS21"
"IL7R1",0,0.48218919501232,0.926,0.557,0,"1","IL7R"
"NPM1",0,0.481795954886063,0.958,0.844,0,"1","NPM1"
"DGKA",0,0.481200634667411,0.366,0.199,0,"1","DGKA"
"LTB1",0,0.4772110105971,0.962,0.661,0,"1","LTB"
"LDLRAP1",0,0.470768839544241,0.29,0.133,0,"1","LDLRAP1"
"RPS291",0,0.468753056158794,1,0.993,0,"1","RPS29"
"RPS17",0,0.460328345344817,0.968,0.876,0,"1","RPS17"
"SNHG8",0,0.459473038920766,0.714,0.534,0,"1","SNHG8"
"ITGA6",0,0.458003526473758,0.258,0.118,0,"1","ITGA6"
"RPL10A",0,0.457943399215615,0.999,0.969,0,"1","RPL10A"
"NDFIP1",0,0.453955490099257,0.518,0.338,0,"1","NDFIP1"
"NSA2",0,0.453018649583524,0.788,0.624,0,"1","NSA2"
"RPL18",0,0.449606504518926,1,0.987,0,"1","RPL18"
"EEF1A11",0,0.446144478997745,1,0.999,0,"1","EEF1A1"
"RPL4",0,0.444204873714971,0.983,0.898,0,"1","RPL4"
"SERINC51",0,0.443149276566373,0.28,0.134,0,"1","SERINC5"
"RPL19",0,0.440918840411673,1,0.994,0,"1","RPL19"
"GIMAP1",0,0.434290953788085,0.423,0.256,0,"1","GIMAP1"
"PRKCA",0,0.433933876394624,0.257,0.111,0,"1","PRKCA"
"NACA",0,0.430365644307632,0.998,0.97,0,"1","NACA"
"ST13",0,0.428322849211246,0.651,0.488,0,"1","ST13"
"RPL12",0,0.426117970319883,1,0.984,0,"1","RPL12"
"RPL37A",0,0.423785593958005,0.999,0.982,0,"1","RPL37A"
"NUCB2",0,0.416603170334867,0.423,0.258,0,"1","NUCB2"
"GLTSCR2",0,0.416429832808284,0.886,0.742,0,"1","GLTSCR2"
"TESPA1",0,0.414840682272021,0.279,0.143,0,"1","TESPA1"
"RPS181",0,0.408698100081782,1,0.998,0,"1","RPS18"
"RPL29",0,0.408130377177659,0.999,0.983,0,"1","RPL29"
"ACTN1",0,0.407935645153266,0.204,0.068,0,"1","ACTN1"
"RPS9",0,0.407265604364709,0.999,0.983,0,"1","RPS9"
"TMEM1231",0,0.404402018105418,0.599,0.415,0,"1","TMEM123"
"UQCRB",0,0.402474376003054,0.925,0.814,0,"1","UQCRB"
"RPL61",0,0.399764327349209,0.999,0.981,0,"1","RPL6"
"RPL14",0,0.394038642276722,0.999,0.984,0,"1","RPL14"
"RPL3",0,0.388952702932215,1,0.991,0,"1","RPL3"
"RPL17",0,0.387445050350837,0.719,0.568,0,"1","RPL17"
"RPS3",0,0.379931872519352,1,0.993,0,"1","RPS3"
"RPL101",0,0.37917696686669,1,0.999,0,"1","RPL10"
"MLLT3",0,0.377032054823418,0.233,0.115,0,"1","MLLT3"
"FAM101B",0,0.374205011596563,0.278,0.147,0,"1","FAM101B"
"STMN3",0,0.366867599069819,0.271,0.152,0,"1","STMN3"
"RPLP11",0,0.366787265415254,1,0.999,0,"1","RPLP1"
"RPL27",0,0.366522095877964,0.997,0.962,0,"1","RPL27"
"SESN3",0,0.366394477832926,0.246,0.134,0,"1","SESN3"
"NAP1L1",0,0.363487525326891,0.828,0.669,0,"1","NAP1L1"
"SH3YL1",0,0.361416612614549,0.255,0.139,0,"1","SH3YL1"
"AC006129.2",0,0.358903463091931,0.324,0.204,0,"1","AC006129.2"
"RPL27A",0,0.358861587758234,0.999,0.987,0,"1","RPL27A"
"UBA52",0,0.356453233460707,0.998,0.977,0,"1","UBA52"
"RPL13A",0,0.355064400256788,1,0.991,0,"1","RPL13A"
"RPL26",0,0.354316748264083,1,0.99,0,"1","RPL26"
"MYC",0,0.352542608945513,0.22,0.113,0,"1","MYC"
"RPSA1",0,0.345630566987243,0.998,0.96,0,"1","RPSA"
"FAM102A",0,0.342846833020227,0.254,0.145,0,"1","FAM102A"
"IPCEF1",0,0.342571988528408,0.244,0.132,0,"1","IPCEF1"
"ALKBH7",0,0.342123120287735,0.418,0.286,0,"1","ALKBH7"
"COX7C",0,0.341754814191561,0.951,0.851,0,"1","COX7C"
"RPL18A",0,0.34174177115015,1,0.991,0,"1","RPL18A"
"GNB2L1",0,0.339915450117818,0.991,0.944,0,"1","GNB2L1"
"CCDC109B",0,0.337940045739228,0.456,0.318,0,"1","CCDC109B"
"TXK",0,0.334563744192323,0.348,0.196,0,"1","TXK"
"C1orf228",0,0.334031092104779,0.203,0.099,0,"1","C1orf228"
"CHD3",0,0.331087104478624,0.388,0.269,0,"1","CHD3"
"PSIP1",0,0.330464421952665,0.56,0.426,0,"1","PSIP1"
"MGAT4A",0,0.329004542851659,0.521,0.375,0,"1","MGAT4A"
"SNHG25",0,0.325380007431662,0.401,0.283,0,"1","SNHG25"
"ANP32B",0,0.324716255837104,0.721,0.579,0,"1","ANP32B"
"COX4I1",0,0.320706845875974,0.945,0.857,0,"1","COX4I1"
"TRAF3IP3",0,0.318404553226311,0.674,0.534,0,"1","TRAF3IP3"
"RPL41",0,0.31835919054279,1,0.994,0,"1","RPL41"
"EIF2S3",0,0.316215388735954,0.566,0.431,0,"1","EIF2S3"
"INPP4B1",0,0.314821044108789,0.268,0.163,0,"1","INPP4B"
"RSL1D1",0,0.311800208425607,0.518,0.391,0,"1","RSL1D1"
"RPS15",0,0.309921833564355,1,0.989,0,"1","RPS15"
"UXT",0,0.308954830548501,0.707,0.574,0,"1","UXT"
"RPL281",0,0.308937750140645,1,0.996,0,"1","RPL28"
"RPS2",0,0.306303086600821,1,0.995,0,"1","RPS2"
"BCL2",1.85061039297226e-285,0.346876778587199,0.378,0.269,5.21668563674951e-281,"1","BCL2"
"KLRD1",0,0.41433984286143,0.783,0.268,0,"10","KLRD1"
"PRF1",0,0.401041996985798,0.753,0.272,0,"10","PRF1"
"GNLY",0,0.380706454842117,0.886,0.404,0,"10","GNLY"
"SPON2",0,0.371061292962629,0.521,0.171,0,"10","SPON2"
"GZMH",0,0.367301663926952,0.766,0.263,0,"10","GZMH"
"GZMB",0,0.354120044251332,0.773,0.259,0,"10","GZMB"
"FGFBP2",0,0.339513278480407,0.734,0.246,0,"10","FGFBP2"
"CEP78",0,0.335200916047789,0.42,0.148,0,"10","CEP78"
"NKG7",0,0.306106839947251,0.992,0.46,0,"10","NKG7"
"CD247",1.16591381366914e-289,0.303942052011959,0.799,0.451,3.28659444935195e-285,"10","CD247"
"TCF72",4.6675055329072e-283,0.372592639851121,0.794,0.435,1.31572313467121e-278,"10","TCF7"
"BCL11B1",1.08558158391683e-272,0.345426144686898,0.669,0.345,3.06014592690314e-268,"10","BCL11B"
"AAK1",5.19946551497493e-238,0.359545643508141,0.838,0.503,1.46567733401628e-233,"10","AAK1"
"PCSK7",1.34697546081593e-214,0.30404086130536,0.632,0.344,3.79698912649402e-210,"10","PCSK7"
"FYB2",3.25064241312899e-211,0.341628820066432,0.934,0.633,9.1632358983693e-207,"10","FYB"
"XIST",1.1400341923552e-185,0.328542135506495,0.62,0.356,3.21364238483006e-181,"10","XIST"
"IGKC",0,1.57776591825065,0.74,0.201,0,"11","IGKC"
"MS4A1",0,1.56376458075564,0.937,0.124,0,"11","MS4A1"
"CD74",0,1.56280347774491,1,0.542,0,"11","CD74"
"HLA-DRA",0,1.52898139145305,0.997,0.324,0,"11","HLA-DRA"
"IGLC2",0,1.49732062849273,0.458,0.103,0,"11","IGLC2"
"IGHM",0,1.43449652706321,0.804,0.101,0,"11","IGHM"
"CD79A",0,1.41127016141245,0.926,0.133,0,"11","CD79A"
"IGHD",0,1.39000988582884,0.743,0.085,0,"11","IGHD"
"BANK1",0,1.26183946560541,0.817,0.098,0,"11","BANK1"
"HLA-DRB1",0,1.21347768362313,0.957,0.321,0,"11","HLA-DRB1"
"RALGPS2",0,1.18227405808765,0.803,0.132,0,"11","RALGPS2"
"MEF2C",0,1.16383480727828,0.768,0.104,0,"11","MEF2C"
"HLA-DQA1",0,1.13686408365008,0.844,0.149,0,"11","HLA-DQA1"
"IGLC3",0,1.11898771993585,0.308,0.06,0,"11","IGLC3"
"CD79B",0,1.11651458035125,0.816,0.161,0,"11","CD79B"
"HLA-DQB1",0,1.10365510928502,0.886,0.212,0,"11","HLA-DQB1"
"HLA-DPB1",0,1.08766877288967,0.975,0.409,0,"11","HLA-DPB1"
"HLA-DPA1",0,1.07882319241266,0.959,0.36,0,"11","HLA-DPA1"
"LINC00926",0,0.969570877063681,0.639,0.079,0,"11","LINC00926"
"TCL1A",0,0.916617837892517,0.468,0.054,0,"11","TCL1A"
"CD37",0,0.901996310029889,0.994,0.728,0,"11","CD37"
"TNFRSF13C",0,0.882545210125209,0.617,0.085,0,"11","TNFRSF13C"
"HLA-DMB",0,0.818011067403867,0.643,0.106,0,"11","HLA-DMB"
"HLA-DMA",0,0.808832359978906,0.708,0.153,0,"11","HLA-DMA"
"CD22",0,0.805205302721298,0.5,0.056,0,"11","CD22"
"MARCH1",0,0.768849686978201,0.565,0.078,0,"11","MARCH1"
"VPREB3",0,0.767334649815925,0.487,0.059,0,"11","VPREB3"
"AFF3",0,0.759035581466377,0.511,0.07,0,"11","AFF3"
"STX7",0,0.731935121087278,0.576,0.133,0,"11","STX7"
"HVCN1",0,0.72195499604393,0.516,0.084,0,"11","HVCN1"
"ADAM28",0,0.720980896903851,0.457,0.056,0,"11","ADAM28"
"SWAP70",0,0.71430711112955,0.53,0.078,0,"11","SWAP70"
"FCER2",0,0.709598455586015,0.432,0.053,0,"11","FCER2"
"POU2F2",0,0.702293770955916,0.678,0.211,0,"11","POU2F2"
"TCF4",0,0.663432477688297,0.458,0.064,0,"11","TCF4"
"IL4R",0,0.650932530171344,0.452,0.124,0,"11","IL4R"
"HLA-DRB5",0,0.650790132848215,0.503,0.121,0,"11","HLA-DRB5"
"COBLL1",0,0.636901552418717,0.391,0.046,0,"11","COBLL1"
"PLPP5",0,0.628329865664702,0.443,0.095,0,"11","PLPP5"
"PAX5",0,0.625114265541756,0.383,0.043,0,"11","PAX5"
"FCRL1",0,0.619185654651961,0.408,0.048,0,"11","FCRL1"
"FAM129C",0,0.593898534472596,0.393,0.049,0,"11","FAM129C"
"STRBP",0,0.591918347106831,0.464,0.1,0,"11","STRBP"
"BCL11A",0,0.589922267801356,0.421,0.052,0,"11","BCL11A"
"BCL7A",0,0.585543064579141,0.371,0.057,0,"11","BCL7A"
"NCF1",0,0.573640551873357,0.661,0.214,0,"11","NCF1"
"BIRC3",0,0.568843324649455,0.637,0.244,0,"11","BIRC3"
"FCRL5",0,0.54288555533011,0.242,0.027,0,"11","FCRL5"
"RP11-231C14.7",0,0.533905238707771,0.337,0.047,0,"11","RP11-231C14.7"
"SNX2",0,0.526864572670373,0.607,0.195,0,"11","SNX2"
"IRF8",0,0.526222777834564,0.435,0.075,0,"11","IRF8"
"REL",0,0.519850068455443,0.723,0.305,0,"11","REL"
"P2RX5",0,0.510864804931215,0.37,0.064,0,"11","P2RX5"
"RP11-693J15.5",0,0.491108402831425,0.287,0.033,0,"11","RP11-693J15.5"
"FAM26F",0,0.484728502000982,0.429,0.09,0,"11","FAM26F"
"HLA-DQA2",0,0.473990322503547,0.263,0.042,0,"11","HLA-DQA2"
"PRKCB",0,0.472051235449413,0.71,0.32,0,"11","PRKCB"
"BLK",0,0.47075950084203,0.332,0.049,0,"11","BLK"
"CD83",0,0.470306939497678,0.344,0.067,0,"11","CD83"
"FCRL2",0,0.45956299513135,0.278,0.032,0,"11","FCRL2"
"KIAA0125",0,0.457971643691252,0.27,0.036,0,"11","KIAA0125"
"EAF2",0,0.457885823203641,0.342,0.06,0,"11","EAF2"
"GAPT",0,0.454041973406858,0.331,0.046,0,"11","GAPT"
"YBX3",0,0.452501660760092,0.452,0.139,0,"11","YBX3"
"JCHAIN",0,0.446339818412162,0.295,0.053,0,"11","JCHAIN"
"PCDH9",0,0.445711811504443,0.21,0.021,0,"11","PCDH9"
"CD40",0,0.441630102709733,0.31,0.044,0,"11","CD40"
"SMIM14",0,0.436456593868679,0.409,0.112,0,"11","SMIM14"
"GNG7",0,0.436362927956532,0.335,0.053,0,"11","GNG7"
"BASP1",0,0.433564577773457,0.316,0.045,0,"11","BASP1"
"ARHGAP24",0,0.425802763800571,0.293,0.039,0,"11","ARHGAP24"
"HLA-DOB",0,0.425718380065971,0.298,0.04,0,"11","HLA-DOB"
"ORAI2",0,0.420120690808411,0.407,0.105,0,"11","ORAI2"
"SEL1L3",0,0.419127626791217,0.373,0.093,0,"11","SEL1L3"
"PARP14",0,0.41886843829536,0.602,0.243,0,"11","PARP14"
"FCMR",0,0.417634414760547,0.618,0.27,0,"11","FCMR"
"CXXC5",0,0.411180823772755,0.433,0.113,0,"11","CXXC5"
"SPIB",0,0.411121103911996,0.288,0.04,0,"11","SPIB"
"CCDC50",0,0.406487876789716,0.369,0.083,0,"11","CCDC50"
"LY86",0,0.401373135576845,0.337,0.057,0,"11","LY86"
"PHACTR1",0,0.397744685592853,0.297,0.046,0,"11","PHACTR1"
"PKIG",0,0.394088927593828,0.288,0.043,0,"11","PKIG"
"CD24",0,0.391366161048368,0.269,0.038,0,"11","CD24"
"CYB561A3",0,0.388824433058674,0.365,0.097,0,"11","CYB561A3"
"ZCCHC7",0,0.386862254953137,0.528,0.204,0,"11","ZCCHC7"
"BTK",0,0.384930647853377,0.293,0.042,0,"11","BTK"
"MTSS1",0,0.379809360179886,0.401,0.116,0,"11","MTSS1"
"BACH2",0,0.376840434743023,0.334,0.094,0,"11","BACH2"
"PDLIM1",0,0.376238998553003,0.319,0.061,0,"11","PDLIM1"
"TMEM156",0,0.373302140690576,0.387,0.119,0,"11","TMEM156"
"BLNK",0,0.366868698761386,0.247,0.032,0,"11","BLNK"
"TRIM38",0,0.366732488819159,0.557,0.229,0,"11","TRIM38"
"NCOA3",0,0.364092013783097,0.505,0.191,0,"11","NCOA3"
"FCHSD2",0,0.363689551097604,0.344,0.092,0,"11","FCHSD2"
"CDCA7L",0,0.362553927412628,0.284,0.054,0,"11","CDCA7L"
"TSPAN13",0,0.362387828146897,0.231,0.027,0,"11","TSPAN13"
"ADK",0,0.354749158484976,0.383,0.126,0,"11","ADK"
"CIITA",0,0.35381947955599,0.244,0.033,0,"11","CIITA"
"EBF1",0,0.351774826645783,0.219,0.027,0,"11","EBF1"
"FCRLA",0,0.348697099635789,0.239,0.032,0,"11","FCRLA"
"TPD52",0,0.347889904192621,0.38,0.113,0,"11","TPD52"
"PLEKHA2",0,0.347757814232628,0.447,0.159,0,"11","PLEKHA2"
"LYN",0,0.345230774047998,0.476,0.131,0,"11","LYN"
"TMEM154",0,0.343443906309578,0.4,0.122,0,"11","TMEM154"
"HHEX",0,0.341385769888112,0.275,0.044,0,"11","HHEX"
"MARCKS",0,0.340091151690545,0.327,0.065,0,"11","MARCKS"
"PLEKHF2",0,0.328743826768891,0.382,0.123,0,"11","PLEKHF2"
"SNX29",0,0.327570743506694,0.308,0.081,0,"11","SNX29"
"DAPP1",0,0.317425990872084,0.315,0.076,0,"11","DAPP1"
"RAB30",0,0.315884426794681,0.253,0.054,0,"11","RAB30"
"CD19",0,0.313608298502552,0.215,0.028,0,"11","CD19"
"CD72",0,0.312181790560754,0.214,0.035,0,"11","CD72"
"OSBPL10",0,0.307344332160062,0.244,0.048,0,"11","OSBPL10"
"GGA2",0,0.304236917670648,0.354,0.11,0,"11","GGA2"
"FCRL3",0,0.303249300831269,0.276,0.078,0,"11","FCRL3"
"WDFY4",0,0.302264508615364,0.201,0.025,0,"11","WDFY4"
"KIAA0040",4.95145498939752e-302,0.301472874002298,0.375,0.132,1.39576564696127e-297,"11","KIAA0040"
"CSNK1G3",6.95680027775518e-299,0.30744534540195,0.443,0.168,1.96105243029641e-294,"11","CSNK1G3"
"RERE",2.33580440822941e-285,0.30178219616132,0.42,0.159,6.58439904635787e-281,"11","RERE"
"GABPB1-AS1",6.02644598077881e-278,0.470390551968371,0.617,0.292,1.69879485752174e-273,"11","GABPB1-AS1"
"PRDM2",2.88842410593155e-266,0.387876626359299,0.643,0.305,8.14217871221044e-262,"11","PRDM2"
"TTN",2.20782120965916e-249,0.312317934472774,0.324,0.118,6.2236272079082e-245,"11","TTN"
"IKZF3",4.94561812143774e-249,0.342060266700565,0.657,0.316,1.39412029225208e-244,"11","IKZF3"
"PPM1K",4.09205452566561e-245,0.310960375436818,0.502,0.219,1.15350925023988e-240,"11","PPM1K"
"EZR",1.90104906601306e-241,0.389618161282141,0.782,0.431,5.35886721218423e-237,"11","EZR"
"ZFP36L1",8.74362293980911e-226,0.329550839541067,0.704,0.369,2.46473987050279e-221,"11","ZFP36L1"
"MTPN",6.78452423584606e-199,0.309114857382459,0.765,0.431,1.91248953684265e-194,"11","MTPN"
"SMAP2",1.71194804408208e-185,0.337249717972936,0.81,0.493,4.82581034146297e-181,"11","SMAP2"
"SP100",4.36907309592231e-184,0.311252036451629,0.781,0.454,1.23159801500954e-179,"11","SP100"
"SEC62",1.73233732205533e-179,0.320983806085884,0.814,0.484,4.88328567714178e-175,"11","SEC62"
"LAPTM5",4.57768679947381e-172,0.317968052366878,0.925,0.666,1.29040413190367e-167,"11","LAPTM5"
"LTB2",6.03897826055872e-149,0.30909003936378,0.975,0.702,1.7023275818689e-144,"11","LTB"
"JUND",1.68462826228364e-112,0.301505657069534,0.993,0.914,4.74879860855136e-108,"11","JUND"
"RTKN2",0,2.05173905444595,0.551,0.027,0,"12","RTKN2"
"IKZF2",0,1.0480570923928,0.397,0.062,0,"12","IKZF2"
"TIGIT",0,1.02116991759852,0.39,0.092,0,"12","TIGIT"
"IL2RA",0,1.01312407408309,0.279,0.023,0,"12","IL2RA"
"FOXP3",0,0.92664541826103,0.26,0.002,0,"12","FOXP3"
"STAM",0,0.923490744673764,0.321,0.065,0,"12","STAM"
"CTLA4",0,0.889496730661474,0.254,0.021,0,"12","CTLA4"
"TBC1D4",0,0.88259980916844,0.344,0.091,0,"12","TBC1D4"
"RP11-1399P15.1",0,0.850028837709023,0.232,0.026,0,"12","RP11-1399P15.1"
"ARID5B1",1.05550542533003e-279,0.853912485324825,0.551,0.274,2.97536424346281e-275,"12","ARID5B"
"TTN1",1.28414863489608e-266,0.917704011998214,0.329,0.119,3.61988658690857e-262,"12","TTN"
"TRAC1",1.85827376967969e-264,0.812407747680918,0.828,0.574,5.23828792935009e-260,"12","TRAC"
"CD271",1.97749889263155e-254,0.802076200654583,0.54,0.283,5.57437162843906e-250,"12","CD27"
"IL321",4.37328562277668e-249,0.883863323225709,0.927,0.721,1.23278548420452e-244,"12","IL32"
"LEF11",2.20879690751183e-210,0.706666224124963,0.497,0.257,6.2263776025851e-206,"12","LEF1"
"TTC39C1",7.845058375116e-208,0.793653909880558,0.499,0.275,2.21144350536145e-203,"12","TTC39C"
"BIRC31",2.35536963199279e-207,0.690381587044133,0.486,0.249,6.63955145562447e-203,"12","BIRC3"
"RGS1",2.56807227188821e-190,0.839597534219195,0.338,0.146,7.23913892722568e-186,"12","RGS1"
"LDHB2",5.25940841979473e-184,0.540348944638886,0.844,0.624,1.48257463945594e-179,"12","LDHB"
"RCAN32",1.21548630702002e-182,0.620649041273949,0.59,0.355,3.42633435085874e-178,"12","RCAN3"
"USP15",1.1221980923361e-160,0.645039074303134,0.618,0.418,3.16336420248623e-156,"12","USP15"
"NABP1",5.15313443883302e-148,0.529955238117565,0.244,0.099,1.45261706696264e-143,"12","NABP1"
"CASK",2.92937691610979e-139,0.449898077384426,0.222,0.088,8.25762058882188e-135,"12","CASK"
"S100A101",1.6139442457339e-136,0.554361200085831,0.852,0.71,4.54954743429928e-132,"12","S100A10"
"LGALS3",3.94984559948905e-132,0.542492233987319,0.225,0.091,1.11342197603997e-127,"12","LGALS3"
"TRBC21",3.3447103190931e-126,0.704844834012396,0.784,0.657,9.42840391849154e-122,"12","TRBC2"
"MAP3K1",2.13832673743183e-125,0.492680467795806,0.374,0.201,6.02772924014658e-121,"12","MAP3K1"
"CORO1B1",1.59928435969442e-124,0.622905513916268,0.371,0.206,4.5082226815426e-120,"12","CORO1B"
"SELL1",1.78553961960047e-124,0.518700429985222,0.655,0.452,5.03325763369177e-120,"12","SELL"
"LEPROTL12",1.34214624740259e-121,0.51315087336104,0.693,0.507,3.78337605680317e-117,"12","LEPROTL1"
"MAL2",2.15328147036292e-117,0.553663980506991,0.402,0.228,6.06988513680604e-113,"12","MAL"
"ISG20",6.87056133449701e-117,0.529708239818492,0.658,0.495,1.93674253458136e-112,"12","ISG20"
"CD3D",8.40034019712974e-116,0.416213670141678,0.875,0.661,2.3679718981689e-111,"12","CD3D"
"GBP5",1.00892609598285e-114,0.607405986816742,0.358,0.196,2.84406177196604e-110,"12","GBP5"
"CD281",2.58997260884668e-113,0.471510811723335,0.274,0.134,7.30087378707791e-109,"12","CD28"
"CDKN1B1",1.39086747962104e-107,0.502511605722814,0.512,0.34,3.92071633830376e-103,"12","CDKN1B"
"FAM129A",1.88689706755631e-104,0.469593621375536,0.258,0.124,5.31897414373448e-100,"12","FAM129A"
"LTB3",1.25410794839047e-100,0.392182521772137,0.925,0.704,3.5352048957179e-96,"12","LTB"
"SOD1",4.20280738561197e-100,0.446662729433424,0.712,0.579,1.18472937393016e-95,"12","SOD1"
"ITGB11",1.04017591084859e-96,0.483543054415595,0.641,0.45,2.93215187509109e-92,"12","ITGB1"
"PBXIP11",1.14426326965806e-94,0.520367531832234,0.446,0.288,3.22556373083909e-90,"12","PBXIP1"
"CLDND1",6.61664957822406e-93,0.470915302260062,0.34,0.196,1.86516734960558e-88,"12","CLDND1"
"GSTK11",6.66529876922217e-93,0.477606781416797,0.673,0.531,1.87888107005604e-88,"12","GSTK1"
"ETS1",1.09663147249372e-91,0.409792833570667,0.83,0.708,3.09129445781256e-87,"12","ETS1"
"IL10RA",6.00777647871624e-91,0.478801060736688,0.439,0.282,1.69353211158532e-86,"12","IL10RA"
"CD3G",9.37853704188675e-91,0.365770367735263,0.799,0.607,2.64371580673745e-86,"12","CD3G"
"SARAF2",3.40758591857447e-89,0.365316736354354,0.869,0.746,9.60564394586958e-85,"12","SARAF"
"CAMK42",1.23558291653196e-88,0.437349445777731,0.394,0.241,3.48298468341193e-84,"12","CAMK4"
"THEM4",1.26556949316088e-88,0.454146000874702,0.277,0.149,3.56751384427122e-84,"12","THEM4"
"SLFN5",1.35386944554554e-86,0.494412231052637,0.549,0.393,3.81642258004831e-82,"12","SLFN5"
"PIK3IP11",2.53710451729878e-85,0.424440069047751,0.566,0.408,7.15184392381354e-81,"12","PIK3IP1"
"EPB41",3.00923162550449e-85,0.459326011365209,0.543,0.393,8.48272302913461e-81,"12","EPB41"
"SAMHD1",5.04257149392183e-81,0.390611361332805,0.506,0.354,1.42145047842163e-76,"12","SAMHD1"
"FAM102A1",9.73132411254845e-79,0.389428380326653,0.283,0.159,2.74316295408628e-74,"12","FAM102A"
"C12orf571",7.81064026615492e-78,0.431939797136774,0.771,0.66,2.20174138462641e-73,"12","C12orf57"
"TNFRSF1B",2.26604034832073e-75,0.332057617801216,0.352,0.211,6.38774113788129e-71,"12","TNFRSF1B"
"WHSC1L1",8.04149389982289e-75,0.417060120981304,0.578,0.437,2.26681671542108e-70,"12","WHSC1L1"
"SMCHD1",2.27974633393889e-74,0.413842529796985,0.66,0.525,6.42637694074035e-70,"12","SMCHD1"
"SESN31",8.579998199536e-73,0.402356865275507,0.267,0.149,2.4186156924672e-68,"12","SESN3"
"SKAP1",1.59468401489791e-70,0.413498799537164,0.508,0.371,4.49525476959571e-66,"12","SKAP1"
"UBL3",8.83670049386624e-68,0.375469442555732,0.301,0.18,2.49097750221595e-63,"12","UBL3"
"PAG11",4.74050539588814e-66,0.420363925438499,0.376,0.249,1.33630106604691e-61,"12","PAG1"
"RGCC1",6.4886307291133e-66,0.387663510784576,0.292,0.173,1.82908011622975e-61,"12","RGCC"
"ATP8B2",8.61283024212524e-66,0.344359124132492,0.2,0.104,2.42787071695268e-61,"12","ATP8B2"
"NAP1L11",1.95701642103981e-65,0.333389393595148,0.8,0.692,5.51663358926912e-61,"12","NAP1L1"
"SGTB",1.81625623315608e-64,0.341341269731402,0.215,0.115,5.11984469564368e-60,"12","SGTB"
"SUSD3",3.85849359357415e-63,0.31406689706748,0.213,0.114,1.08767075909262e-58,"12","SUSD3"
"LINC00152",5.13504643646968e-63,0.486623334781117,0.287,0.174,1.44751823997644e-58,"12","LINC00152"
"CCM2",1.00524195556473e-62,0.379132264684675,0.356,0.232,2.83367654854142e-58,"12","CCM2"
"RP11-138A9.2",1.70246929196273e-60,0.370735236101942,0.232,0.131,4.79909068711375e-56,"12","RP11-138A9.2"
"DGKA1",1.74658553532909e-60,0.374505042916046,0.344,0.223,4.92344996553917e-56,"12","DGKA"
"YWHAB",3.65308778690219e-58,0.32833653980245,0.768,0.689,1.02976891624986e-53,"12","YWHAB"
"ATP2B1",5.7665013264936e-58,0.392785766419798,0.395,0.272,1.62551905892528e-53,"12","ATP2B1"
"EZR1",4.59241915709754e-56,0.384258379351239,0.567,0.437,1.29455703619423e-51,"12","EZR"
"OCIAD2",7.88008010669266e-56,0.379326063385752,0.444,0.327,2.22131578127559e-51,"12","OCIAD2"
"DNPH1",1.27076381720566e-55,0.322076403338354,0.212,0.119,3.58215612432103e-51,"12","DNPH1"
"GBP2",1.9829831916589e-55,0.374884247528723,0.314,0.202,5.58983131896728e-51,"12","GBP2"
"SPOCK2",2.83701427640206e-55,0.340886957956775,0.515,0.387,7.99725954374977e-51,"12","SPOCK2"
"PLP21",6.7657580982954e-55,0.338710028357601,0.4,0.281,1.90719955032849e-50,"12","PLP2"
"S1PR4",2.86298904137426e-54,0.395619903280801,0.379,0.267,8.0704798087299e-50,"12","S1PR4"
"AQP31",6.90890684376492e-54,0.334805926609967,0.24,0.141,1.94755175018889e-49,"12","AQP3"
"TRBC1",1.96498630051376e-53,0.590834932714246,0.583,0.471,5.53909988251824e-49,"12","TRBC1"
"PHACTR2",3.92432742476673e-53,0.324242415095384,0.272,0.166,1.10622865776749e-48,"12","PHACTR2"
"CCDC66",6.63586505341378e-52,0.378577902716543,0.34,0.231,1.87058399990681e-47,"12","CCDC66"
"TRAF3IP31",2.03805891085233e-51,0.341762918358641,0.66,0.554,5.74508426380164e-47,"12","TRAF3IP3"
"SEPT6",8.46540369829246e-51,0.348946014982297,0.626,0.517,2.38631264851166e-46,"12","SEPT6"
"EVL",9.49918298849838e-50,0.332819619447015,0.736,0.645,2.67772469262781e-45,"12","EVL"
"PRDX1",1.44119824675233e-49,0.363733604520684,0.416,0.307,4.06259373777013e-45,"12","PRDX1"
"FCMR1",1.6701159365448e-49,0.313145486367766,0.391,0.276,4.70788981352613e-45,"12","FCMR"
"NMT2",2.98031679570622e-48,0.317618977608903,0.209,0.122,8.40121501541627e-44,"12","NMT2"
"OPTN",7.85613209114811e-47,0.358760897334573,0.416,0.303,2.21456507517374e-42,"12","OPTN"
"ZNF101",4.2751528468296e-46,0.311399285914764,0.206,0.12,1.2051228359928e-41,"12","ZNF101"
"ANXA2",1.39268816105316e-45,0.336355170258384,0.368,0.261,3.92584865719275e-41,"12","ANXA2"
"ARRDC3",7.64234975438854e-45,0.362188412324043,0.339,0.236,2.15430197226458e-40,"12","ARRDC3"
"LAT",3.30178132413358e-43,0.327446370818636,0.443,0.337,9.30739137460015e-39,"12","LAT"
"CYLD1",1.531102237245e-42,0.336556289891523,0.515,0.411,4.31602409656993e-38,"12","CYLD"
"BCL11B2",1.94067961559903e-42,0.324728385699741,0.467,0.353,5.4705817684121e-38,"12","BCL11B"
"RPS27L",1.6957320725799e-41,0.360177412726332,0.505,0.402,4.78009913939549e-37,"12","RPS27L"
"TPR",9.41611876446052e-41,0.324444298998278,0.557,0.454,2.65430971851378e-36,"12","TPR"
"HEBP2",1.17331793314069e-40,0.301772961765765,0.369,0.27,3.30746592173028e-36,"12","HEBP2"
"DNAJB11",2.16485627381636e-39,0.363427338996129,0.509,0.402,6.10251335026095e-35,"12","DNAJB1"
"ODF2L",5.59692101671761e-39,0.323798282093398,0.367,0.268,1.57771606540253e-34,"12","ODF2L"
"PSIP11",1.37804886112049e-38,0.311401831628449,0.545,0.446,3.88458193461256e-34,"12","PSIP1"
"ANKRD12",1.45274271956179e-38,0.303154273140276,0.707,0.615,4.09513645217274e-34,"12","ANKRD12"
"SLC4A7",8.15170905308602e-38,0.308665134784447,0.282,0.191,2.29788526497442e-33,"12","SLC4A7"
"PMAIP1",2.38708198233016e-37,0.409040248297824,0.277,0.189,6.7289453999905e-33,"12","PMAIP1"
"CCDC1671",1.66453668814146e-36,0.3032460837236,0.262,0.177,4.69216247020196e-32,"12","CCDC167"
"SAMSN1",2.07654185005315e-35,0.303779784952124,0.226,0.145,5.85356382111483e-31,"12","SAMSN1"
"PRDM1",8.39160071910521e-31,0.323956006174114,0.249,0.17,2.36550832670857e-26,"12","PRDM1"
"RHOH",4.5633989145964e-30,0.301727226964765,0.351,0.267,1.28637652003558e-25,"12","RHOH"
"GATA31",2.19208493241803e-29,0.340170069777756,0.234,0.161,6.17926821599318e-25,"12","GATA3"
"JUNB1",2.16742460631553e-08,0.349846216418823,0.778,0.79,0.000610975322274285,"12","JUNB"
"GNLY1",0,2.46514555221269,0.973,0.414,0,"13","GNLY"
"XCL2",0,2.42891919796277,0.776,0.073,0,"13","XCL2"
"XCL1",0,2.33734299671526,0.699,0.016,0,"13","XCL1"
"CMC1",0,2.15603171669418,0.842,0.218,0,"13","CMC1"
"KLRC1",0,2.15032453922504,0.695,0.062,0,"13","KLRC1"
"IL2RB",0,1.86746373117278,0.793,0.166,0,"13","IL2RB"
"CTSW",0,1.8239016887637,0.949,0.394,0,"13","CTSW"
"TRDC",0,1.81226903923986,0.788,0.141,0,"13","TRDC"
"AREG",0,1.80226544742158,0.53,0.106,0,"13","AREG"
"FCER1G",0,1.78413620787767,0.863,0.174,0,"13","FCER1G"
"GZMK",0,1.7508809074104,0.779,0.161,0,"13","GZMK"
"KLRD11",0,1.73635737270562,0.913,0.278,0,"13","KLRD1"
"TYROBP",0,1.63445253974038,0.946,0.275,0,"13","TYROBP"
"KLRF1",0,1.63301929578867,0.781,0.151,0,"13","KLRF1"
"CD7",0,1.61686041740499,0.893,0.463,0,"13","CD7"
"IFITM3",0,1.61199559722662,0.579,0.086,0,"13","IFITM3"
"HOPX",0,1.50204152536634,0.843,0.271,0,"13","HOPX"
"SELL2",0,1.46414360427118,0.86,0.453,0,"13","SELL"
"IFITM2",0,1.3827091429846,0.967,0.679,0,"13","IFITM2"
"CD63",0,1.31586455856544,0.859,0.386,0,"13","CD63"
"MAP3K8",0,1.27849660753821,0.575,0.148,0,"13","MAP3K8"
"NCAM1",0,1.27801702463978,0.46,0.039,0,"13","NCAM1"
"ITGAX",0,1.25836130667517,0.435,0.049,0,"13","ITGAX"
"TNFRSF18",0,1.2139720756184,0.405,0.048,0,"13","TNFRSF18"
"MATK",0,1.15771998953477,0.629,0.19,0,"13","MATK"
"SPTSSB",0,1.11344646806387,0.352,0.002,0,"13","SPTSSB"
"IL18R1",0,1.10994548001313,0.405,0.051,0,"13","IL18R1"
"MAFF",0,0.977170598720577,0.375,0.054,0,"13","MAFF"
"IL18RAP",0,0.953795819610486,0.373,0.047,0,"13","IL18RAP"
"CD300A",0,0.858810708923741,0.433,0.104,0,"13","CD300A"
"CAPN12",0,0.8214624448601,0.306,0.044,0,"13","CAPN12"
"PPP1R9A",0,0.739693074509669,0.214,0.005,0,"13","PPP1R9A"
"ATP8B4",0,0.730091009166086,0.242,0.014,0,"13","ATP8B4"
"GSN",0,0.686053889172782,0.25,0.03,0,"13","GSN"
"RAMP1",0,0.624251493500417,0.2,0.018,0,"13","RAMP1"
"EVA1B",0,0.598860883136652,0.207,0.024,0,"13","EVA1B"
"GOLIM4",0,0.594988059340843,0.21,0.021,0,"13","GOLIM4"
"KLRC2",3.3958702916854e-291,0.714783465849471,0.253,0.042,9.57261876523197e-287,"13","KLRC2"
"BHLHE40",3.24435901879761e-289,0.932379298879119,0.435,0.113,9.14552363808858e-285,"13","BHLHE40"
"KLRB1",1.88044023709196e-281,1.1465808096563,0.768,0.303,5.30077298433851e-277,"13","KLRB1"
"SH2D1B",6.6437988579032e-273,0.57276630337962,0.247,0.042,1.87282046005433e-268,"13","SH2D1B"
"JAK1",2.32886227463028e-266,1.0741969729823,0.912,0.649,6.56482986595529e-262,"13","JAK1"
"NCR1",1.1142454420043e-262,0.535118406710082,0.208,0.032,3.14094647646592e-258,"13","NCR1"
"ITGAM",1.19877638626903e-257,0.741986316452185,0.353,0.083,3.37923075525376e-253,"13","ITGAM"
"NKG71",2.98485700730738e-257,0.90424061422749,0.96,0.472,8.41401341789878e-253,"13","NKG7"
"SRGN",4.36036549458211e-252,1.11135629447111,0.911,0.621,1.22914342926775e-247,"13","SRGN"
"ID2",5.72265473209307e-245,1.08342801438577,0.829,0.425,1.61315914242972e-240,"13","ID2"
"GAS7",4.3807628118822e-236,0.509211647255268,0.22,0.038,1.23489322904147e-231,"13","GAS7"
"NFKBIA",7.71203396095085e-235,1.33714314428783,0.879,0.592,2.17394525325244e-230,"13","NFKBIA"
"IGFBP7",1.87392975545407e-230,0.630240178437538,0.273,0.056,5.28242058764948e-226,"13","IGFBP7"
"PTGDR",1.56711133797428e-229,0.73489826811995,0.355,0.09,4.41753015061571e-225,"13","PTGDR"
"DUSP2",3.21522456977962e-226,1.08422240385686,0.725,0.332,9.06339653975177e-222,"13","DUSP2"
"HSH2D",1.4392324260459e-225,0.759254779298594,0.362,0.096,4.0570522857808e-221,"13","HSH2D"
"CXXC51",4.27645975670825e-219,0.74887362684358,0.409,0.118,1.20549124081849e-214,"13","CXXC5"
"H3F3B",6.43875383932763e-209,0.712090634070606,0.994,0.949,1.81502031976806e-204,"13","H3F3B"
"SLFN13",2.90154123769475e-202,0.749095070850761,0.299,0.075,8.17915459493773e-198,"13","SLFN13"
"PLAC8",5.80250624096285e-202,1.00918755689926,0.826,0.509,1.63566848426502e-197,"13","PLAC8"
"TXK1",1.36179180325939e-200,0.850964490677404,0.554,0.217,3.83875491420789e-196,"13","TXK"
"SAMD3",1.44325794316136e-200,0.888177780634773,0.677,0.303,4.06839981597755e-196,"13","SAMD3"
"MMP25-AS1",1.35041342807148e-196,0.661056853379883,0.288,0.071,3.80668041239071e-192,"13","MMP25-AS1"
"TPST2",1.15179622121531e-194,0.763673641823257,0.472,0.165,3.24679836798384e-190,"13","TPST2"
"HCST",3.15681701648633e-187,0.802076452567845,0.952,0.735,8.89875148777332e-183,"13","HCST"
"SPECC1",1.3318922490077e-181,0.471027659080304,0.207,0.042,3.7544710607278e-177,"13","SPECC1"
"NCALD",1.65363641691407e-173,0.546744348490071,0.261,0.065,4.66143569563907e-169,"13","NCALD"
"RUNX3",7.05030061610389e-169,0.843172450605879,0.67,0.331,1.98740924067352e-164,"13","RUNX3"
"GATA32",3.80213624165265e-164,0.823619239423052,0.43,0.159,1.07178418515947e-159,"13","GATA3"
"CAPG",7.97309628482385e-164,0.644489448799753,0.291,0.082,2.247536111729e-159,"13","CAPG"
"TRGC1",1.42771356777445e-156,0.539439028601222,0.325,0.096,4.02458177619939e-152,"13","TRGC1"
"MCTP2",6.64313603738699e-155,0.595787693723081,0.33,0.101,1.87263361757902e-150,"13","MCTP2"
"IER2",4.81131181447899e-149,0.847884290488687,0.896,0.678,1.35626068738348e-144,"13","IER2"
"BST2",1.04915827196992e-148,0.783104537212662,0.652,0.346,2.95747225285602e-144,"13","BST2"
"IRF1",2.75270962404838e-147,0.865949632100742,0.797,0.519,7.75961315922998e-143,"13","IRF1"
"PTPN12",2.16861736355758e-137,0.565402926393232,0.367,0.128,6.11311548613246e-133,"13","PTPN12"
"STK17A",5.36917964395844e-134,0.797525683122475,0.744,0.477,1.51351804983544e-129,"13","STK17A"
"SEC11A",1.68270948369033e-130,0.750938074368908,0.648,0.371,4.74338976357468e-126,"13","SEC11A"
"CTBP2",1.89074172657522e-130,0.42234248669541,0.204,0.051,5.32981185304289e-126,"13","CTBP2"
"CD44",1.37470080284776e-128,0.799342328123487,0.779,0.536,3.87514409314755e-124,"13","CD44"
"PRF11",2.12117148356296e-127,0.325558884595982,0.639,0.284,5.97937029501563e-123,"13","PRF1"
"SEPT11",2.47643285020126e-123,0.588647678526613,0.295,0.099,6.98081656143233e-119,"13","SEPT11"
"VAV3",2.35088994509053e-118,0.550402042170766,0.298,0.101,6.6269236662157e-114,"13","VAV3"
"RPS24",4.65719954856866e-118,0.329030812667671,0.998,0.995,1.31281798074602e-113,"13","RPS24"
"ARAP2",5.80898503530854e-116,0.655142886832676,0.474,0.219,1.63749479160313e-111,"13","ARAP2"
"ARHGAP9",2.7181976074356e-114,0.711973855208547,0.491,0.236,7.66232723560022e-110,"13","ARHGAP9"
"GZMA",5.14305964281014e-113,0.702291614891297,0.737,0.408,1.44977708271175e-108,"13","GZMA"
"LYST",8.26146722035316e-113,0.606544583610724,0.451,0.201,2.32882499474535e-108,"13","LYST"
"FOS1",1.01013701474499e-109,0.670179395794213,0.954,0.825,2.84747523086464e-105,"13","FOS"
"RIN3",1.49685784142531e-107,0.520658090975482,0.314,0.116,4.21949256919379e-103,"13","RIN3"
"CEBPD",7.6918285472017e-107,0.437758022200682,0.289,0.098,2.16824954917069e-102,"13","CEBPD"
"RHOC",1.90966900965758e-105,0.500913332669224,0.365,0.145,5.38316597132376e-101,"13","RHOC"
"TAGLN2",3.33644247582158e-104,0.720916892789084,0.765,0.536,9.40509769509346e-100,"13","TAGLN2"
"GSTP1",3.75547839767842e-104,0.634889921824589,0.703,0.443,1.05863180552157e-99,"13","GSTP1"
"CHST12",5.52324538314575e-104,0.534703769831321,0.364,0.146,1.55694764105496e-99,"13","CHST12"
"ACTN4",7.16819160137197e-101,0.572231252672048,0.476,0.226,2.02064153051074e-96,"13","ACTN4"
"RRBP1",1.03160404750251e-100,0.523411853661953,0.318,0.122,2.90798864950484e-96,"13","RRBP1"
"RP11-489E7.4",2.8218660300479e-100,0.758704844082782,0.6,0.349,7.95455815210201e-96,"13","RP11-489E7.4"
"CLIC3",3.27097254232986e-99,0.493068496722065,0.378,0.153,9.22054449957363e-95,"13","CLIC3"
"CHD9",1.09357744861816e-98,0.591611710441709,0.438,0.202,3.08268546990972e-94,"13","CHD9"
"SYTL3",2.09249645316706e-93,0.520119936378891,0.39,0.17,5.89853825183262e-89,"13","SYTL3"
"CLDND11",1.055613056067e-92,0.582007355649416,0.418,0.197,2.97566764374726e-88,"13","CLDND1"
"EFHD2",1.42581978463821e-92,0.417501642348727,0.698,0.389,4.01924339091665e-88,"13","EFHD2"
"CD21",1.9166730022941e-92,0.724924119499873,0.761,0.547,5.40290952616683e-88,"13","CD2"
"ABHD2",1.85163687255366e-91,0.406105356609202,0.217,0.07,5.21957918004151e-87,"13","ABHD2"
"UBB",4.46743359305494e-90,0.499693306117177,0.916,0.769,1.25932485554626e-85,"13","UBB"
"EIF3G",1.23440315136927e-87,0.67315127923152,0.773,0.594,3.47965904339483e-83,"13","EIF3G"
"UTRN",2.86816933574475e-85,0.55344916315102,0.684,0.437,8.08508254053088e-81,"13","UTRN"
"LPGAT1",5.37881465610474e-84,0.530934178833695,0.355,0.159,1.51623406340937e-79,"13","LPGAT1"
"FGR",9.17477204817235e-84,0.379835544311292,0.3,0.118,2.5862764926593e-79,"13","FGR"
"TLN1",1.24297927261191e-83,0.550187732755277,0.705,0.469,3.50383427156572e-79,"13","TLN1"
"CLIC1",3.32177492562672e-83,0.526616985250603,0.795,0.569,9.36375133784917e-79,"13","CLIC1"
"FOSL2",3.70987598007417e-83,0.455242543230553,0.263,0.099,1.04577694002311e-78,"13","FOSL2"
"HOTAIRM1",2.00524095480145e-82,0.416413764673761,0.242,0.089,5.6525737274898e-78,"13","HOTAIRM1"
"C1orf162",5.43833815605961e-82,0.577253886844877,0.535,0.299,1.53301314281164e-77,"13","C1orf162"
"SEPT7",2.23090966288562e-79,0.49147143329379,0.891,0.741,6.28871124870829e-75,"13","SEPT7"
"CTD-3252C9.4",2.57429439915823e-79,0.419983406509546,0.22,0.077,7.25667848178714e-75,"13","CTD-3252C9.4"
"MBP",4.71786700865504e-79,0.525520263368427,0.704,0.467,1.32991953106977e-74,"13","MBP"
"ARL4C",3.48637512494861e-78,0.559513267893645,0.849,0.645,9.82774283971764e-74,"13","ARL4C"
"FAM173A",3.04077999885514e-77,0.479622769008211,0.355,0.163,8.57165473877275e-73,"13","FAM173A"
"POLR2L",3.27830376561297e-77,0.597077132603295,0.691,0.49,9.24121048488642e-73,"13","POLR2L"
"LMO4",2.42661388972109e-75,0.501512232024262,0.32,0.141,6.84038189373477e-71,"13","LMO4"
"ARPC5L",7.35626322088225e-75,0.483594591065948,0.51,0.286,2.0736570393345e-70,"13","ARPC5L"
"METRNL",9.37893843903468e-75,0.47725859864617,0.3,0.125,2.64382895657949e-70,"13","METRNL"
"GPR65",5.12867255118705e-74,0.52523038627944,0.419,0.214,1.44572150545412e-69,"13","GPR65"
"AOAH",6.94251914412835e-74,0.319574107767386,0.276,0.11,1.95702672153834e-69,"13","AOAH"
"SH2D1A",8.67915085089455e-74,0.488281672336546,0.348,0.161,2.44656583335866e-69,"13","SH2D1A"
"TCIRG1",1.08412552272581e-73,0.442322400445813,0.269,0.11,3.05604143601178e-69,"13","TCIRG1"
"ITGB2",1.48183167655319e-73,0.413381682834204,0.759,0.526,4.17713531303577e-69,"13","ITGB2"
"SKAP2",7.57350055808117e-73,0.391720027318483,0.299,0.126,2.1348940723175e-68,"13","SKAP2"
"LY6E",7.07569323184974e-70,0.581040183541613,0.672,0.479,1.99456716512612e-65,"13","LY6E"
"ADGRE5",1.68313715440115e-69,0.497815852351382,0.486,0.273,4.74459532454139e-65,"13","ADGRE5"
"ADAM8",4.2826058389996e-69,0.405792324304685,0.259,0.107,1.2072237599556e-64,"13","ADAM8"
"IL10RA1",6.2914815748389e-69,0.497604284759197,0.494,0.284,1.77350574113134e-64,"13","IL10RA"
"APMAP",1.69765190651099e-67,0.403762183757228,0.388,0.19,4.78551095926382e-63,"13","APMAP"
"CDKN2D",3.12189021993555e-66,0.518862264005705,0.549,0.336,8.80029634097632e-62,"13","CDKN2D"
"CBLB",6.11714982294066e-66,0.454408812971603,0.355,0.173,1.72436336358874e-61,"13","CBLB"
"SACM1L",6.16608587589189e-66,0.424022097737999,0.278,0.122,1.73815794755517e-61,"13","SACM1L"
"B4GALT1",1.95582852266346e-65,0.445794353285921,0.393,0.202,5.51328502253601e-61,"13","B4GALT1"
"IFRD1",4.92288561864877e-65,0.657985998191115,0.422,0.235,1.3877122270409e-60,"13","IFRD1"
"MIDN",8.29960966844831e-65,0.446849047165677,0.408,0.212,2.33957696943889e-60,"13","MIDN"
"SEC14L1",1.21460776568515e-64,0.426528778598149,0.27,0.119,3.42385783068986e-60,"13","SEC14L1"
"XBP1",4.29072223085606e-64,0.500908087470036,0.506,0.3,1.20951168965602e-59,"13","XBP1"
"NCR3",4.44026119672761e-64,0.434320662188752,0.303,0.138,1.25166522874555e-59,"13","NCR3"
"PILRB",5.130467898851e-64,0.403110213337244,0.246,0.102,1.44622759600711e-59,"13","PILRB"
"RAB11FIP1",2.91799226378762e-63,0.390469012489694,0.338,0.163,8.22552839239092e-59,"13","RAB11FIP1"
"GCHFR",4.66980049659391e-63,0.508222558612692,0.28,0.128,1.31637006198486e-58,"13","GCHFR"
"PFN1",8.1991079951719e-63,0.355742109285207,0.963,0.885,2.31124655275901e-58,"13","PFN1"
"PIK3R1",5.79195276513137e-62,0.564923118034199,0.694,0.492,1.63269356496288e-57,"13","PIK3R1"
"QKI",6.38217109220116e-62,0.465756592947633,0.392,0.209,1.79907020918058e-57,"13","QKI"
"CTSD",9.33821186043218e-62,0.401430382940126,0.468,0.264,2.63234854133723e-57,"13","CTSD"
"SLC39A10",5.02622605981125e-61,0.508036390424598,0.356,0.184,1.41684286400019e-56,"13","SLC39A10"
"RP5-1171I10.5",1.13838473854861e-60,0.486500688088195,0.408,0.218,3.20899273949468e-56,"13","RP5-1171I10.5"
"IQGAP1",5.5747044826709e-60,0.434798101463665,0.684,0.484,1.5714534466201e-55,"13","IQGAP1"
"TMIGD2",1.27977768673973e-59,0.359269793894941,0.221,0.09,3.60756532115062e-55,"13","TMIGD2"
"TPI1",2.42498415970742e-59,0.453072896962767,0.588,0.389,6.83578784779926e-55,"13","TPI1"
"MRPL14",7.49104188717294e-59,0.403621093273271,0.302,0.146,2.11164979757518e-54,"13","MRPL14"
"RSRP1",9.45859399205197e-59,0.482735090431651,0.794,0.642,2.66628306041953e-54,"13","RSRP1"
"BAZ2B",2.55510687122237e-58,0.410566734317513,0.263,0.118,7.20259075928874e-54,"13","BAZ2B"
"COX5A",6.24336921830973e-58,0.459223910290849,0.518,0.32,1.75994334894933e-53,"13","COX5A"
"PTPN7",1.29928569561443e-56,0.421932394302842,0.356,0.183,3.66255644736753e-52,"13","PTPN7"
"PPP3CA",1.729621469054e-56,0.458030983716978,0.39,0.213,4.87562995911632e-52,"13","PPP3CA"
"CD226",2.15596679891867e-56,0.418160275732571,0.341,0.173,6.07745480947183e-52,"13","CD226"
"NDUFB7",2.34524656026185e-56,0.411682554311879,0.61,0.41,6.61101552872214e-52,"13","NDUFB7"
"TNFAIP31",1.02291526412603e-55,0.52483227670178,0.659,0.444,2.88349583804487e-51,"13","TNFAIP3"
"PLCG2",2.07309135580033e-55,0.529221532540747,0.446,0.256,5.84383722286554e-51,"13","PLCG2"
"ZFP36L21",6.51798323475807e-55,0.407613701402441,0.929,0.812,1.83735429404595e-50,"13","ZFP36L2"
"COTL1",6.75942519128104e-55,0.442481707032479,0.604,0.41,1.90541436717021e-50,"13","COTL1"
"C1orf21",7.57970840568131e-55,0.30654391910956,0.294,0.135,2.1366440024775e-50,"13","C1orf21"
"IER5",8.0576420736697e-55,0.494645220043612,0.471,0.279,2.27136872414675e-50,"13","IER5"
"DUSP1",9.63831734624607e-55,0.445443736002645,0.874,0.725,2.7169452767333e-50,"13","DUSP1"
"RABGAP1L",1.09763344395887e-54,0.433596076875453,0.364,0.195,3.09411891517565e-50,"13","RABGAP1L"
"CTSC",2.72164375241581e-54,0.390177050027079,0.496,0.296,7.67204157368491e-50,"13","CTSC"
"C9orf142",4.57633883709713e-53,0.437090997528649,0.564,0.373,1.29002415478931e-48,"13","C9orf142"
"ZFP36",8.11053552747605e-53,0.557992722754296,0.651,0.46,2.28627885984023e-48,"13","ZFP36"
"BZW1",8.37554587711453e-53,0.483784308659734,0.639,0.456,2.36098262729981e-48,"13","BZW1"
"RBM39",1.73474650509759e-52,0.397711508342624,0.882,0.779,4.89007692321959e-48,"13","RBM39"
"MIB2",5.7634228588468e-52,0.398885326231613,0.301,0.149,1.62465126968032e-47,"13","MIB2"
"NUCB21",7.67832793152807e-52,0.479062824722113,0.467,0.282,2.16444386061845e-47,"13","NUCB2"
"SCLT1",8.37114607763847e-52,0.361857661150616,0.23,0.101,2.35974236782551e-47,"13","SCLT1"
"DDX3X",9.80932038864327e-52,0.476972586638591,0.732,0.571,2.76514932435465e-47,"13","DDX3X"
"ERGIC1",1.24967721636585e-51,0.339585299129737,0.238,0.107,3.5227151052137e-47,"13","ERGIC1"
"PRELID1",3.85593296829373e-51,0.374340671017196,0.614,0.423,1.08694894443232e-46,"13","PRELID1"
"FLOT1",3.69829170514776e-50,0.354129963217799,0.282,0.139,1.0425114487641e-45,"13","FLOT1"
"CFLAR",2.77577143301334e-49,0.437617766212189,0.589,0.403,7.82462209252131e-45,"13","CFLAR"
"GLCCI1",4.86011932853818e-49,0.349746825847095,0.214,0.094,1.37001903752163e-44,"13","GLCCI1"
"GPR1831",5.15524599483784e-49,0.538133350387482,0.423,0.253,1.45321229348484e-44,"13","GPR183"
"MYO1F",1.01777026386608e-48,0.313098626520092,0.458,0.262,2.8689925968121e-44,"13","MYO1F"
"DRAP1",1.08281854532429e-48,0.443478926902481,0.62,0.449,3.05235719741464e-44,"13","DRAP1"
"PSME2",1.32849159515178e-48,0.430623865421631,0.638,0.461,3.74488495757335e-44,"13","PSME2"
"PTPN2",3.86164246309484e-48,0.417091002014363,0.433,0.258,1.0885583939218e-43,"13","PTPN2"
"CEP781",5.30818537947033e-48,0.351692386249658,0.308,0.155,1.49632437661889e-43,"13","CEP78"
"RAP1B",2.60751779896342e-47,0.398106067314211,0.637,0.454,7.35033192349799e-43,"13","RAP1B"
"PRMT2",4.21213052744677e-47,0.416802144192539,0.67,0.488,1.18735747438197e-42,"13","PRMT2"
"IFITM1",1.54515446412184e-46,0.469745139585904,0.348,0.197,4.35563591891305e-42,"13","IFITM1"
"SYNE1",4.08214160020968e-46,0.343749044071112,0.531,0.335,1.15071489568311e-41,"13","SYNE1"
"SLC25A36",4.3880972408145e-46,0.388946022273037,0.321,0.174,1.2369607312132e-41,"13","SLC25A36"
"GBP4",8.68158974478832e-46,0.40565562897539,0.288,0.149,2.44725333315838e-41,"13","GBP4"
"BTG1",9.42177846313853e-46,0.306911084860452,0.981,0.94,2.65590513097412e-41,"13","BTG1"
"BEX4",1.21158851687402e-45,0.413978763144038,0.295,0.155,3.41534687021618e-41,"13","BEX4"
"NCL",1.39538077142582e-45,0.383812208316193,0.884,0.77,3.93343885657224e-41,"13","NCL"
"PPP1R15A",4.67631572485619e-45,0.464723782173443,0.711,0.539,1.31820663967971e-40,"13","PPP1R15A"
"ESYT2",8.62974183210079e-45,0.356431550378035,0.297,0.156,2.43263792505089e-40,"13","ESYT2"
"NHLRC3",1.19252627565549e-44,0.399978357945555,0.249,0.122,3.36161231844527e-40,"13","NHLRC3"
"TSPAN32",1.9918236026324e-44,0.329600426088619,0.239,0.114,5.61475155346048e-40,"13","TSPAN32"
"NT5C",2.80208008597622e-44,0.381836664959064,0.366,0.209,7.89878355435836e-40,"13","NT5C"
"HIST1H1E",3.16822906574902e-44,0.448317346072617,0.544,0.369,8.93092091343992e-40,"13","HIST1H1E"
"RFTN1",1.6540970896206e-43,0.328225893131155,0.208,0.094,4.66273428593151e-39,"13","RFTN1"
"MSN",3.36530205095146e-43,0.326443647769306,0.726,0.556,9.48644995142707e-39,"13","MSN"
"MACF1",6.60256245686011e-43,0.417915979417878,0.599,0.421,1.8611963309643e-38,"13","MACF1"
"CCNL1",8.13059117193188e-43,0.368071126900826,0.837,0.697,2.29193234545588e-38,"13","CCNL1"
"WHAMM",1.20776620662488e-42,0.408370286484012,0.316,0.175,3.40457215985489e-38,"13","WHAMM"
"TCF73",1.26922137021203e-42,0.373282844514689,0.632,0.445,3.57780812049069e-38,"13","TCF7"
"APOBEC3G",3.25329754477454e-42,0.318313279005747,0.394,0.228,9.17072044896495e-38,"13","APOBEC3G"
"NARF",1.96469029898177e-41,0.352956971065583,0.253,0.128,5.53826548379971e-37,"13","NARF"
"PARP8",4.03789481884976e-41,0.390038174788549,0.461,0.292,1.13824217048556e-36,"13","PARP8"
"PDCD4",4.37019349299481e-41,0.409714820836004,0.637,0.477,1.23191384374031e-36,"13","PDCD4"
"NR4A2",6.51503185585151e-41,0.463560691976012,0.391,0.237,1.83652232984598e-36,"13","NR4A2"
"DNAJC1",7.71573983247998e-41,0.337000749597073,0.322,0.177,2.17498990137778e-36,"13","DNAJC1"
"SGSM3",9.0315975544061e-41,0.342426214610809,0.23,0.113,2.54591703461154e-36,"13","SGSM3"
"WDR83OS",9.73489959307467e-41,0.372826258013943,0.563,0.391,2.74417084629182e-36,"13","WDR83OS"
"SIPA1",1.30718900956385e-40,0.312480814572968,0.322,0.177,3.68483509905954e-36,"13","SIPA1"
"HSPA5",1.99153152914381e-40,0.443896002381524,0.625,0.464,5.61392822750348e-36,"13","HSPA5"
"TCEB2",2.05521681810334e-40,0.351688256031924,0.781,0.64,5.79345068855151e-36,"13","TCEB2"
"UBE2F",2.31441543709522e-40,0.329182914252772,0.267,0.138,6.52410567562771e-36,"13","UBE2F"
"CSNK1G31",4.00713258718081e-40,0.371459475746619,0.313,0.174,1.1295706050004e-35,"13","CSNK1G3"
"GADD45B",6.74741198207378e-40,0.439308547284704,0.595,0.427,1.90202796362678e-35,"13","GADD45B"
"PIP4K2A",8.03202975709236e-40,0.371090628944848,0.549,0.384,2.26414886822677e-35,"13","PIP4K2A"
"AKAP17A",1.5583730867326e-39,0.393653661071681,0.328,0.19,4.39289789419052e-35,"13","AKAP17A"
"CPNE1",2.0676258749871e-39,0.367100830713733,0.381,0.231,5.82843057900113e-35,"13","CPNE1"
"TRAF5",2.81636294013504e-39,0.345084921359652,0.292,0.159,7.93904549194667e-35,"13","TRAF5"
"TAPBP",3.46956545315249e-39,0.355677534525024,0.651,0.484,9.78035805589156e-35,"13","TAPBP"
"PDIA3",4.41618613453047e-39,0.393170607766674,0.633,0.474,1.24487870946279e-34,"13","PDIA3"
"SYNRG",5.35350940332413e-39,0.408482078576927,0.468,0.31,1.50910076570304e-34,"13","SYNRG"
"ATHL1",8.23122048735655e-39,0.322983572344866,0.221,0.108,2.32029874318094e-34,"13","ATHL1"
"DNAJA1",8.4453841285616e-39,0.438069145202894,0.56,0.403,2.38066933200023e-34,"13","DNAJA1"
"FYTTD1",9.03465141520978e-39,0.375368836663604,0.332,0.191,2.54677788743349e-34,"13","FYTTD1"
"RAB37",1.20295651103371e-38,0.334756833470649,0.248,0.127,3.39101410895291e-34,"13","RAB37"
"PAPD5",1.21782303989414e-38,0.315943432592805,0.225,0.111,3.4329213671576e-34,"13","PAPD5"
"CSRNP1",1.4492841083975e-38,0.355058266363634,0.208,0.101,4.08538697316173e-34,"13","CSRNP1"
"SSR4",1.4852951675026e-38,0.363904978038721,0.8,0.676,4.18689854767308e-34,"13","SSR4"
"MPG",4.6882577952519e-38,0.34462228301653,0.28,0.153,1.32157298990356e-33,"13","MPG"
"WSB1",4.29221462467199e-37,0.35060798036439,0.458,0.3,1.20993238054879e-32,"13","WSB1"
"TES",5.34226105195411e-37,0.337900860954045,0.465,0.304,1.50592996793535e-32,"13","TES"
"KAT6B",1.16987210358417e-36,0.377866205473064,0.363,0.222,3.29775247279343e-32,"13","KAT6B"
"RPL22L1",1.35637005938445e-36,0.371060145696315,0.553,0.392,3.82347156039883e-32,"13","RPL22L1"
"RNF125",4.72325571713948e-36,0.360048044271063,0.433,0.279,1.33143855410445e-31,"13","RNF125"
"CH17-189H20.1",5.85974009519091e-36,0.373723914019851,0.399,0.255,1.65180213543336e-31,"13","CH17-189H20.1"
"C16orf54",6.16905392282565e-36,0.410208007904873,0.303,0.176,1.73899461030532e-31,"13","C16orf54"
"SERBP1",6.31928639279442e-36,0.342639533140235,0.731,0.595,1.78134364126482e-31,"13","SERBP1"
"RASSF1",3.51206178596614e-35,0.343892411005493,0.329,0.195,9.90015096845995e-31,"13","RASSF1"
"CD164",4.60823815317394e-35,0.347805021569604,0.532,0.377,1.2990162529982e-30,"13","CD164"
"SLC38A2",1.96219238860066e-34,0.373795830231518,0.495,0.345,5.5312241242264e-30,"13","SLC38A2"
"HIPK1",2.83529103248062e-34,0.322003297180901,0.334,0.2,7.99240189145962e-30,"13","HIPK1"
"SDF4",8.10119747651735e-34,0.308390858943061,0.334,0.199,2.28364655665548e-29,"13","SDF4"
"PCMTD1",9.10725191346645e-34,0.337700406775613,0.386,0.243,2.56724324188706e-29,"13","PCMTD1"
"GPRIN3",9.60063792920837e-34,0.320862388847717,0.276,0.155,2.70632382586455e-29,"13","GPRIN3"
"YWHAQ",1.11473772198448e-33,0.321298869478565,0.497,0.341,3.14233416450204e-29,"13","YWHAQ"
"NXT1",1.20585083548054e-33,0.366634027750961,0.25,0.137,3.39917292013609e-29,"13","NXT1"
"DIP2A",1.26304184786036e-33,0.328379577976087,0.369,0.228,3.56038866493357e-29,"13","DIP2A"
"SLC38A1",1.51200046090832e-33,0.374459967273961,0.578,0.427,4.26217809925445e-29,"13","SLC38A1"
"NDUFS8",2.12567347997627e-33,0.34952332424134,0.392,0.252,5.9920609727051e-29,"13","NDUFS8"
"SNHG9",2.64851762375542e-33,0.416166864233964,0.422,0.28,7.46590632960414e-29,"13","SNHG9"
"SLC25A39",3.75901091041666e-33,0.310187415762638,0.23,0.122,1.05962758553735e-28,"13","SLC25A39"
"TLE4",1.18194197710292e-32,0.397711102240661,0.562,0.411,3.33177623925541e-28,"13","TLE4"
"TMED10",3.29477354070481e-32,0.343146806711626,0.465,0.32,9.28763713389279e-28,"13","TMED10"
"SRSF2",4.9848616479873e-32,0.3537910816789,0.647,0.504,1.40518264995114e-27,"13","SRSF2"
"IL2RG",5.6424136860888e-32,0.3184610987486,0.762,0.626,1.59053999397157e-27,"13","IL2RG"
"SLFN51",8.10315269168518e-32,0.337571341068524,0.551,0.395,2.28419771225914e-27,"13","SLFN5"
"HMGN3",1.14332084246957e-31,0.318575624956617,0.463,0.315,3.22290712283748e-27,"13","HMGN3"
"LSM4",1.36955309919097e-31,0.340540036209712,0.398,0.263,3.86063323130941e-27,"13","LSM4"
"OGT",2.00221351578684e-31,0.323978237376768,0.417,0.273,5.64403967965151e-27,"13","OGT"
"ATM",3.54305426289e-31,0.342674965838341,0.721,0.59,9.98751566166062e-27,"13","ATM"
"ARF6",4.05741029960754e-31,0.353225582973012,0.593,0.449,1.14374338935637e-26,"13","ARF6"
"RNF115",4.50777355998307e-31,0.304009766620253,0.311,0.186,1.27069628882363e-26,"13","RNF115"
"EIF5A",5.34725427965443e-31,0.337246622595432,0.652,0.517,1.50733750889179e-26,"13","EIF5A"
"C9orf16",5.80930340042812e-31,0.321821281982976,0.646,0.497,1.63758453554668e-26,"13","C9orf16"
"PRDX5",9.21674887614467e-31,0.30909272699925,0.482,0.342,2.59810934069642e-26,"13","PRDX5"
"CALCOCO2",2.80185744588657e-30,0.305014339122135,0.34,0.211,7.89815595420964e-26,"13","CALCOCO2"
"LITAF",3.91126724347495e-30,0.310454571405125,0.65,0.503,1.10254712326315e-25,"13","LITAF"
"SUN2",5.07770272475216e-30,0.321710666316371,0.522,0.379,1.43135362108038e-25,"13","SUN2"
"FXYD51",6.26692008531537e-30,0.357942769817873,0.802,0.663,1.76658210284955e-25,"13","FXYD5"
"PHACTR21",1.15622485346091e-29,0.328756532814812,0.284,0.168,3.25928223942095e-25,"13","PHACTR2"
"DDIT4",1.59976413683445e-29,0.354524140520053,0.449,0.306,4.50957512532263e-25,"13","DDIT4"
"UBE2S",2.32520987262647e-29,0.331604349610128,0.324,0.201,6.55453410994677e-25,"13","UBE2S"
"IRF9",3.85297037470657e-29,0.36486908485303,0.253,0.146,1.08611381892604e-24,"13","IRF9"
"CDC42SE1",4.3920199777821e-29,0.323279970850921,0.602,0.461,1.238066511537e-24,"13","CDC42SE1"
"NAP1L4",6.54070165603086e-29,0.327394621142956,0.492,0.354,1.84375838981854e-24,"13","NAP1L4"
"SPTBN1",1.51881515050867e-28,0.311632031856032,0.337,0.214,4.2813880277689e-24,"13","SPTBN1"
"ATF4",1.93477765969635e-28,0.349415144087211,0.441,0.313,5.45394474491804e-24,"13","ATF4"
"CD81",3.12447703587408e-28,0.303965918326924,0.605,0.464,8.80758831642546e-24,"13","CD81"
"ITGA4",5.95794566889587e-28,0.308358394148388,0.553,0.402,1.67948530460506e-23,"13","ITGA4"
"H2AFJ",9.55895286889503e-28,0.313441981479161,0.288,0.177,2.69457322421282e-23,"13","H2AFJ"
"POLR2K",1.34595863865467e-27,0.350443377107369,0.382,0.259,3.79412280650366e-23,"13","POLR2K"
"BEX2",7.07772007498765e-27,0.328660198253734,0.275,0.166,1.99513851193827e-22,"13","BEX2"
"CRIP11",4.197159963202e-26,0.339556248591522,0.423,0.292,1.18313742202701e-21,"13","CRIP1"
"RNPS1",9.71034737372439e-26,0.305035581650755,0.447,0.317,2.73724982117917e-21,"13","RNPS1"
"TARSL2",3.06369751311804e-25,0.319811412630698,0.25,0.149,8.63625691972845e-21,"13","TARSL2"
"SATB11",2.12383204517426e-24,0.311547727787095,0.414,0.288,5.98687015214171e-20,"13","SATB1"
"NSMCE1",1.61619019013283e-23,0.310422426296686,0.282,0.18,4.55587852696543e-19,"13","NSMCE1"
"TRABD",4.42227807059511e-22,0.303911986959968,0.335,0.228,1.24659596532005e-17,"13","TRABD"
"RACK1",0,4.36057860727491,0.93,0.003,0,"14","RACK1"
"ATP5F1E",0,3.626025142005,0.827,0.003,0,"14","ATP5F1E"
"NOP53",0,3.26906204665563,0.703,0.001,0,"14","NOP53"
"ATP5MG",0,2.72829725186512,0.614,0.001,0,"14","ATP5MG"
"KRT14",0,2.44795859352385,0.237,0.001,0,"14","KRT14"
"ATP5MC2",0,2.34543915852625,0.493,0.001,0,"14","ATP5MC2"
"S100A7",0,2.31548523975399,0.394,0.002,0,"14","S100A7"
"TRIR",0,2.29711147927763,0.499,0.001,0,"14","TRIR"
"FYB11",0,2.09771673706409,0.379,0.001,0,"14","FYB1"
"ELOB",0,1.86846384213963,0.342,0.001,0,"14","ELOB"
"ATP5F1D",0,1.78916181153146,0.332,0.001,0,"14","ATP5F1D"
"CRCT1",0,1.76319994651983,0.247,0.001,0,"14","CRCT1"
"SNHG29",0,1.72113405786938,0.202,0.001,0,"14","SNHG29"
"GAS5",0,1.70019162438075,0.202,0.001,0,"14","GAS5"
"SELENOK",0,1.59818558182512,0.231,0.001,0,"14","SELENOK"
"ATP5MPL",0,1.59377628405762,0.278,0.001,0,"14","ATP5MPL"
"LCE3D",0,1.58197687508693,0.204,0.001,0,"14","LCE3D"
"NSD3",0,1.51414950712178,0.256,0.001,0,"14","NSD3"
"ATP5IF1",0,1.46100172764665,0.243,0.001,0,"14","ATP5IF1"
"ATP5ME",0,1.4197023252036,0.245,0.001,0,"14","ATP5ME"
"ATP5MD",0,1.38333782467835,0.254,0.001,0,"14","ATP5MD"
"SELENOH",0,1.2846401252526,0.247,0.001,0,"14","SELENOH"
"ATP5MF",0,1.21751299813003,0.204,0.001,0,"14","ATP5MF"
"RIPOR2",0,1.20082953090192,0.202,0.001,0,"14","RIPOR2"
"ATP5MC3",0,1.19247810297537,0.221,0.001,0,"14","ATP5MC3"
"SELENOF",0,1.10736752016169,0.206,0,0,"14","SELENOF"
"RPL171",8.8819394791582e-194,2.74875593872511,0.895,0.59,2.50372991977991e-189,"14","RPL17"
"EEF1G",4.68619644743628e-179,2.57283312298612,0.394,0.076,1.32099191656781e-174,"14","EEF1G"
"HSPA1A",5.12698044783161e-111,2.5749445533687,0.272,0.053,1.44524451843925e-106,"14","HSPA1A"
"RPL411",2.6605271891422e-108,0.673594819045133,1,0.995,7.49976009347294e-104,"14","RPL41"
"MIF",7.21031963410755e-57,1.69322360393402,0.509,0.295,2.03251700165858e-52,"14","MIF"
"RPL36A2",1.72115238931792e-52,1.01869923776903,0.825,0.831,4.85175647024829e-48,"14","RPL36A"
"RPL13A1",3.56457874353832e-52,0.823210515814944,0.973,0.992,1.00481910201602e-47,"14","RPL13A"
"RNASEK",2.6216530218673e-48,1.22832778385565,0.233,0.073,7.39017770334174e-44,"14","RNASEK"
"CRIP12",5.51794405077909e-42,1.75332917823089,0.476,0.293,1.55545324847412e-37,"14","CRIP1"
"RPL311",3.22011626051229e-35,0.960008527968612,0.885,0.923,9.07718572675809e-31,"14","RPL31"
"RPS22",1.61347526237852e-29,0.376957257439691,0.99,0.996,4.54822541711882e-25,"14","RPS2"
"RPS19",9.79130190588903e-27,0.34283752155924,0.996,0.995,2.76007009425106e-22,"14","RPS19"
"MTRNR2L8",1.43660038412216e-23,2.06309088841004,0.289,0.155,4.04963282280195e-19,"14","MTRNR2L8"
"RPLP21",2.04349745693214e-23,0.473866501660138,0.988,0.99,5.76041498134601e-19,"14","RPLP2"
"S100A111",1.31820978735147e-20,0.904534916451456,0.544,0.452,3.71590156956506e-16,"14","S100A11"
"RPLP12",3.54971375604573e-20,0.30958685740595,0.996,0.999,1.00062881069173e-15,"14","RPLP1"
"RPS161",7.54765673606464e-19,0.3618325337223,0.971,0.986,2.12760895732926e-14,"14","RPS16"
"TMSB4X",8.22691042242981e-19,0.426527820957904,0.998,0.999,2.31908377897874e-14,"14","TMSB4X"
"FTH1",1.09541442021548e-18,0.737193560179952,0.889,0.966,3.08786370914542e-14,"14","FTH1"
"S100A8",1.12111086852031e-17,0.786032864177916,0.41,0.28,3.1602994272719e-13,"14","S100A8"
"IGKC1",1.29592481638211e-17,0.600872575859396,0.049,0.215,3.65308246489952e-13,"14","IGKC"
"MTRNR2L12",5.23571822532544e-17,2.50810424332292,0.34,0.224,1.47589661053699e-12,"14","MTRNR2L12"
"BIRC32",2.67449372639481e-16,1.51566942870467,0.355,0.253,7.53913036533432e-12,"14","BIRC3"
"LPAR61",5.76658341810146e-15,0.837021388883027,0.204,0.108,1.62554219972862e-10,"14","LPAR6"
"CCL4",3.7039385289618e-13,0.560296212924349,0.076,0.226,1.04410323192904e-08,"14","CCL4"
"RPL271",6.36395964357128e-12,0.320599924122893,0.922,0.968,1.79393658392631e-07,"14","RPL27"
"RPS171",9.29894102972196e-12,0.676640420965334,0.736,0.891,2.62127848686832e-07,"14","RPS17"
"TXN1",1.1664500404385e-11,0.9333269867094,0.375,0.31,3.28810601899209e-07,"14","TXN"
"GADD45B1",3.12991629157104e-11,0.334173305818475,0.221,0.429,8.8229210343096e-07,"14","GADD45B"
"RPL71",5.04444267311611e-11,0.554058128707626,0.856,0.955,1.4219779451247e-06,"14","RPL7"
"SAMSN11",9.26665939504758e-11,0.838399507061133,0.227,0.146,2.61217861686996e-06,"14","SAMSN1"
"RGCC2",4.5397330905418e-10,0.936781219765638,0.252,0.175,1.27970536089283e-05,"14","RGCC"
"RPS4Y1",1.71526029187106e-08,0.587079700638012,0.515,0.445,0.000483514723675533,"14","RPS4Y1"
"GAPDH",2.3192865692546e-08,0.543827526116523,0.687,0.765,0.000653783691007179,"14","GAPDH"
"VIM1",2.94211881573251e-07,0.778240550515175,0.732,0.798,0.00829353872966837,"14","VIM"
"GPR1832",5.28983160763297e-07,0.987399495632333,0.305,0.255,0.0149115063187566,"14","GPR183"
"DYNLL1",2.88438867135149e-06,0.835296169714212,0.367,0.343,0.0813080322567271,"14","DYNLL1"
"REL1",9.40973567139212e-06,0.322847632396474,0.181,0.316,0.265251038840872,"14","REL"
"TSPYL2",9.42929355182017e-06,0.377738636124406,0.124,0.232,0.265802355932259,"14","TSPYL2"
"SLC2A31",1.24210431700534e-05,1.10430565369065,0.315,0.289,0.350136785920635,"14","SLC2A3"
"H2AFZ",7.2318187193966e-05,0.860998465027538,0.408,0.433,1,"14","H2AFZ"
"NR4A21",7.87082789403696e-05,0.603932750160891,0.136,0.239,1,"14","NR4A2"
"RPL36AL",7.91633891456291e-05,0.301504560449202,0.767,0.88,1,"14","RPL36AL"
"LINC-PINT",0.000120222400220544,0.408545221120336,0.134,0.238,1,"14","LINC-PINT"
"EZR2",0.000168942089832974,0.542490055609666,0.28,0.44,1,"14","EZR"
"VMP1",0.000385005053108028,0.629675292358559,0.243,0.208,1,"14","VMP1"
"SRGN1",0.000650646155655126,0.855155624137074,0.557,0.624,1,"14","SRGN"
"DNAJA11",0.000857805722444613,0.409605871451705,0.256,0.405,1,"14","DNAJA1"
"ACTG1",0.00134716259449762,0.302382135868729,0.771,0.862,1,"14","ACTG1"
"UBB1",0.00135514911421011,0.301934159453004,0.548,0.772,1,"14","UBB"
"EEF2",0.00170675987780391,0.393500450537633,0.627,0.786,1,"14","EEF2"
"RAB8B",0.00348370414724353,0.310186334684111,0.157,0.239,1,"14","RAB8B"
"CD441",0.00356835489011779,0.61087004728131,0.466,0.539,1,"14","CD44"
"TUBB",0.00656849746939711,0.620089326740164,0.243,0.228,1,"14","TUBB"
"CCR71",0.00779668977674302,0.604762358401375,0.241,0.223,1,"14","CCR7"
"LYZ",1.9104210797371e-219,2.2075658387258,0.924,0.371,5.38528598167091e-215,"15","LYZ"
"S100A9",4.0679835931615e-198,2.07962799886393,0.929,0.439,1.14672389507629e-193,"15","S100A9"
"VCAN",5.75373529137644e-174,1.60209339652386,0.508,0.101,1.6219204412861e-169,"15","VCAN"
"S100A81",6.00207764941994e-140,1.79581030705163,0.726,0.279,1.69192566859499e-135,"15","S100A8"
"HLA-DRA1",1.17377823815964e-137,1.44586612632596,0.861,0.339,3.30876347554821e-133,"15","HLA-DRA"
"CST3",1.64035101101837e-132,1.81710867968412,0.537,0.148,4.62398546495969e-128,"15","CST3"
"MNDA",1.96340903516625e-132,1.38475515753005,0.39,0.077,5.53465372923014e-128,"15","MNDA"
"FCN1",4.06991525045624e-128,1.51043115949329,0.463,0.11,1.14726840995111e-123,"15","FCN1"
"FTL",3.61153156046385e-117,1.03128638858397,0.986,0.978,1.01805463157915e-112,"15","FTL"
"CD68",2.02235892308182e-111,0.870395824343013,0.203,0.026,5.70082756827534e-107,"15","CD68"
"NEAT1",1.3463431456619e-109,1.45189202171798,0.915,0.753,3.79520669330632e-105,"15","NEAT1"
"CLEC7A",2.78247084373121e-108,1.0419550263912,0.232,0.035,7.84350706139392e-104,"15","CLEC7A"
"CTSS",6.80816083047554e-108,1.64934485822923,0.799,0.511,1.91915245650275e-103,"15","CTSS"
"IGKC2",1.56939249046868e-106,2.45807569760205,0.624,0.213,4.42396049138217e-102,"15","IGKC"
"NCF2",8.57334032517756e-104,0.984195078083748,0.236,0.037,2.4167389042643e-99,"15","NCF2"
"CD741",2.31581152389602e-99,1.26478734486928,0.884,0.553,6.5280411047105e-95,"15","CD74"
"CD79A1",2.66931698778441e-99,1.32858516835964,0.522,0.152,7.52453765686547e-95,"15","CD79A"
"SERPINA1",7.6098468705843e-97,1.05008281394346,0.265,0.048,2.14513973434901e-92,"15","SERPINA1"
"CYBB",4.91047566450057e-91,1.21885244203966,0.388,0.101,1.38421398506607e-86,"15","CYBB"
"FGL2",8.71937216512098e-89,1.28384567519419,0.364,0.092,2.45790381962595e-84,"15","FGL2"
"HLA-DRB11",2.48327234027751e-85,1.43908077193241,0.707,0.336,7.00009640000827e-81,"15","HLA-DRB1"
"RP11-1143G9.4",2.51916952528737e-83,1.01621739882009,0.251,0.048,7.10128697483257e-79,"15","RP11-1143G9.4"
"MPEG1",7.21437041664207e-83,0.982554524318038,0.243,0.047,2.03365887674723e-78,"15","MPEG1"
"FTH11",1.48913302804479e-79,0.825251036310972,0.974,0.965,4.19771709275545e-75,"15","FTH1"
"PSAP",5.60914930106745e-73,1.50910799788859,0.634,0.355,1.5811630964779e-68,"15","PSAP"
"LST1",1.49397014345324e-70,1.36315069475566,0.456,0.173,4.21135243738035e-66,"15","LST1"
"HLA-DPA11",1.35521082632698e-68,1.34007143649796,0.683,0.374,3.82020379833312e-64,"15","HLA-DPA1"
"AIF1",1.49148501711085e-67,1.35122334916348,0.515,0.22,4.20434711473376e-63,"15","AIF1"
"CD14",3.26333162794543e-66,0.816924439084321,0.213,0.043,9.19900552601537e-62,"15","CD14"
"HLA-DQA11",1.24299427651127e-61,1.21628894383518,0.452,0.166,3.50387656605762e-57,"15","HLA-DQA1"
"IGLC21",1.05334718147724e-60,1.22056610193634,0.355,0.111,2.96928036986618e-56,"15","IGLC2"
"TYROBP1",3.54817931450721e-60,1.006038291278,0.619,0.28,1.00019626696644e-55,"15","TYROBP"
"SAT1",2.62029819767342e-59,1.29960089376705,0.738,0.573,7.3863585894216e-55,"15","SAT1"
"KLF4",7.10021125899915e-59,0.923942550928532,0.258,0.066,2.00147855179927e-54,"15","KLF4"
"AP000769.1",2.68114213109559e-58,1.56530909036735,0.605,0.359,7.55787155334537e-54,"15","AP000769.1"
"IGHM1",8.84807105326165e-56,1.61214428576825,0.369,0.118,2.49418274920393e-51,"15","IGHM"
"HLA-DQB11",9.34364826649767e-55,1.29340871450364,0.506,0.228,2.63388100984303e-50,"15","HLA-DQB1"
"ACTB",1.03013995642317e-54,0.544221842457695,0.986,0.978,2.90386152316126e-50,"15","ACTB"
"SPI1",1.3921144715285e-54,0.960712425293745,0.246,0.065,3.92423148379168e-50,"15","SPI1"
"TYMP",2.04751826363917e-50,1.17616657789574,0.371,0.142,5.77174923337245e-46,"15","TYMP"
"FCER1G1",5.38836938867166e-48,0.885607969710111,0.444,0.179,1.51892744697265e-43,"15","FCER1G"
"MARCKS1",1.25789822413427e-47,1.01330783731693,0.248,0.071,3.5458893040121e-43,"15","MARCKS"
"HLA-DPB11",2.38858617965291e-46,1.16440133910935,0.662,0.422,6.73318558182359e-42,"15","HLA-DPB1"
"HLA-DRB51",2.03928625804157e-39,1.02886904010822,0.333,0.13,5.74854403279338e-35,"15","HLA-DRB5"
"FOS2",7.94320711211846e-38,0.51909363412519,0.929,0.825,2.23911065283507e-33,"15","FOS"
"MS4A11",1.51864677182231e-36,0.753067618782815,0.366,0.144,4.28091338508991e-32,"15","MS4A1"
"FOSB",1.76744079614949e-35,0.92004792121633,0.719,0.612,4.9822388602658e-31,"15","FOSB"
"COTL11",1.71818648996418e-33,1.16248529709215,0.563,0.411,4.84339589656004e-29,"15","COTL1"
"CEBPD1",1.27855191066639e-32,0.793201261646047,0.267,0.1,3.60410998097747e-28,"15","CEBPD"
"ZEB2",1.06998764836653e-31,0.917261674868165,0.504,0.292,3.0161881819804e-27,"15","ZEB2"
"IGHD1",3.81293856854127e-30,0.741916342123599,0.272,0.101,1.0748292530861e-25,"15","IGHD"
"HLA-DMB1",8.79888505591354e-30,0.984267727332207,0.284,0.119,2.48031770841147e-25,"15","HLA-DMB"
"LYN1",9.72761668425638e-30,0.968951311581639,0.31,0.139,2.74211786712503e-25,"15","LYN"
"CD79B1",2.50961509123626e-28,0.934057665106051,0.364,0.177,7.07435398068591e-24,"15","CD79B"
"GRN",6.39817597215739e-25,0.892504924895708,0.225,0.09,1.80358182479145e-20,"15","GRN"
"S100A112",7.11218476098734e-25,0.947274182523842,0.574,0.452,2.00485376227472e-20,"15","S100A11"
"MEF2C1",1.04050965572483e-24,0.676046784876002,0.279,0.12,2.93309266852274e-20,"15","MEF2C"
"MT-ND1",1.81824193355897e-24,0.428798357077826,0.967,0.985,5.12544218650938e-20,"15","MT-ND1"
"MARCH11",1.97978427888397e-24,0.723676858314302,0.227,0.089,5.58081390374603e-20,"15","MARCH1"
"HLA-DMA1",9.08104485569608e-24,0.897741125238399,0.329,0.166,2.55985573437217e-19,"15","HLA-DMA"
"OAZ1",5.29213571280522e-23,0.631414766708416,0.754,0.808,1.49180013608266e-18,"15","OAZ1"
"NAMPT",5.63402816717359e-23,0.997568201932247,0.272,0.127,1.58817620004456e-18,"15","NAMPT"
"FAM26F1",2.69537205514701e-21,0.825406218213581,0.227,0.098,7.59798428625391e-17,"15","FAM26F"
"RPL13A2",2.77565099187955e-21,0.304869985703434,0.986,0.992,7.82428258100927e-17,"15","RPL13A"
"APLP2",6.89605580673532e-21,0.913625438307804,0.362,0.212,1.94392917136062e-16,"15","APLP2"
"S100A6",2.47391119239822e-20,0.528876777208128,0.82,0.86,6.97370826025134e-16,"15","S100A6"
"CD371",3.51203964285462e-20,0.639166177396828,0.712,0.735,9.90008854924289e-16,"15","CD37"
"PLCG21",7.14792330867272e-20,0.923712243388265,0.404,0.258,2.01492810148175e-15,"15","PLCG2"
"JAML",2.24490227133914e-19,0.795870596403684,0.234,0.109,6.32815501267791e-15,"15","JAML"
"MCL1",4.06409740414632e-19,0.884044971539392,0.548,0.463,1.14562841725481e-14,"15","MCL1"
"BANK11",3.06588447534141e-18,0.557853486430949,0.251,0.115,8.64242174753989e-14,"15","BANK1"
"POU2F21",7.87862122518345e-18,0.868456529650637,0.359,0.222,2.22090453716696e-13,"15","POU2F2"
"VIM2",8.81026981122941e-18,0.490413485810619,0.823,0.798,2.48352695708746e-13,"15","VIM"
"IFITM31",2.38137918764926e-17,0.724771447990279,0.201,0.09,6.71286979206451e-13,"15","IFITM3"
"RGS2",2.53172122040716e-17,0.843134556245883,0.314,0.181,7.13666894820574e-13,"15","RGS2"
"FCGRT",5.3305040478053e-17,0.87568622577221,0.232,0.115,1.50261578603584e-12,"15","FCGRT"
"DUSP11",3.85991932903555e-16,0.444211144169027,0.764,0.727,1.08807265966183e-11,"15","DUSP1"
"H3F3A",4.13228715096671e-16,0.462480269097462,0.83,0.915,1.16485042498601e-11,"15","H3F3A"
"CTSZ",7.1680298878074e-16,0.790313359563187,0.253,0.134,2.02059594507403e-11,"15","CTSZ"
"RPS172",1.50554622622095e-14,0.417006636349077,0.868,0.891,4.24398425709425e-10,"15","RPS17"
"HNRNPH1",1.64597483427652e-14,0.75037066901838,0.622,0.618,4.63983846034207e-10,"15","HNRNPH1"
"KLF61",1.7105576561863e-13,0.515994880020107,0.674,0.645,4.82189097702357e-09,"15","KLF6"
"FGR1",4.22678782939658e-13,0.642909361614608,0.227,0.12,1.1914892212286e-08,"15","FGR"
"LGALS1",5.8122333817985e-13,0.48845570560928,0.522,0.397,1.63841046799518e-08,"15","LGALS1"
"AHNAK",1.67689634149281e-12,0.682535571969332,0.584,0.533,4.72700309703407e-08,"15","AHNAK"
"NFKBIA1",2.20212412190978e-12,0.524294876144582,0.638,0.595,6.20756768725149e-08,"15","NFKBIA"
"LINC00936",2.63650723744021e-12,0.774106812493125,0.312,0.211,7.4320502516202e-08,"15","LINC00936"
"BRI3",3.87547290440899e-12,0.81468447508895,0.371,0.283,1.09245705702385e-07,"15","BRI3"
"CCNL11",2.66670621080498e-11,0.51933033950488,0.669,0.699,7.51717813763815e-07,"15","CCNL1"
"CYBA",3.15293705237685e-11,0.351527345718402,0.792,0.842,8.88781425694511e-07,"15","CYBA"
"NCF11",5.59601511472126e-11,0.774278865769439,0.322,0.225,1.57746070068878e-06,"15","NCF1"
"GPX1",5.6485618664156e-11,0.89905363482366,0.369,0.289,1.59227310452389e-06,"15","GPX1"
"RALGPS21",1.80366498865747e-10,0.510420334262958,0.253,0.148,5.08435123652655e-06,"15","RALGPS2"
"STXBP2",2.2054205638918e-10,0.634084468244089,0.21,0.12,6.21686002755459e-06,"15","STXBP2"
"YBX31",6.11147413735272e-10,0.710151062489515,0.239,0.146,1.72276344457836e-05,"15","YBX3"
"NFKBIZ",1.31663941128324e-09,0.785482902603196,0.298,0.21,3.71147483646632e-05,"15","NFKBIZ"
"SKAP21",3.34989030983316e-09,0.589043766265942,0.213,0.128,9.4430057943887e-05,"15","SKAP2"
"LYST1",1.60985194013637e-08,0.768983193792482,0.284,0.203,0.00045380116340504,"15","LYST"
"LAPTM51",2.60829242274518e-08,0.609399773971307,0.596,0.672,0.00073525155104764,"15","LAPTM5"
"RAB11FIP11",3.35805726864697e-08,0.69178090155736,0.243,0.164,0.000946602763458893,"15","RAB11FIP1"
"STX71",4.29863905084275e-08,0.520521361390047,0.227,0.144,0.00121174336204206,"15","STX7"
"TKT",5.66470836018408e-08,0.772984929076558,0.343,0.28,0.00159682463965229,"15","TKT"
"AP1S2",9.36126402823469e-08,0.71081810518836,0.272,0.195,0.00263884671691908,"15","AP1S2"
"IQGAP11",2.61499697585155e-07,0.566143735821896,0.494,0.486,0.00737141497522792,"15","IQGAP1"
"ANXA21",5.20931355352743e-07,0.564172888412896,0.329,0.263,0.0146845339760385,"15","ANXA2"
"GAPDH1",7.24095355582043e-07,0.341765152044075,0.695,0.765,0.0204115239785022,"15","GAPDH"
"PLEKHO1",5.71903767348247e-06,0.614867388381317,0.248,0.186,0.161213952977797,"15","PLEKHO1"
"SOD2",5.97616956872914e-06,0.662752040832653,0.293,0.236,0.168462243972906,"15","SOD2"
"PTPRE",2.02647642387537e-05,0.549818570066663,0.206,0.147,0.571243439126229,"15","PTPRE"
"PRKCB1",5.7186768731277e-05,0.651476033767209,0.362,0.33,1,"15","PRKCB"
"GSTP11",6.83332426882867e-05,0.568034970208563,0.444,0.445,1,"15","GSTP1"
"DDX3X1",7.77657831885488e-05,0.545542046919113,0.527,0.573,1,"15","DDX3X"
"MAP3K11",7.91036361010476e-05,0.614446875376352,0.255,0.204,1,"15","MAP3K1"
"NPC2",8.36483768658059e-05,0.540332098514061,0.27,0.219,1,"15","NPC2"
"HNRNPA2B1",0.000148575566156943,0.35843568934744,0.719,0.852,1,"15","HNRNPA2B1"
"TNFRSF1B1",0.000167248914334879,0.515500447277354,0.262,0.214,1,"15","TNFRSF1B"
"ANXA5",0.000186354451259579,0.583534847196447,0.281,0.239,1,"15","ANXA5"
"CLIC11",0.000210221229896737,0.48007695881241,0.534,0.571,1,"15","CLIC1"
"PPP1R15A1",0.000213816674290309,0.464849491485521,0.513,0.541,1,"15","PPP1R15A"
"ID21",0.000284146223466099,0.459561921927863,0.449,0.428,1,"15","ID2"
"CTSD1",0.000654628107008819,0.597198208396082,0.303,0.266,1,"15","CTSD"
"CTNNB1",0.00076068022430738,0.519278183976896,0.21,0.168,1,"15","CTNNB1"
"C10orf54",0.000776475267160649,0.599021526142478,0.253,0.217,1,"15","C10orf54"
"PYCARD",0.00088803267871014,0.593090857952147,0.253,0.214,1,"15","PYCARD"
"HIF1A",0.000932713845173731,0.556606962969775,0.232,0.191,1,"15","HIF1A"
"RP11-160E2.6",0.00130138453192058,0.497247582084425,0.251,0.21,1,"15","RP11-160E2.6"
"LTA4H",0.00150797221097205,0.494601720983092,0.201,0.16,1,"15","LTA4H"
"PLEK",0.00159129166649629,0.326460007967343,0.343,0.296,1,"15","PLEK"
"VMP11",0.00177495281665057,0.552432381982272,0.246,0.208,1,"15","VMP1"
"SNX21",0.00184027326098293,0.509706552447709,0.246,0.205,1,"15","SNX2"
"MIS18BP1",0.00196849829302568,0.525580974428297,0.267,0.228,1,"15","MIS18BP1"
"C1orf56",0.002161017419179,0.45301204616506,0.307,0.279,1,"15","C1orf56"
"ASAH1",0.00344471126465722,0.531111733489276,0.208,0.173,1,"15","ASAH1"
"CNPY3",0.00458995001074652,0.536752277318134,0.243,0.212,1,"15","CNPY3"
"ARPC1B",0.00699333819437332,0.41453216296523,0.541,0.643,1,"15","ARPC1B"
"ZFP361",0.00824609930957379,0.377043825473764,0.449,0.462,1,"15","ZFP36"
"ADAM10",0.00890594300313743,0.66574466379329,0.225,0.199,1,"15","ADAM10"
"IFI44L",0,2.23109606824379,0.753,0.049,0,"16","IFI44L"
"MX1",0,2.00123382041403,0.73,0.1,0,"16","MX1"
"IFIT3",0,1.36160736299778,0.386,0.019,0,"16","IFIT3"
"RSAD2",0,1.15674888887902,0.357,0.013,0,"16","RSAD2"
"IFIT1",0,0.909004177597844,0.27,0.008,0,"16","IFIT1"
"CMPK2",1.08610504959653e-293,0.658424169988568,0.202,0.01,3.06162152430766e-289,"16","CMPK2"
"OAS3",3.05485558195259e-268,0.853004291932104,0.286,0.022,8.61133239996617e-264,"16","OAS3"
"IFI6",1.33880244815411e-244,2.35865498887306,0.772,0.181,3.77395022110163e-240,"16","IFI6"
"IFI44",2.19119338619791e-226,1.06793694052086,0.43,0.055,6.17675503635328e-222,"16","IFI44"
"XAF1",3.39939666665582e-226,1.71435829796165,0.806,0.202,9.58255926363609e-222,"16","XAF1"
"HERC5",1.46877964647358e-212,1.21784538037971,0.454,0.065,4.14034294544436e-208,"16","HERC5"
"EPSTI1",1.91862792050671e-210,1.39805689668101,0.577,0.104,5.40842024511638e-206,"16","EPSTI1"
"OAS1",4.626150628707e-207,0.830269273434184,0.32,0.034,1.30406560072622e-202,"16","OAS1"
"STAT1",5.40823395706237e-204,1.86413484723236,0.811,0.23,1.52452707015631e-199,"16","STAT1"
"ISG15",2.47997307978245e-198,2.33705597252393,0.827,0.267,6.99079611459874e-194,"16","ISG15"
"EIF2AK2",3.4001404521792e-187,1.55752257305192,0.732,0.19,9.58465592064795e-183,"16","EIF2AK2"
"USP18",1.68090238552542e-179,0.623386203778492,0.202,0.016,4.7382957345576e-175,"16","USP18"
"MX2",1.06645742393073e-141,1.21306674014982,0.572,0.14,3.00623683231834e-137,"16","MX2"
"GBP1",2.90699144246731e-140,1.2659496930197,0.514,0.116,8.19451817717109e-136,"16","GBP1"
"PARP9",7.45249200804665e-134,0.925765210195822,0.43,0.084,2.10078297214827e-129,"16","PARP9"
"DDX60",1.26601763680483e-118,0.915024691157626,0.373,0.071,3.56877711638915e-114,"16","DDX60"
"LY6E1",1.66079351644644e-102,1.26244281412122,0.879,0.479,4.68161084351087e-98,"16","LY6E"
"SAMD9L",1.02848039202323e-99,1.0622964428887,0.514,0.144,2.8991833770743e-95,"16","SAMD9L"
"HELZ2",6.89072477564342e-90,0.5497791322456,0.249,0.041,1.94242640700612e-85,"16","HELZ2"
"DDX60L",3.68428393246533e-86,0.766926359668714,0.399,0.099,1.03856279772265e-81,"16","DDX60L"
"OAS2",2.64892323273831e-77,0.734457029493341,0.339,0.08,7.46704970076601e-73,"16","OAS2"
"IRF7",6.39804169244544e-68,0.710760421134877,0.323,0.081,1.80354397268345e-63,"16","IRF7"
"HERC6",8.20850874857524e-66,0.507253725613445,0.202,0.037,2.31389653113587e-61,"16","HERC6"
"TRIM22",6.78278178584959e-61,0.947640492567906,0.651,0.293,1.91199835761314e-56,"16","TRIM22"
"IFI35",1.5406729656383e-58,0.734643681311616,0.349,0.102,4.3430030228378e-54,"16","IFI35"
"UBE2L6",4.05797532708744e-55,0.788344341740328,0.462,0.173,1.14390266495268e-50,"16","UBE2L6"
"SP1001",1.39175311443139e-54,0.851652989520444,0.795,0.462,3.92321285427063e-50,"16","SP100"
"IRF91",1.80489125844246e-53,0.718451943500467,0.423,0.146,5.08780796842346e-49,"16","IRF9"
"PNPT1",6.56590663880212e-50,0.65900955849782,0.297,0.086,1.85086342241193e-45,"16","PNPT1"
"PLSCR1",2.25979487616256e-49,0.535701655180362,0.234,0.057,6.37013577641465e-45,"16","PLSCR1"
"STAT2",1.55111068098894e-48,0.647521274761259,0.346,0.111,4.37242589863973e-44,"16","STAT2"
"IL7R2",1.95590896363098e-48,0.853026347563811,0.95,0.614,5.51351177757938e-44,"16","IL7R"
"ISG201",4.65619239846722e-48,1.03594901282161,0.766,0.498,1.31253407520392e-43,"16","ISG20"
"BST21",5.98823420541641e-48,0.806758873660556,0.667,0.348,1.68802334016483e-43,"16","BST2"
"SAMD9",4.64993479323464e-47,0.974842452318894,0.559,0.266,1.31077011886491e-42,"16","SAMD9"
"GBP41",1.38825241043805e-44,0.802625966710841,0.394,0.149,3.91334471978381e-40,"16","GBP4"
"DDX58",8.90302590322461e-42,0.58798622245623,0.255,0.074,2.50967397185999e-37,"16","DDX58"
"DTX3L",1.09016651238777e-41,0.593744444523121,0.318,0.106,3.07307038176988e-37,"16","DTX3L"
"C19orf66",3.33182665411278e-41,0.632332969973099,0.457,0.191,9.39208615527851e-37,"16","C19orf66"
"LTB4",4.25382005592549e-38,0.716860631287821,0.945,0.708,1.19910933556484e-33,"16","LTB"
"IFI16",7.70269593352274e-37,0.744113818612679,0.661,0.383,2.17131295670073e-32,"16","IFI16"
"PARP141",7.78955678828099e-37,0.721279174104081,0.52,0.251,2.19579816304853e-32,"16","PARP14"
"LDHB3",2.13759780347868e-36,0.641087396639418,0.877,0.628,6.02567444822604e-32,"16","LDHB"
"PHF11",1.19762441346549e-35,0.675102931277019,0.486,0.226,3.37598345911786e-31,"16","PHF11"
"MT2A",1.74162791936845e-35,1.00906768161074,0.583,0.314,4.90947494190771e-31,"16","MT2A"
"LGALS9",2.22849847622056e-35,0.419470404749057,0.236,0.071,6.28191435461813e-31,"16","LGALS9"
"IFIH1",1.20000675507121e-34,0.43602183637962,0.207,0.059,3.38269904187024e-30,"16","IFIH1"
"ADAR",4.85073372219301e-34,0.668157457527027,0.622,0.343,1.36737332894899e-29,"16","ADAR"
"TNFSF101",3.28642774723758e-33,0.677890015075924,0.354,0.143,9.264111176688e-29,"16","TNFSF10"
"GPR155",4.36627519997515e-32,0.578121047489,0.299,0.112,1.23080931612099e-27,"16","GPR155"
"LAP3",1.16750893270221e-31,0.469646389230166,0.304,0.114,3.29109093039427e-27,"16","LAP3"
"TRAC2",1.45118926808973e-31,0.572757489024225,0.856,0.579,4.09075742781814e-27,"16","TRAC"
"TMEM1232",1.4624970784902e-31,0.619390095531259,0.706,0.443,4.12263301455602e-27,"16","TMEM123"
"PARP10",3.67438940837512e-29,0.473373062629059,0.257,0.092,1.03577363032686e-24,"16","PARP10"
"GBP21",5.72915032610782e-29,0.587375136990941,0.428,0.204,1.61499018542653e-24,"16","GBP2"
"SLFN52",3.13458096347505e-27,0.630086742142801,0.633,0.396,8.83607027793983e-23,"16","SLFN5"
"CHMP5",5.31240889503805e-27,0.452967204134692,0.354,0.154,1.49751494342228e-22,"16","CHMP5"
"CD691",5.96795871162662e-25,0.635569925520326,0.837,0.62,1.68230788122043e-20,"16","CD69"
"N4BP1",7.5532118076691e-25,0.430720516536161,0.37,0.169,2.12917487646384e-20,"16","N4BP1"
"IFITM11",1.23393196023122e-24,0.557456942058309,0.404,0.197,3.4783308026958e-20,"16","IFITM1"
"SMCHD11",4.82626618368725e-24,0.567127459850328,0.756,0.527,1.3604761745196e-19,"16","SMCHD1"
"RNF213",5.69809824390779e-23,0.595151835484803,0.782,0.595,1.60623691397517e-18,"16","RNF213"
"FYB3",8.51419369444415e-23,0.507085128251297,0.856,0.642,2.40006606052686e-18,"16","FYB"
"ITM2B1",1.39975823318745e-21,0.393017632211361,0.945,0.842,3.94577848353209e-17,"16","ITM2B"
"NUB1",2.54300407296117e-21,0.612292977935241,0.514,0.308,7.16847418127025e-17,"16","NUB1"
"NT5C3A",3.53199881635833e-21,0.552746995168565,0.349,0.174,9.95635146343251e-17,"16","NT5C3A"
"PSME21",5.42998852273583e-21,0.51314025451895,0.677,0.462,1.530659464674e-16,"16","PSME2"
"PSMB9",5.62088638822292e-21,0.559172988632589,0.703,0.495,1.58447166397616e-16,"16","PSMB9"
"APOL6",7.10521940222144e-21,0.585013551559168,0.444,0.24,2.0028902972922e-16,"16","APOL6"
"GIMAP71",9.02970825727971e-21,0.524245293138111,0.74,0.524,2.54538446064458e-16,"16","GIMAP7"
"INPP4B2",1.71522505845732e-20,0.429164352974392,0.362,0.179,4.83504791728534e-16,"16","INPP4B"
"GPR1833",2.64730724286496e-20,0.453302202070734,0.467,0.254,7.46249438691204e-16,"16","GPR183"
"PPM1K1",5.73354268247239e-20,0.449363301544191,0.423,0.225,1.61622834676214e-15,"16","PPM1K"
"DRAP11",1.03259039215041e-19,0.461040912413514,0.664,0.45,2.91076905643279e-15,"16","DRAP1"
"RGS11",1.69185015023047e-19,0.722763120692732,0.307,0.15,4.76915638848467e-15,"16","RGS1"
"TRAT12",2.78431951851996e-19,0.423274022304902,0.412,0.218,7.84871829075592e-15,"16","TRAT1"
"SAMHD11",6.44947450462995e-19,0.373523836629341,0.577,0.357,1.81804236811014e-14,"16","SAMHD1"
"ANXA11",2.34091544158123e-18,0.450460303498473,0.832,0.605,6.59880653827333e-14,"16","ANXA1"
"TAP1",7.10076752690297e-18,0.39195959997704,0.357,0.186,2.00163535815868e-13,"16","TAP1"
"GBP51",7.40910209341063e-18,0.615963045708457,0.367,0.199,2.08855178911152e-13,"16","GBP5"
"RBCK1",1.25241220424899e-17,0.409094170590949,0.394,0.218,3.53042476255748e-13,"16","RBCK1"
"NMI",2.74963793351548e-17,0.32575159386873,0.276,0.128,7.75095437078677e-13,"16","NMI"
"ARHGAP151",3.95681400165951e-17,0.399835612579557,0.556,0.359,1.1153862989278e-12,"16","ARHGAP15"
"ERAP2",4.68068030458823e-17,0.410792522415374,0.346,0.181,1.31943697106038e-12,"16","ERAP2"
"TNFRSF251",4.85432933411892e-17,0.379102616204169,0.304,0.15,1.36838689599478e-12,"16","TNFRSF25"
"TRADD1",8.90359641747748e-17,0.366857231199638,0.394,0.215,2.50983479412273e-12,"16","TRADD"
"PSMB8",1.53696066740337e-16,0.446487913941974,0.63,0.434,4.33253842534336e-12,"16","PSMB8"
"CD23",2.24386733254215e-16,0.410189463633413,0.753,0.548,6.32523762370307e-12,"16","CD2"
"GIMAP4",9.79611006516824e-16,0.473172643239569,0.606,0.414,2.76142546627028e-11,"16","GIMAP4"
"TNFAIP32",1.08906892065833e-15,0.50730601978505,0.654,0.445,3.06997638044377e-11,"16","TNFAIP3"
"SOCS31",1.18427156676036e-15,0.354786969150607,0.31,0.156,3.33834311954079e-11,"16","SOCS3"
"ITM2A1",1.27421850970762e-15,0.454185618179072,0.488,0.305,3.59189455701481e-11,"16","ITM2A"
"CORO1B2",1.30424118746322e-15,0.350823977865819,0.378,0.209,3.67652548334006e-11,"16","CORO1B"
"CD48",1.89254636672241e-15,0.360327426852976,0.892,0.784,5.3348989531538e-11,"16","CD48"
"GSTK12",5.27409758040488e-15,0.437070286198237,0.703,0.534,1.48671536694033e-10,"16","GSTK1"
"TCF74",6.90748374767704e-15,0.390280826726555,0.648,0.446,1.94715059363268e-10,"16","TCF7"
"ANK3",1.01980096152158e-14,0.316157253031684,0.205,0.091,2.87471693043318e-10,"16","ANK3"
"AQP32",1.57067636857284e-14,0.305902904403139,0.281,0.142,4.42757961536997e-10,"16","AQP3"
"GATA33",2.78107777241482e-14,0.37240673235283,0.304,0.162,7.83958013266014e-10,"16","GATA3"
"PAG12",9.30889051899364e-14,0.382256217082354,0.412,0.251,2.62408314839912e-09,"16","PAG1"
"TTC39C2",1.52146005895864e-13,0.398243146208416,0.454,0.279,4.28884376019851e-09,"16","TTC39C"
"IL322",1.62024106370646e-13,0.369845572009729,0.919,0.725,4.56729753448213e-09,"16","IL32"
"CCDC109B1",1.64429170353431e-13,0.400183219684184,0.512,0.339,4.63509388309286e-09,"16","CCDC109B"
"SARAF3",1.86184605265282e-13,0.340520181145378,0.9,0.748,5.24835783782304e-09,"16","SARAF"
"IPCEF11",1.96736252401152e-13,0.378336529659563,0.281,0.15,5.54579821893608e-09,"16","IPCEF1"
"RCAN33",2.32376572452187e-13,0.337390778471327,0.549,0.36,6.55046320085469e-09,"16","RCAN3"
"TBC1D41",4.36584912953842e-13,0.307067347874461,0.205,0.095,1.23068921112558e-08,"16","TBC1D4"
"ELF1",6.80113068090654e-13,0.376231331373441,0.677,0.497,1.91717072764074e-08,"16","ELF1"
"CD282",1.89977687339519e-12,0.346621156315855,0.257,0.136,5.35528102841369e-08,"16","CD28"
"NOSIP2",2.25941914499531e-12,0.339130596562718,0.606,0.423,6.36907662782729e-08,"16","NOSIP"
"PSME1",3.16836555090814e-12,0.305002254081325,0.835,0.688,8.93130565145497e-08,"16","PSME1"
"TNFAIP8",5.98631703290992e-12,0.301275005066581,0.627,0.439,1.68748290840698e-07,"16","TNFAIP8"
"TESPA11",7.85485762311233e-12,0.323456978172282,0.291,0.164,2.21420581537913e-07,"16","TESPA1"
"SERINC52",2.85767073820701e-11,0.330294043065321,0.281,0.157,8.05548804393175e-07,"16","SERINC5"
"DNAJB12",5.03608988395402e-11,0.320578426651398,0.564,0.404,1.4196233773878e-06,"16","DNAJB1"
"PTGER41",7.68427932041017e-11,0.334017555005576,0.328,0.196,2.16612149763042e-06,"16","PTGER4"
"CD272",1.60479009951231e-10,0.357208294677256,0.436,0.288,4.52374281151524e-06,"16","CD27"
"HELB",2.29928681760036e-10,0.32501004351604,0.276,0.159,6.48145961013366e-06,"16","HELB"
"SELL3",2.46176615113127e-10,0.358517577752898,0.622,0.456,6.93947260342393e-06,"16","SELL"
"BAZ1A",1.28090565913068e-09,0.301005940137205,0.407,0.271,3.61074496252348e-05,"16","BAZ1A"
"TRBC22",2.43342728145889e-09,0.32290449339352,0.787,0.66,6.85958816370445e-05,"16","TRBC2"
"USP151",3.7262808825457e-09,0.324685185181579,0.567,0.421,0.000105040131798081,"16","USP15"
"IL6ST1",5.36297661062758e-09,0.309813886951197,0.31,0.193,0.000151176947676981,"16","IL6ST"
"PASK1",1.42825537024364e-08,0.329223609235424,0.202,0.113,0.000402610906317981,"16","PASK"
"GIMAP11",4.21788961310255e-08,0.322584258333343,0.407,0.282,0.00118898090303748,"16","GIMAP1"
"XRN1",1.48773805270259e-07,0.329202950010582,0.415,0.294,0.00419378479676333,"16","XRN1"
"JUNB2",1.6008722651761e-07,0.390350243998245,0.848,0.79,0.00451269882830492,"16","JUNB"
"FOS3",6.47997753668249e-06,0.312921704633433,0.861,0.826,0.182664086781543,"16","FOS"
"RP5-1028K7.2",0,1.9958218054815,0.655,0.022,0,"17","RP5-1028K7.2"
"MYB",0,1.07843436315881,0.386,0.006,0,"17","MYB"
"TIMD4",0,0.745298476907831,0.24,0.003,0,"17","TIMD4"
"FXYD2",1.38793583902212e-287,0.722294296508019,0.246,0.007,3.91245233661946e-283,"17","FXYD2"
"FGFR1",1.05432737917547e-214,0.770841264373677,0.322,0.016,2.97204344915772e-210,"17","FGFR1"
"FABP5",9.18441399890816e-208,1.26122862430108,0.596,0.055,2.58899446215222e-203,"17","FABP5"
"CDCA7",1.02711033367028e-192,0.52133601769834,0.263,0.012,2.89532131958315e-188,"17","CDCA7"
"MT1F",1.60157483599134e-190,1.22301104268446,0.632,0.067,4.514679305176e-186,"17","MT1F"
"GZMK1",1.25272529139607e-169,3.01244258157934,0.871,0.166,3.53130732391639e-165,"17","GZMK"
"MYL6B",8.42825616211568e-165,0.645089543725923,0.38,0.028,2.37584112953879e-160,"17","MYL6B"
"SESTD1",8.23300955734008e-163,0.863111706064083,0.386,0.029,2.32080306411859e-158,"17","SESTD1"
"PGM2L1",1.20848259847875e-154,1.28404973424362,0.579,0.068,3.40659159685174e-150,"17","PGM2L1"
"HAVCR2",1.64905972901499e-139,0.879104890582435,0.38,0.033,4.64853447012035e-135,"17","HAVCR2"
"CTLA41",7.27008600810177e-138,0.648733291868105,0.327,0.025,2.04936454482381e-133,"17","CTLA4"
"TIGIT1",1.84025395285583e-133,1.38049222326172,0.655,0.097,5.18749186770531e-129,"17","TIGIT"
"CD273",1.01067140304837e-123,2.13875738451975,0.953,0.288,2.84898161805305e-119,"17","CD27"
"PRDM8",4.10471166045327e-122,0.58361782541385,0.257,0.018,1.15707716996517e-117,"17","PRDM8"
"CD38",1.77771559149068e-120,0.882560416820566,0.462,0.053,5.01120248085308e-116,"17","CD38"
"LINC01550",1.46439943595237e-110,1.03822969707147,0.579,0.089,4.12799557000613e-106,"17","LINC01550"
"MT1E",2.42287622754994e-105,0.966337343504935,0.38,0.042,6.82984579784052e-101,"17","MT1E"
"DENND2D",4.63265428009895e-96,1.33796112832935,0.76,0.179,1.30589891501709e-91,"17","DENND2D"
"MPP1",1.29602129580142e-94,0.427626899587709,0.269,0.024,3.65335443073463e-90,"17","MPP1"
"LGALS31",3.9902538007952e-94,1.27788023154298,0.55,0.093,1.12481264390616e-89,"17","LGALS3"
"GPKOW",6.25776637959773e-90,0.694223974833508,0.392,0.05,1.76400176474481e-85,"17","GPKOW"
"TMSB4X1",1.16737036730057e-87,1.29099592881035,1,0.999,3.29070032838358e-83,"17","TMSB4X"
"ACTG11",5.32330812749882e-87,2.25870630169035,1,0.861,1.50058732806064e-82,"17","ACTG1"
"GBP22",5.32291237843892e-86,1.26640704725474,0.789,0.204,1.50047577035815e-81,"17","GBP2"
"NUCB22",3.54884889928261e-83,1.74216067764914,0.848,0.283,1.00038501621877e-78,"17","NUCB2"
"CARS",7.40093368151252e-82,0.966358407796933,0.491,0.084,2.08624919548157e-77,"17","CARS"
"CCDC64",1.04243010537054e-80,0.77740129470382,0.45,0.071,2.93850622402901e-76,"17","CCDC64"
"DTHD1",5.92989796662588e-79,0.797878291783273,0.38,0.052,1.67157893781217e-74,"17","DTHD1"
"CNN2",8.50844111187727e-78,1.49294996419532,0.901,0.342,2.39844446502708e-73,"17","CNN2"
"SIRPG",1.61272396471682e-77,0.806864042705526,0.468,0.079,4.54610758414024e-73,"17","SIRPG"
"MIR181A1HG",2.250542917605e-76,0.402929579700291,0.246,0.024,6.34405543043672e-72,"17","MIR181A1HG"
"CLDND12",8.37206248731433e-76,1.59435189132878,0.719,0.198,2.36000069454904e-71,"17","CLDND1"
"HSPB11",1.70368144015507e-75,0.974896559320135,0.69,0.161,4.80250761165312e-71,"17","HSPB11"
"CD283",9.09236460676534e-74,1.00870673371777,0.614,0.136,2.56304665900108e-69,"17","CD28"
"PHACTR22",5.13004324790879e-73,1.08936172807181,0.69,0.168,1.44610789115301e-68,"17","PHACTR2"
"MT2A1",1.78708488218366e-72,1.91794782526898,0.83,0.315,5.03761357438751e-68,"17","MT2A"
"SH2D1A1",2.91035289077623e-72,1.20863452258908,0.661,0.163,8.20399376380912e-68,"17","SH2D1A"
"S1PR41",1.34471432925409e-68,1.43506283891005,0.795,0.268,3.79061522273436e-64,"17","S1PR4"
"RAB371",2.45783840149629e-68,0.826630243180424,0.591,0.127,6.92840066997788e-64,"17","RAB37"
"FCMR2",3.56622882541265e-68,1.29223500345757,0.836,0.278,1.00528424359557e-63,"17","FCMR"
"COTL12",1.97067943983909e-67,1.41768618365267,0.918,0.411,5.5551482729624e-63,"17","COTL1"
"EPSTI11",3.51216807847669e-66,0.885942610215655,0.52,0.105,9.90045059641794e-62,"17","EPSTI1"
"GYPC",1.17656583677978e-65,1.40003753455984,0.947,0.489,3.31662143729852e-61,"17","GYPC"
"LDLRAD4",1.96285402689013e-64,0.528569983695557,0.316,0.044,5.53308921640059e-60,"17","LDLRAD4"
"ISG202",1.09021631903847e-63,1.5160961413355,0.93,0.498,3.07321078173754e-59,"17","ISG20"
"RP11-1399P15.11",4.93709047916674e-63,0.628186092856811,0.251,0.03,1.39171643517231e-58,"17","RP11-1399P15.1"
"LYST2",5.68850881166712e-62,1.08089054315287,0.719,0.203,1.60353374892084e-57,"17","LYST"
"GPR1834",9.70140939385778e-62,1.5027805318097,0.754,0.254,2.73473029403457e-57,"17","GPR183"
"RNASEH2B",2.07491850573018e-61,1.00932414275866,0.719,0.209,5.8489877758028e-57,"17","RNASEH2B"
"GBP11",2.26150949353335e-60,0.878390413829945,0.52,0.117,6.37496911132115e-56,"17","GBP1"
"ARHGDIB",3.25534848340182e-60,1.19881963172664,0.994,0.832,9.17650183986139e-56,"17","ARHGDIB"
"SLAMF6",7.23566979846258e-60,0.675636560537511,0.52,0.11,2.03966295948862e-55,"17","SLAMF6"
"GMFG",8.15390120629482e-60,1.30108529502777,0.965,0.714,2.29850321104245e-55,"17","GMFG"
"ACTB1",1.62567394788414e-58,1.29811956364081,1,0.978,4.5826122916906e-54,"17","ACTB"
"PPM1G",1.68121721216003e-58,1.08609240012748,0.825,0.296,4.73918319935791e-54,"17","PPM1G"
"CHI3L2",1.51183431112216e-57,0.737852174010661,0.345,0.058,4.26170973962225e-53,"17","CHI3L2"
"SEPT61",3.19011236967455e-57,1.42649624577524,0.936,0.518,8.99260775887558e-53,"17","SEPT6"
"RP11-620J15.3",3.88419169383875e-57,0.663694644561073,0.421,0.08,1.09491479657621e-52,"17","RP11-620J15.3"
"CARHSP1",5.78261955915128e-57,0.791623230970663,0.567,0.135,1.63006262752915e-52,"17","CARHSP1"
"SPTBN11",1.46502679803536e-56,1.15673105943474,0.69,0.215,4.12976404098187e-52,"17","SPTBN1"
"CRTAM",2.71737619931249e-56,0.472623579200678,0.292,0.043,7.66001176824199e-52,"17","CRTAM"
"PFN11",4.8548330019341e-56,1.16694624183343,1,0.886,1.3685288749152e-51,"17","PFN1"
"GIMAP41",2.98390391876655e-55,1.30055746820045,0.918,0.414,8.41132675661103e-51,"17","GIMAP4"
"BCL2L11",4.6802588126551e-55,0.673032071417804,0.363,0.064,1.31931815669935e-50,"17","BCL2L11"
"SMC4",7.1952222494068e-55,0.797898416105895,0.456,0.095,2.02826119988528e-50,"17","SMC4"
"CD3D1",3.7798444978114e-54,1.16284271970897,0.982,0.665,1.06550036548806e-49,"17","CD3D"
"RCSD1",8.25851171492677e-54,1.05914786123196,0.807,0.296,2.32799186732071e-49,"17","RCSD1"
"EZH2",8.67958914664103e-54,0.539705479954765,0.31,0.049,2.44668938454664e-49,"17","EZH2"
"SESN32",6.69916020133653e-53,1.09289811436769,0.567,0.151,1.88842626915476e-48,"17","SESN3"
"SLFN53",8.65195313713596e-53,1.27425528832781,0.877,0.396,2.43889906982726e-48,"17","SLFN5"
"CCDC109B2",1.91765213070606e-52,1.10855432036827,0.848,0.339,5.40566959124731e-48,"17","CCDC109B"
"RAC2",5.87596477711509e-52,1.152862649546,0.953,0.625,1.65637571102097e-47,"17","RAC2"
"RGS101",2.34343806001798e-51,1.17716638183971,0.854,0.386,6.60591754738468e-47,"17","RGS10"
"SIT1",2.64945906149019e-51,0.699182538809893,0.491,0.113,7.46856014843471e-47,"17","SIT1"
"BRD7",4.86243261632942e-51,1.21718907645323,0.83,0.352,1.3706711302171e-46,"17","BRD7"
"MT1X",6.1865623140374e-51,0.716977397342602,0.538,0.132,1.743930050704e-46,"17","MT1X"
"CCDC28B",1.51311847595958e-50,0.415030242696965,0.316,0.052,4.26532967188247e-46,"17","CCDC28B"
"LIMD2",4.89094726501628e-50,1.21540262163889,0.959,0.666,1.37870912453544e-45,"17","LIMD2"
"UCP2",2.98525495144807e-48,1.22004643559393,0.865,0.424,8.41513518263695e-44,"17","UCP2"
"CAPZB",3.01921025675008e-48,1.04719472940852,0.924,0.488,8.5108517927528e-44,"17","CAPZB"
"LIMS11",3.35148037711123e-48,0.94615583556791,0.602,0.18,9.44748803503884e-44,"17","LIMS1"
"FLNB",3.69801819476591e-48,0.426881913979292,0.263,0.04,1.04243434892256e-43,"17","FLNB"
"TRAC3",3.91848031837553e-48,1.28911375327009,0.959,0.579,1.10458041694688e-43,"17","TRAC"
"TRPS1",6.12188459885094e-47,0.609764386316249,0.363,0.072,1.72569804957009e-42,"17","TRPS1"
"LCK",1.00583632639416e-46,1.15968113226789,0.901,0.448,2.8353520204725e-42,"17","LCK"
"TAP11",3.22372851819392e-46,0.760128384311688,0.626,0.186,9.08736831993684e-42,"17","TAP1"
"CD84",3.28796066470346e-46,0.821204165780929,0.591,0.169,9.26843231773258e-42,"17","CD84"
"LPXN",3.93526300786489e-46,0.606154614558379,0.52,0.132,1.10931128928703e-41,"17","LPXN"
"MRPS6",2.30645508403959e-45,0.849123045892979,0.673,0.211,6.50166623639921e-41,"17","MRPS6"
"RAB27A",2.67474189604296e-45,0.710399030212123,0.591,0.166,7.5398299307555e-41,"17","RAB27A"
"LYAR",2.68337048089285e-45,1.110275858019,0.784,0.298,7.56415304858886e-41,"17","LYAR"
"IKBKE",1.03054143704347e-44,0.457187027907348,0.363,0.072,2.90499325688184e-40,"17","IKBKE"
"CBLB1",2.49302797137808e-44,0.821852850178383,0.591,0.174,7.02759654851766e-40,"17","CBLB"
"EVI2B",2.59035634206248e-44,1.02872597010407,0.906,0.438,7.30195549263994e-40,"17","EVI2B"
"PECAM1",4.07303678395671e-44,0.518016718700212,0.404,0.089,1.14814833902956e-39,"17","PECAM1"
"NDUFV2",4.5479775894349e-44,0.835912489191424,0.749,0.272,1.28202940268581e-39,"17","NDUFV2"
"CD5",1.30853981843135e-43,0.59863403508587,0.48,0.12,3.68864289417614e-39,"17","CD5"
"ARPC5",1.44484035913762e-43,1.06472568170329,0.912,0.541,4.07286048837304e-39,"17","ARPC5"
"FAM45A",2.8641232182128e-43,0.488198051105858,0.404,0.089,8.07367693982005e-39,"17","FAM45A"
"ZYX",3.69724321245909e-43,0.726596261821672,0.544,0.154,1.04221588916009e-38,"17","ZYX"
"HDDC2",7.71739897548355e-43,0.775320249937309,0.614,0.187,2.17545759719906e-38,"17","HDDC2"
"DGKA2",1.91381826814344e-42,0.866214969173052,0.667,0.225,5.39486231606955e-38,"17","DGKA"
"LAT1",2.44584849017001e-42,0.975625405140416,0.801,0.339,6.89460230894024e-38,"17","LAT"
"CORO1A",5.28262188896906e-42,1.04099611647023,0.953,0.722,1.48911828428149e-37,"17","CORO1A"
"VPS25",5.84884715256676e-42,0.360936167547917,0.333,0.065,1.64873152383704e-37,"17","VPS25"
"GPR1551",1.15658164017072e-41,0.6304531146426,0.45,0.112,3.26028798547723e-37,"17","GPR155"
"PYM1",2.12864208485653e-41,0.483875520072299,0.439,0.104,6.00042917300208e-37,"17","PYM1"
"PPP1R18",4.79933919000135e-41,0.887240263176704,0.708,0.257,1.35288572426948e-36,"17","PPP1R18"
"CSTB",5.66751342428653e-41,1.02921675062139,0.83,0.374,1.59761535917213e-36,"17","CSTB"
"PSMB81",8.18362162185487e-41,1.00054944791534,0.86,0.434,2.30688109898467e-36,"17","PSMB8"
"WDR1",1.55126379981384e-40,0.741242371278295,0.655,0.216,4.37285752529524e-36,"17","WDR1"
"OGDH",2.09287904325869e-40,0.4433459221826,0.38,0.084,5.89961673504191e-36,"17","OGDH"
"ATP5C1",2.37305826132817e-40,0.809714345526925,0.807,0.328,6.68941393285798e-36,"17","ATP5C1"
"NDUFS2",2.64862623235818e-40,0.701271047197993,0.544,0.161,7.46621248639448e-36,"17","NDUFS2"
"COA6",4.13834689283426e-40,0.497477265101747,0.392,0.09,1.16655860562105e-35,"17","COA6"
"NOP10",4.83878638282401e-40,0.7830126557811,0.754,0.283,1.36400549345426e-35,"17","NOP10"
"TTN2",7.40240751776898e-40,1.05288812839934,0.456,0.123,2.0866646551839e-35,"17","TTN"
"TMEM245",7.70977578082887e-40,0.547516227624846,0.398,0.094,2.17330869485785e-35,"17","TMEM245"
"POLR1D",2.49238018108707e-39,0.845429321885288,0.86,0.406,7.02577049246635e-35,"17","POLR1D"
"STK26",3.50518964074889e-39,0.748955357055859,0.515,0.147,9.88077907830704e-35,"17","STK26"
"NEK7",3.64641379013566e-39,0.504459072573363,0.421,0.102,1.02788758330134e-34,"17","NEK7"
"MXD4",4.59256916285196e-39,0.783591266165059,0.637,0.212,1.29459932131634e-34,"17","MXD4"
"DECR1",5.73457872873934e-39,0.67732343890327,0.567,0.172,1.61652039784433e-34,"17","DECR1"
"H2AFV",6.46288633658612e-39,0.815662163869128,0.836,0.364,1.82182302942026e-34,"17","H2AFV"
"E2F3",6.57734981476586e-39,0.446740393551296,0.304,0.06,1.85408913928435e-34,"17","E2F3"
"NAP1L41",8.85610466249073e-39,0.9407943495262,0.795,0.354,2.49644734330951e-34,"17","NAP1L4"
"IBTK",2.20217272123458e-38,0.544898769057034,0.421,0.105,6.20770468388816e-34,"17","IBTK"
"LGALS91",4.73933988624079e-38,0.495235143139797,0.333,0.072,1.33597252053242e-33,"17","LGALS9"
"PPP1R12B",8.89239600230492e-38,0.428994687482561,0.24,0.041,2.50667750908973e-33,"17","PPP1R12B"
"NUDT5",9.7437876119832e-38,0.582125373549,0.468,0.127,2.74667628994194e-33,"17","NUDT5"
"FYB4",1.10885777849053e-37,0.974716728187528,0.959,0.642,3.12575919178697e-33,"17","FYB"
"PRDX3",1.39393143345857e-37,0.437976511918786,0.322,0.068,3.92935331777636e-33,"17","PRDX3"
"TCF75",2.06747854306547e-37,1.12869059675349,0.86,0.446,5.82801526504726e-33,"17","TCF7"
"LDHB4",4.0011633688733e-37,0.915987519819589,0.977,0.628,1.12788794205169e-32,"17","LDHB"
"ITGAE",8.44937229856297e-37,0.678634180239271,0.503,0.147,2.38179355724192e-32,"17","ITGAE"
"ARHGAP25",8.82184010409191e-37,0.692162111653936,0.591,0.188,2.48678850694247e-32,"17","ARHGAP25"
"OGT1",1.15911105380175e-36,0.836318373155758,0.719,0.274,3.26741814956177e-32,"17","OGT"
"SUB1",1.58532215152597e-36,1.04530721705464,0.93,0.669,4.46886461293655e-32,"17","SUB1"
"DYNLL11",1.80377321373304e-36,0.977916555438839,0.766,0.343,5.08465631219206e-32,"17","DYNLL1"
"GAPDH2",2.82133077315366e-36,1.12466162139768,0.953,0.765,7.95304931644284e-32,"17","GAPDH"
"ARPC1B1",2.93648904772394e-36,0.971691240661971,0.947,0.642,8.277668976629e-32,"17","ARPC1B"
"WIPF1",4.02787150243328e-36,0.8710056208873,0.848,0.4,1.13541669782092e-31,"17","WIPF1"
"TRIM69",4.77752991580562e-36,0.39002321004097,0.322,0.069,1.34673790796645e-31,"17","TRIM69"
"LRMP",5.62521617878516e-36,0.496206054128499,0.398,0.098,1.58569218863775e-31,"17","LRMP"
"NCOA1",6.33743308107122e-36,0.646911273550609,0.503,0.147,1.78645901122317e-31,"17","NCOA1"
"ISG151",8.57580884561069e-36,1.2304205573092,0.696,0.268,2.4174347554892e-31,"17","ISG15"
"LEF12",8.66413776079379e-36,0.804194853044162,0.702,0.261,2.44233379339016e-31,"17","LEF1"
"TPGS1",8.77457080562465e-36,0.509486431898034,0.427,0.111,2.47346376439753e-31,"17","TPGS1"
"LRIG1",1.1045521244167e-35,0.372824596508489,0.205,0.033,3.11362198351822e-31,"17","LRIG1"
"CLEC2D",1.33367480554382e-35,0.917142356562484,0.895,0.488,3.75949590934746e-31,"17","CLEC2D"
"ACP5",2.44348869084334e-35,0.352041174855102,0.257,0.048,6.88795027061829e-31,"17","ACP5"
"TPP1",2.59267133537412e-35,0.550273311722567,0.474,0.133,7.3084812272861e-31,"17","TPP1"
"FAM107B",2.84304741970932e-35,1.01346875510825,0.912,0.627,8.01426637141859e-31,"17","FAM107B"
"CHCHD5",3.13906509307191e-35,0.576581648177142,0.515,0.153,8.8487105908604e-31,"17","CHCHD5"
"TACC3",3.31104641253933e-35,0.369416413380181,0.333,0.074,9.33350873230711e-31,"17","TACC3"
"TNIP1",3.83344659137016e-35,0.517210225077549,0.526,0.156,1.08061025964133e-30,"17","TNIP1"
"MSL3",4.00886847209412e-35,0.712066462057466,0.661,0.237,1.13005993359861e-30,"17","MSL3"
"CXCR3",4.58987143138041e-35,0.454366127394455,0.234,0.042,1.29383885779182e-30,"17","CXCR3"
"TRBC23",5.72329018841561e-35,1.19603695829668,0.947,0.66,1.61333827121248e-30,"17","TRBC2"
"MYL6",6.53561273580655e-35,0.799416201664288,0.988,0.848,1.84232387409651e-30,"17","MYL6"
"ATG3",6.89732860861891e-35,0.548563743815144,0.509,0.15,1.94428796148358e-30,"17","ATG3"
"RAP1GDS1",7.17605387078493e-35,0.498035957871561,0.421,0.11,2.02285782563556e-30,"17","RAP1GDS1"
"CD811",8.5754977977809e-35,1.04701399561088,0.877,0.465,2.41734707421646e-30,"17","CD81"
"CMTM7",9.21673435702227e-35,0.612364267070097,0.45,0.125,2.59810524790101e-30,"17","CMTM7"
"TWF2",1.22781248855508e-34,0.661373257039933,0.544,0.174,3.46108062398791e-30,"17","TWF2"
"H3F3A1",1.41429335188351e-34,0.664415854973039,0.988,0.914,3.98675152962441e-30,"17","H3F3A"
"CCNG2",1.59426681037974e-34,0.346814097141713,0.287,0.058,4.49407871177946e-30,"17","CCNG2"
"S100A102",2.23245139731705e-34,1.19642205001768,0.965,0.712,6.29305724389704e-30,"17","S100A10"
"TXNL1",2.27744586916822e-34,0.57057606852195,0.608,0.199,6.41989216059831e-30,"17","TXNL1"
"CENPK",2.87632184166339e-34,0.562602255517547,0.439,0.119,8.10806363946492e-30,"17","CENPK"
"NMI1",3.62517845333977e-34,0.589645525025341,0.456,0.128,1.02190155421195e-29,"17","NMI"
"ASNA1",4.4405556862491e-34,0.4596383650759,0.45,0.123,1.25174824239676e-29,"17","ASNA1"
"EIF4E2",5.96202915202561e-34,0.540755382203002,0.462,0.13,1.6806363976645e-29,"17","EIF4E2"
"ARPC3",6.1334018919254e-34,0.769362408900433,0.971,0.759,1.72894465931485e-29,"17","ARPC3"
"STMN1",6.69844249957096e-34,0.562321211865035,0.456,0.128,1.88822395620406e-29,"17","STMN1"
"STAT11",7.36905994300947e-34,0.970283026042848,0.632,0.231,2.07726430733494e-29,"17","STAT1"
"ARPC2",8.29645772312375e-34,0.783086838452079,0.965,0.784,2.33868846757135e-29,"17","ARPC2"
"COX5A1",9.58649327350753e-34,0.733729913586118,0.76,0.322,2.70233658886904e-29,"17","COX5A"
"PTEN",1.96975290951551e-33,0.565857774325834,0.655,0.23,5.55253647663328e-29,"17","PTEN"
"CCDC141",2.95362040501149e-33,0.606084533954039,0.275,0.058,8.3259605596869e-29,"17","CCDC141"
"C14orf166",3.42225001513157e-33,0.778089143061486,0.784,0.362,9.64698056765437e-29,"17","C14orf166"
"ETHE1",3.8401007126335e-33,0.553319933443226,0.45,0.129,1.08248598988426e-28,"17","ETHE1"
"NLRC5",3.84679784659166e-33,0.567149593897909,0.515,0.156,1.08437384497572e-28,"17","NLRC5"
"TXNDC17",4.90175053766375e-33,0.493484865222521,0.45,0.126,1.38175445906203e-28,"17","TXNDC17"
"SHFM1",5.77212910378276e-33,0.843292977496364,0.725,0.32,1.62710547306532e-28,"17","SHFM1"
"SDCBP",8.93209337314954e-33,0.552477872018648,0.626,0.218,2.51786780095712e-28,"17","SDCBP"
"TPM4",9.40199872269591e-33,0.843309531173351,0.602,0.225,2.65032941994075e-28,"17","TPM4"
"HBS1L",1.15121403635438e-32,0.632127890823099,0.48,0.145,3.24515724707937e-28,"17","HBS1L"
"CALCOCO1",1.15941909247554e-32,0.505604111607504,0.433,0.12,3.26828647977931e-28,"17","CALCOCO1"
"TFPT",1.23079701876315e-32,0.372199795691744,0.298,0.065,3.46949371619143e-28,"17","TFPT"
"ANP32B1",1.34035343023779e-32,0.904877663485987,0.924,0.601,3.7783222844973e-28,"17","ANP32B"
"RNF19A",1.3922598568001e-32,0.839263478523803,0.754,0.306,3.92464131033381e-28,"17","RNF19A"
"ATXN1",1.59530308623901e-32,0.482564626119352,0.421,0.115,4.49699986979913e-28,"17","ATXN1"
"SASH3",2.49583297338263e-32,0.507964861366153,0.48,0.142,7.0355035686683e-28,"17","SASH3"
"OPTN1",2.68838079188028e-32,0.802923536505432,0.743,0.305,7.57827661423131e-28,"17","OPTN"
"SLC5A3",3.10962357005916e-32,0.63090386859443,0.363,0.093,8.76571788163976e-28,"17","SLC5A3"
"NOSIP3",4.00572609796389e-32,1.0455735906999,0.83,0.423,1.12917412975504e-27,"17","NOSIP"
"NT5C3A1",4.40925375509024e-32,0.637490590260433,0.532,0.174,1.24292454102239e-27,"17","NT5C3A"
"SLC25A5",4.72512809484983e-32,0.836775126949338,0.813,0.43,1.33196635865722e-27,"17","SLC25A5"
"RABEP1",4.90352529183735e-32,0.569133938197725,0.485,0.146,1.38225474451603e-27,"17","RABEP1"
"TBC1D42",1.15386813007167e-31,0.454687717907493,0.374,0.095,3.25263887185903e-27,"17","TBC1D4"
"LSM2",1.23997159315913e-31,0.670064452489636,0.561,0.196,3.49535592395627e-27,"17","LSM2"
"MCCC2",1.43036549328534e-31,0.375513289188928,0.275,0.059,4.03205728902205e-27,"17","MCCC2"
"C9orf161",1.8351431467697e-31,0.791347813063107,0.883,0.497,5.1730850164291e-27,"17","C9orf16"
"CAPZA1",2.0575142854306e-31,0.721303194307177,0.754,0.328,5.79992701920032e-27,"17","CAPZA1"
"SLC25A46",3.55939658209691e-31,0.342779645540241,0.275,0.058,1.0033583025273e-26,"17","SLC25A46"
"RHOH1",3.75494797620441e-31,0.630485527295328,0.702,0.268,1.05848228501226e-26,"17","RHOH"
"ESYT1",4.57686104070678e-31,0.511071410234974,0.439,0.127,1.29017135876483e-26,"17","ESYT1"
"MT-CO1",5.00407050628658e-31,0.604809657533296,1,0.998,1.41059743501712e-26,"17","MT-CO1"
"ARAP21",5.92791711248099e-31,0.649912564168089,0.62,0.221,1.67102055483727e-26,"17","ARAP2"
"EIF3A",6.00434724265327e-31,0.838729480996909,0.784,0.389,1.69256544423153e-26,"17","EIF3A"
"IL16",7.3741814125116e-31,0.638299233805554,0.649,0.239,2.0787079983729e-26,"17","IL16"
"CLIC12",8.25454143432736e-31,0.888367971748873,0.912,0.571,2.32687268492254e-26,"17","CLIC1"
"DRAP12",8.99139005369635e-31,0.758539713097169,0.871,0.45,2.53458294223646e-26,"17","DRAP1"
"CD3G1",9.45261857301771e-31,0.787504629520947,0.971,0.61,2.66459864954796e-26,"17","CD3G"
"CDC25B",1.03613204354299e-30,0.677957023101368,0.532,0.183,2.92075261754334e-26,"17","CDC25B"
"ABTB1",1.23415302014522e-30,0.53075306919717,0.415,0.118,3.47895394848735e-26,"17","ABTB1"
"ITGB2-AS1",1.57065540206987e-30,0.586537780407363,0.45,0.137,4.42752051289474e-26,"17","ITGB2-AS1"
"GRK5",2.56395810362416e-30,0.354146911688116,0.24,0.048,7.22754149830614e-26,"17","GRK5"
"CNTRL",2.72730064744819e-30,0.628609411744346,0.632,0.23,7.68798779509169e-26,"17","CNTRL"
"NDUFB3",2.84520474898391e-30,0.617663939533742,0.626,0.236,8.02034766691074e-26,"17","NDUFB3"
"STIM1",3.14006255562216e-30,0.484530324324627,0.404,0.114,8.85152233804331e-26,"17","STIM1"
"DZIP3",3.18681152823814e-30,0.430845480289374,0.304,0.071,8.98330301695048e-26,"17","DZIP3"
"HMG20B",3.39390654069221e-30,0.379557940741279,0.357,0.091,9.56708314755726e-26,"17","HMG20B"
"FAM102A2",3.61435834036586e-30,0.641951119936742,0.497,0.161,1.01885147256573e-25,"17","FAM102A"
"TIMM8B",3.6636672007803e-30,0.399125599994713,0.48,0.143,1.03275114722796e-25,"17","TIMM8B"
"NOA1",4.03514035490959e-30,0.340179534256169,0.292,0.066,1.13746571464546e-25,"17","NOA1"
"GIMAP6",4.74814956815548e-30,0.440423009087327,0.363,0.095,1.33845588176735e-25,"17","GIMAP6"
"ATP6V1D",5.40940800379765e-30,0.350044284006398,0.368,0.095,1.52485802219052e-25,"17","ATP6V1D"
"UAP1",5.71565029016777e-30,0.336606209577367,0.263,0.056,1.61118466029539e-25,"17","UAP1"
"UBE2L61",5.90911620147122e-30,0.612746031198074,0.52,0.173,1.66572076603272e-25,"17","UBE2L6"
"IKZF31",8.83580699818639e-30,0.695787952258091,0.749,0.324,2.49072563471876e-25,"17","IKZF3"
"FAS",1.13242344555631e-29,0.461251324688917,0.281,0.064,3.19218845067867e-25,"17","FAS"
"TCTEX1D2",1.14202372110403e-29,0.340501407100307,0.234,0.047,3.21925066742015e-25,"17","TCTEX1D2"
"PIP4K2A1",1.27188696855147e-29,0.761265134532396,0.813,0.385,3.58532217564973e-25,"17","PIP4K2A"
"PTPRJ",1.28824474712572e-29,0.402113862361064,0.357,0.092,3.6314331176727e-25,"17","PTPRJ"
"SUMO2",1.51924483401568e-29,0.746111374705254,0.947,0.691,4.2825992626068e-25,"17","SUMO2"
"GPX7",2.0477726625187e-29,0.332629466226575,0.228,0.045,5.77246635837395e-25,"17","GPX7"
"TBC1D10C",3.25482641346805e-29,0.730868964553202,0.825,0.413,9.17503017692508e-25,"17","TBC1D10C"
"MRPS36",3.38877966407295e-29,0.453823633560346,0.52,0.166,9.55263099505525e-25,"17","MRPS36"
"AES",3.64656671038731e-29,0.783880222803083,0.977,0.792,1.02793068999108e-24,"17","AES"
"MPG1",3.79994006772803e-29,0.548768271257512,0.48,0.154,1.07116510569185e-24,"17","MPG"
"MAN2A1",3.90722545233965e-29,0.542072298190746,0.439,0.132,1.10140778276002e-24,"17","MAN2A1"
"MMADHC",5.09719942983629e-29,0.48701355633066,0.48,0.152,1.43684954727655e-24,"17","MMADHC"
"ETFB",6.58411035106205e-29,0.553572815571032,0.614,0.227,1.85599486686088e-24,"17","ETFB"
"NAA60",7.12181896463797e-29,0.360730644988946,0.304,0.072,2.0075695479418e-24,"17","NAA60"
"CTSA",1.3094420812562e-28,0.494950450378977,0.386,0.109,3.69118628285309e-24,"17","CTSA"
"KIAA0232",1.31866752951077e-28,0.468179153336292,0.339,0.089,3.71719189893791e-24,"17","KIAA0232"
"OAS21",1.93695034094981e-28,0.413521165379227,0.322,0.081,5.46006931610343e-24,"17","OAS2"
"RHOG",2.50062908690227e-28,0.614602723201453,0.655,0.261,7.04902333306882e-24,"17","RHOG"
"MRPL28",2.79114843061918e-28,0.374746457480555,0.38,0.105,7.86796831107241e-24,"17","MRPL28"
"NRBP1",2.85185765884537e-28,0.475047453203288,0.485,0.155,8.0391015545192e-24,"17","NRBP1"
"ATP5E",2.86997635556377e-28,0.594040847699758,1,0.931,8.0901763486987e-24,"17","ATP5E"
"CD96",2.99699613047276e-28,0.658840291572674,0.725,0.31,8.44823239218965e-24,"17","CD96"
"CD3E1",3.72576778655469e-28,0.789667815950226,0.971,0.655,1.0502566813519e-23,"17","CD3E"
"MRPL141",4.50235955238199e-28,0.407510208354694,0.474,0.148,1.26917013422096e-23,"17","MRPL14"
"NBR1",4.68841997619409e-28,0.400805098315809,0.392,0.109,1.32161870708935e-23,"17","NBR1"
"HDAC7",5.1296270495022e-28,0.416459508307612,0.386,0.108,1.44599056898418e-23,"17","HDAC7"
"ELMO1",6.20645071466599e-28,0.395398637259225,0.409,0.118,1.7495363919572e-23,"17","ELMO1"
"HACD4",6.68953983191032e-28,0.464929234637544,0.427,0.128,1.8857143832172e-23,"17","HACD4"
"TESPA12",7.98089327860544e-28,0.547593049216918,0.491,0.164,2.24973400630609e-23,"17","TESPA1"
"FLII",8.42009162810143e-28,0.384258358664822,0.357,0.096,2.37353962904551e-23,"17","FLII"
"GPSM3",8.46434410090327e-28,0.74356636355718,0.912,0.59,2.38601395860362e-23,"17","GPSM3"
"ELOVL5",8.86625757510192e-28,0.524407366815422,0.491,0.163,2.49930934784548e-23,"17","ELOVL5"
"IGBP1",1.26007913122936e-27,0.721206018960164,0.632,0.267,3.55203706302246e-23,"17","IGBP1"
"CTD-2020K17.1",2.05333278706551e-27,0.58664084463124,0.462,0.151,5.78813979345896e-23,"17","CTD-2020K17.1"
"FAM160B1",2.07068546954024e-27,0.359457467392407,0.292,0.071,5.83705527008699e-23,"17","FAM160B1"
"ESYT21",2.29097225356728e-27,0.55210888212972,0.474,0.156,6.45802168558081e-23,"17","ESYT2"
"PACS1",2.97736680194896e-27,0.637511837811942,0.591,0.226,8.39289927801393e-23,"17","PACS1"
"PPP1CA",3.0211927211292e-27,0.724958272226475,0.825,0.425,8.51644016159111e-23,"17","PPP1CA"
"POP4",3.65825118727104e-27,0.390427852633688,0.316,0.081,1.03122442717983e-22,"17","POP4"
"ANXA22",3.69065996935745e-27,0.792104790987657,0.632,0.262,1.04036013876217e-22,"17","ANXA2"
"GIMAP12",4.42160098782603e-27,0.696367764155259,0.667,0.282,1.24640510245828e-22,"17","GIMAP1"
"TKT1",4.56771061108863e-27,0.535290337040538,0.673,0.28,1.28759194415977e-22,"17","TKT"
"CCSER2",4.64490413385014e-27,0.76249985047751,0.655,0.279,1.30935202629101e-22,"17","CCSER2"
"CHCHD1",4.75893955527788e-27,0.382967170758049,0.409,0.12,1.34149747123728e-22,"17","CHCHD1"
"YWHAH",6.48560430481182e-27,0.686201568882393,0.462,0.159,1.8282269974834e-22,"17","YWHAH"
"IRF71",8.34034340106937e-27,0.392249128211204,0.316,0.081,2.35105940132745e-22,"17","IRF7"
"CERS6",9.74764952170027e-27,0.348331576169023,0.251,0.057,2.74776492367209e-22,"17","CERS6"
"FIBP",1.1855760075133e-26,0.491399952724361,0.48,0.159,3.34202020757924e-22,"17","FIBP"
"BLVRA",1.32940316364374e-26,0.333630089050749,0.263,0.061,3.74745457799533e-22,"17","BLVRA"
"TMEM256",1.4205936761887e-26,0.566335543486139,0.602,0.228,4.00451151380832e-22,"17","TMEM256"
"CLTA",1.62053002414635e-26,0.511656579903686,0.556,0.203,4.56811208506615e-22,"17","CLTA"
"CAP1",1.68184156910999e-26,0.759082832201995,0.842,0.482,4.74094319916416e-22,"17","CAP1"
"FKBP1A",2.02356118957379e-26,0.516834141474847,0.69,0.282,5.70421663728955e-22,"17","FKBP1A"
"SKA2",2.14193722865389e-26,0.376015347240807,0.345,0.094,6.03790685385244e-22,"17","SKA2"
"ZSCAN16-AS1",2.45031656811469e-26,0.40317301263592,0.415,0.124,6.9071973738585e-22,"17","ZSCAN16-AS1"
"CCT8",3.71162861512088e-26,0.613562115199087,0.684,0.292,1.04627099031643e-21,"17","CCT8"
"UQCRC2",3.8532990575718e-26,0.523342433347922,0.591,0.221,1.08620647133891e-21,"17","UQCRC2"
"DCP2",3.87567177052002e-26,0.56267757398501,0.556,0.205,1.09251311539189e-21,"17","DCP2"
"NMT21",4.37092723479928e-26,0.58138757924585,0.398,0.123,1.23212067821757e-21,"17","NMT2"
"SCAMP2",4.70859508785091e-26,0.487312163481125,0.474,0.158,1.32730586931429e-21,"17","SCAMP2"
"PITPNC1",5.4585623467055e-26,0.539171659070927,0.538,0.197,1.53871413991281e-21,"17","PITPNC1"
"DCTN3",6.1715975396051e-26,0.538429098833721,0.673,0.273,1.73971163043928e-21,"17","DCTN3"
"TRAF3IP32",6.39151641274974e-26,0.728597091406533,0.895,0.556,1.80170456159002e-21,"17","TRAF3IP3"
"ZNHIT1",7.02604070956325e-26,0.560918308910322,0.696,0.295,1.98057061561879e-21,"17","ZNHIT1"
"BIN1",7.37142537496702e-26,0.648648742629415,0.708,0.322,2.07793109894945e-21,"17","BIN1"
"STK38",8.91920744681897e-26,0.558556279992934,0.608,0.236,2.5142353871838e-21,"17","STK38"
"RAD23B",1.13774666157588e-25,0.395398091119798,0.485,0.16,3.20719406431624e-21,"17","RAD23B"
"CRTC3",1.25287034494867e-25,0.425114533655741,0.404,0.123,3.5317162153758e-21,"17","CRTC3"
"TPP2",1.38451438469101e-25,0.474916446753304,0.509,0.178,3.90280759900548e-21,"17","TPP2"
"RBX1",1.48648053477031e-25,0.574450206079685,0.76,0.341,4.19023997946402e-21,"17","RBX1"
"PYCARD1",1.53721566934091e-25,0.434856986296517,0.573,0.213,4.3332572503051e-21,"17","PYCARD"
"CHMP2A",2.08626196227677e-25,0.572997088857722,0.637,0.261,5.880963845462e-21,"17","CHMP2A"
"EID1",2.08678126772424e-25,0.676243145310294,0.836,0.471,5.88242771558785e-21,"17","EID1"
"ANTXR2",2.10056645197413e-25,0.443017148413191,0.269,0.066,5.92128677146988e-21,"17","ANTXR2"
"GNG5",2.20173587124455e-25,0.638133931986586,0.76,0.366,6.20647324745127e-21,"17","GNG5"
"CD53",2.40232904872086e-25,0.664852850015874,0.86,0.499,6.77192535543923e-21,"17","CD53"
"ATP5G3",2.44075493703635e-25,0.683145440442662,0.813,0.451,6.88024409201177e-21,"17","ATP5G3"
"C1orf2281",2.57536589821236e-25,0.527200223086235,0.38,0.115,7.25969893047081e-21,"17","C1orf228"
"H2AFJ1",3.07190626415951e-25,0.479648004268953,0.509,0.177,8.65939656803924e-21,"17","H2AFJ"
"ADSL",3.07657746893558e-25,0.373982487841404,0.368,0.107,8.6725642271825e-21,"17","ADSL"
"PCID2",3.37388711395277e-25,0.398473456961071,0.404,0.123,9.51065038552146e-21,"17","PCID2"
"NDUFB1",3.44071827235485e-25,0.606218301461174,0.789,0.37,9.69904073794109e-21,"17","NDUFB1"
"NCKAP1L",3.51742115752914e-25,0.483976659808212,0.561,0.205,9.9152585009589e-21,"17","NCKAP1L"
"SERF2",3.82884708810855e-25,0.488523359231518,0.994,0.916,1.07931370566692e-20,"17","SERF2"
"TMEM2",3.84912950095182e-25,0.694611049191818,0.62,0.26,1.08503111502331e-20,"17","TMEM2"
"SUMO1",4.56616927298281e-25,0.506182859375802,0.772,0.343,1.28715745636113e-20,"17","SUMO1"
"PSMA4",4.62092995074284e-25,0.5806355935285,0.655,0.277,1.3025939438149e-20,"17","PSMA4"
"FBXW2",6.22213069268428e-25,0.34717658486263,0.327,0.089,1.75395642096077e-20,"17","FBXW2"
"RNF167",8.40357266993198e-25,0.487268366292272,0.52,0.185,2.36888309992713e-20,"17","RNF167"
"HSBP1",8.70999803331593e-25,0.33283746630542,0.398,0.12,2.45526134561143e-20,"17","HSBP1"
"DEF6",9.78317035939392e-25,0.529441568623337,0.48,0.166,2.75777789260955e-20,"17","DEF6"
"LINC00649",1.40580921894086e-24,0.390514482309534,0.263,0.065,3.9628356072724e-20,"17","LINC00649"
"ATP2A3",1.40645622630594e-24,0.458026177627712,0.433,0.14,3.96465945633383e-20,"17","ATP2A3"
"MRPL51",1.48913110809844e-24,0.44483613662468,0.602,0.231,4.19771168061869e-20,"17","MRPL51"
"CARD8",1.92338169931324e-24,0.539452441221858,0.591,0.232,5.4218206721941e-20,"17","CARD8"
"ECI2",2.17568710525866e-24,0.344684459640851,0.333,0.093,6.13304438101364e-20,"17","ECI2"
"COMMD4",2.32592986412514e-24,0.339736772877815,0.339,0.095,6.55656369398237e-20,"17","COMMD4"
"PPP2R5C",2.65706188683455e-24,0.653618042199343,0.959,0.609,7.48999175279792e-20,"17","PPP2R5C"
"IPCEF12",2.71199647311086e-24,0.503375340239753,0.444,0.15,7.6448468580522e-20,"17","IPCEF1"
"AP2S1",2.97812632070428e-24,0.514651108905361,0.649,0.271,8.3950402854333e-20,"17","AP2S1"
"TRAPPC1",3.05068701857296e-24,0.678445009513201,0.795,0.403,8.59958163665533e-20,"17","TRAPPC1"
"HMGA1",3.21689943532422e-24,0.51909550820776,0.456,0.159,9.06811781823543e-20,"17","HMGA1"
"ATPIF1",3.32684231899528e-24,0.707533698449387,0.889,0.534,9.3780358130158e-20,"17","ATPIF1"
"YPEL3",4.23783931472111e-24,0.746053623617878,0.813,0.448,1.19460452442673e-19,"17","YPEL3"
"LAMTOR2",5.37268368016424e-24,0.500087727425923,0.52,0.194,1.5145058026015e-19,"17","LAMTOR2"
"HN1",5.37278062920753e-24,0.436925368959727,0.532,0.195,1.51453313156731e-19,"17","HN1"
"GBP42",5.85899693438133e-24,0.521402302306973,0.444,0.15,1.65159264583275e-19,"17","GBP4"
"TMSB10",5.87066065714743e-24,0.555187585118829,1,0.996,1.65488053264329e-19,"17","TMSB10"
"RWDD4",6.22882199765229e-24,0.349991104835732,0.292,0.077,1.7558426329182e-19,"17","RWDD4"
"IDH2",6.24166280165863e-24,0.466897430161078,0.45,0.154,1.75946232715955e-19,"17","IDH2"
"PSMA5",6.47719097680914e-24,0.546895485382347,0.614,0.259,1.82585536445273e-19,"17","PSMA5"
"TMEM204",7.23542540019568e-24,0.357490409138879,0.263,0.066,2.03959406606116e-19,"17","TMEM204"
"LRBA",8.56532110309827e-24,0.531061538518391,0.421,0.138,2.41447836575237e-19,"17","LRBA"
"ARPC4",8.59154756391343e-24,0.569497483517344,0.801,0.401,2.42187134279156e-19,"17","ARPC4"
"TRANK1",1.01076432076041e-23,0.40504218051366,0.368,0.112,2.84924354379151e-19,"17","TRANK1"
"C11orf73",1.10364513236714e-23,0.408550249778543,0.444,0.148,3.11106526362974e-19,"17","C11orf73"
"ZNF277",1.15728253878704e-23,0.321923561822837,0.333,0.094,3.26226374858679e-19,"17","ZNF277"
"POMP",1.1610279969018e-23,0.625957507575014,0.772,0.375,3.27282182046648e-19,"17","POMP"
"MRPL16",1.16912450196562e-23,0.3968725379769,0.327,0.094,3.29564505859088e-19,"17","MRPL16"
"IFI161",1.44582370166092e-23,0.680616099552241,0.778,0.384,4.07563243261196e-19,"17","IFI16"
"LCMT1",1.63266727562313e-23,0.353540403785112,0.292,0.078,4.60232578325403e-19,"17","LCMT1"
"COX6B1",1.88047161768608e-23,0.639070199144935,0.924,0.652,5.3008614430953e-19,"17","COX6B1"
"CISD1",1.93956966128463e-23,0.306613156005081,0.269,0.068,5.46745291819524e-19,"17","CISD1"
"NDUFA12",2.03534802482866e-23,0.7078871930433,0.719,0.355,5.73744254718952e-19,"17","NDUFA12"
"PSMB4",2.37584554380528e-23,0.537772414271977,0.632,0.262,6.6972710034327e-19,"17","PSMB4"
"DCTN2",2.42384862199937e-23,0.424755742937856,0.427,0.143,6.83258688055402e-19,"17","DCTN2"
"TIMM13",2.50934059124683e-23,0.500516469690178,0.48,0.171,7.07358019266568e-19,"17","TIMM13"
"PARVG",3.60380363845134e-23,0.433714621440181,0.48,0.171,1.01587620764305e-18,"17","PARVG"
"ANXA2R",3.88614513642807e-23,0.67359672605782,0.526,0.208,1.09546545250771e-18,"17","ANXA2R"
"HIST1H1C",3.92936139921248e-23,0.622991620866482,0.649,0.284,1.10764768482401e-18,"17","HIST1H1C"
"COPS5",4.17676752872632e-23,0.444837445924819,0.485,0.174,1.17738899867266e-18,"17","COPS5"
"CLINT1",4.35025178847939e-23,0.514448394949327,0.62,0.256,1.22629247665445e-18,"17","CLINT1"
"ATP5G2",4.35670007584748e-23,0.631784846105572,0.977,0.746,1.22811018438065e-18,"17","ATP5G2"
"ANXA51",4.78727255870369e-23,0.507634267777591,0.585,0.239,1.34948426157298e-18,"17","ANXA5"
"TMEM167A",5.17658188437276e-23,0.415310112046732,0.485,0.171,1.45922666738584e-18,"17","TMEM167A"
"SLC9A3R1",5.24692803830166e-23,0.439835385304924,0.702,0.295,1.47905654471685e-18,"17","SLC9A3R1"
"RUVBL1",5.95884516087591e-23,0.388742624282895,0.339,0.101,1.67973886239931e-18,"17","RUVBL1"
"UBE2R2",6.1165507595064e-23,0.419618084165269,0.48,0.171,1.72419449359726e-18,"17","UBE2R2"
"SDHD",6.39224046961381e-23,0.385035057734901,0.444,0.151,1.80190866597944e-18,"17","SDHD"
"SDHC",6.59395044215258e-23,0.370399669581482,0.433,0.143,1.85876869013839e-18,"17","SDHC"
"SRP19",7.98637702456799e-23,0.422771521758468,0.538,0.201,2.25127981945547e-18,"17","SRP19"
"CFL1",8.08765129977866e-23,0.631425797902593,0.982,0.878,2.27982802489461e-18,"17","CFL1"
"GMIP",8.71604430852851e-23,0.304293313195995,0.263,0.067,2.4569657301311e-18,"17","GMIP"
"CD8B",8.9523818064317e-23,0.67267310036305,0.544,0.215,2.52358690741503e-18,"17","CD8B"
"ZCRB1",9.98085609402543e-23,0.482272074046452,0.509,0.187,2.81350352434483e-18,"17","ZCRB1"
"MYL12B",1.1039102918228e-22,0.593163346274229,0.959,0.716,3.1118127216193e-18,"17","MYL12B"
"BLZF1",1.13014461224871e-22,0.310582807953503,0.222,0.052,3.1857646474679e-18,"17","BLZF1"
"LIMA1",1.16704322941116e-22,0.324137507032265,0.269,0.07,3.28977815938711e-18,"17","LIMA1"
"LRRN3",1.26444201032696e-22,0.539632126246706,0.216,0.052,3.56433558291067e-18,"17","LRRN3"
"CSK",1.3320499753714e-22,0.520664378980181,0.655,0.287,3.75491567557443e-18,"17","CSK"
"SNX17",1.45735124707039e-22,0.477863999682952,0.52,0.198,4.10812743036671e-18,"17","SNX17"
"BAZ1A1",1.45876351534287e-22,0.505531594910134,0.649,0.271,4.11210847340002e-18,"17","BAZ1A"
"STK39",1.48970916479789e-22,0.367684135679028,0.304,0.085,4.19934116464878e-18,"17","STK39"
"PDHB",1.50226807951733e-22,0.320101783309724,0.38,0.117,4.2347434893514e-18,"17","PDHB"
"ATP5B",1.54785314018833e-22,0.596323724352021,0.678,0.305,4.36324321687688e-18,"17","ATP5B"
"PPP1CC",1.61877357339301e-22,0.501355870125449,0.649,0.278,4.56316082603756e-18,"17","PPP1CC"
"ARHGEF1",1.80649460031404e-22,0.547554923770705,0.778,0.385,5.09232762882524e-18,"17","ARHGEF1"
"SEPT1",1.92712750847948e-22,0.604423964906594,0.684,0.31,5.4323797336528e-18,"17","SEPT1"
"CCDC53",1.94462685224639e-22,0.357101940472355,0.439,0.148,5.48170863379735e-18,"17","CCDC53"
"ARHGEF6",2.25593164569357e-22,0.465770783860596,0.491,0.18,6.35924571604561e-18,"17","ARHGEF6"
"CPNE11",2.60779295423345e-22,0.57006084243998,0.567,0.232,7.35110755868868e-18,"17","CPNE1"
"B4GALT3",3.33447212960387e-22,0.3345510158905,0.251,0.064,9.39954348614035e-18,"17","B4GALT3"
"FBXO32",3.74876972770071e-22,0.322819260324863,0.316,0.09,1.05674069854155e-17,"17","FBXO32"
"MYEOV2",3.77453366622075e-22,0.56460019986117,0.836,0.445,1.06400329517097e-17,"17","MYEOV2"
"THYN1",4.0562507150934e-22,0.408593416064812,0.409,0.136,1.14341651407768e-17,"17","THYN1"
"RALA",4.20416473305459e-22,0.446141081183887,0.374,0.122,1.18511199660076e-17,"17","RALA"
"CCDC28A",5.71199280850978e-22,0.367034411350542,0.322,0.094,1.61015365279082e-17,"17","CCDC28A"
"CDC123",5.91221067945989e-22,0.36290219283136,0.409,0.135,1.66659306843295e-17,"17","CDC123"
"IFNAR2",6.08668427744645e-22,0.358820951643493,0.386,0.125,1.71577543096938e-17,"17","IFNAR2"
"STOML2",6.42412343054893e-22,0.321391189971354,0.421,0.138,1.81089615383744e-17,"17","STOML2"
"WNK1",6.43275280045229e-22,0.571510481561594,0.661,0.294,1.8133286869195e-17,"17","WNK1"
"ZFAND1",6.46563462175292e-22,0.353061103691776,0.398,0.13,1.82259774352593e-17,"17","ZFAND1"
"CAPN1",6.94610846766351e-22,0.376821413873068,0.351,0.108,1.95803851594967e-17,"17","CAPN1"
"MRPS21",7.57728276015339e-22,0.622021027151718,0.713,0.364,2.13596023725964e-17,"17","MRPS21"
"NIPSNAP1",7.9749611164503e-22,0.324980489555314,0.281,0.077,2.24806178911617e-17,"17","NIPSNAP1"
"PARK7",8.26087450821265e-22,0.612573352956664,0.871,0.508,2.32865791512006e-17,"17","PARK7"
"CD25",8.56425297028061e-22,0.622776815716803,0.901,0.549,2.4141772697924e-17,"17","CD2"
"UBL5",8.88931756284496e-22,0.561909707182333,0.953,0.645,2.50580972779036e-17,"17","UBL5"
"RNF10",9.58930509561715e-22,0.356710735111378,0.421,0.141,2.70312921340352e-17,"17","RNF10"
"PELI1",1.50212953456915e-21,0.349260465061867,0.304,0.088,4.23435294499698e-17,"17","PELI1"
"AP3S1",1.76888212107791e-21,0.442294990264735,0.409,0.14,4.98630181110653e-17,"17","AP3S1"
"L3MBTL3",1.8825654934301e-21,0.356740380753091,0.316,0.093,5.30676386943011e-17,"17","L3MBTL3"
"ACTR3",1.91119852655801e-21,0.632325448802321,0.86,0.498,5.38747752651438e-17,"17","ACTR3"
"FMNL1",1.94692708753432e-21,0.529990849031049,0.696,0.324,5.48819276705051e-17,"17","FMNL1"
"CNIH1",2.00708198265993e-21,0.530700280953835,0.439,0.159,5.65776340092007e-17,"17","CNIH1"
"FNBP1",2.44494419850505e-21,0.608621103215369,0.842,0.494,6.8920532011659e-17,"17","FNBP1"
"HIGD2A",3.15691983223518e-21,0.599554783042811,0.836,0.479,8.89904131508776e-17,"17","HIGD2A"
"EVL1",3.26921429531524e-21,0.638628099390808,0.947,0.646,9.21558817706413e-17,"17","EVL"
"MDH1",3.45570680269487e-21,0.417035257255709,0.52,0.198,9.74129190611656e-17,"17","MDH1"
"C8orf59",4.52913934812191e-21,0.528606013379471,0.708,0.333,1.27671909084209e-16,"17","C8orf59"
"PSMB2",4.77964880920185e-21,0.384927829119137,0.526,0.198,1.34733520282591e-16,"17","PSMB2"
"SRGN2",5.20481506558177e-21,0.619896110080187,0.953,0.623,1.46718531883685e-16,"17","SRGN"
"UQCR10",5.76037427004975e-21,0.555069300971364,0.895,0.517,1.62379190298432e-16,"17","UQCR10"
"TADA3",7.6389020134079e-21,0.369118180478365,0.427,0.147,2.15333008855955e-16,"17","TADA3"
"MRPL1",7.73172369363618e-21,0.408138183871072,0.421,0.144,2.1794955919991e-16,"17","MRPL1"
"CHD4",7.83061219170673e-21,0.542628941388894,0.596,0.256,2.20737127072021e-16,"17","CHD4"
"CASP4",8.03170303676837e-21,0.51863336617005,0.637,0.285,2.26405676903464e-16,"17","CASP4"
"KIAA0922",8.13221170099626e-21,0.321192535257558,0.38,0.123,2.29238915639384e-16,"17","KIAA0922"
"CLTB",8.22980965147123e-21,0.474674383362731,0.503,0.194,2.31990104265322e-16,"17","CLTB"
"YIPF3",8.40022961937814e-21,0.31992882153192,0.322,0.097,2.36794072740651e-16,"17","YIPF3"
"ZNF706",8.53228133586486e-21,0.513935304560224,0.661,0.299,2.40516478576694e-16,"17","ZNF706"
"SNRPB2",1.01085541898128e-20,0.518373448219508,0.725,0.343,2.84950034056632e-16,"17","SNRPB2"
"SUCLG1",1.08417877363189e-20,0.383553227408787,0.456,0.165,3.05619154499092e-16,"17","SUCLG1"
"CALM3",1.13715281627372e-20,0.670346153585276,0.719,0.378,3.20552007379398e-16,"17","CALM3"
"ZC3H7A",1.18214134728961e-20,0.459721440707762,0.444,0.163,3.33233824387467e-16,"17","ZC3H7A"
"PARP1",1.40593562624535e-20,0.514221997127503,0.602,0.262,3.96319193682302e-16,"17","PARP1"
"OCEL1",1.43863408296667e-20,0.306098133173924,0.234,0.06,4.05536561647476e-16,"17","OCEL1"
"NSMCE2",1.49084213032932e-20,0.303937608231971,0.275,0.076,4.20253488118533e-16,"17","NSMCE2"
"PLIN2",1.56781843727689e-20,0.3762865199651,0.409,0.141,4.41952339283984e-16,"17","PLIN2"
"TRAF51",1.65844674163657e-20,0.394289230576323,0.444,0.16,4.67499551999933e-16,"17","TRAF5"
"RAB4B",1.68144495933703e-20,0.316186789828516,0.363,0.117,4.73982519587516e-16,"17","RAB4B"
"GMCL1",1.71525693269243e-20,0.392642510865288,0.38,0.127,4.83513776756669e-16,"17","GMCL1"
"SLC35D2",1.75276101474296e-20,0.308739360640344,0.269,0.074,4.94085802445894e-16,"17","SLC35D2"
"COX7A2",1.76120555654234e-20,0.552000336797937,0.895,0.631,4.96466234333721e-16,"17","COX7A2"
"PPP4C",2.72991559370001e-20,0.407942457186287,0.497,0.189,7.69535906708097e-16,"17","PPP4C"
"FAM65B",2.78133160836044e-20,0.65455422733101,0.977,0.717,7.84029567080723e-16,"17","FAM65B"
"FAM192A",2.83754142276941e-20,0.361373047035421,0.374,0.124,7.99874551664468e-16,"17","FAM192A"
"TAF11",2.90593108481275e-20,0.347603315466141,0.439,0.155,8.19152913497867e-16,"17","TAF11"
"MIEN1",3.19142625441339e-20,0.370086121941639,0.509,0.192,8.9963114685659e-16,"17","MIEN1"
"ARID4B",3.62027963334173e-20,0.595968697553755,0.795,0.45,1.0205206258427e-15,"17","ARID4B"
"CD99",3.704164646829e-20,0.668604117208881,0.901,0.583,1.04416697229463e-15,"17","CD99"
"GRSF1",3.84566807777401e-20,0.313516241258848,0.386,0.129,1.08405537444371e-15,"17","GRSF1"
"FYN",3.9729323452166e-20,0.651217242196083,0.76,0.426,1.11992989879311e-15,"17","FYN"
"JAGN1",4.06517329070798e-20,0.341208685474702,0.316,0.096,1.14593169891767e-15,"17","JAGN1"
"NOB1",4.2781053655403e-20,0.317792449499954,0.31,0.094,1.20595512149215e-15,"17","NOB1"
"ATP5L",4.35978109269221e-20,0.583873488974789,0.971,0.819,1.22897869221901e-15,"17","ATP5L"
"MCTS1",4.39456878847736e-20,0.345473015801837,0.427,0.15,1.23878499578388e-15,"17","MCTS1"
"LAX1",4.39461880191699e-20,0.323175021424357,0.222,0.056,1.23879909407238e-15,"17","LAX1"
"COA5",4.56195636692122e-20,0.315287934773348,0.322,0.098,1.28596988027142e-15,"17","COA5"
"HNRNPF",4.88220853714134e-20,0.439554858498943,0.76,0.356,1.37624576453477e-15,"17","HNRNPF"
"ARRB2",4.88562060027585e-20,0.37550536091114,0.585,0.239,1.37720759101176e-15,"17","ARRB2"
"CD61",5.08863750669028e-20,0.501455955564307,0.561,0.235,1.43443602676092e-15,"17","CD6"
"MRPS15",5.11990770873247e-20,0.399037197763278,0.491,0.185,1.4432507840146e-15,"17","MRPS15"
"AQP33",5.21885300875545e-20,0.430826704845583,0.404,0.142,1.47114247463807e-15,"17","AQP3"
"FAM207A",5.24811904640351e-20,0.328487049219911,0.257,0.07,1.47939227799069e-15,"17","FAM207A"
"SMCHD12",5.56955337199068e-20,0.605423441216693,0.871,0.527,1.57000140003045e-15,"17","SMCHD1"
"GSTO1",6.0123105263613e-20,0.38510730231934,0.538,0.214,1.69481021427599e-15,"17","GSTO1"
"TOX",6.89055515216416e-20,0.30030477937004,0.222,0.056,1.94237859184355e-15,"17","TOX"
"DNAJC11",6.96092709032892e-20,0.386225472770693,0.48,0.178,1.96221573749282e-15,"17","DNAJC1"
"RTN4",7.35027798881862e-20,0.577911702521393,0.655,0.299,2.07196986226808e-15,"17","RTN4"
"MRPL13",7.63884550494587e-20,0.304467299374531,0.298,0.089,2.15331415938919e-15,"17","MRPL13"
"CMC2",7.67129052637216e-20,0.363284186299423,0.415,0.146,2.16246008647905e-15,"17","CMC2"
"H2AFY",7.79721356991063e-20,0.354425426441565,0.608,0.255,2.19795653322211e-15,"17","H2AFY"
"UBTF",8.09602188879949e-20,0.502113351354667,0.602,0.269,2.28218761023369e-15,"17","UBTF"
"ITPA",8.14083189143737e-20,0.316652754235177,0.415,0.144,2.29481910187728e-15,"17","ITPA"
"PIN4",8.58404323926861e-20,0.351936026063374,0.427,0.151,2.41975594871743e-15,"17","PIN4"
"OXA1L",8.79812416171259e-20,0.367661818198477,0.421,0.15,2.48010321994516e-15,"17","OXA1L"
"MGAT4A1",8.94374690948641e-20,0.5821003138241,0.76,0.398,2.52115281631512e-15,"17","MGAT4A"
"FXR1",1.09977780416149e-19,0.485077883323198,0.737,0.336,3.10016365215083e-15,"17","FXR1"
"ATP5H",1.15277098150583e-19,0.549392914657332,0.76,0.402,3.2495461197668e-15,"17","ATP5H"
"UBE2A",1.20408401192282e-19,0.398215828664739,0.427,0.155,3.39419242120925e-15,"17","UBE2A"
"PMAIP11",1.3006149836918e-19,0.757834856420997,0.474,0.19,3.6663035775288e-15,"17","PMAIP1"
"ZNHIT3",1.36647166856006e-19,0.382363805158342,0.468,0.175,3.85194698650394e-15,"17","ZNHIT3"
"GTF3C6",1.46735716638489e-19,0.36642386164286,0.509,0.198,4.13633311632236e-15,"17","GTF3C6"
"SEPT9",1.64533816535046e-19,0.580410693011762,0.743,0.393,4.63804375430642e-15,"17","SEPT9"
"DAP3",1.79454275998672e-19,0.321265111162881,0.48,0.177,5.05863658612655e-15,"17","DAP3"
"UBL7",1.89801083875492e-19,0.330483708710327,0.222,0.058,5.35030275336625e-15,"17","UBL7"
"GID8",1.90056056268303e-19,0.347038532675093,0.374,0.127,5.3574901701472e-15,"17","GID8"
"GTF2H5",2.13945951229317e-19,0.462683954407049,0.433,0.161,6.0309224192032e-15,"17","GTF2H5"
"FRG1",2.38386646204931e-19,0.492446728799435,0.608,0.263,6.7198811698708e-15,"17","FRG1"
"HMOX2",2.40660900502055e-19,0.422145211972111,0.509,0.2,6.78399012425244e-15,"17","HMOX2"
"PASK2",2.44357776499126e-19,0.719146646319129,0.327,0.113,6.88820136173388e-15,"17","PASK"
"PSMD8",2.5739497462715e-19,0.474294898698515,0.708,0.342,7.25570693976474e-15,"17","PSMD8"
"SYNE2",2.67991845205596e-19,0.844971091699139,0.86,0.537,7.55442212450055e-15,"17","SYNE2"
"NDUFB5",2.68670366839421e-19,0.43002909974066,0.509,0.205,7.57354897083643e-15,"17","NDUFB5"
"SFI1",2.76207003699905e-19,0.372312243543079,0.374,0.129,7.78599922729663e-15,"17","SFI1"
"COX7A2L",2.98135202540893e-19,0.517976055085809,0.743,0.394,8.40413322442523e-15,"17","COX7A2L"
"FOXP11",3.11824699152106e-19,0.716413314485283,0.854,0.525,8.79002644439871e-15,"17","FOXP1"
"IL323",3.17921700437369e-19,0.682545990704408,0.959,0.725,8.96189481362899e-15,"17","IL32"
"SAMD31",3.63081989013613e-19,0.442007502610472,0.69,0.306,1.02349181883047e-14,"17","SAMD3"
"CASP3",3.69796462573175e-19,0.311503400095285,0.246,0.067,1.04241924834752e-14,"17","CASP3"
"HIST1H1D",3.79167150623524e-19,0.727820906445752,0.743,0.382,1.06883428089265e-14,"17","HIST1H1D"
"NDUFS4",4.23435081511358e-19,0.35370863879933,0.415,0.149,1.19362115127237e-14,"17","NDUFS4"
"RTFDC1",4.79099700658661e-19,0.420107097602812,0.556,0.228,1.3505341461867e-14,"17","RTFDC1"
"SELL4",4.87919285045006e-19,0.80612111474525,0.778,0.456,1.37539567261337e-14,"17","SELL"
"APOBEC3C",5.06915583079148e-19,0.382568155718004,0.474,0.178,1.42894433714181e-14,"17","APOBEC3C"
"AIP",5.16400592449405e-19,0.48106637036508,0.567,0.247,1.45568163005563e-14,"17","AIP"
"CARD16",5.26704050584956e-19,0.346244866672536,0.637,0.274,1.48472604819393e-14,"17","CARD16"
"PHF111",5.33324502926288e-19,0.416841054654062,0.55,0.226,1.50338844129891e-14,"17","PHF11"
"MACF11",5.50969021823691e-19,0.650409152044092,0.778,0.422,1.5531265756188e-14,"17","MACF1"
"ITGA41",5.69888883706411e-19,0.775361885523879,0.737,0.403,1.60645977428e-14,"17","ITGA4"
"NRDC",5.72440615130923e-19,0.467429341485907,0.55,0.23,1.61365284999256e-14,"17","NRDC"
"HDAC1",6.23641725109305e-19,0.509847115627467,0.561,0.243,1.75798365891062e-14,"17","HDAC1"
"HAUS1",6.55133626986263e-19,0.311953811794963,0.263,0.076,1.84675618111158e-14,"17","HAUS1"
"FAM32A",7.12634381064804e-19,0.330823106699381,0.515,0.199,2.00884505678357e-14,"17","FAM32A"
"UTRN1",7.133814906878e-19,0.559529109690179,0.819,0.438,2.01095108409984e-14,"17","UTRN"
"GCHFR1",7.44174657179461e-19,0.36752656148048,0.374,0.129,2.09775394112318e-14,"17","GCHFR"
"MIR4435-2HG",7.453685568557e-19,0.368527041995662,0.222,0.059,2.10111942492053e-14,"17","MIR4435-2HG"
"ATP5J2",7.91329691677306e-19,0.572356738545444,0.772,0.445,2.23067926786916e-14,"17","ATP5J2"
"APBB1IP",8.18292848682453e-19,0.517864941004463,0.743,0.382,2.30668571115097e-14,"17","APBB1IP"
"VCP",8.52402944120066e-19,0.447029731996372,0.474,0.189,2.40283865918005e-14,"17","VCP"
"COMMD3",8.80722211174509e-19,0.334976723443435,0.374,0.128,2.48266784107982e-14,"17","COMMD3"
"GPRIN31",9.39376573563358e-19,0.470815858387961,0.415,0.156,2.64800862321775e-14,"17","GPRIN3"
"EIF3M",9.48299208980653e-19,0.491238817654407,0.737,0.383,2.67316064019556e-14,"17","EIF3M"
"DNAJC15",1.07498156094249e-18,0.373753675209505,0.55,0.223,3.03026552214078e-14,"17","DNAJC15"
"OLA1",1.12479617999126e-18,0.378418613353802,0.474,0.182,3.17068795177737e-14,"17","OLA1"
"SH3BGRL",1.22177777479546e-18,0.613059501085831,0.795,0.481,3.44406936937092e-14,"17","SH3BGRL"
"C1orf43",1.38563168269964e-18,0.356422389415228,0.409,0.15,3.90595715036202e-14,"17","C1orf43"
"SLU7",1.45348038780271e-18,0.369518850336084,0.509,0.202,4.09721586517706e-14,"17","SLU7"
"CCM21",1.51604987679117e-18,0.417520695701752,0.556,0.235,4.27359299768663e-14,"17","CCM2"
"CD52",1.5497167314482e-18,0.52263706472904,0.994,0.893,4.36849649427932e-14,"17","CD52"
"WAS",1.60319779273131e-18,0.439940084385359,0.678,0.311,4.5192542579303e-14,"17","WAS"
"UPF3A",1.66030706437954e-18,0.472334016465707,0.591,0.262,4.68023958377947e-14,"17","UPF3A"
"ABRACL1",1.72526893609736e-18,0.533726231345921,0.69,0.348,4.86336060396486e-14,"17","ABRACL"
"PFDN4",1.73066228973275e-18,0.447650699903617,0.404,0.15,4.87856392852764e-14,"17","PFDN4"
"CAPG1",1.82903404100588e-18,0.398826669067848,0.275,0.084,5.15586405819147e-14,"17","CAPG"
"COG4",1.99236044609942e-18,0.340318337173874,0.234,0.065,5.61626486150966e-14,"17","COG4"
"COX7B",2.21272492854761e-18,0.525612192902453,0.842,0.491,6.23745030108287e-14,"17","COX7B"
"TMEM126B",2.39517741564517e-18,0.30438164910378,0.374,0.13,6.75176561696218e-14,"17","TMEM126B"
"PBXIP12",2.41748395567887e-18,0.528714978387651,0.614,0.291,6.81464552266318e-14,"17","PBXIP1"
"NECAP2",2.45484270129675e-18,0.344791983385365,0.556,0.227,6.91995609068542e-14,"17","NECAP2"
"MYH9",2.5677303081495e-18,0.595976321174434,0.784,0.446,7.23817496564263e-14,"17","MYH9"
"SENP7",2.78736930632315e-18,0.387730261485987,0.509,0.203,7.85731533759434e-14,"17","SENP7"
"PPID",2.90640569987638e-18,0.33003433697213,0.38,0.134,8.19286702738152e-14,"17","PPID"
"TSC22D4",3.02607975146595e-18,0.357942609265935,0.526,0.21,8.53021621140736e-14,"17","TSC22D4"
"SLC25A3",3.14758470362987e-18,0.55132863653411,0.836,0.531,8.87272652106224e-14,"17","SLC25A3"
"VASP",3.64802623064374e-18,0.34564356431733,0.579,0.246,1.02834211415616e-13,"17","VASP"
"ETS11",3.73380123664818e-18,0.617359779431919,0.953,0.71,1.05252123059875e-13,"17","ETS1"
"SPATA13",3.76168522351139e-18,0.340469004411372,0.409,0.149,1.06038144765563e-13,"17","SPATA13"
"DNAJC4",3.82715431128737e-18,0.302295233745805,0.345,0.116,1.0788365288088e-13,"17","DNAJC4"
"NDUFA2",3.93096962274773e-18,0.483867309717766,0.708,0.351,1.10810102695636e-13,"17","NDUFA2"
"LINC001521",4.00536046087811e-18,0.490664582011732,0.45,0.176,1.12907106031693e-13,"17","LINC00152"
"VPS29",4.11467695356097e-18,0.360247089151749,0.573,0.241,1.1598862864393e-13,"17","VPS29"
"TCEAL8",4.77248813889661e-18,0.333977977561758,0.368,0.129,1.34531668147357e-13,"17","TCEAL8"
"VDAC3",5.05909182083835e-18,0.416091775416528,0.485,0.194,1.42610739337612e-13,"17","VDAC3"
"NDUFC2",5.10639415932237e-18,0.476443349734993,0.702,0.351,1.43944144957138e-13,"17","NDUFC2"
"AKAP11",5.62746633224327e-18,0.399660486650129,0.304,0.1,1.58632648439606e-13,"17","AKAP11"
"RAB1B",5.94515970318837e-18,0.329521266006347,0.374,0.132,1.67588106873177e-13,"17","RAB1B"
"RHOF",6.51983148185366e-18,0.417575543077672,0.55,0.236,1.83787529641973e-13,"17","RHOF"
"EGLN2",6.58244090951736e-18,0.319833382947666,0.363,0.126,1.85552426798385e-13,"17","EGLN2"
"TMEM258",7.5697140334111e-18,0.527398140905281,0.825,0.495,2.13382668887826e-13,"17","TMEM258"
"HCLS1",7.69769480828257e-18,0.467033745084158,0.836,0.461,2.16990318950678e-13,"17","HCLS1"
"ACTR2",8.50714417698182e-18,0.495775380973685,0.877,0.567,2.39807887204941e-13,"17","ACTR2"
"BRK1",8.73026567082055e-18,0.515405887619508,0.749,0.404,2.4609745899476e-13,"17","BRK1"
"TAF12",8.8735785582538e-18,0.363500303765446,0.368,0.13,2.50137305978616e-13,"17","TAF12"
"PSMG2",9.19056167018957e-18,0.313362138469541,0.468,0.18,2.59072742920974e-13,"17","PSMG2"
"UBE2H",9.85748083049807e-18,0.400008586289435,0.427,0.163,2.7787252713091e-13,"17","UBE2H"
"GLRX",1.03980382371067e-17,0.564150870000653,0.55,0.261,2.931102998658e-13,"17","GLRX"
"BUD31",1.22530120338493e-17,0.405951790588546,0.585,0.261,3.45400156222177e-13,"17","BUD31"
"C14orf2",1.66566253132034e-17,0.508498355522121,0.883,0.534,4.6953361095389e-13,"17","C14orf2"
"COX5B",1.68646651722643e-17,0.521031304672409,0.865,0.59,4.7539804654096e-13,"17","COX5B"
"TBCA",1.70873191750956e-17,0.515547863311443,0.86,0.495,4.8167444022677e-13,"17","TBCA"
"GLG1",1.83216896631313e-17,0.426832191744076,0.614,0.28,5.16470109914009e-13,"17","GLG1"
"NAP1L12",1.89261158056561e-17,0.566032133156565,0.936,0.694,5.33508278445641e-13,"17","NAP1L1"
"BID",1.9098446353171e-17,0.30444121753329,0.327,0.11,5.38366104249537e-13,"17","BID"
"PSMB1",2.01608605247931e-17,0.460249086906701,0.836,0.471,5.68314497333393e-13,"17","PSMB1"
"SEC11A1",2.17337277993338e-17,0.414261527855493,0.737,0.374,6.12652052935421e-13,"17","SEC11A"
"PSMB3",2.22088781717857e-17,0.430827626910181,0.708,0.336,6.26046066784468e-13,"17","PSMB3"
"PREX1",2.25383866112983e-17,0.464860110673352,0.503,0.215,6.35334580185888e-13,"17","PREX1"
"PAK2",2.283405675503e-17,0.552629085665594,0.801,0.472,6.43669225867541e-13,"17","PAK2"
"TALDO1",2.33613702051203e-17,0.330150609694217,0.567,0.249,6.58533664712137e-13,"17","TALDO1"
"EVI2A",2.36784182883156e-17,0.355056535753371,0.409,0.154,6.67470933129329e-13,"17","EVI2A"
"BIN2",2.37199507639786e-17,0.509587931749695,0.807,0.475,6.68641692085792e-13,"17","BIN2"
"USP24",2.4498211206569e-17,0.323805304337881,0.316,0.105,6.90580075701973e-13,"17","USP24"
"TCEB21",2.62151836623925e-17,0.463197281009936,0.924,0.641,7.38979812259182e-13,"17","TCEB2"
"SPAG7",2.65900707443015e-17,0.327105466681914,0.462,0.18,7.49547504211114e-13,"17","SPAG7"
"BTF3",2.97122034102159e-17,0.451768274966132,0.988,0.88,8.37557301930575e-13,"17","BTF3"
"TULP4",3.01388666573426e-17,0.420668789807774,0.368,0.134,8.49584512203832e-13,"17","TULP4"
"FNTA",3.0421980069309e-17,0.3184648075674,0.439,0.167,8.5756519617375e-13,"17","FNTA"
"UQCRFS1",3.05876359019898e-17,0.426418580599787,0.602,0.273,8.62234868441191e-13,"17","UQCRFS1"
"RER1",3.16824402402473e-17,0.346590810290013,0.544,0.227,8.9309630793233e-13,"17","RER1"
"SAMD91",3.43357419214819e-17,0.492112921644653,0.591,0.267,9.67890229024654e-13,"17","SAMD9"
"NCOR1",3.48220880305628e-17,0.473855525827481,0.673,0.341,9.81599839493534e-13,"17","NCOR1"
"SNRPG",4.05101909714529e-17,0.44494724602729,0.684,0.336,1.14194177329429e-12,"17","SNRPG"
"ADRBK1",4.45590700462484e-17,0.433833245690758,0.62,0.286,1.2560756255337e-12,"17","ADRBK1"
"LSM6",4.51287582944362e-17,0.306525380579203,0.503,0.203,1.27213456756186e-12,"17","LSM6"
"EIF6",4.71803824644108e-17,0.309244363356363,0.45,0.175,1.32996780128927e-12,"17","EIF6"
"ARHGAP30",5.12905486163392e-17,0.452867887555616,0.684,0.335,1.44582927494599e-12,"17","ARHGAP30"
"YWHAE",5.60150835761944e-17,0.380210031768617,0.556,0.243,1.57900919092934e-12,"17","YWHAE"
"BLMH",5.65368846539168e-17,0.338800978886653,0.211,0.057,1.59371824150926e-12,"17","BLMH"
"ADH5",5.68012893105268e-17,0.438770778146205,0.48,0.202,1.60117154437444e-12,"17","ADH5"
"DBI",6.15951233877128e-17,0.47080555969254,0.825,0.475,1.73630493317624e-12,"17","DBI"
"BLOC1S1",6.55215153765684e-17,0.41878664520912,0.743,0.373,1.84698599695009e-12,"17","BLOC1S1"
"IMMT",6.5645251633861e-17,0.319550629133039,0.374,0.135,1.85047399830691e-12,"17","IMMT"
"PSMC4",6.78846912685915e-17,0.310760559545933,0.415,0.155,1.91360156217032e-12,"17","PSMC4"
"TNFAIP81",6.99148621006381e-17,0.499835248384113,0.795,0.439,1.97083004775489e-12,"17","TNFAIP8"
"PGAM1",7.12630133461087e-17,0.432808414010051,0.556,0.252,2.00883308321346e-12,"17","PGAM1"
"PRKCQ",7.31524677954699e-17,0.365571617864292,0.339,0.12,2.0620949146865e-12,"17","PRKCQ"
"ATP5A1",7.46500403526454e-17,0.476279261685224,0.713,0.371,2.10430998750072e-12,"17","ATP5A1"
"RASA2",7.52742935773169e-17,0.431413901851271,0.573,0.248,2.12190706165099e-12,"17","RASA2"
"TRPC4AP",7.7285613076348e-17,0.323651529280612,0.287,0.092,2.17860414700917e-12,"17","TRPC4AP"
"PGLS",7.73093214034973e-17,0.36131539513844,0.596,0.272,2.17927246104318e-12,"17","PGLS"
"SLBP",8.95249017672624e-17,0.306152021480115,0.368,0.133,2.52361745591736e-12,"17","SLBP"
"CCR72",9.0378467247359e-17,0.551940407882845,0.497,0.222,2.5476786132358e-12,"17","CCR7"
"PPIA",9.19145714050695e-17,0.509750148299264,0.953,0.821,2.5909798533375e-12,"17","PPIA"
"DPY30",9.22343003236491e-17,0.35276243617716,0.439,0.172,2.59999269182334e-12,"17","DPY30"
"NDUFB10",1.01402385146491e-16,0.481477981094255,0.749,0.387,2.85843183489442e-12,"17","NDUFB10"
"UBE2N",1.0355151944505e-16,0.394010911875462,0.526,0.228,2.9190137816365e-12,"17","UBE2N"
"TRAPPC2L",1.05462742527403e-16,0.334406342593886,0.45,0.179,2.97288924910497e-12,"17","TRAPPC2L"
"ITM2A2",1.11719272859106e-16,0.551066293932521,0.626,0.305,3.14925458262535e-12,"17","ITM2A"
"SKAP11",1.12507523877694e-16,0.46853751059586,0.708,0.374,3.17147459058831e-12,"17","SKAP1"
"SEC31A",1.26313426302059e-16,0.302461439364318,0.497,0.203,3.56064917402875e-12,"17","SEC31A"
"HLA-A",1.29901172185787e-16,0.422368443812482,1,0.97,3.66178414274515e-12,"17","HLA-A"
"NDUFB4",1.37494386575009e-16,0.45991444733233,0.731,0.395,3.87582926316294e-12,"17","NDUFB4"
"PDCD10",1.39778604499509e-16,0.341665459171352,0.585,0.259,3.94021908223665e-12,"17","PDCD10"
"GABARAPL2",1.50530108920467e-16,0.412607735868683,0.725,0.359,4.24329324035904e-12,"17","GABARAPL2"
"REEP5",1.52569343873252e-16,0.366012861849001,0.556,0.243,4.30077723444309e-12,"17","REEP5"
"FAM96B",1.52912993874128e-16,0.437956829273686,0.602,0.281,4.31046438431779e-12,"17","FAM96B"
"SSNA1",1.57818975720114e-16,0.415235454192597,0.596,0.27,4.4487591065743e-12,"17","SSNA1"
"MRPL55",2.15741263745691e-16,0.320995226331927,0.392,0.147,6.08153048372727e-12,"17","MRPL55"
"SRP9",2.23998515845732e-16,0.42448253085322,0.713,0.355,6.31429416317533e-12,"17","SRP9"
"SEMA4D",2.28349160675956e-16,0.416320555392939,0.608,0.279,6.43693449029451e-12,"17","SEMA4D"
"R3HDM4",2.35310506686975e-16,0.450949582898053,0.415,0.165,6.63316787299914e-12,"17","R3HDM4"
"RBCK11",2.69794408573812e-16,0.318281774439452,0.52,0.218,7.60523458328719e-12,"17","RBCK1"
"TMEM261",2.73076478852706e-16,0.324579883252109,0.398,0.152,7.69775286237892e-12,"17","TMEM261"
"MTIF3",2.94217172521246e-16,0.368535221358484,0.433,0.175,8.2936878762014e-12,"17","MTIF3"
"UBE2L3",2.97438858433555e-16,0.400628570356572,0.678,0.332,8.38450398038348e-12,"17","UBE2L3"
"OCIAD21",3.23267793169024e-16,0.450504601978095,0.667,0.329,9.11259582164161e-12,"17","OCIAD2"
"GALNT1",3.43160974653372e-16,0.350011083167456,0.374,0.14,9.67336471450389e-12,"17","GALNT1"
"TPR1",3.52193784857676e-16,0.598327495941108,0.801,0.456,9.92799060135302e-12,"17","TPR"
"HCST1",3.61992751897278e-16,0.437231080579561,0.982,0.737,1.02042136832324e-11,"17","HCST"
"TAF10",3.82375520828509e-16,0.52449835328396,0.673,0.36,1.07787835566348e-11,"17","TAF10"
"SEC61B",3.99373357355917e-16,0.394159768367403,0.825,0.453,1.12579355705059e-11,"17","SEC61B"
"FBXO7",4.00580591143173e-16,0.351131414837159,0.427,0.17,1.12919662837349e-11,"17","FBXO7"
"MYL12A",4.07057483631118e-16,0.505652892191885,0.965,0.852,1.14745434060776e-11,"17","MYL12A"
"EIF3G1",4.29421049784925e-16,0.505840052713025,0.901,0.595,1.21049499723872e-11,"17","EIF3G"
"EIF3I",4.66262754219829e-16,0.392768811064005,0.649,0.304,1.31434807787028e-11,"17","EIF3I"
"NDUFS6",4.84929102975933e-16,0.40565344615569,0.655,0.322,1.36696664837886e-11,"17","NDUFS6"
"MAP2K2",4.88167655096259e-16,0.384991311385309,0.637,0.31,1.37609580295084e-11,"17","MAP2K2"
"INPP5D",5.03552128435349e-16,0.397392070996019,0.468,0.197,1.41946309484641e-11,"17","INPP5D"
"CD442",5.52005088626269e-16,0.532157988337176,0.86,0.538,1.55604714432859e-11,"17","CD44"
"CSGALNACT2",5.76263275845743e-16,0.32025720036124,0.433,0.173,1.62442854828156e-11,"17","CSGALNACT2"
"ANXA111",6.25762926185731e-16,0.43292088180961,0.643,0.317,1.76396311262496e-11,"17","ANXA11"
"POLR2G",6.32650274258955e-16,0.399075288956901,0.474,0.202,1.78337785810857e-11,"17","POLR2G"
"CBX3",6.42560766383457e-16,0.469121942630006,0.789,0.44,1.81131454435833e-11,"17","CBX3"
"LCP1",6.78162832633731e-16,0.470252637032929,0.953,0.717,1.91167320891123e-11,"17","LCP1"
"SRP14",7.39319167211074e-16,0.452952301185853,0.977,0.834,2.0840668004513e-11,"17","SRP14"
"FERMT3",7.9902794303975e-16,0.354520446416974,0.503,0.215,2.25237986863475e-11,"17","FERMT3"
"HMHA1",8.41074168620738e-16,0.428594822279671,0.632,0.317,2.370903973925e-11,"17","HMHA1"
"VAMP5",8.50169569393122e-16,0.392696087800682,0.556,0.25,2.39654299916227e-11,"17","VAMP5"
"SAMD9L1",8.76216138528286e-16,0.366713672277462,0.38,0.145,2.46996567289738e-11,"17","SAMD9L"
"BZW2",9.91194899481598e-16,0.304798280797435,0.292,0.099,2.79407930214868e-11,"17","BZW2"
"WWP1",1.03486445666889e-15,0.30289855609075,0.409,0.158,2.91717941690394e-11,"17","WWP1"
"TOP1",1.06646759482145e-15,0.329687153480187,0.591,0.263,3.0062655030422e-11,"17","TOP1"
"SNRPD1",1.08526012850873e-15,0.465983872133271,0.62,0.305,3.05923977625325e-11,"17","SNRPD1"
"GOLGA7",1.12520329470353e-15,0.351452890624272,0.468,0.193,3.17183556743977e-11,"17","GOLGA7"
"TMEM183A",1.36445077471509e-15,0.346656916163679,0.38,0.148,3.84625028884436e-11,"17","TMEM183A"
"PDLIM2",1.37455556651438e-15,0.320395203001328,0.444,0.179,3.87473468644738e-11,"17","PDLIM2"
"PSMB91",1.53631704259962e-15,0.561031166768029,0.784,0.496,4.33072411138408e-11,"17","PSMB9"
"ATP6V1F",1.56357566453657e-15,0.436622233447018,0.678,0.342,4.40756344076215e-11,"17","ATP6V1F"
"HADHA",1.57189224270915e-15,0.382636423896385,0.678,0.342,4.43100704297282e-11,"17","HADHA"
"DPP8",1.60529351839752e-15,0.319468016474316,0.345,0.127,4.52516189901078e-11,"17","DPP8"
"ORMDL1",1.6169314780793e-15,0.494955669021975,0.731,0.397,4.55796814355775e-11,"17","ORMDL1"
"ARL6IP1",1.68914148966442e-15,0.454826364255021,0.579,0.266,4.76152094521504e-11,"17","ARL6IP1"
"CLPP",1.93791657554113e-15,0.324923651368695,0.439,0.175,5.46279303479288e-11,"17","CLPP"
"PSMD13",1.94930342587206e-15,0.323199851255704,0.515,0.221,5.49489142719075e-11,"17","PSMD13"
"PSMC1",1.95730186277303e-15,0.305552188578319,0.439,0.178,5.51743822097091e-11,"17","PSMC1"
"YBX32",1.9783524151998e-15,0.302224264618348,0.38,0.146,5.5767776232067e-11,"17","YBX3"
"PARP4",2.03288867585606e-15,0.363012470583642,0.345,0.129,5.73050988837064e-11,"17","PARP4"
"STK17A1",2.07960065517726e-15,0.550307579924277,0.807,0.479,5.86218628687919e-11,"17","STK17A"
"B3GNT2",2.4145906310518e-15,0.343333357016335,0.292,0.102,6.80648952987193e-11,"17","B3GNT2"
"SMIM7",2.45304108946983e-15,0.318344251473872,0.421,0.169,6.91487752710649e-11,"17","SMIM7"
"RASGRP1",2.94752189611517e-15,0.479304215230467,0.637,0.32,8.30876947295905e-11,"17","RASGRP1"
"POLR2A",3.19445397970041e-15,0.333453399155072,0.485,0.204,9.0048463233775e-11,"17","POLR2A"
"SRPK1",3.89364793343857e-15,0.329147896818344,0.351,0.132,1.097580415957e-10,"17","SRPK1"
"EPB411",4.01931423869622e-15,0.408904493248196,0.749,0.396,1.13300449074608e-10,"17","EPB41"
"WHSC1L11",4.0620797663302e-15,0.47521375160147,0.801,0.439,1.14505966533082e-10,"17","WHSC1L1"
"NONO",4.33007743844928e-15,0.431531079266285,0.632,0.323,1.22060552912447e-10,"17","NONO"
"GNB2",4.57628872569829e-15,0.327052223694442,0.55,0.247,1.29001002888709e-10,"17","GNB2"
"TTC37",4.70127819525376e-15,0.316315172678204,0.421,0.172,1.32524331046008e-10,"17","TTC37"
"TRAPPC2",4.74461256185396e-15,0.329763019212416,0.357,0.133,1.33745883506101e-10,"17","TRAPPC2"
"MDM4",4.95798024606987e-15,0.487983219809519,0.719,0.387,1.39760505156464e-10,"17","MDM4"
"YWHAZ",5.01183201814013e-15,0.494492213967219,0.971,0.754,1.41278532759352e-10,"17","YWHAZ"
"UBXN4",5.08161082163889e-15,0.468045389064533,0.702,0.375,1.43245527451179e-10,"17","UBXN4"
"SMC3",5.14075205079362e-15,0.353943084644673,0.538,0.243,1.44912659559821e-10,"17","SMC3"
"HINT11",5.40518241974846e-15,0.463477510284894,0.965,0.823,1.52366687230289e-10,"17","HINT1"
"ST8SIA4",5.48066729186525e-15,0.324991051212328,0.322,0.116,1.5449453029039e-10,"17","ST8SIA4"
"IRF3",5.79315548321081e-15,0.357182080231789,0.544,0.242,1.6330325991623e-10,"17","IRF3"
"CSNK2B",5.84190266106633e-15,0.38943676208144,0.561,0.262,1.64677394112799e-10,"17","CSNK2B"
"PCMTD2",6.21213943644735e-15,0.313692851870965,0.351,0.132,1.75113998574014e-10,"17","PCMTD2"
"CORO1B3",6.26969028485308e-15,0.465337084574749,0.468,0.209,1.76736299439724e-10,"17","CORO1B"
"ATP5J",6.4734727754505e-15,0.463659886065842,0.766,0.459,1.82480724067174e-10,"17","ATP5J"
"GSDMD",6.61200763898982e-15,0.33518564949966,0.45,0.189,1.86385883335484e-10,"17","GSDMD"
"C7orf73",7.11497384849894e-15,0.430681837611736,0.55,0.26,2.00563997815337e-10,"17","C7orf73"
"TRAPPC3",7.1364788575904e-15,0.300085607226799,0.363,0.137,2.01170202516616e-10,"17","TRAPPC3"
"MAX",7.75165444718549e-15,0.415247735473847,0.55,0.256,2.18511387211712e-10,"17","MAX"
"MAZ",7.91529540173389e-15,0.429005757303878,0.538,0.253,2.23124262079477e-10,"17","MAZ"
"ARHGAP91",8.54453751294338e-15,0.315967576471871,0.526,0.238,2.40861967952361e-10,"17","ARHGAP9"
"PSMA1",8.63990659724322e-15,0.422036961810275,0.649,0.331,2.43550327069689e-10,"17","PSMA1"
"PDAP1",8.69741471373395e-15,0.361664328140194,0.626,0.302,2.45171423365446e-10,"17","PDAP1"
"TCEB1",9.61165715330154e-15,0.331845721138444,0.485,0.21,2.70943003494417e-10,"17","TCEB1"
"RNF7",9.9106094440734e-15,0.371456467532618,0.614,0.302,2.79370169618985e-10,"17","RNF7"
"HNRNPK",9.9151506239227e-15,0.464720588808892,0.924,0.677,2.79498180937757e-10,"17","HNRNPK"
"ECH1",1.03268632304361e-14,0.391739311406683,0.52,0.236,2.91103947602764e-10,"17","ECH1"
"ACAP1",1.05728339120434e-14,0.418006595793432,0.807,0.458,2.98037615146593e-10,"17","ACAP1"
"CUTA",1.08150195278708e-14,0.481070851855955,0.83,0.472,3.04864585471149e-10,"17","CUTA"
"ARL6IP4",1.13595230659408e-14,0.485921451091897,0.901,0.58,3.20213595705807e-10,"17","ARL6IP4"
"TMEM50A",1.16915633096408e-14,0.382111661966966,0.696,0.362,3.29573478135464e-10,"17","TMEM50A"
"ATP5F1",1.19168922528855e-14,0.386804857157402,0.608,0.296,3.3592527571659e-10,"17","ATP5F1"
"MAT2B",1.29099971440101e-14,0.364007899489476,0.456,0.195,3.639199094925e-10,"17","MAT2B"
"PRPF38A",1.31029849970548e-14,0.302995862926764,0.409,0.163,3.69360044081978e-10,"17","PRPF38A"
"BUB3",1.32107276400944e-14,0.359757572747287,0.602,0.292,3.7239720144662e-10,"17","BUB3"
"UBXN1",1.34346882601842e-14,0.471616825352932,0.86,0.556,3.78710427366332e-10,"17","UBXN1"
"TAX1BP1",1.49077765464805e-14,0.44125327185248,0.795,0.457,4.20235313068738e-10,"17","TAX1BP1"
"TNFRSF14",1.49870183304286e-14,0.418759346378543,0.62,0.311,4.22469059716453e-10,"17","TNFRSF14"
"NDUFA13",1.89719175943114e-14,0.535932939870916,0.76,0.434,5.34799385066044e-10,"17","NDUFA13"
"LEPROTL13",1.99394739655908e-14,0.464815003060199,0.854,0.511,5.6207383161604e-10,"17","LEPROTL1"
"SH3BGRL3",2.02412122858467e-14,0.396835952023148,1,0.9,5.70579533125734e-10,"17","SH3BGRL3"
"DDX17",2.26040760395073e-14,0.504849316825925,0.912,0.624,6.3718629947767e-10,"17","DDX17"
"GIMAP2",2.38475053469263e-14,0.335407273729491,0.404,0.166,6.72237328224504e-10,"17","GIMAP2"
"EIF2S2",2.50452494509785e-14,0.451761649231361,0.719,0.393,7.06000536773634e-10,"17","EIF2S2"
"NPAT",2.5078242966194e-14,0.369576010823852,0.38,0.154,7.06930590974042e-10,"17","NPAT"
"SF3B6",2.5192147767611e-14,0.376710186459802,0.696,0.359,7.10141453421188e-10,"17","SF3B6"
"PDCD2",2.82433843116197e-14,0.343770727092601,0.503,0.225,7.96152760360248e-10,"17","PDCD2"
"PIN1",2.82910731476747e-14,0.35405478325002,0.526,0.241,7.97497060959802e-10,"17","PIN1"
"NGFRAP1",2.94305918432621e-14,0.362188631222033,0.251,0.084,8.29618953469714e-10,"17","NGFRAP1"
"MSN1",2.9449285922555e-14,0.508791538602467,0.865,0.557,8.30145920870903e-10,"17","MSN"
"AKIRIN1",2.9990016887398e-14,0.344288009916792,0.526,0.24,8.45388586038863e-10,"17","AKIRIN1"
"ATP5I",3.10594881853287e-14,0.413325892974942,0.889,0.553,8.75535912456231e-10,"17","ATP5I"
"GNAI2",3.63628866344077e-14,0.420255435553322,0.877,0.582,1.02503341133732e-09,"17","GNAI2"
"ALKBH71",4.04273987886955e-14,0.425853321119823,0.614,0.307,1.13960794445454e-09,"17","ALKBH7"
"KIF2A",4.21027909094277e-14,0.498080386201342,0.743,0.415,1.18683557294586e-09,"17","KIF2A"
"ZMAT2",4.23459301053252e-14,0.348631206371311,0.538,0.247,1.19368942373901e-09,"17","ZMAT2"
"PRDX11",4.27433263076563e-14,0.391853166273236,0.626,0.309,1.20489162528652e-09,"17","PRDX1"
"PDCD6",4.36574745416247e-14,0.370791140147868,0.561,0.273,1.23066054985386e-09,"17","PDCD6"
"FMR1",4.85779234408569e-14,0.300706010799311,0.333,0.125,1.36936308387431e-09,"17","FMR1"
"COPE",4.89342316897142e-14,0.385980631023016,0.713,0.395,1.37940705710135e-09,"17","COPE"
"VDAC1",5.06216686082863e-14,0.337550487194725,0.52,0.243,1.42697421639898e-09,"17","VDAC1"
"TPGS2",5.1108631296058e-14,0.330355781626459,0.257,0.088,1.44070120760458e-09,"17","TPGS2"
"PCBP1",5.53192576799257e-14,0.509561117552627,0.801,0.498,1.55939455473943e-09,"17","PCBP1"
"RPA3",5.79792224651857e-14,0.30454175753001,0.398,0.164,1.63437630207112e-09,"17","RPA3"
"RP5-1171I10.51",5.97659850031203e-14,0.500706828273784,0.485,0.22,1.68474335125296e-09,"17","RP5-1171I10.5"
"LBH",6.08437776129001e-14,0.552442172889673,0.725,0.421,1.71512524713004e-09,"17","LBH"
"KARS",6.29867281824804e-14,0.310418927895612,0.351,0.138,1.77553288073594e-09,"17","KARS"
"ARL6IP5",6.80883534227234e-14,0.425889425793123,0.912,0.593,1.91934259463315e-09,"17","ARL6IP5"
"KPNB1",6.83278984040968e-14,0.316493628619301,0.579,0.271,1.92609512811308e-09,"17","KPNB1"
"SCP2",7.09778825346088e-14,0.318311428378889,0.602,0.289,2.00079553076809e-09,"17","SCP2"
"FLNA",7.72542912763145e-14,0.44852953544886,0.772,0.431,2.17772121678803e-09,"17","FLNA"
"MPLKIP",8.17429738465904e-14,0.306803451556559,0.351,0.138,2.30425268976154e-09,"17","MPLKIP"
"TNIK",8.8736426874531e-14,0.348032576009071,0.386,0.159,2.50139113716615e-09,"17","TNIK"
"MRPL34",9.60795122886078e-14,0.312094573768752,0.485,0.218,2.70838537190357e-09,"17","MRPL34"
"CAST",9.91185760427124e-14,0.555837607856677,0.825,0.559,2.79405354006802e-09,"17","CAST"
"SCAND1",1.00311729536392e-13,0.42018099319231,0.708,0.379,2.82768734390137e-09,"17","SCAND1"
"SYNRG1",1.01357653918788e-13,0.394869098397424,0.614,0.311,2.85717090631672e-09,"17","SYNRG"
"CKLF",1.08355264587144e-13,0.37326228642671,0.585,0.284,3.054426553447e-09,"17","CKLF"
"PRKACB",1.23435279433597e-13,0.332076440819605,0.573,0.27,3.47951709195368e-09,"17","PRKACB"
"GZMA1",1.33589537530133e-13,0.792215902533874,0.69,0.411,3.76575547343691e-09,"17","GZMA"
"RB1CC1",1.59828957367824e-13,0.368977442283263,0.48,0.217,4.50541847924158e-09,"17","RB1CC1"
"TOP2B",1.84617536389073e-13,0.311873692492879,0.456,0.202,5.20418373327157e-09,"17","TOP2B"
"MZT2A",1.8847193241268e-13,0.477301115618436,0.719,0.411,5.31283530278104e-09,"17","MZT2A"
"CHCHD2",1.9483805319257e-13,0.404924351228058,0.947,0.717,5.49228988144534e-09,"17","CHCHD2"
"NDUFB8",1.98804954411723e-13,0.465710936984884,0.76,0.449,5.60411285991205e-09,"17","NDUFB8"
"TECR",2.12380344467197e-13,0.361947422114484,0.544,0.258,5.98678953018581e-09,"17","TECR"
"DNMT1",2.23580478143053e-13,0.31227008833813,0.515,0.238,6.30251009837453e-09,"17","DNMT1"
"DIAPH1",2.33061813615364e-13,0.310372411540862,0.637,0.319,6.5697794640035e-09,"17","DIAPH1"
"LARP7",2.59849842940889e-13,0.385285065222734,0.462,0.211,7.32490722266071e-09,"17","LARP7"
"RBL2",2.90582780843253e-13,0.385068706930783,0.637,0.331,8.19123800919046e-09,"17","RBL2"
"PBDC1",2.95967846124399e-13,0.302987799677016,0.333,0.13,8.3430376144007e-09,"17","PBDC1"
"DYNLRB1",2.96729568387692e-13,0.415616390094716,0.661,0.369,8.36450980328066e-09,"17","DYNLRB1"
"SNRPF",3.32676790451208e-13,0.432282860449879,0.708,0.403,9.37782604602911e-09,"17","SNRPF"
"SERINC3",3.52837925765489e-13,0.35703663354497,0.409,0.178,9.94614828940336e-09,"17","SERINC3"
"UFC1",3.93631725954381e-13,0.413634696911811,0.766,0.437,1.10960847229281e-08,"17","UFC1"
"DNAJA2",4.22977467956021e-13,0.343004470093652,0.538,0.255,1.19233118442123e-08,"17","DNAJA2"
"TMBIM6",5.00015751180542e-13,0.425355457979129,0.86,0.545,1.40949440100283e-08,"17","TMBIM6"
"PARP15",5.09830769323601e-13,0.333054827456903,0.363,0.148,1.4371619556463e-08,"17","PARP15"
"MDH2",5.42584408065573e-13,0.358010179519462,0.561,0.278,1.52949118789604e-08,"17","MDH2"
"NFATC3",5.47970909874939e-13,0.349199454447618,0.48,0.219,1.54467519784647e-08,"17","NFATC3"
"CHMP51",5.71960826571412e-13,0.319964423201314,0.374,0.154,1.61230037402215e-08,"17","CHMP5"
"BTF3L4",5.98158589835974e-13,0.3152430366399,0.392,0.167,1.68614924888863e-08,"17","BTF3L4"
"GRB2",6.20097614996285e-13,0.357906568707541,0.684,0.365,1.74799316691303e-08,"17","GRB2"
"NEDD8",6.39119664157817e-13,0.404913808760704,0.871,0.509,1.80161442129447e-08,"17","NEDD8"
"IL10RA2",6.66106886102071e-13,0.388254314781557,0.579,0.285,1.87768870123313e-08,"17","IL10RA"
"ROCK1",6.80262116499043e-13,0.312955428077631,0.713,0.375,1.91759088019915e-08,"17","ROCK1"
"MRPL54",7.04789676505144e-13,0.361261130269271,0.608,0.306,1.98673161910035e-08,"17","MRPL54"
"RHOA",7.35995858903288e-13,0.398079757295437,0.854,0.582,2.07469872666248e-08,"17","RHOA"
"NDUFB11",7.80199967829148e-13,0.436136405509852,0.842,0.53,2.19930568931359e-08,"17","NDUFB11"
"PTGER42",7.92778746635081e-13,0.449001734918975,0.427,0.196,2.23476400888963e-08,"17","PTGER4"
"AP2M1",8.44424505656137e-13,0.327274917560194,0.596,0.293,2.38034823899408e-08,"17","AP2M1"
"RAC1",8.60522971519796e-13,0.396585348452781,0.702,0.381,2.42572820441715e-08,"17","RAC1"
"THOC7",9.66055887685022e-13,0.367953041657924,0.515,0.247,2.72321494179531e-08,"17","THOC7"
"REST",1.03940690524118e-12,0.342622237629359,0.526,0.256,2.92998412518436e-08,"17","REST"
"HNRNPD",1.08644881002177e-12,0.398220148711702,0.789,0.46,3.06259055057037e-08,"17","HNRNPD"
"VPS28",1.11831550896192e-12,0.41223800912646,0.69,0.397,3.15241958821275e-08,"17","VPS28"
"ACP1",1.14181614710025e-12,0.36449772854871,0.556,0.275,3.2186655370609e-08,"17","ACP1"
"B4GALT11",1.15308913816783e-12,0.337912724605061,0.45,0.204,3.25044297158131e-08,"17","B4GALT1"
"GOLGB1",1.27017855624345e-12,0.306713120786799,0.526,0.251,3.58050633219466e-08,"17","GOLGB1"
"SYPL1",1.34522727717375e-12,0.386886528193575,0.38,0.166,3.79206117162508e-08,"17","SYPL1"
"LUC7L3",1.35542539547709e-12,0.430448144773166,0.813,0.491,3.82080864731036e-08,"17","LUC7L3"
"SYF2",1.44222794403267e-12,0.458445578736065,0.836,0.529,4.06549635143369e-08,"17","SYF2"
"PSMB6",1.76571143223803e-12,0.350318965325929,0.55,0.28,4.97736395633579e-08,"17","PSMB6"
"S100A61",1.83246676393342e-12,0.613904038682691,0.942,0.86,5.16554056085192e-08,"17","S100A6"
"HMGB2",1.83861275406059e-12,0.364758810216046,0.743,0.408,5.1828654924214e-08,"17","HMGB2"
"C4orf3",2.26602271784675e-12,0.366274084584381,0.778,0.457,6.3876914393382e-08,"17","C4orf3"
"LINC008611",2.46611988823161e-12,0.38971195124158,0.608,0.328,6.9517453529361e-08,"17","LINC00861"
"DR1",2.48338788427823e-12,0.314297634618111,0.409,0.179,7.00042210699189e-08,"17","DR1"
"SELPLG",2.58175452501521e-12,0.313473734235305,0.509,0.244,7.27770783056538e-08,"17","SELPLG"
"ING4",2.97258232852632e-12,0.348844303544897,0.292,0.116,8.37941232588285e-08,"17","ING4"
"BCL11B3",2.98818559530263e-12,0.382986805678467,0.643,0.355,8.42339637459858e-08,"17","BCL11B"
"FKBP8",3.55746952797649e-12,0.396074471399285,0.591,0.31,1.00281508524129e-07,"17","FKBP8"
"ARHGAP152",3.65946946873482e-12,0.35569662095674,0.667,0.359,1.03156784854166e-07,"17","ARHGAP15"
"COX6A1",4.32160869307164e-12,0.386463979313364,0.807,0.525,1.21821827448997e-07,"17","COX6A1"
"YWHAB1",4.42993276133319e-12,0.360456914566782,0.918,0.69,1.24875374609221e-07,"17","YWHAB"
"EXOSC9",4.67731698007896e-12,0.30612199634565,0.275,0.105,1.31848888351446e-07,"17","EXOSC9"
"IRF92",4.92353394271091e-12,0.320975059026437,0.351,0.146,1.38789498311078e-07,"17","IRF9"
"LINC00493",5.11344465962737e-12,0.341821277572248,0.573,0.301,1.44142891510236e-07,"17","LINC00493"
"CHD31",5.47818433805814e-12,0.359818650384717,0.567,0.287,1.54424538305521e-07,"17","CHD3"
"RARRES3",5.53165084672893e-12,0.378661458036972,0.842,0.532,1.55931705718442e-07,"17","RARRES3"
"UBE2D2",5.80773061490153e-12,0.349825609831543,0.825,0.517,1.63714118303459e-07,"17","UBE2D2"
"CEP57",5.86096904041384e-12,0.307259235725309,0.409,0.185,1.65214856280226e-07,"17","CEP57"
"GHITM",5.86795562859159e-12,0.316918844572673,0.602,0.317,1.65411801214368e-07,"17","GHITM"
"GTF3A",5.91705692475602e-12,0.495998934384088,0.848,0.562,1.66795917651947e-07,"17","GTF3A"
"PPP1R12A",6.24794134786681e-12,0.303854656126319,0.655,0.353,1.76123218655018e-07,"17","PPP1R12A"
"AURKAIP1",6.26393155471489e-12,0.357142335969352,0.62,0.317,1.76573966595858e-07,"17","AURKAIP1"
"RPS19BP1",6.36598140360901e-12,0.33160842295023,0.602,0.307,1.79450649786334e-07,"17","RPS19BP1"
"TERF2IP",9.3156512607133e-12,0.347868898930936,0.731,0.395,2.62598893388247e-07,"17","TERF2IP"
"BTN3A2",9.81551288534341e-12,0.374310606085773,0.643,0.342,2.76689492724945e-07,"17","BTN3A2"
"PHB2",9.89671215787099e-12,0.327088958243429,0.596,0.304,2.78978419018225e-07,"17","PHB2"
"NDUFB9",9.95847978523603e-12,0.42851560459862,0.667,0.384,2.80719586666019e-07,"17","NDUFB9"
"LAMTOR4",1.09709607177665e-11,0.395341083445954,0.86,0.531,3.09260411673119e-07,"17","LAMTOR4"
"PSMA2",1.12253448910613e-11,0.364234080885823,0.497,0.249,3.16431247134127e-07,"17","PSMA2"
"SSR2",1.19433745579291e-11,0.412398227793402,0.906,0.64,3.36671785413464e-07,"17","SSR2"
"VDAC2",1.30061918884352e-11,0.337211757075578,0.585,0.302,3.66631543143099e-07,"17","VDAC2"
"C11orf31",1.38989530329827e-11,0.328817794893118,0.69,0.389,3.91797587046749e-07,"17","C11orf31"
"SHISA5",1.64269235587168e-11,0.309272713964441,0.474,0.225,4.63058548196669e-07,"17","SHISA5"
"NDUFA11",1.77927265370654e-11,0.412523514013718,0.725,0.433,5.01559168353335e-07,"17","NDUFA11"
"IL2RG1",1.88022588399639e-11,0.430498228218425,0.901,0.627,5.30016874439742e-07,"17","IL2RG"
"CD47",2.21174918880539e-11,0.362630502384596,0.737,0.416,6.23469978832351e-07,"17","CD47"
"PRR13",2.29341704696682e-11,0.360673491533087,0.778,0.465,6.46491331369476e-07,"17","PRR13"
"DGUOK",2.31630386493727e-11,0.342060760490305,0.532,0.27,6.52942896487167e-07,"17","DGUOK"
"RCAN34",2.50656018162229e-11,0.306976474444771,0.661,0.36,7.06574249597508e-07,"17","RCAN3"
"EZR3",2.88973322765968e-11,0.309091700931568,0.749,0.439,8.14586899544987e-07,"17","EZR"
"EIF3D",3.00968837370742e-11,0.344265388658693,0.725,0.424,8.48401055664384e-07,"17","EIF3D"
"PSME11",3.52195872292947e-11,0.395102058234835,0.924,0.688,9.92804944406589e-07,"17","PSME1"
"RNF2131",3.58374295006038e-11,0.423080505477801,0.848,0.595,1.01022130019252e-06,"17","RNF213"
"USP34",4.17985666311657e-11,0.324566531117129,0.579,0.305,1.17825979476593e-06,"17","USP34"
"SAT11",4.52491152705949e-11,0.305121004816659,0.883,0.574,1.2755273103628e-06,"17","SAT1"
"AKAP13",4.65435232319711e-11,0.385929853112203,0.813,0.51,1.31201537638603e-06,"17","AKAP13"
"COX7C1",5.18900845109997e-11,0.374867066911666,0.988,0.866,1.46272959228057e-06,"17","COX7C"
"GABARAP",5.25707835519135e-11,0.386381475283547,0.345,0.154,1.48191781754489e-06,"17","GABARAP"
"KHDRBS1",6.53613724169276e-11,0.329307247744875,0.655,0.362,1.84247172706077e-06,"17","KHDRBS1"
"NFATC2IP",6.60178080261337e-11,0.331212036145087,0.421,0.197,1.86097599044868e-06,"17","NFATC2IP"
"PTP4A2",6.87130516133457e-11,0.327630626677333,0.889,0.584,1.9369522119286e-06,"17","PTP4A2"
"UQCRH",7.75971211858152e-11,0.363679678566164,0.871,0.611,2.18738524910695e-06,"17","UQCRH"
"NDUFA1",7.82850450237634e-11,0.406133436640069,0.813,0.555,2.20677713417487e-06,"17","NDUFA1"
"RPL36AL1",8.21406694256182e-11,0.345667627689773,0.982,0.879,2.31546333043875e-06,"17","RPL36AL"
"DENR",8.62469711010941e-11,0.305887924001456,0.515,0.263,2.43121586836874e-06,"17","DENR"
"SETX",8.7637958379481e-11,0.338279302186425,0.532,0.277,2.47042640875919e-06,"17","SETX"
"PHF20L1",9.09887098989085e-11,0.338902132264053,0.444,0.214,2.56488074334033e-06,"17","PHF20L1"
"CIR1",9.40885757628751e-11,0.31129243942987,0.561,0.285,2.65226286217969e-06,"17","CIR1"
"ATP5D",1.02335417256572e-10,0.385021981079918,0.83,0.573,2.88473307704552e-06,"17","ATP5D"
"HIST1H1E1",1.15506712900543e-10,0.41057324010884,0.655,0.37,3.2560187299534e-06,"17","HIST1H1E"
"CDC42SE11",1.45805425145996e-10,0.322555271576347,0.76,0.462,4.11010912944049e-06,"17","CDC42SE1"
"CACYBP",1.70207105899024e-10,0.309211399093479,0.485,0.239,4.7979681081876e-06,"17","CACYBP"
"PIK3IP12",1.92215796917837e-10,0.383301855407481,0.696,0.411,5.41837109931692e-06,"17","PIK3IP1"
"MX11",1.93009222591839e-10,0.419944901694795,0.257,0.102,5.44073697564136e-06,"17","MX1"
"TMA7",2.13972982812598e-10,0.349857670463837,0.988,0.848,6.03168441250433e-06,"17","TMA7"
"VAPA",2.28711377859619e-10,0.320335827297443,0.661,0.363,6.4471450304848e-06,"17","VAPA"
"PTMS",2.53474714035543e-10,0.314768332150022,0.222,0.082,7.14519871394793e-06,"17","PTMS"
"SRSF9",2.60504557844998e-10,0.305978914796544,0.69,0.394,7.34336298109265e-06,"17","SRSF9"
"SERBP11",2.66058717262565e-10,0.363578511800857,0.83,0.596,7.49992918091445e-06,"17","SERBP1"
"C11orf58",2.66290247214796e-10,0.327717857921928,0.83,0.514,7.50645577873788e-06,"17","C11orf58"
"ELF11",3.03716692037519e-10,0.318036799260204,0.819,0.497,8.56146983184561e-06,"17","ELF1"
"SLC38A11",4.56657711206938e-10,0.312430651247299,0.719,0.428,1.28727242212124e-05,"17","SLC38A1"
"LRRFIP1",5.79210407077081e-10,0.311810748695566,0.807,0.519,1.63273621650958e-05,"17","LRRFIP1"
"RSF1",5.8755937401882e-10,0.300369689170673,0.567,0.305,1.65627111942165e-05,"17","RSF1"
"COX14",5.95854528779941e-10,0.315348887173962,0.591,0.319,1.67965433117778e-05,"17","COX14"
"UHMK1",6.5332278459553e-10,0.302136457028172,0.48,0.246,1.84165159749634e-05,"17","UHMK1"
"EIF3F",8.21429682076834e-10,0.373847574844825,0.877,0.644,2.31552813080639e-05,"17","EIF3F"
"HSPA8",9.69378915295416e-10,0.439584273568978,0.854,0.667,2.73258222432625e-05,"17","HSPA8"
"NDUFA4",1.28866502326323e-09,0.371721503299418,0.918,0.693,3.63261783407671e-05,"17","NDUFA4"
"CIB1",1.39194571073287e-09,0.346267215729464,0.754,0.477,3.92375576398489e-05,"17","CIB1"
"RAD21",1.54631691979601e-09,0.330739711745666,0.643,0.376,4.35891276521296e-05,"17","RAD21"
"GSTK13",1.73741063633296e-09,0.325718954142815,0.83,0.534,4.89758684275897e-05,"17","GSTK1"
"SNRPD2",1.78337218636548e-09,0.359825655856094,0.912,0.665,5.02714785614564e-05,"17","SNRPD2"
"EIF3K",1.82864795689718e-09,0.315884215299463,0.959,0.753,5.15477572569745e-05,"17","EIF3K"
"GLS",2.37836572597841e-09,0.367194546485144,0.596,0.35,6.70437514496053e-05,"17","GLS"
"POLR3GL",2.52423571259248e-09,0.316557848875391,0.55,0.301,7.11556805022695e-05,"17","POLR3GL"
"ACIN1",3.464813100711e-09,0.318694396357541,0.462,0.243,9.76696164959424e-05,"17","ACIN1"
"COX6C",3.6868894765548e-09,0.346584864762133,0.924,0.724,0.000103929727454603,"17","COX6C"
"EML4",3.93043830511752e-09,0.33598234776743,0.62,0.37,0.000110795125382958,"17","EML4"
"EIF2S31",4.35680118399756e-09,0.365264174990536,0.725,0.452,0.000122813868575707,"17","EIF2S3"
"CHURC1",4.4800999366236e-09,0.308716230378992,0.702,0.414,0.000126289537113483,"17","CHURC1"
"NELL2",4.49113171492986e-09,0.438308157456463,0.246,0.106,0.000126600511912158,"17","NELL2"
"NDUFS5",4.57340277880728e-09,0.354256508355109,0.784,0.531,0.000128919650931799,"17","NDUFS5"
"GIMAP72",5.00191661176979e-09,0.408598830193227,0.789,0.524,0.000140999027369179,"17","GIMAP7"
"ANKRD11",6.5333916849188e-09,0.300914532458934,0.702,0.424,0.000184169778206176,"17","ANKRD11"
"USMG5",6.80325069994741e-09,0.329814733046763,0.76,0.505,0.000191776833980817,"17","USMG5"
"CCDC186",8.29927931996223e-09,0.305775768615196,0.439,0.232,0.000233948384750415,"17","CCDC186"
"ATRX",8.32852992201239e-09,0.348675637161445,0.737,0.495,0.000234772929971607,"17","ATRX"
"EIF5A1",9.58940421538268e-09,0.314102841524041,0.801,0.518,0.000270315715427422,"17","EIF5A"
"SRSF11",1.06790266683251e-08,0.31191475869717,0.754,0.49,0.000301031082753417,"17","SRSF11"
"CAMK43",1.09383976547188e-08,0.317654332619378,0.456,0.244,0.000308342491488869,"17","CAMK4"
"TCEA1",1.25384911753434e-08,0.343458931576963,0.708,0.465,0.000353447527741754,"17","TCEA1"
"PCBP2",1.59585137343356e-08,0.334941105977767,0.865,0.593,0.000449854543657185,"17","PCBP2"
"CDC42",1.84606112005144e-08,0.315267829058815,0.918,0.784,0.000520386169131301,"17","CDC42"
"COX8A",2.12341880923872e-08,0.30348911974526,0.766,0.533,0.000598570528136303,"17","COX8A"
"CDKN2D1",2.74564151575463e-08,0.315328833232948,0.573,0.338,0.000773968886876073,"17","CDKN2D"
"TRBC11",5.56782849761945e-08,0.849217690424152,0.643,0.473,0.00156951517519395,"17","TRBC1"
"NKTR",5.76909232653284e-08,0.31392666165633,0.76,0.497,0.00162624943592634,"17","NKTR"
"HNRNPC",6.98722440515715e-08,0.306820546186547,0.854,0.627,0.00196962868756975,"17","HNRNPC"
"SET",9.17590582965588e-08,0.315534363491301,0.912,0.727,0.0025865960943217,"17","SET"
"ARL4C1",9.49485793412212e-08,0.311837043781702,0.895,0.646,0.00267650550304969,"17","ARL4C"
"VIM3",2.7752090202004e-05,0.305305261974937,0.918,0.798,0.782303670704291,"17","VIM"
"GNLY2",0,2.90906916737741,0.961,0.355,0,"2","GNLY"
"GZMB1",0,2.89878236103426,0.955,0.194,0,"2","GZMB"
"SPON21",0,2.60352453194276,0.777,0.111,0,"2","SPON2"
"PRF12",0,2.58556423488564,0.918,0.212,0,"2","PRF1"
"NKG72",0,2.51285444611823,1,0.415,0,"2","NKG7"
"KLRF11",0,2.49898344280065,0.82,0.078,0,"2","KLRF1"
"FGFBP21",0,2.47284131744674,0.872,0.189,0,"2","FGFBP2"
"CLIC31",0,2.4622700258697,0.714,0.089,0,"2","CLIC3"
"FCER1G2",0,2.45691540250401,0.769,0.11,0,"2","FCER1G"
"TYROBP2",0,2.32605644768803,0.934,0.204,0,"2","TYROBP"
"FCGR3A",0,2.26316810205396,0.784,0.11,0,"2","FCGR3A"
"CST7",0,2.18056592085102,0.969,0.336,0,"2","CST7"
"KLRD12",0,2.1760690936339,0.911,0.21,0,"2","KLRD1"
"MYOM2",0,2.17420599154798,0.426,0.048,0,"2","MYOM2"
"CCL41",0,2.14300587616572,0.706,0.169,0,"2","CCL4"
"GZMA2",0,2.12868479705936,0.966,0.346,0,"2","GZMA"
"TRDC1",0,1.99465628963186,0.703,0.081,0,"2","TRDC"
"CD2471",0,1.96186847216706,0.897,0.41,0,"2","CD247"
"HOPX1",0,1.96068148183572,0.782,0.217,0,"2","HOPX"
"EFHD21",0,1.95742891969362,0.916,0.33,0,"2","EFHD2"
"CTSW1",0,1.86986091184593,0.883,0.342,0,"2","CTSW"
"IL2RB1",0,1.77096400270263,0.633,0.117,0,"2","IL2RB"
"KLRB11",0,1.74625153553267,0.835,0.245,0,"2","KLRB1"
"CD71",0,1.54195060401673,0.814,0.425,0,"2","CD7"
"CD631",0,1.53495269552087,0.788,0.343,0,"2","CD63"
"IGFBP71",0,1.50366870983884,0.404,0.017,0,"2","IGFBP7"
"IFITM21",0,1.48445531278848,0.925,0.653,0,"2","IFITM2"
"CMC11",0,1.48353149424884,0.592,0.18,0,"2","CMC1"
"GZMM",0,1.45084790212603,0.845,0.43,0,"2","GZMM"
"PLEK1",0,1.44844388024815,0.717,0.246,0,"2","PLEK"
"ABHD17A",0,1.42527725703328,0.791,0.406,0,"2","ABHD17A"
"CCL3",0,1.42022575395279,0.27,0.039,0,"2","CCL3"
"CCL5",0,1.38676166243816,0.86,0.451,0,"2","CCL5"
"ADGRG1",0,1.37332253097447,0.49,0.086,0,"2","ADGRG1"
"ITGB21",0,1.36056012354424,0.84,0.492,0,"2","ITGB2"
"PYHIN1",0,1.32753241855457,0.63,0.233,0,"2","PYHIN1"
"PLAC81",0,1.32503516749512,0.816,0.475,0,"2","PLAC8"
"MATK1",0,1.32011506858663,0.552,0.152,0,"2","MATK"
"CX3CR1",0,1.30468397609516,0.427,0.07,0,"2","CX3CR1"
"METRNL1",0,1.28764024118898,0.461,0.087,0,"2","METRNL"
"KLRC11",0,1.28512434167061,0.288,0.041,0,"2","KLRC1"
"CD160",0,1.27998580187095,0.349,0.04,0,"2","CD160"
"GZMH1",0,1.27104052373343,0.694,0.23,0,"2","GZMH"
"CYBA1",0,1.26641857834383,0.976,0.826,0,"2","CYBA"
"APMAP1",0,1.24788909543394,0.529,0.152,0,"2","APMAP"
"GNPTAB",0,1.22885979188278,0.51,0.166,0,"2","GNPTAB"
"RHOC1",0,1.21547909188825,0.465,0.109,0,"2","RHOC"
"C1orf211",0,1.20168668449202,0.464,0.097,0,"2","C1orf21"
"SYNE11",0,1.19773509694901,0.659,0.299,0,"2","SYNE1"
"PTPN121",0,1.19324492164228,0.434,0.095,0,"2","PTPN12"
"HCST2",0,1.18956212889993,0.952,0.711,0,"2","HCST"
"JAK11",0,1.17827253987512,0.853,0.627,0,"2","JAK1"
"CEP782",0,1.17049317710988,0.444,0.123,0,"2","CEP78"
"SAMD32",0,1.15839749500313,0.632,0.268,0,"2","SAMD3"
"TTC38",0,1.15537700906537,0.382,0.054,0,"2","TTC38"
"MYBL1",0,1.15000466504188,0.513,0.174,0,"2","MYBL1"
"PRSS23",0,1.12831891198785,0.36,0.054,0,"2","PRSS23"
"SH2D1B1",0,1.12829588850641,0.314,0.012,0,"2","SH2D1B"
"PTGDR1",0,1.10712719120662,0.367,0.06,0,"2","PTGDR"
"ARHGAP92",0,1.10475533524418,0.496,0.208,0,"2","ARHGAP9"
"GNG2",0,1.09780583879009,0.552,0.232,0,"2","GNG2"
"S1PR5",0,1.09307636394126,0.37,0.061,0,"2","S1PR5"
"TXK2",0,1.09165459485891,0.489,0.188,0,"2","TXK"
"XCL21",0,1.09129041987567,0.319,0.051,0,"2","XCL2"
"AKR1C3",0,1.08788117422063,0.288,0.017,0,"2","AKR1C3"
"LAIR2",0,1.08573250649544,0.282,0.059,0,"2","LAIR2"
"ZEB21",0,1.0851841281157,0.653,0.249,0,"2","ZEB2"
"SRGN3",0,1.08372951571414,0.899,0.591,0,"2","SRGN"
"CTSC1",0,1.06130083591202,0.582,0.264,0,"2","CTSC"
"ARL4C2",0,1.06097046301908,0.883,0.619,0,"2","ARL4C"
"RUNX31",0,1.05341387395159,0.617,0.301,0,"2","RUNX3"
"ID22",0,1.04970989442361,0.726,0.393,0,"2","ID2"
"PFN12",0,1.04829645533675,0.97,0.876,0,"2","PFN1"
"MAP3K81",0,1.04054361625345,0.399,0.123,0,"2","MAP3K8"
"GSTP12",0,1.02853896273877,0.706,0.414,0,"2","GSTP1"
"CTSD2",0,1.01660442527884,0.552,0.232,0,"2","CTSD"
"AOAH1",0,1.00907704343696,0.376,0.08,0,"2","AOAH"
"C12orf75",0,1.00344321060697,0.594,0.277,0,"2","C12orf75"
"RARRES31",0,1.00321638384699,0.758,0.505,0,"2","RARRES3"
"NCR31",0,0.993286969814527,0.382,0.11,0,"2","NCR3"
"LCP11",0,0.990525911790531,0.895,0.696,0,"2","LCP1"
"DOK2",0,0.988681944429087,0.516,0.221,0,"2","DOK2"
"ALOX5AP",0,0.979579981388826,0.507,0.256,0,"2","ALOX5AP"
"DBI1",0,0.974629641073928,0.7,0.449,0,"2","DBI"
"CHST2",0,0.971305665860527,0.267,0.02,0,"2","CHST2"
"LITAF1",0,0.96801966435383,0.737,0.477,0,"2","LITAF"
"CD300A1",0,0.964941815018318,0.357,0.078,0,"2","CD300A"
"ARPC21",0,0.96360660595595,0.927,0.767,0,"2","ARPC2"
"TBX21",0,0.957822450824951,0.35,0.081,0,"2","TBX21"
"CLIC13",0,0.953528033476053,0.804,0.543,0,"2","CLIC1"
"UBB2",0,0.946797846884054,0.916,0.753,0,"2","UBB"
"ARPC5L1",0,0.94556349342326,0.523,0.261,0,"2","ARPC5L"
"MCTP21",0,0.938625615023301,0.331,0.076,0,"2","MCTP2"
"MSN2",0,0.934373358321658,0.769,0.532,0,"2","MSN"
"GK5",0,0.927990640454618,0.31,0.076,0,"2","GK5"
"SYTL31",0,0.926308776805217,0.397,0.145,0,"2","SYTL3"
"FAM49B",0,0.92383884269021,0.607,0.348,0,"2","FAM49B"
"TLN11",0,0.919966303038472,0.691,0.445,0,"2","TLN1"
"DIP2A1",0,0.918109731676874,0.43,0.205,0,"2","DIP2A"
"APOBEC3G1",0,0.917209772170756,0.469,0.201,0,"2","APOBEC3G"
"TFDP2",0,0.914849663322337,0.393,0.15,0,"2","TFDP2"
"PDIA31",0,0.912993682272649,0.681,0.451,0,"2","PDIA3"
"TPST21",0,0.912006324976514,0.403,0.14,0,"2","TPST2"
"MYO1F1",0,0.911297898112832,0.541,0.231,0,"2","MYO1F"
"MBP1",0,0.908939947365121,0.688,0.443,0,"2","MBP"
"C5orf56",0,0.898832934904866,0.436,0.189,0,"2","C5orf56"
"ITGAL",0,0.895224678481716,0.528,0.254,0,"2","ITGAL"
"RAP1B1",0,0.893641762890025,0.666,0.43,0,"2","RAP1B"
"ACTN41",0,0.887712311512547,0.472,0.2,0,"2","ACTN4"
"CTBP21",0,0.886725924861779,0.27,0.026,0,"2","CTBP2"
"CFL11",0,0.883811192675032,0.958,0.869,0,"2","CFL1"
"BIN21",0,0.880611011011708,0.686,0.451,0,"2","BIN2"
"RNF2132",0,0.879830041586913,0.79,0.572,0,"2","RNF213"
"OSTF1",0,0.879782954178271,0.51,0.273,0,"2","OSTF1"
"FCRL6",0,0.872665585346486,0.312,0.071,0,"2","FCRL6"
"LGALS11",0,0.871750038124609,0.624,0.371,0,"2","LGALS1"
"CD381",0,0.868615622570678,0.238,0.032,0,"2","CD38"
"DHRS7",0,0.865623345975039,0.53,0.29,0,"2","DHRS7"
"IGF2R",0,0.861264969739704,0.375,0.147,0,"2","IGF2R"
"TGFBR3",0,0.850855806099466,0.356,0.114,0,"2","TGFBR3"
"NDUFB2",0,0.847427442521706,0.712,0.509,0,"2","NDUFB2"
"SEPT71",0,0.847287059611785,0.887,0.725,0,"2","SEPT7"
"UTRN2",0,0.841565572369297,0.642,0.415,0,"2","UTRN"
"SYNGR1",0,0.836698162763416,0.233,0.039,0,"2","SYNGR1"
"RP5-1171I10.52",0,0.834001608237732,0.41,0.198,0,"2","RP5-1171I10.5"
"SYNE21",0,0.83255242362574,0.746,0.512,0,"2","SYNE2"
"CHST121",0,0.832089423001096,0.359,0.123,0,"2","CHST12"
"CD991",0,0.831641780848786,0.798,0.558,0,"2","CD99"
"CLEC2B",0,0.825749312632246,0.666,0.439,0,"2","CLEC2B"
"PTPN4",0,0.822528073363601,0.464,0.245,0,"2","PTPN4"
"HLA-C",0,0.821327989761345,0.996,0.96,0,"2","HLA-C"
"HIPK2",0,0.820612964844544,0.304,0.1,0,"2","HIPK2"
"TGFB1",0,0.81371082242141,0.582,0.358,0,"2","TGFB1"
"RAC21",0,0.813423206131238,0.783,0.606,0,"2","RAC2"
"CXXC52",0,0.80419472116707,0.326,0.096,0,"2","CXXC5"
"NDUFB71",0,0.803855578108705,0.605,0.389,0,"2","NDUFB7"
"CAST1",0,0.803503282692146,0.746,0.537,0,"2","CAST"
"PIP4K2A2",0,0.801937568741829,0.578,0.362,0,"2","PIP4K2A"
"GPR651",0,0.799731135742959,0.405,0.194,0,"2","GPR65"
"HSH2D1",0,0.798352774257274,0.282,0.077,0,"2","HSH2D"
"CALM1",0,0.797564416916133,0.984,0.914,0,"2","CALM1"
"ZAP70",0,0.792942012462395,0.417,0.205,0,"2","ZAP70"
"SLC9A3R11",0,0.785528886657354,0.499,0.271,0,"2","SLC9A3R1"
"IRF11",0,0.783174555876548,0.709,0.5,0,"2","IRF1"
"IQGAP12",0,0.781131278749967,0.69,0.461,0,"2","IQGAP1"
"FGR2",0,0.778649331242671,0.339,0.094,0,"2","FGR"
"SLAMF7",0,0.777747541853562,0.284,0.071,0,"2","SLAMF7"
"FLNA1",0,0.777721144079976,0.654,0.405,0,"2","FLNA"
"MYL12A1",0,0.776349121327558,0.945,0.841,0,"2","MYL12A"
"ACTB2",0,0.775983967092775,0.99,0.976,0,"2","ACTB"
"ITGAM1",0,0.77486886751918,0.283,0.062,0,"2","ITGAM"
"CALR",0,0.773546765940245,0.654,0.493,0,"2","CALR"
"CEBPD2",0,0.771433332466432,0.316,0.075,0,"2","CEBPD"
"HSPA51",0,0.767140571935893,0.628,0.446,0,"2","HSPA5"
"CD1641",0,0.765857570795233,0.559,0.357,0,"2","CD164"
"NCAM11",0,0.758653688138827,0.211,0.023,0,"2","NCAM1"
"SH2D2A",0,0.758144509023472,0.271,0.08,0,"2","SH2D2A"
"SPN",0,0.756091664923605,0.448,0.233,0,"2","SPN"
"DTHD11",0,0.753567933300557,0.213,0.033,0,"2","DTHD1"
"ABI3",0,0.753045149963459,0.263,0.06,0,"2","ABI3"
"GSAP",0,0.747512341963459,0.282,0.091,0,"2","GSAP"
"TES1",0,0.745222195603708,0.477,0.285,0,"2","TES"
"PRMT21",0,0.739942580339669,0.651,0.471,0,"2","PRMT2"
"TMEM21",0,0.737520378797273,0.421,0.241,0,"2","TMEM2"
"PRKCH",0,0.737110752287797,0.422,0.23,0,"2","PRKCH"
"PPP1R181",0,0.737076953678769,0.44,0.236,0,"2","PPP1R18"
"ADGRE51",0,0.736285457923095,0.472,0.252,0,"2","ADGRE5"
"HLA-A1",0,0.734168016251904,0.997,0.967,0,"2","HLA-A"
"TLE41",0,0.731864310480913,0.563,0.394,0,"2","TLE4"
"STOM",0,0.731639793847194,0.339,0.129,0,"2","STOM"
"IL18RAP1",0,0.731543499467061,0.208,0.031,0,"2","IL18RAP"
"DSTN",0,0.72631831942417,0.542,0.361,0,"2","DSTN"
"BZW11",0,0.724680541831384,0.623,0.438,0,"2","BZW1"
"PRDX51",0,0.7246098700351,0.504,0.325,0,"2","PRDX5"
"CD812",0,0.723758454744026,0.642,0.444,0,"2","CD81"
"MYL61",0,0.720987198116351,0.936,0.837,0,"2","MYL6"
"APOL61",0,0.718888596492675,0.421,0.219,0,"2","APOL6"
"MAPK1",0,0.716679899319671,0.383,0.181,0,"2","MAPK1"
"PLA2G16",0,0.715148622520563,0.282,0.081,0,"2","PLA2G16"
"MIDN1",0,0.71120023205295,0.404,0.191,0,"2","MIDN"
"IL2RG2",0,0.710302887349396,0.765,0.611,0,"2","IL2RG"
"XBP11",0,0.710204476926967,0.461,0.283,0,"2","XBP1"
"TCF25",0,0.709409163014191,0.658,0.493,0,"2","TCF25"
"BST22",0,0.704182747701332,0.52,0.329,0,"2","BST2"
"POLR2L1",0,0.700179879607926,0.631,0.476,0,"2","POLR2L"
"FYN1",0,0.697129370449422,0.594,0.407,0,"2","FYN"
"CD531",0,0.694617770512665,0.653,0.482,0,"2","CD53"
"CARD161",0,0.686303038521225,0.435,0.256,0,"2","CARD16"
"IER21",0,0.683887082129048,0.828,0.662,0,"2","IER2"
"RASSF11",0,0.682913058113158,0.36,0.176,0,"2","RASSF1"
"C9orf1421",0,0.682243101495746,0.535,0.356,0,"2","C9orf142"
"LPCAT1",0,0.678903742274328,0.266,0.079,0,"2","LPCAT1"
"PTPRA",0,0.675475663694377,0.448,0.278,0,"2","PTPRA"
"AGTRAP",0,0.674496990216759,0.312,0.123,0,"2","AGTRAP"
"LAT2",0,0.670433802652201,0.244,0.063,0,"2","LAT2"
"PPIB",0,0.669563889762499,0.713,0.569,0,"2","PPIB"
"ACTG12",0,0.669196905950743,0.924,0.854,0,"2","ACTG1"
"UBE2F1",0,0.667612104359214,0.296,0.121,0,"2","UBE2F"
"SERTAD1",0,0.662341161068777,0.343,0.178,0,"2","SERTAD1"
"CCND3",0,0.65631106332683,0.575,0.427,0,"2","CCND3"
"C20orf24",0,0.654774826209714,0.349,0.182,0,"2","C20orf24"
"PTPN22",0,0.652874454574134,0.36,0.186,0,"2","PTPN22"
"ASCL2",0,0.651772643439545,0.219,0.048,0,"2","ASCL2"
"RAB8B1",0,0.651299283594684,0.391,0.221,0,"2","RAB8B"
"HLA-B",0,0.651268218819938,0.999,0.985,0,"2","HLA-B"
"POMP1",0,0.650529826884113,0.531,0.357,0,"2","POMP"
"GLIPR2",0,0.649188989047108,0.338,0.156,0,"2","GLIPR2"
"STARD3NL",0,0.64667122615166,0.225,0.072,0,"2","STARD3NL"
"SUN21",0,0.64538527497596,0.526,0.363,0,"2","SUN2"
"PPP1CA1",0,0.64378542862389,0.574,0.408,0,"2","PPP1CA"
"B2M",0,0.642051061627853,1,1,0,"2","B2M"
"STAT4",0,0.640718076717525,0.332,0.168,0,"2","STAT4"
"CDK2AP2",0,0.636879662892213,0.338,0.181,0,"2","CDK2AP2"
"TPM3",0,0.63126635351668,0.874,0.764,0,"2","TPM3"
"SLFN131",0,0.631153097908319,0.209,0.062,0,"2","SLFN13"
"YPEL1",0,0.630640436935226,0.214,0.055,0,"2","YPEL1"
"SERF21",0,0.628280949737245,0.966,0.911,0,"2","SERF2"
"SH3BGRL31",0,0.626120792524795,0.96,0.893,0,"2","SH3BGRL3"
"PSMB92",0,0.625832305231231,0.631,0.48,0,"2","PSMB9"
"IQGAP2",0,0.62556484365819,0.452,0.268,0,"2","IQGAP2"
"AKNA",0,0.625208807453622,0.427,0.26,0,"2","AKNA"
"RBM391",0,0.623815808290201,0.87,0.769,0,"2","RBM39"
"HMGN31",0,0.622386009444275,0.453,0.301,0,"2","HMGN3"
"YWHAZ1",0,0.621995799873371,0.859,0.742,0,"2","YWHAZ"
"PREX11",0,0.621595690639257,0.359,0.198,0,"2","PREX1"
"IFITM32",0,0.620273171445156,0.234,0.073,0,"2","IFITM3"
"DDIT41",0,0.61985853338777,0.449,0.291,0,"2","DDIT4"
"LY6E2",0,0.618697143985046,0.587,0.468,0,"2","LY6E"
"BSG",0,0.617500102541866,0.396,0.233,0,"2","BSG"
"HELZ",0,0.609722632730616,0.366,0.214,0,"2","HELZ"
"PTPRE1",0,0.60923406303263,0.314,0.127,0,"2","PTPRE"
"USP28",0,0.607816713973164,0.245,0.088,0,"2","USP28"
"HLA-F",0,0.60725838911139,0.684,0.551,0,"2","HLA-F"
"STK10",0,0.606688483620567,0.424,0.263,0,"2","STK10"
"MACF12",0,0.601931154182565,0.556,0.407,0,"2","MACF1"
"CFLAR1",0,0.6012704895603,0.552,0.387,0,"2","CFLAR"
"GADD45B2",0,0.599635717110387,0.561,0.413,0,"2","GADD45B"
"PSME22",0,0.599344965412214,0.586,0.448,0,"2","PSME2"
"HSP90B1",0,0.598776309055246,0.701,0.575,0,"2","HSP90B1"
"CISD3",0,0.598766113383605,0.26,0.111,0,"2","CISD3"
"TPI11",0,0.59800883091952,0.526,0.374,0,"2","TPI1"
"MIB21",0,0.597246977653313,0.277,0.136,0,"2","MIB2"
"C1orf1621",0,0.596649185608345,0.432,0.285,0,"2","C1orf162"
"SCP21",0,0.596119520535839,0.423,0.273,0,"2","SCP2"
"SSBP3",0,0.595894969246375,0.303,0.152,0,"2","SSBP3"
"EIF3G2",0,0.59581056439609,0.666,0.587,0,"2","EIF3G"
"VAMP8",0,0.595230650039015,0.601,0.449,0,"2","VAMP8"
"ARPC41",0,0.594757358807908,0.539,0.385,0,"2","ARPC4"
"PRELID11",0,0.591871892986193,0.557,0.409,0,"2","PRELID1"
"CDKN2D2",0,0.58869437663536,0.471,0.323,0,"2","CDKN2D"
"ZFP362",0,0.58859048956816,0.601,0.446,0,"2","ZFP36"
"CD2261",0,0.58782692189169,0.3,0.16,0,"2","CD226"
"ATP2B4",0,0.586954613764083,0.32,0.157,0,"2","ATP2B4"
"HLA-E",0,0.586783903190128,0.985,0.945,0,"2","HLA-E"
"MAPRE2",0,0.586760735432952,0.285,0.138,0,"2","MAPRE2"
"RNF1251",0,0.586756080391644,0.41,0.265,0,"2","RNF125"
"SERPINB1",0,0.585340087977708,0.456,0.314,0,"2","SERPINB1"
"HIST1H1E2",0,0.582637435571725,0.496,0.356,0,"2","HIST1H1E"
"TRGC11",0,0.582317886682651,0.262,0.079,0,"2","TRGC1"
"IFITM12",0,0.581449698136956,0.315,0.184,0,"2","IFITM1"
"DIAPH11",0,0.581233471767223,0.459,0.302,0,"2","DIAPH1"
"DYNLL12",0,0.580941479207232,0.464,0.329,0,"2","DYNLL1"
"CAP11",0,0.580741300167398,0.61,0.467,0,"2","CAP1"
"CAPNS1",0,0.579724895933541,0.402,0.252,0,"2","CAPNS1"
"HDDC21",0,0.577742527840204,0.313,0.173,0,"2","HDDC2"
"SDF2L1",0,0.577236326646523,0.299,0.17,0,"2","SDF2L1"
"MYL12B1",0,0.577176925032116,0.823,0.703,0,"2","MYL12B"
"DRAP13",0,0.576772587865868,0.577,0.436,0,"2","DRAP1"
"SDF41",0,0.575716440802951,0.328,0.185,0,"2","SDF4"
"IFI162",0,0.5739021070681,0.513,0.369,0,"2","IFI16"
"PSME12",0,0.570697784687735,0.785,0.677,0,"2","PSME1"
"APOBEC3C1",0,0.567761637918103,0.306,0.163,0,"2","APOBEC3C"
"CDC42SE12",0,0.567759247782519,0.58,0.449,0,"2","CDC42SE1"
"LSP1",0,0.567350118685447,0.66,0.523,0,"2","LSP1"
"WIPF11",0,0.566610299397135,0.53,0.385,0,"2","WIPF1"
"GLRX1",0,0.564927821779705,0.39,0.246,0,"2","GLRX"
"DNAJC12",0,0.564234774778583,0.313,0.163,0,"2","DNAJC1"
"ANXA6",0,0.562701577047006,0.457,0.319,0,"2","ANXA6"
"ARAP22",0,0.559208264399803,0.353,0.205,0,"2","ARAP2"
"TSEN54",0,0.558510069602394,0.251,0.11,0,"2","TSEN54"
"ADAM81",0,0.558395920141818,0.234,0.093,0,"2","ADAM8"
"AKAP131",0,0.55816693306174,0.634,0.496,0,"2","AKAP13"
"ARPC51",0,0.556779164430495,0.667,0.526,0,"2","ARPC5"
"RNF166",0,0.556609100116475,0.367,0.225,0,"2","RNF166"
"FOSL21",0,0.555277270167161,0.235,0.084,0,"2","FOSL2"
"CDC421",0,0.554322751455216,0.862,0.775,0,"2","CDC42"
"RSRP11",0,0.554139066320068,0.74,0.632,0,"2","RSRP1"
"DGKZ",0,0.553693813200159,0.419,0.283,0,"2","DGKZ"
"TRAPPC10",0,0.553589091444367,0.341,0.203,0,"2","TRAPPC10"
"CH17-189H20.11",0,0.552809176235986,0.376,0.242,0,"2","CH17-189H20.1"
"SKAP12",0,0.552506222160531,0.494,0.36,0,"2","SKAP1"
"VAV31",0,0.551827066041932,0.236,0.087,0,"2","VAV3"
"PXN",0,0.55170981976907,0.257,0.113,0,"2","PXN"
"RRBP11",0,0.547942403105915,0.251,0.109,0,"2","RRBP1"
"PTPN71",0,0.547352706071345,0.306,0.17,0,"2","PTPN7"
"PTPN18",0,0.545754190075384,0.29,0.146,0,"2","PTPN18"
"SELPLG1",0,0.543680871742186,0.367,0.23,0,"2","SELPLG"
"FKBP11",0,0.543194569904977,0.325,0.198,0,"2","FKBP11"
"BTN3A21",0,0.542966117044803,0.455,0.329,0,"2","BTN3A2"
"RAB11FIP12",0,0.5417692221742,0.306,0.147,0,"2","RAB11FIP1"
"RIN31",0,0.541048322358342,0.247,0.103,0,"2","RIN3"
"H3F3B1",0,0.539162645148064,0.982,0.945,0,"2","H3F3B"
"NFATC2",0,0.537610237869635,0.239,0.115,0,"2","NFATC2"
"SH3GLB1",0,0.534996889281458,0.39,0.259,0,"2","SH3GLB1"
"BHLHE401",0,0.533754861313908,0.24,0.101,0,"2","BHLHE40"
"SIPA11",0,0.533480760618504,0.296,0.165,0,"2","SIPA1"
"SLFN12L",0,0.533348136819942,0.279,0.149,0,"2","SLFN12L"
"VASP1",0,0.53302822382217,0.374,0.231,0,"2","VASP"
"DNAJB6",0,0.532394773261001,0.441,0.31,0,"2","DNAJB6"
"STK261",0,0.531892835246537,0.26,0.134,0,"2","STK26"
"BANF1",0,0.531138278750408,0.365,0.241,0,"2","BANF1"
"GTF3C1",0,0.529601299945865,0.22,0.094,0,"2","GTF3C1"
"POLR2G1",0,0.529231332159678,0.321,0.189,0,"2","POLR2G"
"GUK1",0,0.528467697836001,0.669,0.542,0,"2","GUK1"
"SYTL1",0,0.527672068260195,0.364,0.244,0,"2","SYTL1"
"NR4A22",0,0.526216087817777,0.357,0.225,0,"2","NR4A2"
"SASH31",0,0.523624243566745,0.264,0.128,0,"2","SASH3"
"RAB27A1",0,0.523588395992532,0.296,0.151,0,"2","RAB27A"
"MAP1LC3B",0,0.521976724418329,0.511,0.383,0,"2","MAP1LC3B"
"COX8A1",0,0.521870325635002,0.633,0.521,0,"2","COX8A"
"PRKACB1",0,0.51896769154451,0.37,0.258,0,"2","PRKACB"
"GCHFR2",0,0.517532050296853,0.218,0.119,0,"2","GCHFR"
"INPP5D1",0,0.514943105253901,0.313,0.184,0,"2","INPP5D"
"TRAPPC11",0,0.514770712248923,0.507,0.391,0,"2","TRAPPC1"
"JAZF1",0,0.514268996077136,0.206,0.077,0,"2","JAZF1"
"NCOA11",0,0.513521247766679,0.265,0.134,0,"2","NCOA1"
"TUBB4B",0,0.513212836753118,0.389,0.259,0,"2","TUBB4B"
"GAB3",0,0.512590103592994,0.211,0.085,0,"2","GAB3"
"ADD1",0,0.511621407403505,0.368,0.248,0,"2","ADD1"
"TMED9",0,0.509694468384545,0.363,0.239,0,"2","TMED9"
"LASP1",0,0.508144371030664,0.24,0.108,0,"2","LASP1"
"EBP",0,0.507742199940649,0.257,0.138,0,"2","EBP"
"PPP2R5C1",0,0.506735087038657,0.741,0.593,0,"2","PPP2R5C"
"PDE4D",0,0.505792965023566,0.254,0.142,0,"2","PDE4D"
"IDI1",0,0.505769363914559,0.344,0.216,0,"2","IDI1"
"NCL1",0,0.505556625493704,0.841,0.763,0,"2","NCL"
"STX8",0,0.505109636649782,0.278,0.156,0,"2","STX8"
"SCLT11",0,0.502467285696824,0.218,0.089,0,"2","SCLT1"
"ACTR31",0,0.501278674516814,0.59,0.487,0,"2","ACTR3"
"RBM8A",0,0.499966111135692,0.515,0.407,0,"2","RBM8A"
"SYTL2",0,0.499796585216392,0.212,0.091,0,"2","SYTL2"
"ACAA2",0,0.499744339646375,0.227,0.107,0,"2","ACAA2"
"EMP3",0,0.499671548930453,0.812,0.705,0,"2","EMP3"
"G6PD",0,0.49831482627243,0.2,0.072,0,"2","G6PD"
"CASP8",0,0.498147189286183,0.411,0.29,0,"2","CASP8"
"CORO1A1",0,0.495597831592296,0.786,0.714,0,"2","CORO1A"
"DNAJC8",0,0.494092579787924,0.515,0.41,0,"2","DNAJC8"
"RAB29",0,0.4940385367782,0.312,0.19,0,"2","RAB29"
"SPCS2",0,0.493180787965152,0.514,0.407,0,"2","SPCS2"
"IVNS1ABP",0,0.492584717575466,0.268,0.155,0,"2","IVNS1ABP"
"BUD311",0,0.488355264840145,0.365,0.249,0,"2","BUD31"
"RHOA1",0,0.488346937426948,0.685,0.57,0,"2","RHOA"
"ITCH",0,0.488161844708264,0.25,0.13,0,"2","ITCH"
"PRKAR1A",0,0.487590776069947,0.363,0.241,0,"2","PRKAR1A"
"WDR83OS1",0,0.487237105351361,0.498,0.38,0,"2","WDR83OS"
"TCEB22",0,0.486109313742844,0.727,0.631,0,"2","TCEB2"
"GNG51",0,0.485650425670128,0.478,0.353,0,"2","GNG5"
"ARHGEF3",0,0.48554135489199,0.274,0.165,0,"2","ARHGEF3"
"TIGIT2",0,0.484219261724163,0.211,0.084,0,"2","TIGIT"
"CD471",0,0.48355257270159,0.504,0.406,0,"2","CD47"
"FMNL11",0,0.483250897888997,0.437,0.311,0,"2","FMNL1"
"BRD2",0,0.483013936340353,0.436,0.324,0,"2","BRD2"
"CCDC85B",0,0.482574323452866,0.494,0.392,0,"2","CCDC85B"
"RAB8A",0,0.481651273376513,0.337,0.214,0,"2","RAB8A"
"LMAN2",0,0.48000969143708,0.381,0.268,0,"2","LMAN2"
"DCTN31",0,0.473970204310203,0.375,0.261,0,"2","DCTN3"
"SELT",0,0.473335381161494,0.357,0.245,0,"2","SELT"
"SRSF91",0,0.471796306371832,0.487,0.383,0,"2","SRSF9"
"LYN2",0,0.470064550328164,0.293,0.121,0,"2","LYN"
"ARF1",0,0.469458644036568,0.531,0.421,0,"2","ARF1"
"TAPBP1",0,0.467899211984952,0.575,0.475,0,"2","TAPBP"
"HMGB1",0,0.466466854191596,0.93,0.872,0,"2","HMGB1"
"SNRPB",0,0.466049173421106,0.54,0.436,0,"2","SNRPB"
"VCL",0,0.463821190347069,0.242,0.123,0,"2","VCL"
"MIEN11",0,0.463433873207306,0.291,0.181,0,"2","MIEN1"
"RAB372",0,0.462259840267545,0.226,0.116,0,"2","RAB37"
"ATM1",0,0.45909027422768,0.671,0.582,0,"2","ATM"
"MEX3C",0,0.455679255315663,0.204,0.095,0,"2","MEX3C"
"TSPAN321",0,0.455467872589148,0.212,0.104,0,"2","TSPAN32"
"SEC11A2",0,0.454831213383406,0.474,0.362,0,"2","SEC11A"
"PRR5",0,0.454228838234002,0.221,0.112,0,"2","PRR5"
"EVL2",0,0.452606269230588,0.716,0.639,0,"2","EVL"
"SEC61B1",0,0.451348328680531,0.554,0.442,0,"2","SEC61B"
"MYO1G",0,0.451113230159288,0.341,0.215,0,"2","MYO1G"
"GBP52",0,0.450966828822576,0.312,0.186,0,"2","GBP5"
"VPS37B",0,0.450657699048745,0.217,0.109,0,"2","VPS37B"
"S100A41",0,0.450000991475934,0.952,0.797,0,"2","S100A4"
"AGTPBP1",0,0.446953105375093,0.258,0.144,0,"2","AGTPBP1"
"BLOC1S11",0,0.445265469259938,0.471,0.362,0,"2","BLOC1S1"
"ARF61",0,0.441884922387574,0.54,0.44,0,"2","ARF6"
"SERPINB6",0,0.440166929452413,0.234,0.121,0,"2","SERPINB6"
"HNRNPA2B11",0,0.43886161169724,0.897,0.846,0,"2","HNRNPA2B1"
"H3F3A2",0,0.438041891942306,0.95,0.91,0,"2","H3F3A"
"MT-CO11",0,0.437659492958709,0.999,0.998,0,"2","MT-CO1"
"UBL51",0,0.434862122231357,0.714,0.638,0,"2","UBL5"
"PPIA1",0,0.43317267907354,0.875,0.815,0,"2","PPIA"
"EIF4G3",0,0.431127978361268,0.204,0.102,0,"2","EIF4G3"
"RPS6KA1",0,0.42800424106995,0.213,0.109,0,"2","RPS6KA1"
"HNRNPA3",0,0.424054146278978,0.73,0.653,0,"2","HNRNPA3"
"ARPC31",0,0.4239567359942,0.831,0.751,0,"2","ARPC3"
"MTSS11",0,0.423506351173863,0.22,0.112,0,"2","MTSS1"
"DDX5",0,0.413671059161102,0.983,0.954,0,"2","DDX5"
"ARHGAP26",0,0.410985388153892,0.231,0.113,0,"2","ARHGAP26"
"ACTR21",0,0.401492203841484,0.645,0.558,0,"2","ACTR2"
"ATP6V0E1",0,0.401202676148705,0.612,0.53,0,"2","ATP6V0E1"
"CHCHD21",0,0.397890597249859,0.774,0.71,0,"2","CHCHD2"
"HSP90AA1",0,0.397324060303621,0.892,0.833,0,"2","HSP90AA1"
"TMSB4X2",0,0.395598745595115,1,0.999,0,"2","TMSB4X"
"SRP141",0,0.394217193660128,0.881,0.828,0,"2","SRP14"
"GNAI21",0,0.385833171539556,0.653,0.574,0,"2","GNAI2"
"SUB11",0,0.385154227220512,0.74,0.661,0,"2","SUB1"
"UBC",0,0.371896951327583,0.945,0.897,0,"2","UBC"
"ANXA12",0,0.359061591542179,0.774,0.585,0,"2","ANXA1"
"MT-CO2",0,0.344330923850896,0.999,0.998,0,"2","MT-CO2"
"PTPRC",0,0.340074774202976,0.963,0.923,0,"2","PTPRC"
"GAPDH3",0,0.327197636420043,0.822,0.758,0,"2","GAPDH"
"AES1",2.76192585165286e-306,0.33335400421532,0.843,0.787,7.78559278322424e-302,"2","AES"
"MANF",1.06363162673513e-305,0.451763940894637,0.25,0.145,2.99827119260367e-301,"2","MANF"
"COX6A11",1.08190616117792e-305,0.417965387449756,0.596,0.517,3.04978527774443e-301,"2","COX6A1"
"TNFRSF1B2",1.17944073895125e-305,0.374282478695659,0.32,0.201,3.32472549902969e-301,"2","TNFRSF1B"
"ARHGAP301",2.74252180690114e-302,0.462055325824587,0.434,0.324,7.73089472147363e-298,"2","ARHGAP30"
"PDIA6",6.76819079888363e-302,0.48935666973661,0.386,0.276,1.90788530429731e-297,"2","PDIA6"
"NDUFS61",1.03924498341634e-301,0.446105571715747,0.418,0.311,2.92952768375231e-297,"2","NDUFS6"
"CHD91",4.20971980022977e-301,0.473624659730936,0.305,0.192,1.18667791448677e-296,"2","CHD9"
"PHPT1",4.35232811256651e-301,0.483146383116753,0.31,0.2,1.22687777165137e-296,"2","PHPT1"
"C9orf162",7.20958713814864e-298,0.41694101461018,0.574,0.489,2.03231051837272e-293,"2","C9orf16"
"MT2A2",3.28849063003071e-297,0.492747856403468,0.423,0.302,9.26992623699356e-293,"2","MT2A"
"ARHGDIB1",1.89731831270433e-296,0.308963569419755,0.866,0.828,5.34835059168222e-292,"2","ARHGDIB"
"COPE1",4.54884242734704e-293,0.429443771209368,0.482,0.386,1.28227319184486e-288,"2","COPE"
"SORL1",5.93720188093459e-293,0.481711109018701,0.443,0.334,1.67363783821665e-288,"2","SORL1"
"WDR11",1.42913829972622e-292,0.450785001314394,0.314,0.205,4.02859795309823e-288,"2","WDR1"
"TMEM160",2.68353790843434e-292,0.450281006561881,0.401,0.296,7.56462501008556e-288,"2","TMEM160"
"ATPIF11",4.41689203283749e-292,0.419429845403916,0.599,0.526,1.24507769513656e-287,"2","ATPIF1"
"RPS19BP11",3.09325941496308e-291,0.448806557282789,0.4,0.296,8.71958896483942e-287,"2","RPS19BP1"
"PRDM11",6.95989137812373e-291,0.43851957595264,0.27,0.16,1.9619237805793e-286,"2","PRDM1"
"UCP21",5.94354303268603e-290,0.449591236867516,0.514,0.414,1.67542534548387e-285,"2","UCP2"
"STK17A2",9.81061276024334e-290,0.431737354060971,0.563,0.47,2.76551363098499e-285,"2","STK17A"
"P4HB",1.49969244304897e-287,0.452511327214355,0.365,0.257,4.22748302771074e-283,"2","P4HB"
"LNPEP",1.52219797230653e-286,0.474805999354069,0.422,0.314,4.29092386413487e-282,"2","LNPEP"
"RP11-489E7.41",2.66481060992909e-286,0.549384627518046,0.449,0.34,7.51183462832912e-282,"2","RP11-489E7.4"
"PSMA7",6.78749595383571e-286,0.396825680841389,0.631,0.558,1.91332723442675e-281,"2","PSMA7"
"BRD71",8.68598919512736e-286,0.499351992800094,0.445,0.342,2.44849349421445e-281,"2","BRD7"
"BRK11",1.80345191450412e-283,0.412571439701388,0.489,0.395,5.08375060179566e-279,"2","BRK1"
"ATOX1",1.91832392844213e-283,0.434736754812399,0.228,0.13,5.40756332188551e-279,"2","ATOX1"
"PARK71",6.39044586026464e-283,0.397671304110403,0.576,0.5,1.80140278355e-278,"2","PARK7"
"PSMD81",1.04144269162616e-282,0.42703855459608,0.431,0.332,2.93572280342498e-278,"2","PSMD8"
"DENND2D1",1.57847757547032e-282,0.486059933752911,0.27,0.168,4.44957043749329e-278,"2","DENND2D"
"TPM41",1.64047747400109e-282,0.488932731787489,0.322,0.214,4.62434195146168e-278,"2","TPM4"
"PSMB82",1.89072350535991e-282,0.428245003217993,0.512,0.425,5.32976048925905e-278,"2","PSMB8"
"TBC1D10C1",5.88221721857201e-282,0.459966258994431,0.496,0.404,1.65813821174326e-277,"2","TBC1D10C"
"RORA",7.53441906931911e-282,0.429025828338724,0.491,0.374,2.12387739145036e-277,"2","RORA"
"SRPK2",2.6667551649375e-281,0.471581318140323,0.33,0.223,7.51731613444233e-277,"2","SRPK2"
"TBCB",6.38300060526795e-281,0.455747003259861,0.362,0.258,1.79930404061898e-276,"2","TBCB"
"SH3KBP1",3.03742362348212e-279,0.455944139778374,0.438,0.335,8.56219345223375e-275,"2","SH3KBP1"
"REL2",3.51852572581556e-279,0.411954649264908,0.422,0.302,9.91837216850148e-275,"2","REL"
"SAR1A",1.39684686031777e-278,0.459164820955448,0.281,0.178,3.93757161454977e-274,"2","SAR1A"
"CEBPB",1.54740220440011e-275,0.432254719351251,0.354,0.245,4.36197207398348e-271,"2","CEBPB"
"LPGAT11",3.65798192317484e-275,0.410576533494912,0.252,0.15,1.03114852432376e-270,"2","LPGAT1"
"TMEM59",9.83476035975182e-275,0.406339498120365,0.52,0.43,2.77232059781044e-270,"2","TMEM59"
"LMO41",1.67949412470747e-271,0.403197959213768,0.23,0.132,4.73432598813788e-267,"2","LMO4"
"ADAM101",8.33350166490763e-271,0.424028030678694,0.293,0.188,2.34913078432081e-266,"2","ADAM10"
"NEDD81",2.77091041620155e-270,0.382719704680419,0.574,0.502,7.81091937223056e-266,"2","NEDD8"
"SET1",1.00458305110767e-269,0.34621756900435,0.769,0.722,2.83181916276741e-265,"2","SET"
"SYAP1",2.4852669477697e-268,0.464550721994954,0.298,0.194,7.00571899906802e-264,"2","SYAP1"
"TAOK3",1.77200851167315e-267,0.44956772102352,0.436,0.335,4.99511479355543e-263,"2","TAOK3"
"RAC11",7.39712388441945e-266,0.389240556871956,0.47,0.371,2.085175251779e-261,"2","RAC1"
"PSMB31",8.75753650396919e-266,0.423134824226163,0.423,0.326,2.46866196510388e-261,"2","PSMB3"
"CCDC69",1.36280856904068e-265,0.433208449748492,0.306,0.202,3.84162107526876e-261,"2","CCDC69"
"CARHSP11",2.45690395677984e-265,0.401511883561801,0.22,0.126,6.9257665637667e-261,"2","CARHSP1"
"MAP2K21",6.49909170007367e-265,0.434825091194653,0.398,0.3,1.83202895933377e-260,"2","MAP2K2"
"PPP1R12A1",1.80252914245139e-264,0.450765674171852,0.442,0.342,5.08114939965621e-260,"2","PPP1R12A"
"RASSF5",3.18452860756855e-262,0.438159211718045,0.328,0.227,8.97686769187498e-258,"2","RASSF5"
"RPA2",3.95998385833432e-262,0.444930453912537,0.288,0.189,1.11627984982586e-257,"2","RPA2"
"SLC38A21",1.22719223568627e-261,0.464852853948561,0.435,0.336,3.45933219317603e-257,"2","SLC38A2"
"MXD41",2.49238091567075e-261,0.419460175951926,0.305,0.201,7.02577256318429e-257,"2","MXD4"
"IFI27L2",2.51740933097541e-261,0.460768189456939,0.324,0.221,7.09632516308658e-257,"2","IFI27L2"
"COMMD7",5.22059924002642e-261,0.438139084688425,0.306,0.207,1.47163471977105e-256,"2","COMMD7"
"TRBC12",3.1440088691438e-260,0.300107686590302,0.604,0.458,8.86264660122946e-256,"2","TRBC1"
"PKN1",1.41924621202178e-259,0.441885547718469,0.303,0.203,4.00071314706819e-255,"2","PKN1"
"ATP5I1",1.06357063578597e-257,0.402769944128522,0.61,0.546,2.99809926521707e-253,"2","ATP5I"
"CTBP1",6.7193204028332e-257,0.413451422639361,0.254,0.156,1.89410922835465e-252,"2","CTBP1"
"NDUFA121",1.07376468184758e-256,0.427211165146214,0.437,0.345,3.02683526166013e-252,"2","NDUFA12"
"ZBTB1",4.07217965630135e-256,0.467550847136595,0.342,0.24,1.14790672331479e-251,"2","ZBTB1"
"PRR131",7.70492928865471e-255,0.406039099271578,0.536,0.457,2.17194251717888e-250,"2","PRR13"
"PPP2R5A",1.59950883043281e-254,0.418853513009019,0.237,0.142,4.50885544210705e-250,"2","PPP2R5A"
"TMBIM61",7.95814982548675e-253,0.367935648184675,0.603,0.539,2.24332285430646e-248,"2","TMBIM6"
"VPS4B",6.98057719786999e-252,0.43396578297013,0.37,0.269,1.96775490630757e-247,"2","VPS4B"
"PSMB11",1.87762663716796e-251,0.371984299369134,0.538,0.464,5.29284172751275e-247,"2","PSMB1"
"KDELR2",9.28691306111858e-251,0.429207437025095,0.251,0.157,2.61788792279872e-246,"2","KDELR2"
"SIGIRR",1.43106779258543e-250,0.455175398271549,0.396,0.301,4.03403700051908e-246,"2","SIGIRR"
"NT5C1",1.03370921828282e-249,0.422375794633932,0.3,0.2,2.91392291541745e-245,"2","NT5C"
"YPEL31",2.24616996643723e-249,0.437619977867352,0.52,0.44,6.33172851838991e-245,"2","YPEL3"
"RAP2B",1.21275619445256e-243,0.40579302543881,0.295,0.196,3.41863843654231e-239,"2","RAP2B"
"SACM1L1",1.38262572825745e-243,0.388153388054141,0.201,0.114,3.89748366538492e-239,"2","SACM1L"
"FERMT31",7.04282326529624e-243,0.414055026442287,0.303,0.205,1.98530145025436e-238,"2","FERMT3"
"POLR3GL1",1.00617407821899e-242,0.461693224473234,0.385,0.291,2.83630410909151e-238,"2","POLR3GL"
"GATAD2A",1.17897469523624e-241,0.431099813303469,0.289,0.192,3.32341176840144e-237,"2","GATAD2A"
"ZBTB44",1.67149650821126e-241,0.433308517401517,0.279,0.182,4.71178150699671e-237,"2","ZBTB44"
"FUS",1.84009693247032e-241,0.359793744634152,0.712,0.662,5.18704924294058e-237,"2","FUS"
"ZNHIT11",8.43861895822645e-241,0.427591110767709,0.381,0.285,2.37876229813445e-236,"2","ZNHIT1"
"ATP5J21",1.86979459669879e-240,0.401184039665039,0.511,0.438,5.27076398863423e-236,"2","ATP5J2"
"TMEM50A1",1.13415803804758e-239,0.403238822807971,0.442,0.352,3.19707809345233e-235,"2","TMEM50A"
"CELF2",1.28311205968649e-239,0.407673990227369,0.579,0.504,3.61696458505024e-235,"2","CELF2"
"UQCR11",5.25765934314933e-239,0.345534711107465,0.692,0.647,1.48208159224036e-234,"2","UQCR11"
"CBLB2",1.27459189242943e-238,0.42033894223533,0.26,0.164,3.59294708556932e-234,"2","CBLB"
"MYDGF",1.42087677092215e-238,0.408184991315464,0.303,0.209,4.00530952955246e-234,"2","MYDGF"
"TADA31",3.11804152970704e-236,0.402173160863577,0.227,0.138,8.78944726809118e-232,"2","TADA3"
"RALY",3.98001343556426e-236,0.430391243026287,0.338,0.245,1.12192598735121e-231,"2","RALY"
"LAMP1",1.09417899125986e-235,0.427677054367512,0.323,0.229,3.08438115846242e-231,"2","LAMP1"
"NDUFC21",2.87106776066953e-235,0.411530138596053,0.429,0.343,8.09325291055134e-231,"2","NDUFC2"
"BAX",9.61085839436719e-235,0.445348175742095,0.393,0.301,2.70920487278817e-230,"2","BAX"
"YWHAQ1",1.38861830919722e-234,0.393196693196044,0.427,0.333,3.91437615179603e-230,"2","YWHAQ"
"SF3B2",3.27775370384041e-234,0.406081337789322,0.475,0.391,9.23965991575572e-230,"2","SF3B2"
"ZCCHC17",9.43110979399292e-234,0.40606309216097,0.209,0.122,2.65853553982866e-229,"2","ZCCHC17"
"CCDC12",1.26020429788996e-233,0.418311166815506,0.368,0.274,3.55238989532201e-229,"2","CCDC12"
"SRSF7",1.32012112916189e-229,0.326276943368243,0.783,0.741,3.72128945099446e-225,"2","SRSF7"
"HMOX21",1.67449804181406e-229,0.439014342170525,0.283,0.191,4.72024253006965e-225,"2","HMOX2"
"SAMD92",2.22983197483602e-229,0.464166645359305,0.353,0.257,6.28567335386525e-225,"2","SAMD9"
"ATP5G31",2.81203775235256e-228,0.379037891453787,0.516,0.444,7.92685322010664e-224,"2","ATP5G3"
"ISG152",6.06868833916188e-228,0.410133133767358,0.355,0.258,1.71070255592634e-223,"2","ISG15"
"RAB1B1",1.04038395855303e-227,0.357476439658391,0.209,0.123,2.93273834076514e-223,"2","RAB1B"
"ATP1B3",5.94000083398185e-227,0.383322944563565,0.257,0.164,1.67442683509114e-222,"2","ATP1B3"
"UPP1",2.53989770305676e-225,0.400961149371667,0.304,0.207,7.1597176351467e-221,"2","UPP1"
"HNRNPAB",2.75272037166204e-225,0.426025596843427,0.341,0.248,7.75964345567811e-221,"2","HNRNPAB"
"KCNAB2",1.25326424022958e-224,0.359144564857829,0.214,0.127,3.53282656678315e-220,"2","KCNAB2"
"PTP4A21",1.47323654533891e-224,0.309858685908459,0.643,0.578,4.15290649765584e-220,"2","PTP4A2"
"ARFGAP3",2.01128262210822e-220,0.37975081677112,0.219,0.133,5.66960458346085e-216,"2","ARFGAP3"
"ZNF276",3.41536307349805e-220,0.406672239507984,0.262,0.171,9.62756696788365e-216,"2","ZNF276"
"LINC001522",2.91347024935738e-218,0.31554002145948,0.266,0.166,8.21278128591351e-214,"2","LINC00152"
"MRPS61",1.04780309001007e-217,0.439771723760538,0.291,0.202,2.9536521304294e-213,"2","MRPS6"
"HNRNPK1",9.54773230034057e-217,0.316237478150351,0.709,0.673,2.691410258143e-212,"2","HNRNPK"
"HIPK11",1.90658666145454e-216,0.385298223329484,0.284,0.192,5.3744771399742e-212,"2","HIPK1"
"DERL1",4.82109479742807e-216,0.368873465198641,0.222,0.136,1.359018412447e-211,"2","DERL1"
"IFNGR1",5.83551413801464e-216,0.392286965602009,0.206,0.122,1.64497308036495e-211,"2","IFNGR1"
"FAM173A1",1.59887907912869e-215,0.360583029867017,0.245,0.155,4.50708023615585e-211,"2","FAM173A"
"UQCR101",2.36814255019191e-215,0.362638665029824,0.572,0.511,6.67555703473598e-211,"2","UQCR10"
"RP11-160E2.61",1.33499472350301e-213,0.559956777456974,0.293,0.2,3.76321662608264e-209,"2","RP11-160E2.6"
"SDF2",4.38676745215431e-213,0.349336275905965,0.203,0.121,1.23658587708778e-208,"2","SDF2"
"IER51",1.14431308038659e-210,0.397632347321391,0.369,0.27,3.22570414230175e-206,"2","IER5"
"SEPW1",2.22485469907759e-210,0.396060064535485,0.484,0.411,6.27164291122983e-206,"2","SEPW1"
"CMIP",2.5111953007684e-210,0.350265953353759,0.216,0.131,7.07880843333605e-206,"2","CMIP"
"IDH21",3.91483015049854e-209,0.368130967544723,0.231,0.146,1.10355147112403e-204,"2","IDH2"
"NFATC31",4.9603839167143e-209,0.406553350018896,0.3,0.209,1.39828262228259e-204,"2","NFATC3"
"PTGER2",2.31211884986339e-208,0.361278216148952,0.224,0.138,6.5176318258799e-204,"2","PTGER2"
"VPS26A",3.39951792942441e-208,0.338293883838141,0.206,0.123,9.58290109125446e-204,"2","VPS26A"
"TMED101",1.83468791757517e-207,0.428816836850978,0.395,0.312,5.17180177085265e-203,"2","TMED10"
"SPPL2A",3.23581107799026e-205,0.349153038969293,0.214,0.13,9.12142784774676e-201,"2","SPPL2A"
"CTDSP1",9.55443671304042e-204,0.388386667435013,0.27,0.183,2.69330016503896e-199,"2","CTDSP1"
"ANAPC11",4.41082340923409e-203,0.390946861827045,0.35,0.264,1.243367010829e-198,"2","ANAPC11"
"SSR41",1.70778293231855e-202,0.302182117029143,0.714,0.673,4.81406930791276e-198,"2","SSR4"
"CKLF1",1.03883046046868e-200,0.396775283740258,0.364,0.275,2.92835918501515e-196,"2","CKLF"
"MOB1A",3.89114687592246e-200,0.349710948365368,0.432,0.348,1.09687539285378e-195,"2","MOB1A"
"PSMA41",2.0235525311346e-199,0.397337832610039,0.354,0.268,5.70419223001531e-195,"2","PSMA4"
"SERBP12",4.56861767438341e-199,0.343225712421889,0.639,0.591,1.28784763623194e-194,"2","SERBP1"
"FDPS",5.10753933034608e-199,0.378672116855717,0.251,0.168,1.43976426183126e-194,"2","FDPS"
"SELK",5.54969444051184e-199,0.364505448203934,0.485,0.406,1.56440336583588e-194,"2","SELK"
"PSMA51",6.56114444884915e-199,0.378195247431162,0.336,0.25,1.84952100868609e-194,"2","PSMA5"
"CSNK1D",1.27197869804009e-198,0.37422905865582,0.233,0.149,3.58558075190522e-194,"2","CSNK1D"
"ARIH2",1.47055521580745e-198,0.394770100768696,0.296,0.209,4.14534809783961e-194,"2","ARIH2"
"PTPN21",1.43882502059173e-197,0.408958455997175,0.338,0.251,4.05590385054602e-193,"2","PTPN2"
"SPCS3",8.80943451592963e-197,0.36673490785897,0.44,0.359,2.4832914956954e-192,"2","SPCS3"
"SRSF3",1.7573277003233e-196,0.302406330417174,0.686,0.644,4.95373105444136e-192,"2","SRSF3"
"LYAR1",2.08393965893652e-196,0.302936168284411,0.398,0.287,5.87441750457615e-192,"2","LYAR"
"RIOK3",6.38746828012429e-196,0.37726343459649,0.334,0.245,1.80056343348424e-191,"2","RIOK3"
"RABAC1",1.19132334176054e-193,0.35919050836102,0.494,0.422,3.35822136808878e-189,"2","RABAC1"
"CSK1",2.70982130941014e-193,0.38285352770091,0.362,0.278,7.63871528909625e-189,"2","CSK"
"PAIP2",3.8413451825914e-193,0.367560619744791,0.536,0.475,1.08283679352069e-188,"2","PAIP2"
"COX7B1",2.11061807141886e-190,0.344217844482413,0.542,0.486,5.94962128152264e-186,"2","COX7B"
"ATP6V1F1",7.14788331549566e-190,0.351443524416778,0.412,0.335,2.01491682780507e-185,"2","ATP6V1F"
"PSMB61",1.50359714085742e-189,0.372083981271586,0.351,0.271,4.23848998036297e-185,"2","PSMB6"
"CYCS",1.51229753278646e-189,0.358102419738335,0.479,0.403,4.26301551517175e-185,"2","CYCS"
"SH2D1A2",4.25874740137877e-189,0.371081774671185,0.238,0.154,1.20049830497466e-184,"2","SH2D1A"
"RNF1151",6.00838531903795e-188,0.395592504604534,0.261,0.178,1.69370373758361e-183,"2","RNF115"
"SQSTM1",1.18459878605967e-186,0.384878650606558,0.358,0.277,3.3392655180236e-182,"2","SQSTM1"
"OPTN2",6.37352017343288e-186,0.383513404544545,0.382,0.297,1.79663160168899e-181,"2","OPTN"
"PLEKHA1",7.27968937831913e-186,0.395353601861993,0.278,0.193,2.05207163885438e-181,"2","PLEKHA1"
"RNF19A1",1.87857104289257e-185,0.410425105178439,0.382,0.298,5.29550391280986e-181,"2","RNF19A"
"ENSA",2.32864458917499e-185,0.384684606817173,0.395,0.317,6.56421623242538e-181,"2","ENSA"
"RBBP4",3.06562384816893e-185,0.386889488721429,0.355,0.273,8.64168706560339e-181,"2","RBBP4"
"CAPZB1",4.75943239381042e-185,0.33788158320576,0.542,0.482,1.34163639749122e-180,"2","CAPZB"
"FAM195B",8.32408825452356e-185,0.360340729076863,0.264,0.182,2.34647723806765e-180,"2","FAM195B"
"CANX",2.80929860977628e-184,0.375896465966407,0.38,0.298,7.91913185109837e-180,"2","CANX"
"ZNF207",1.013689399677e-183,0.369490787253653,0.445,0.368,2.85748904874949e-179,"2","ZNF207"
"UBE2E3",1.06048810633245e-183,0.347880489927635,0.215,0.137,2.98940992294055e-179,"2","UBE2E3"
"RTN41",1.24490459449146e-183,0.375240137027139,0.372,0.291,3.50926156141196e-179,"2","RTN4"
"UBE2L31",1.75084679577143e-183,0.348877291768948,0.402,0.324,4.9354620326001e-179,"2","UBE2L3"
"SAMD9L2",2.27366290855445e-183,0.362413193892277,0.216,0.136,6.40922837292415e-179,"2","SAMD9L"
"EIF4EBP2",6.63387036716771e-183,0.369197609605184,0.243,0.163,1.8700217178009e-178,"2","EIF4EBP2"
"PITPNC11",1.02244662478103e-182,0.378383568719508,0.27,0.189,2.88217479059525e-178,"2","PITPNC1"
"MLLT6",2.27082596823931e-182,0.389160833671017,0.347,0.265,6.40123132186978e-178,"2","MLLT6"
"PLCG22",1.4999847997767e-181,0.390335617462586,0.34,0.248,4.22830715209053e-177,"2","PLCG2"
"TERF1",1.57974601735269e-181,0.369756167837679,0.22,0.141,4.45314604831551e-177,"2","TERF1"
"SRSF21",2.37927745051588e-181,0.356438131027037,0.555,0.499,6.70694520525922e-177,"2","SRSF2"
"COX5B1",7.7377822031961e-181,0.303498442407953,0.623,0.586,2.18120342525895e-176,"2","COX5B"
"PIN11",5.37133714360791e-180,0.367322040154886,0.313,0.232,1.51412622741164e-175,"2","PIN1"
"DDX6",7.21376400328335e-180,0.369081732390194,0.53,0.473,2.03348793488554e-175,"2","DDX6"
"SLC20A1",8.80558032696498e-180,0.337042980274235,0.206,0.128,2.48220503836816e-175,"2","SLC20A1"
"RASAL3",1.23887921342911e-179,0.385625925097057,0.29,0.208,3.49227661473532e-175,"2","RASAL3"
"UHMK11",1.43512798801149e-179,0.384189391270867,0.32,0.238,4.0454822854056e-175,"2","UHMK1"
"CHMP2A1",4.49041329462907e-179,0.356658896198471,0.333,0.253,1.26580260362299e-174,"2","CHMP2A"
"ARHGDIA",7.02065009396015e-178,0.357488414181609,0.391,0.313,1.97905105498643e-173,"2","ARHGDIA"
"RNPEPL1",8.01155249729006e-178,0.371510898227622,0.31,0.229,2.2583765334611e-173,"2","RNPEPL1"
"EIF61",1.08638858846238e-177,0.353155480695514,0.245,0.167,3.0624207920166e-173,"2","EIF6"
"PPP3CA1",2.7077256010735e-177,0.335769727194774,0.292,0.206,7.63280769686609e-173,"2","PPP3CA"
"CYTH1",6.19544787128896e-175,0.372386293616186,0.487,0.423,1.74643480043764e-170,"2","CYTH1"
"DDOST",4.12790698016266e-174,0.3722527964864,0.276,0.198,1.16361569863805e-169,"2","DDOST"
"CCDC88C",6.57053282697378e-174,0.371278704768845,0.327,0.245,1.85216749859564e-169,"2","CCDC88C"
"STK381",6.87495110132793e-174,0.389367725857128,0.309,0.227,1.93797996595333e-169,"2","STK38"
"LDHA",5.30453210258662e-173,0.339441421454554,0.52,0.458,1.49529455439814e-168,"2","LDHA"
"SSNA11",2.77530181412374e-172,0.368479492802156,0.34,0.263,7.8232982838334e-168,"2","SSNA1"
"HCLS11",6.9164959540503e-172,0.334689369590021,0.514,0.455,1.94969104448724e-167,"2","HCLS1"
"POLR2K1",3.04105958612799e-171,0.390400215151997,0.329,0.252,8.5724428673362e-167,"2","POLR2K"
"PPP1R10",1.58291540210692e-170,0.411064846594756,0.4,0.324,4.46208022699918e-166,"2","PPP1R10"
"SEC61G",2.86496850018228e-170,0.350365627172935,0.5,0.443,8.07605970516383e-166,"2","SEC61G"
"RNF71",3.58900114528296e-170,0.362501531441751,0.368,0.295,1.01170353284381e-165,"2","RNF7"
"GBP43",1.03738174981184e-169,0.34343741818433,0.219,0.142,2.92427541454461e-165,"2","GBP4"
"SH3BP5",1.86408657885995e-169,0.359467503386606,0.349,0.267,5.25467365714831e-165,"2","SH3BP5"
"RAB2A",4.537919597616e-169,0.360722661295111,0.377,0.302,1.27919415537197e-164,"2","RAB2A"
"LPP",7.48446812426182e-169,0.363489945501194,0.232,0.154,2.10979671954816e-164,"2","LPP"
"QKI1",1.31887983450965e-168,0.300396684474148,0.284,0.202,3.71779036549924e-164,"2","QKI"
"CASP41",4.96967843399867e-168,0.36321242337013,0.356,0.277,1.40090265375989e-163,"2","CASP4"
"FKBP2",1.66377932280712e-167,0.388104222833601,0.292,0.213,4.690027533061e-163,"2","FKBP2"
"NAA38",1.91726869740824e-166,0.383970712992198,0.349,0.274,5.40458873112407e-162,"2","NAA38"
"SAP18",1.84840946976748e-165,0.306706433363864,0.571,0.528,5.21048145432756e-161,"2","SAP18"
"AP2S11",6.90116210300335e-165,0.303297086047343,0.341,0.263,1.94536858521562e-160,"2","AP2S1"
"ABCF1",7.39167837693953e-165,0.381076732470707,0.315,0.234,2.08364021767548e-160,"2","ABCF1"
"SLA",8.15535407345984e-163,0.350641634109092,0.259,0.181,2.2989127597676e-158,"2","SLA"
"BTN3A1",1.5775425513036e-162,0.339110920882924,0.244,0.167,4.44693469786971e-158,"2","BTN3A1"
"HN11",2.02446901618204e-162,0.325544763888557,0.265,0.187,5.70677570971555e-158,"2","HN1"
"IDS",3.12313150358711e-162,0.32760121543284,0.455,0.381,8.8037953954617e-158,"2","IDS"
"NOP101",3.74970855168875e-162,0.352724773042255,0.35,0.276,1.05700534363554e-157,"2","NOP10"
"SUGP2",5.09988203142317e-162,0.344678567076879,0.231,0.155,1.43760574583788e-157,"2","SUGP2"
"VIMP",6.68553462534039e-162,0.354394288319148,0.272,0.193,1.8845853555372e-157,"2","VIMP"
"WAS1",2.44501043603328e-161,0.365604249316498,0.375,0.304,6.8922399181342e-157,"2","WAS"
"COPZ1",5.76396728074113e-161,0.340421608566722,0.236,0.162,1.62480473676812e-156,"2","COPZ1"
"ATP5J1",5.93157494106253e-160,0.337038863828634,0.504,0.454,1.67205166013612e-155,"2","ATP5J"
"UBE2I",1.84720638083193e-159,0.334271967035731,0.425,0.359,5.20709006692713e-155,"2","UBE2I"
"SPTY2D1",7.76565236465984e-159,0.344078456182961,0.222,0.148,2.18905974507396e-154,"2","SPTY2D1"
"MYEOV21",1.09131400295791e-158,0.328260838630539,0.494,0.44,3.07630504293806e-154,"2","MYEOV2"
"DNAJC3",1.66660807056548e-158,0.333946168334834,0.223,0.149,4.69800149011703e-154,"2","DNAJC3"
"SETX1",5.08949632319875e-158,0.348322848977704,0.347,0.269,1.4346781185465e-153,"2","SETX"
"LSM3",7.15862207707486e-158,0.357202625503336,0.363,0.292,2.01794397730663e-153,"2","LSM3"
"TACC1",1.38990523422737e-157,0.311724011941874,0.248,0.171,3.91800386476354e-153,"2","TACC1"
"EIF4A1",3.82239208153394e-157,0.344165299515404,0.389,0.316,1.0774941038636e-152,"2","EIF4A1"
"PSMB21",1.40831206783161e-155,0.327157738556075,0.265,0.19,3.96989088801054e-151,"2","PSMB2"
"GNB21",2.74287515751367e-155,0.31346495957103,0.315,0.24,7.73189078151529e-151,"2","GNB2"
"RAB5C",1.39667515467581e-154,0.335724479229091,0.294,0.221,3.93708759351563e-150,"2","RAB5C"
"RNF1671",6.40442896778436e-153,0.350247537963936,0.251,0.178,1.80534448172873e-148,"2","RNF167"
"PPM1G1",3.72055404762521e-152,0.356131609630597,0.361,0.289,1.04878698048507e-147,"2","PPM1G"
"AP2M11",1.61891732532281e-151,0.341166523759478,0.355,0.286,4.56356604835246e-147,"2","AP2M1"
"XAF11",2.11070102647496e-151,0.358803802696485,0.273,0.195,5.94985512353028e-147,"2","XAF1"
"RNF181",2.32655670394517e-151,0.350821295701208,0.252,0.18,6.55833069275105e-147,"2","RNF181"
"GLTP",3.95862788022464e-151,0.330651579966444,0.228,0.156,1.11589761315652e-146,"2","GLTP"
"FBXW5",5.62428848325932e-151,0.352607969531266,0.267,0.194,1.58543068054597e-146,"2","FBXW5"
"CCDC107",6.75836720916213e-151,0.346894529186379,0.303,0.23,1.90511613259071e-146,"2","CCDC107"
"LBR",5.91205963768692e-150,0.345581458024137,0.36,0.288,1.66655049126757e-145,"2","LBR"
"PGAM11",7.14799474687593e-150,0.3341024036863,0.316,0.244,2.01494823919686e-145,"2","PGAM1"
"ITGB7",1.2453926877288e-149,0.386532214181137,0.262,0.191,3.51063744743872e-145,"2","ITGB7"
"NFKBIA2",1.25606106442571e-149,0.461247993004716,0.635,0.59,3.54071053450962e-145,"2","NFKBIA"
"LRPAP1",4.67209260544945e-149,0.338349169927909,0.315,0.243,1.31701618455015e-144,"2","LRPAP1"
"PARP81",4.8198690483126e-148,0.344957472928247,0.36,0.285,1.35867288602884e-143,"2","PARP8"
"CIB11",1.17360443555104e-147,0.316537092649318,0.521,0.472,3.30827354337483e-143,"2","CIB1"
"DEK",3.39510778518535e-145,0.306437110530027,0.546,0.497,9.57046933565897e-141,"2","DEK"
"ERBB2IP",6.21203469543042e-145,0.345156110725481,0.337,0.265,1.75111046029488e-140,"2","ERBB2IP"
"ARL6IP11",1.14861821455074e-144,0.349651779285448,0.33,0.259,3.23783988499709e-140,"2","ARL6IP1"
"RAPGEF1",2.45099695966027e-144,0.312524184553817,0.212,0.142,6.90911532958634e-140,"2","RAPGEF1"
"SUPT4H1",2.84613970244235e-144,0.335127015174503,0.261,0.189,8.02298320721474e-140,"2","SUPT4H1"
"NUB11",2.48212122525217e-143,0.37441344207012,0.369,0.301,6.99685152186336e-139,"2","NUB1"
"PRPF4B",5.87788261811435e-143,0.32720065041289,0.551,0.5,1.65691633122025e-138,"2","PRPF4B"
"NUCB1",7.23676615063757e-143,0.339010045901444,0.245,0.176,2.03997201020322e-138,"2","NUCB1"
"GPATCH8",2.2571482641115e-142,0.3800678543176,0.305,0.235,6.36267524170391e-138,"2","GPATCH8"
"NDUFA21",2.19008510369896e-141,0.338837299433685,0.404,0.345,6.17363089881699e-137,"2","NDUFA2"
"TIMM8B1",5.11208688393761e-141,0.313006225889316,0.203,0.136,1.44104617171317e-136,"2","TIMM8B"
"CYC1",1.51491511332453e-140,0.310689575505605,0.215,0.147,4.27039421295052e-136,"2","CYC1"
"CD320",1.95307885600844e-140,0.343453193202467,0.202,0.135,5.50553398720221e-136,"2","CD320"
"PCSK71",5.07483441959032e-140,0.351059893587301,0.416,0.346,1.43054507453832e-135,"2","PCSK7"
"TUBA1B",2.44083610060021e-139,0.348866610748485,0.474,0.417,6.88047288398194e-135,"2","TUBA1B"
"KAT6B1",5.39553803675017e-139,0.362047072357589,0.287,0.215,1.52094821717951e-134,"2","KAT6B"
"PIK3R11",6.91655901102332e-139,0.371847358637577,0.545,0.488,1.94970881961736e-134,"2","PIK3R1"
"RHOG1",2.23262894786257e-138,0.308876722890303,0.323,0.254,6.29355774112979e-134,"2","RHOG"
"TMX4",3.57767249909735e-138,0.338192344566357,0.31,0.238,1.00851010077055e-133,"2","TMX4"
"UQCRQ",5.09386371983879e-138,0.337659428062987,0.439,0.384,1.43590924398536e-133,"2","UQCRQ"
"RBBP7",9.11384404145455e-138,0.35087705298262,0.285,0.216,2.56910149684562e-133,"2","RBBP7"
"PSTPIP1",2.13776244416252e-137,0.309636266167863,0.209,0.141,6.02613855384974e-133,"2","PSTPIP1"
"ANP32A",7.32478680609965e-137,0.325605817864474,0.382,0.318,2.06478415277143e-132,"2","ANP32A"
"TMCO1",1.35588793669485e-135,0.354782942938588,0.324,0.256,3.82211250474912e-131,"2","TMCO1"
"RASA21",2.34349545544001e-135,0.356556112203515,0.311,0.241,6.60607933933983e-131,"2","RASA2"
"SLC44A2",7.9562189393687e-135,0.33225818019441,0.212,0.146,2.24277855681864e-130,"2","SLC44A2"
"PPP6R1",1.37928822949823e-134,0.307458661101377,0.221,0.154,3.88807559013256e-130,"2","PPP6R1"
"UBE2S1",4.71465648709581e-134,0.343445540301312,0.265,0.195,1.32901451714744e-129,"2","UBE2S"
"SLFN54",1.03615486114049e-132,0.335721597496088,0.454,0.389,2.92081693806894e-128,"2","SLFN5"
"TROVE2",8.64456278979145e-132,0.331862490578632,0.284,0.216,2.43681580481431e-127,"2","TROVE2"
"DDX46",4.46019518678152e-131,0.32463197241703,0.503,0.455,1.25728442120184e-126,"2","DDX46"
"PARP151",6.80392920132007e-131,0.324396384285184,0.208,0.142,1.91795960256011e-126,"2","PARP15"
"NDUFA6",1.38293746505806e-129,0.343182190406076,0.312,0.248,3.89836242025218e-125,"2","NDUFA6"
"PSMD131",1.0119584463474e-128,0.319096647488453,0.279,0.214,2.85260966440868e-124,"2","PSMD13"
"SCAND11",1.3748772125778e-128,0.315392498127389,0.428,0.373,3.87564137453557e-124,"2","SCAND1"
"LSM1",1.40786660850167e-127,0.307803809465459,0.218,0.154,3.96863518270536e-123,"2","LSM1"
"TAP12",2.69077343341764e-127,0.319525533959858,0.245,0.179,7.585021231461e-123,"2","TAP1"
"SIRT7",1.03792721236687e-126,0.313664273942894,0.22,0.155,2.92581301894097e-122,"2","SIRT7"
"UBE2M",1.69674494597589e-126,0.335813658207407,0.281,0.217,4.78295432821144e-122,"2","UBE2M"
"BCAP31",5.20611143064317e-125,0.33796317347968,0.348,0.287,1.467550751184e-120,"2","BCAP31"
"PSMC41",4.55947160558058e-124,0.305808147590409,0.212,0.149,1.28526945089711e-119,"2","PSMC4"
"TNIK1",1.29302927389432e-123,0.313883799285057,0.217,0.152,3.6449202201807e-119,"2","TNIK"
"UFC11",1.51912341041886e-122,0.317567467496047,0.477,0.432,4.28225698162971e-118,"2","UFC1"
"TMOD3",2.21951045110951e-122,0.31851586306782,0.334,0.27,6.25657801063259e-118,"2","TMOD3"
"DNMT11",4.54476311062016e-122,0.360314152975319,0.296,0.231,1.28112327325272e-117,"2","DNMT1"
"BCL7C",4.55803545179244e-122,0.338101396669787,0.299,0.237,1.28486461350577e-117,"2","BCL7C"
"RNPS11",5.03214665153016e-122,0.325523692080605,0.37,0.312,1.41851181959984e-117,"2","RNPS1"
"DGKD",1.79207873275729e-121,0.322681026169398,0.25,0.183,5.05169073976951e-117,"2","DGKD"
"TRIM221",4.235456907771e-121,0.330761617138495,0.352,0.287,1.19393294773157e-116,"2","TRIM22"
"CLTB1",4.29247142253414e-121,0.311447574828733,0.251,0.187,1.21000476929815e-116,"2","CLTB"
"PSMC3",5.03282815249933e-119,0.311230883851445,0.237,0.175,1.41870392790804e-114,"2","PSMC3"
"TMEM9B",4.42818759881296e-118,0.304241438829503,0.215,0.153,1.24826180222938e-113,"2","TMEM9B"
"SUMO11",4.50378309256154e-117,0.312370729124439,0.388,0.339,1.26957141596217e-112,"2","SUMO1"
"KDM5A",2.96977254382259e-116,0.326532675786604,0.338,0.276,8.3714918237815e-112,"2","KDM5A"
"ZNF428",3.00327041245365e-116,0.329096645287075,0.272,0.211,8.46591896566559e-112,"2","ZNF428"
"CNOT6L",3.10862317776173e-116,0.306576171837851,0.395,0.337,8.76289787579253e-112,"2","CNOT6L"
"RBM38",3.9283424944586e-116,0.35662398262642,0.313,0.252,1.10736046576293e-111,"2","RBM38"
"PRPF38B",4.56617670194344e-116,0.32905852065577,0.489,0.444,1.28715955051084e-111,"2","PRPF38B"
"COX17",9.12943550297152e-115,0.352573461812304,0.312,0.251,2.57349657393264e-110,"2","COX17"
"RHOF1",9.40903647670571e-115,0.328639454280099,0.291,0.23,2.65231329241857e-110,"2","RHOF"
"CHMP4A",1.07528127125319e-114,0.330053475149097,0.374,0.319,3.03111037553561e-110,"2","CHMP4A"
"LCP2",7.85800033701027e-114,0.303472417214769,0.303,0.24,2.21509171499983e-109,"2","LCP2"
"STUB1",1.14776987978478e-113,0.309510174800208,0.366,0.312,3.23544851412532e-109,"2","STUB1"
"NDUFS81",2.77855904160494e-113,0.32700092040446,0.306,0.247,7.83248008238018e-109,"2","NDUFS8"
"GBP23",1.3616942482664e-111,0.311446444828149,0.261,0.198,3.83847991643816e-107,"2","GBP2"
"RASA3",1.65959464427097e-110,0.328529388963814,0.256,0.196,4.67823134273544e-106,"2","RASA3"
"SSBP4",2.52839414888718e-110,0.300960703589296,0.321,0.26,7.12729026629806e-106,"2","SSBP4"
"ACP11",3.65821720611534e-110,0.336328534008946,0.325,0.27,1.03121484823185e-105,"2","ACP1"
"MAF1",4.57730569070043e-110,0.319247088334736,0.288,0.229,1.29029670115154e-105,"2","MAF1"
"RNASEH2C",7.84048745238642e-110,0.312502848950623,0.276,0.217,2.21015500795321e-105,"2","RNASEH2C"
"H2AFV1",1.74240927442275e-109,0.30446190502882,0.409,0.359,4.9116775036703e-105,"2","H2AFV"
"ARHGEF11",1.88672699847924e-108,0.318409156190443,0.426,0.38,5.31849473601312e-104,"2","ARHGEF1"
"CLINT11",2.12514135639278e-108,0.313548394282546,0.31,0.251,5.99056096953561e-104,"2","CLINT1"
"SUPT16H",7.27849210872061e-108,0.326426313925652,0.316,0.257,2.05173414052725e-103,"2","SUPT16H"
"RAB7A",3.54087711421761e-107,0.300487885011064,0.297,0.239,9.98137849726801e-103,"2","RAB7A"
"DGUOK1",6.80947605458053e-107,0.321650979646848,0.319,0.265,1.91952320502571e-102,"2","DGUOK"
"AP2B1",8.38643595293771e-107,0.320053485963678,0.286,0.227,2.36405243077361e-102,"2","AP2B1"
"POLR2B",1.78059839128988e-106,0.309052842381699,0.273,0.214,5.01932880520705e-102,"2","POLR2B"
"LRP10",1.20175823485723e-104,0.30744507230905,0.24,0.182,3.38763628823906e-100,"2","LRP10"
"THRAP3",2.10220346258388e-104,0.304578689730634,0.429,0.385,5.92590134067769e-100,"2","THRAP3"
"TMED2",3.1836509273514e-104,0.320395325804384,0.318,0.265,8.97439359911085e-100,"2","TMED2"
"RTFDC11",4.38675195221255e-103,0.301407152816811,0.278,0.222,1.2365815078092e-98,"2","RTFDC1"
"HNRNPL",1.22876588780957e-101,0.317670065188892,0.294,0.239,3.46376816114639e-97,"2","HNRNPL"
"HIST1H1D1",1.36149412140834e-101,0.381489188503328,0.431,0.377,3.83791577883798e-97,"2","HIST1H1D"
"SLTM",2.68346644286847e-101,0.308457300972479,0.413,0.363,7.56442355580193e-97,"2","SLTM"
"RALBP1",7.29617686624183e-98,0.315382518526421,0.288,0.23,2.05671929682491e-93,"2","RALBP1"
"PDAP11",4.05265620787249e-94,0.302148670664311,0.347,0.297,1.14240325843718e-89,"2","PDAP1"
"C1orf561",1.28965291598663e-90,0.387492950919572,0.33,0.273,3.6354026048747e-86,"2","C1orf56"
"ATG12",2.06212018589911e-90,0.310081546325894,0.315,0.263,5.812910592031e-86,"2","ATG12"
"DNTTIP2",4.66672283325564e-89,0.30586224538223,0.303,0.252,1.31550249946643e-84,"2","DNTTIP2"
"ICAM2",6.29804383221127e-86,0.318971506185539,0.248,0.198,1.77535557586204e-81,"2","ICAM2"
"FRG11",1.10323808434285e-83,0.313324901292861,0.307,0.259,3.10991783595406e-79,"2","FRG1"
"COPS6",1.73932396383961e-83,0.302001356894434,0.282,0.233,4.90298032166748e-79,"2","COPS6"
"NASP",9.41120096443491e-79,0.3129196595622,0.308,0.262,2.65292343986456e-74,"2","NASP"
"POLE3",1.45228227344935e-77,0.300363855066965,0.273,0.225,4.09383850062637e-73,"2","POLE3"
"CCND2",7.77933613390207e-75,0.323341139372113,0.298,0.254,2.19291706278566e-70,"2","CCND2"
"IFRD11",4.84870626416667e-54,0.328208553094791,0.269,0.232,1.36680180880594e-49,"2","IFRD1"
"GZMH2",0,2.57819562792849,0.965,0.199,0,"3","GZMH"
"CCL51",0,1.88930685538676,0.999,0.435,0,"3","CCL5"
"TRGC2",0,1.83722579169208,0.626,0.135,0,"3","TRGC2"
"NKG73",0,1.74756876755148,0.998,0.416,0,"3","NKG7"
"FGFBP22",0,1.66752480772661,0.828,0.195,0,"3","FGFBP2"
"CD8A",0,1.50076575449756,0.59,0.17,0,"3","CD8A"
"GNLY3",0,1.46755649047154,0.897,0.363,0,"3","GNLY"
"LGALS12",0,1.38515630751646,0.765,0.355,0,"3","LGALS1"
"CST71",0,1.32778427078177,0.929,0.342,0,"3","CST7"
"S100A42",0,1.30051049416429,0.994,0.792,0,"3","S100A4"
"GZMA3",0,1.27425965416753,0.921,0.352,0,"3","GZMA"
"C12orf751",0,1.22972134078045,0.679,0.268,0,"3","C12orf75"
"ITGB12",0,1.22813333651063,0.809,0.413,0,"3","ITGB1"
"CCL42",0,1.21540623869385,0.598,0.182,0,"3","CCL4"
"ZEB22",0,1.16756362358011,0.696,0.245,0,"3","ZEB2"
"CD8B1",0,1.14867037470846,0.522,0.179,0,"3","CD8B"
"EFHD22",0,1.1432463703684,0.831,0.34,0,"3","EFHD2"
"KLRG1",0,1.13946881096811,0.547,0.177,0,"3","KLRG1"
"GZMB2",0,1.13259118995503,0.771,0.217,0,"3","GZMB"
"KLRD13",0,1.13098435526407,0.691,0.237,0,"3","KLRD1"
"IL324",0,1.07980677940153,0.977,0.696,0,"3","IL32"
"PLEK2",0,1.07287888424128,0.656,0.254,0,"3","PLEK"
"CD3G2",0,1.06421096499366,0.893,0.578,0,"3","CD3G"
"IFNG",0,1.05549185633599,0.278,0.06,0,"3","IFNG"
"CD992",0,1.05378147506099,0.863,0.551,0,"3","CD99"
"ZNF683",0,1.0536507063076,0.252,0.024,0,"3","ZNF683"
"SH3BGRL32",0,1.04088629711701,0.992,0.889,0,"3","SH3BGRL3"
"HCST3",0,1.03640678042494,0.959,0.711,0,"3","HCST"
"CD3D2",0,1.00457940567981,0.93,0.634,0,"3","CD3D"
"CTSW2",0,0.99026069212746,0.767,0.356,0,"3","CTSW"
"ADGRG11",0,0.947588025271181,0.405,0.096,0,"3","ADGRG1"
"FLNA2",0,0.933101216668221,0.716,0.398,0,"3","FLNA"
"SYNE12",0,0.924088578961573,0.625,0.303,0,"3","SYNE1"
"AC092580.4",0,0.916047590397836,0.423,0.151,0,"3","AC092580.4"
"LINC001523",0,0.906197974218049,0.433,0.146,0,"3","LINC00152"
"PPP2R5C2",0,0.905494797445602,0.845,0.582,0,"3","PPP2R5C"
"PATL2",0,0.889197499994469,0.297,0.079,0,"3","PATL2"
"SAMD33",0,0.873875476429195,0.585,0.274,0,"3","SAMD3"
"GZMM1",0,0.868637888665758,0.777,0.438,0,"3","GZMM"
"CD521",0,0.85981212710065,0.985,0.883,0,"3","CD52"
"S100A62",0,0.854964577791646,0.976,0.846,0,"3","S100A6"
"PTMS1",0,0.849118268136993,0.268,0.061,0,"3","PTMS"
"C1orf212",0,0.84824424940954,0.389,0.106,0,"3","C1orf21"
"CD26",0,0.847264031979118,0.773,0.523,0,"3","CD2"
"APOBEC3G2",0,0.84049146413146,0.461,0.202,0,"3","APOBEC3G"
"FCRL61",0,0.831524502143862,0.323,0.07,0,"3","FCRL6"
"DSTN1",0,0.824338045292321,0.595,0.355,0,"3","DSTN"
"TGFBR31",0,0.814750182520209,0.362,0.114,0,"3","TGFBR3"
"ITGAL1",0,0.797696751785332,0.522,0.255,0,"3","ITGAL"
"PRF13",0,0.797593476824864,0.678,0.241,0,"3","PRF1"
"ABHD17A1",0,0.782167048089057,0.693,0.418,0,"3","ABHD17A"
"ASCL21",0,0.771305521953289,0.245,0.046,0,"3","ASCL2"
"IFITM22",0,0.771041418440623,0.859,0.661,0,"3","IFITM2"
"CX3CR11",0,0.758862423526032,0.307,0.085,0,"3","CX3CR1"
"SYNE22",0,0.75080333584724,0.763,0.511,0,"3","SYNE2"
"LYAR2",0,0.746661693453903,0.545,0.27,0,"3","LYAR"
"PYHIN11",0,0.74324623557641,0.513,0.247,0,"3","PYHIN1"
"PRSS231",0,0.722763308083966,0.274,0.064,0,"3","PRSS23"
"SLC9A3R12",0,0.717633667764439,0.489,0.272,0,"3","SLC9A3R1"
"ANXA13",0,0.707835933289377,0.857,0.576,0,"3","ANXA1"
"B2M1",0,0.707634018024144,1,1,0,"3","B2M"
"MT2A3",0,0.707607477717432,0.477,0.296,0,"3","MT2A"
"HLA-C1",0,0.704132545362447,0.997,0.96,0,"3","HLA-C"
"LAIR21",0,0.703151515169117,0.23,0.066,0,"3","LAIR2"
"PFN13",0,0.697923352075885,0.97,0.876,0,"3","PFN1"
"HOPX2",0,0.695958567302841,0.556,0.244,0,"3","HOPX"
"S100A103",0,0.686408492387354,0.889,0.692,0,"3","S100A10"
"CTSC2",0,0.68245440077773,0.509,0.273,0,"3","CTSC"
"AHNAK1",0,0.680794727519573,0.774,0.505,0,"3","AHNAK"
"YWHAQ2",0,0.676809928581752,0.526,0.321,0,"3","YWHAQ"
"CLEC2B1",0,0.675426572364265,0.648,0.441,0,"3","CLEC2B"
"TBX211",0,0.671291606702254,0.291,0.088,0,"3","TBX21"
"MYBL11",0,0.669165832113147,0.414,0.186,0,"3","MYBL1"
"RUNX32",0,0.667352885835373,0.543,0.31,0,"3","RUNX3"
"PTPRC1",0,0.660370629932893,0.984,0.921,0,"3","PTPRC"
"CALM11",0,0.654871732707508,0.989,0.914,0,"3","CALM1"
"RAP1B2",0,0.649799547639421,0.625,0.435,0,"3","RAP1B"
"LCP12",0,0.643462992094042,0.867,0.7,0,"3","LCP1"
"ITGB22",0,0.641879629041092,0.738,0.504,0,"3","ITGB2"
"MYL12B2",0,0.640979586218236,0.858,0.7,0,"3","MYL12B"
"CEP783",0,0.640870696682461,0.319,0.138,0,"3","CEP78"
"CD632",0,0.632334829770518,0.61,0.364,0,"3","CD63"
"SSBP31",0,0.627617963803162,0.329,0.149,0,"3","SSBP3"
"CD3E2",0,0.618078788481977,0.857,0.632,0,"3","CD3E"
"ID23",0,0.618020265414448,0.654,0.402,0,"3","ID2"
"MIAT",0,0.617647448973736,0.237,0.069,0,"3","MIAT"
"CALR1",0,0.612552075801703,0.644,0.495,0,"3","CALR"
"CD813",0,0.609347337487354,0.641,0.445,0,"3","CD81"
"HLA-B1",0,0.608925287380755,1,0.985,0,"3","HLA-B"
"MYO1F2",0,0.608531146588343,0.481,0.239,0,"3","MYO1F"
"MATK2",0,0.607710051362162,0.397,0.171,0,"3","MATK"
"EMP31",0,0.598039057962044,0.857,0.7,0,"3","EMP3"
"C9orf1422",0,0.597841359380255,0.536,0.356,0,"3","C9orf142"
"CLIC14",0,0.596374116151104,0.761,0.549,0,"3","CLIC1"
"ARL4C3",0,0.595547049960159,0.844,0.624,0,"3","ARL4C"
"ZBTB38",0,0.594042476457381,0.345,0.179,0,"3","ZBTB38"
"CFL12",0,0.588123531910213,0.96,0.869,0,"3","CFL1"
"SPN1",0,0.584991796966287,0.405,0.238,0,"3","SPN"
"LITAF2",0,0.582960163208789,0.679,0.484,0,"3","LITAF"
"SSBP41",0,0.582743867814634,0.414,0.249,0,"3","SSBP4"
"CD3201",0,0.579800635351144,0.273,0.127,0,"3","CD320"
"ARPC22",0,0.574383048164092,0.899,0.771,0,"3","ARPC2"
"MXRA7",0,0.569948019767833,0.214,0.061,0,"3","MXRA7"
"RNF2133",0,0.568067189494907,0.757,0.576,0,"3","RNF213"
"MYL62",0,0.566783234396538,0.939,0.837,0,"3","MYL6"
"RARRES32",0,0.566494931826817,0.689,0.514,0,"3","RARRES3"
"ATP2B41",0,0.561645171543838,0.325,0.157,0,"3","ATP2B4"
"RORA1",0,0.559182537278794,0.553,0.367,0,"3","RORA"
"MYL12A2",0,0.557938808526995,0.944,0.841,0,"3","MYL12A"
"TRG-AS1",0,0.551641681671256,0.233,0.101,0,"3","TRG-AS1"
"ACTN42",0,0.547315579618708,0.395,0.209,0,"3","ACTN4"
"GAB31",0,0.539920500645374,0.236,0.082,0,"3","GAB3"
"MBP2",0,0.539831698228309,0.62,0.451,0,"3","MBP"
"CYBA2",0,0.538559630543537,0.952,0.829,0,"3","CYBA"
"TRBC13",0,0.535724202429463,0.586,0.46,0,"3","TRBC1"
"TLN12",0,0.528689842162839,0.626,0.453,0,"3","TLN1"
"HLA-A2",0,0.528166554203649,0.997,0.967,0,"3","HLA-A"
"MSN3",0,0.520491757133622,0.71,0.539,0,"3","MSN"
"DBI2",0,0.519841902617819,0.628,0.458,0,"3","DBI"
"CAST2",0,0.519407370259606,0.707,0.542,0,"3","CAST"
"SEPT72",0,0.51843023164567,0.857,0.729,0,"3","SEPT7"
"CHST122",0,0.517474061447148,0.285,0.133,0,"3","CHST12"
"TPST22",0,0.517366548792475,0.313,0.151,0,"3","TPST2"
"S1PR51",0,0.516803398055131,0.236,0.077,0,"3","S1PR5"
"MYO1G1",0,0.511426838283529,0.367,0.213,0,"3","MYO1G"
"TGFB11",0,0.508461609832207,0.528,0.364,0,"3","TGFB1"
"PTPN221",0,0.506295675385924,0.337,0.189,0,"3","PTPN22"
"PRDM12",0,0.502730795169594,0.306,0.156,0,"3","PRDM1"
"VCL1",0,0.502499076719695,0.26,0.121,0,"3","VCL"
"ITGA42",0,0.502057953209173,0.549,0.386,0,"3","ITGA4"
"RASSF12",0,0.500727467867562,0.326,0.181,0,"3","RASSF1"
"KLF3",0,0.50022529585131,0.516,0.384,0,"3","KLF3"
"IL2RG3",0,0.497820049219265,0.741,0.614,0,"3","IL2RG"
"APMAP2",0,0.493033970322532,0.347,0.174,0,"3","APMAP"
"DNAJC13",0,0.491509604055636,0.303,0.164,0,"3","DNAJC1"
"PTPN41",0,0.482049033023889,0.394,0.254,0,"3","PTPN4"
"IQGAP21",0,0.480579543118055,0.423,0.272,0,"3","IQGAP2"
"LSP11",0,0.480423131130815,0.665,0.522,0,"3","LSP1"
"BTN3A22",0,0.479728470346413,0.452,0.329,0,"3","BTN3A2"
"TMSB4X3",0,0.477649760725311,1,0.999,0,"3","TMSB4X"
"GUK11",0,0.475844530537653,0.677,0.541,0,"3","GUK1"
"LY6E3",0,0.470807818237921,0.588,0.468,0,"3","LY6E"
"ACTB3",0,0.468682770124136,0.99,0.977,0,"3","ACTB"
"TTC381",0,0.467457513673136,0.213,0.074,0,"3","TTC38"
"CRIP13",0,0.461903290320025,0.408,0.28,0,"3","CRIP1"
"OPTN3",0,0.461163882443997,0.421,0.292,0,"3","OPTN"
"SYTL32",0,0.458925255228537,0.303,0.157,0,"3","SYTL3"
"DOK21",0,0.458669425495139,0.388,0.236,0,"3","DOK2"
"GNG21",0,0.458232804844343,0.403,0.25,0,"3","GNG2"
"SYTL21",0,0.457604804577071,0.215,0.091,0,"3","SYTL2"
"SCP22",0,0.456636311643996,0.402,0.276,0,"3","SCP2"
"PLA2G161",0,0.456425576479157,0.224,0.088,0,"3","PLA2G16"
"TRAC4",0,0.45610852933017,0.741,0.561,0,"3","TRAC"
"PPP1CA2",0,0.453387382551381,0.549,0.411,0,"3","PPP1CA"
"ARPC5L2",0,0.453155033464083,0.412,0.274,0,"3","ARPC5L"
"ANXA23",0,0.453138405133958,0.418,0.245,0,"3","ANXA2"
"CD2262",0,0.453080343254068,0.275,0.163,0,"3","CD226"
"SLAMF71",0,0.452190851593876,0.212,0.08,0,"3","SLAMF7"
"FCGR3A1",0,0.450486615739356,0.368,0.159,0,"3","FCGR3A"
"DIAPH12",0,0.450248891540739,0.446,0.304,0,"3","DIAPH1"
"BHLHE402",0,0.449081968653074,0.234,0.102,0,"3","BHLHE40"
"BIN22",0,0.446462439870705,0.596,0.462,0,"3","BIN2"
"STOM1",0,0.444293787260298,0.27,0.137,0,"3","STOM"
"KLF62",0,0.444244175973813,0.773,0.63,0,"3","KLF6"
"PSMB93",0,0.441589597829953,0.608,0.483,0,"3","PSMB9"
"CAPN2",0,0.438935011786575,0.351,0.219,0,"3","CAPN2"
"PTP4A22",0,0.435429700056396,0.691,0.572,0,"3","PTP4A2"
"SERTAD11",0,0.434071212515483,0.302,0.183,0,"3","SERTAD1"
"HSP90B11",0,0.432579478884152,0.688,0.577,0,"3","HSP90B1"
"TXN2",0,0.431282051406859,0.436,0.296,0,"3","TXN"
"DHRS71",0,0.431111242846348,0.427,0.303,0,"3","DHRS7"
"NDUFB72",0,0.430032835568088,0.522,0.399,0,"3","NDUFB7"
"ADGRE52",0,0.42709286354139,0.401,0.261,0,"3","ADGRE5"
"PPIB1",0,0.42399571699713,0.684,0.572,0,"3","PPIB"
"ARL6IP51",0,0.423417779112435,0.697,0.581,0,"3","ARL6IP5"
"APOBEC3C2",0,0.422791404507705,0.285,0.166,0,"3","APOBEC3C"
"SUN22",0,0.422512317804172,0.485,0.368,0,"3","SUN2"
"TPM31",0,0.42147876048124,0.861,0.766,0,"3","TPM3"
"HSP90AA11",0,0.420927604448632,0.914,0.83,0,"3","HSP90AA1"
"PIP4K2A3",0,0.418081517690156,0.494,0.372,0,"3","PIP4K2A"
"SUB12",0,0.417312562749444,0.764,0.658,0,"3","SUB1"
"GAPDH4",0,0.414021211451603,0.859,0.754,0,"3","GAPDH"
"RAB27A2",0,0.409310521338182,0.276,0.153,0,"3","RAB27A"
"PDIA32",0,0.404839331867738,0.575,0.464,0,"3","PDIA3"
"YWHAZ2",0,0.403003544809759,0.845,0.744,0,"3","YWHAZ"
"SRGN4",0,0.398412699843193,0.82,0.601,0,"3","SRGN"
"FAM129A1",0,0.395391927585676,0.228,0.115,0,"3","FAM129A"
"SPON22",0,0.394086340449022,0.386,0.158,0,"3","SPON2"
"UBB3",0,0.393605086176878,0.866,0.76,0,"3","UBB"
"CDC42EP3",0,0.392911476288363,0.261,0.147,0,"3","CDC42EP3"
"GSTP13",0,0.38911531184853,0.588,0.428,0,"3","GSTP1"
"MT-ND5",0,0.378558321700146,0.984,0.961,0,"3","MT-ND5"
"HLA-F1",0,0.378224826767111,0.652,0.555,0,"3","HLA-F"
"SRP142",0,0.369591402333346,0.9,0.826,0,"3","SRP14"
"PSME13",0,0.367135510780882,0.768,0.679,0,"3","PSME1"
"SERF22",0,0.341611385250781,0.966,0.911,0,"3","SERF2"
"MALAT1",0,0.328211073269713,1,0.999,0,"3","MALAT1"
"KLF2",0,0.32259787055296,0.937,0.87,0,"3","KLF2"
"UBC1",0,0.321983831783572,0.954,0.896,0,"3","UBC"
"IER22",0,0.32179994303555,0.784,0.668,0,"3","IER2"
"PPIA2",0,0.312847818860523,0.882,0.814,0,"3","PPIA"
"S100A113",0,0.309227881323349,0.592,0.436,0,"3","S100A11"
"POMP2",9.7082082438285e-303,0.402606890090908,0.48,0.363,2.73664682185282e-298,"3","POMP"
"CLEC2D1",1.34831153360133e-302,0.459673697623663,0.581,0.478,3.8007553820688e-298,"3","CLEC2D"
"BLOC1S12",2.36937840241299e-301,0.400929610058989,0.477,0.361,6.67904077856198e-297,"3","BLOC1S1"
"C5orf561",1.82917150300468e-300,0.428975928341953,0.32,0.203,5.1562515498199e-296,"3","C5orf56"
"TNFRSF1B3",6.28865765144874e-300,0.316032196824024,0.324,0.201,1.77270970536689e-295,"3","TNFRSF1B"
"RNF1661",1.28145718094745e-299,0.416988357256624,0.345,0.228,3.61229964737278e-295,"3","RNF166"
"CAP12",7.47547753444214e-297,0.368463174178776,0.576,0.472,2.1072623621839e-292,"3","CAP1"
"MXD42",2.11172669735175e-294,0.402203625269023,0.315,0.2,5.95274638716484e-290,"3","MXD4"
"PREX12",6.43212760895235e-292,0.393412761843067,0.32,0.203,1.81315245168758e-287,"3","PREX1"
"ARAP23",8.89817033627153e-292,0.379211078370786,0.329,0.208,2.50830523609158e-287,"3","ARAP2"
"PSMA71",1.34340792496228e-291,0.371053655782457,0.647,0.556,3.78693259967617e-287,"3","PSMA7"
"FYN2",5.34685564103567e-289,0.359940493029977,0.534,0.414,1.50722513665154e-284,"3","FYN"
"MAF2",4.05911827991186e-288,0.382979237623079,0.223,0.121,1.14422485192435e-283,"3","MAF"
"AKAP132",9.97611758934757e-287,0.34538534061584,0.606,0.499,2.81216778726119e-282,"3","AKAP13"
"PPP1R182",1.82599724990956e-286,0.394238739103772,0.362,0.245,5.14730364777005e-282,"3","PPP1R18"
"UBL52",2.36907804009462e-285,0.332996996480711,0.716,0.637,6.67819408722271e-281,"3","UBL5"
"ARHGAP261",4.3900094894512e-285,0.30701127208112,0.216,0.114,1.2374997749814e-280,"3","ARHGAP26"
"PTPN72",1.4008810466171e-284,0.394142183317918,0.284,0.173,3.94894358230893e-280,"3","PTPN7"
"AKNA1",6.9003390577865e-283,0.389865400640901,0.383,0.265,1.94513657699944e-278,"3","AKNA"
"TMEM50A2",1.16667926835671e-281,0.393279613518235,0.458,0.351,3.28875218957074e-277,"3","TMEM50A"
"IRF12",8.64063627183804e-280,0.3483334381939,0.629,0.509,2.43570895866843e-275,"3","IRF1"
"IL10RA3",2.7706055646668e-279,0.387676478271008,0.39,0.273,7.81006002623923e-275,"3","IL10RA"
"MIDN2",1.08492308569957e-277,0.335384176247146,0.318,0.201,3.05828968627853e-273,"3","MIDN"
"TSEN541",2.02588613916505e-276,0.368951281129892,0.211,0.115,5.71077043769237e-272,"3","TSEN54"
"ANXA52",6.81948643395552e-275,0.36921915957336,0.34,0.227,1.92234503086772e-270,"3","ANXA5"
"RHOA2",8.96374966015501e-272,0.314522915606025,0.658,0.574,2.5267913917011e-267,"3","RHOA"
"HSPA52",1.40205924964168e-269,0.371389865648849,0.564,0.454,3.95226481881492e-265,"3","HSPA5"
"CCDC88C1",2.58725712243873e-266,0.414841857148028,0.352,0.242,7.29321910244253e-262,"3","CCDC88C"
"CFLAR2",4.4060985913251e-266,0.381501695072431,0.504,0.393,1.24203513190863e-261,"3","CFLAR"
"RP5-1171I10.53",1.85414049837364e-265,0.405074077440577,0.322,0.208,5.22663665086546e-261,"3","RP5-1171I10.5"
"FBXW51",1.30082004562804e-263,0.405255324321164,0.295,0.191,3.66688162662088e-259,"3","FBXW5"
"IGF2R1",5.51762405674854e-261,0.339691327090308,0.267,0.16,1.55536304535685e-256,"3","IGF2R"
"NDUFB21",3.37300319216888e-260,0.340226701829767,0.613,0.521,9.50815869840486e-256,"3","NDUFB2"
"ANXA61",7.75460994843164e-258,0.400839405196249,0.428,0.323,2.1859469983634e-253,"3","ANXA6"
"RABAC11",1.46154092494107e-257,0.373101389588223,0.518,0.42,4.11993771331639e-253,"3","RABAC1"
"GBP53",7.58028955384442e-257,0.365831815253069,0.298,0.188,2.1368078223332e-252,"3","GBP5"
"RAB373",6.89522560583438e-248,0.368161542206462,0.21,0.118,1.94369514602865e-243,"3","RAB37"
"TCF251",1.06735752634621e-246,0.328400696024703,0.597,0.5,3.00877413101734e-242,"3","TCF25"
"GABARAPL1",4.94627805195568e-246,0.31697135043637,0.228,0.132,1.39430632006579e-241,"3","GABARAPL1"
"MACF13",8.47194881801795e-244,0.358488123479324,0.518,0.411,2.38815765231108e-239,"3","MACF1"
"CAPNS11",4.06428745098896e-242,0.368862102707487,0.361,0.257,1.14568198955928e-237,"3","CAPNS1"
"VIMP1",1.25100532107312e-240,0.378811577271054,0.292,0.191,3.52645889957302e-236,"3","VIMP"
"THEMIS",1.91763601508578e-240,0.404168959058576,0.231,0.139,5.40562416292532e-236,"3","THEMIS"
"PRKCH1",3.73780838786488e-239,0.367347161819738,0.346,0.239,1.05365080645523e-234,"3","PRKCH"
"IDH22",1.95852136406731e-238,0.354592653141462,0.239,0.145,5.52087587316933e-234,"3","IDH2"
"COX8A2",6.56735167747202e-238,0.323422466456458,0.605,0.525,1.85127076436259e-233,"3","COX8A"
"ATP6V0E11",3.89811226954561e-237,0.319617489169206,0.611,0.53,1.09883886766221e-232,"3","ATP6V0E1"
"GADD45B3",5.10173343917687e-236,0.385389851350386,0.524,0.417,1.43812763916957e-231,"3","GADD45B"
"TRBC24",5.59409622258005e-234,0.397473762046511,0.733,0.651,1.57691978418309e-229,"3","TRBC2"
"IKZF32",6.8403079335601e-232,0.388088985472499,0.421,0.314,1.92821440339126e-227,"3","IKZF3"
"EMB",1.43537606959845e-230,0.368776139243245,0.519,0.424,4.04618160259106e-226,"3","EMB"
"LCK1",1.93181905302717e-230,0.354168652854071,0.535,0.439,5.4456047285783e-226,"3","LCK"
"CASP81",3.73712342266812e-230,0.359413043547998,0.397,0.292,1.05345772161592e-225,"3","CASP8"
"PRR51",1.69512470148168e-222,0.332122078128543,0.2,0.115,4.7783870210067e-218,"3","PRR5"
"STK101",6.73936862480358e-222,0.355651580505691,0.37,0.269,1.89976062164588e-217,"3","STK10"
"ARF62",1.32120652399999e-221,0.328948241170052,0.532,0.441,3.72434907050357e-217,"3","ARF6"
"STAT41",3.28681666572255e-221,0.349345420741019,0.272,0.175,9.26520749900528e-217,"3","STAT4"
"MYH91",1.51307485095565e-219,0.32663818980102,0.527,0.437,4.26520669735887e-215,"3","MYH9"
"PXN1",2.61669420012865e-219,0.316066078073392,0.206,0.119,7.37619928074264e-215,"3","PXN"
"GNPTAB1",3.85880016207651e-218,0.303603037744944,0.295,0.191,1.08775717768775e-213,"3","GNPTAB"
"ARPC42",1.15156149364866e-216,0.319233228556541,0.484,0.392,3.2461366944462e-212,"3","ARPC4"
"CCDC1071",2.50323820386802e-216,0.368092440326312,0.323,0.227,7.05637817288357e-212,"3","CCDC107"
"EBP1",1.28910260061795e-215,0.339378167131232,0.23,0.142,3.63385132088193e-211,"3","EBP"
"TUBB4B1",4.00498659035307e-215,0.355356637872707,0.365,0.262,1.12896566995463e-210,"3","TUBB4B"
"SPCS21",3.77577464974888e-214,0.352603898061349,0.495,0.409,1.06435311601771e-209,"3","SPCS2"
"IDS1",1.39687275995179e-213,0.327272722028635,0.478,0.379,3.93764462302809e-209,"3","IDS"
"MFSD10",3.13316128016087e-213,0.361483434623365,0.268,0.176,8.83206833264547e-209,"3","MFSD10"
"ZBTB7A",5.91106928329654e-213,0.345105922725368,0.315,0.217,1.66627132026846e-208,"3","ZBTB7A"
"RASAL31",5.56917619833445e-210,0.37668893120069,0.3,0.207,1.5698950785485e-205,"3","RASAL3"
"TUBA1B1",5.86042955287042e-209,0.335653406484145,0.507,0.414,1.65199648665864e-204,"3","TUBA1B"
"IFI27L21",9.11665143022368e-206,0.373761185883483,0.317,0.222,2.56989287166575e-201,"3","IFI27L2"
"ITGB71",1.2160858656039e-205,0.374564316688324,0.28,0.189,3.42802444655084e-201,"3","ITGB7"
"SLC20A11",2.39801994201147e-204,0.317850754046848,0.212,0.128,6.75977841453613e-200,"3","SLC20A1"
"MGST3",4.72256682936615e-201,0.354337665966468,0.377,0.288,1.33124436353002e-196,"3","MGST3"
"DIP2A2",1.07293507585573e-197,0.333277329567051,0.316,0.219,3.02449668532973e-193,"3","DIP2A"
"MYEOV22",1.33531165925351e-197,0.326238219095966,0.515,0.437,3.76411003626972e-193,"3","MYEOV2"
"LDHA1",5.71408305778623e-197,0.307546152558432,0.539,0.456,1.61074287315936e-192,"3","LDHA"
"NDUFB101",2.15085702473692e-196,0.32122419275069,0.462,0.379,6.06305086703091e-192,"3","NDUFB10"
"CDK2AP21",1.67373631050354e-193,0.358448407877273,0.278,0.188,4.71809528567842e-189,"3","CDK2AP2"
"DYNLL13",2.14437770745826e-193,0.343330751157419,0.426,0.334,6.04478631955408e-189,"3","DYNLL1"
"GPR652",3.52325203561412e-192,0.360544899981712,0.3,0.206,9.93169516319266e-188,"3","GPR65"
"ATP1B31",4.60786431809575e-192,0.307486755692664,0.252,0.165,1.29891087262801e-187,"3","ATP1B3"
"ZAP701",1.85495203593504e-186,0.337105544532248,0.308,0.218,5.2289242940973e-182,"3","ZAP70"
"C20orf241",6.85306733292394e-186,0.324810444861636,0.278,0.19,1.93181115047793e-181,"3","C20orf24"
"RAP2B1",1.17059751918836e-182,0.310848787704272,0.286,0.198,3.29979734684008e-178,"3","RAP2B"
"DGKZ1",3.67630061535129e-182,0.329627712255947,0.377,0.288,1.03631238046138e-177,"3","DGKZ"
"UBE2L32",1.16180373759445e-181,0.322633341525287,0.406,0.324,3.275008555905e-177,"3","UBE2L3"
"SELPLG2",2.84966388128569e-181,0.329295672600535,0.324,0.235,8.03291751495623e-177,"3","SELPLG"
"PARP82",1.99030278872456e-180,0.323078050043889,0.374,0.284,5.61046453113567e-176,"3","PARP8"
"RASGRP11",4.24026173750205e-178,0.345955151225939,0.398,0.311,1.19528738118445e-173,"3","RASGRP1"
"TUBA4A",6.02879561506876e-177,0.363847931073344,0.367,0.283,1.69945719593173e-172,"3","TUBA4A"
"SKAP13",1.94820523587121e-176,0.337400475540199,0.45,0.365,5.49179573939736e-172,"3","SKAP1"
"RAB291",3.13757129162749e-175,0.345453323846321,0.279,0.194,8.84449971396872e-171,"3","RAB29"
"PTPRA1",6.12378349986183e-163,0.330686130633179,0.37,0.287,1.72623333077605e-158,"3","PTPRA"
"APBB1IP1",1.86797284703516e-156,0.317344657531887,0.447,0.375,5.26562865850741e-152,"3","APBB1IP"
"TBCB1",5.01190775310304e-156,0.314405424585106,0.339,0.26,1.41280667652221e-151,"3","TBCB"
"DNAJB61",7.55555902820694e-156,0.302675595849541,0.395,0.315,2.12983653446125e-151,"3","DNAJB6"
"SLC4A71",2.32517996283609e-155,0.337872948876037,0.263,0.184,6.55444979723866e-151,"3","SLC4A7"
"SDF2L11",1.4941439506079e-154,0.316297356089616,0.253,0.176,4.21184238236861e-150,"3","SDF2L1"
"RNF19A2",1.57861350499811e-154,0.310211724455723,0.381,0.298,4.44995360923916e-150,"3","RNF19A"
"RAB8B2",5.01421391118592e-154,0.303969024906399,0.313,0.23,1.4134567594242e-149,"3","RAB8B"
"DNAJC81",2.91946614094934e-150,0.309421150902339,0.484,0.414,8.22968310472209e-146,"3","DNAJC8"
"BSG1",4.37199934896048e-150,0.300873636754873,0.32,0.242,1.23242289647847e-145,"3","BSG"
"ARL6IP12",7.47874142930811e-150,0.312637043404273,0.335,0.258,2.10818242150766e-145,"3","ARL6IP1"
"NDUFC22",9.0981323602438e-150,0.300239946176803,0.415,0.344,2.56467253102912e-145,"3","NDUFC2"
"RNF1672",8.00432910007602e-147,0.310031275809416,0.252,0.178,2.25634033002043e-142,"3","RNF167"
"HIST1H1E3",2.49779465404385e-146,0.349324595750197,0.443,0.362,7.04103335028421e-142,"3","HIST1H1E"
"TAOK31",1.15881784423389e-145,0.303015736675752,0.414,0.338,3.26659162111091e-141,"3","TAOK3"
"TMEM1601",1.06397742876762e-143,0.301945103707694,0.373,0.3,2.99924597395304e-139,"3","TMEM160"
"ZNF2761",1.51746161068696e-138,0.314993241532971,0.245,0.173,4.27757253436546e-134,"3","ZNF276"
"NFATC32",4.51187382819347e-134,0.304210711208612,0.285,0.211,1.27185211342946e-129,"3","NFATC3"
"ARHGAP251",2.12715161401744e-126,0.300218670934041,0.25,0.181,5.99622768475375e-122,"3","ARHGAP25"
"TMCO11",2.1451750964163e-126,0.308740348136241,0.326,0.256,6.04703407928791e-122,"3","TMCO1"
"LYZ1",0,4.54658013820334,0.893,0.319,0,"4","LYZ"
"S100A91",0,4.5024102449565,0.901,0.393,0,"4","S100A9"
"S100A82",0,3.78019737128618,0.769,0.23,0,"4","S100A8"
"VCAN1",0,3.17922935756377,0.547,0.056,0,"4","VCAN"
"CTSS1",0,2.83379783549255,0.773,0.485,0,"4","CTSS"
"CST31",0,2.82352161437301,0.502,0.113,0,"4","CST3"
"FCN11",0,2.6412738791604,0.445,0.077,0,"4","FCN1"
"PSAP1",0,2.32751603709101,0.56,0.334,0,"4","PSAP"
"NEAT11",0,2.22700622075694,0.887,0.74,0,"4","NEAT1"
"FGL21",0,2.21157913012674,0.342,0.066,0,"4","FGL2"
"AIF11",0,2.20967197449796,0.449,0.198,0,"4","AIF1"
"MNDA1",0,2.20905313122922,0.326,0.052,0,"4","MNDA"
"RP11-1143G9.41",0,2.19704851515815,0.29,0.024,0,"4","RP11-1143G9.4"
"CYBB1",0,2.07060830307701,0.323,0.079,0,"4","CYBB"
"LST11",0,2.02222883409989,0.35,0.155,0,"4","LST1"
"AP000769.11",0,1.98772661527509,0.513,0.344,0,"4","AP000769.1"
"S100A12",0,1.94277423834238,0.25,0.033,0,"4","S100A12"
"TYMP1",0,1.82546325795028,0.3,0.126,0,"4","TYMP"
"CD141",0,1.77773632555308,0.221,0.025,0,"4","CD14"
"NAMPT1",0,1.67588578198155,0.256,0.114,0,"4","NAMPT"
"TYROBP3",0,1.5767768456724,0.522,0.256,0,"4","TYROBP"
"SAT12",0,1.55986402911662,0.589,0.572,0,"4","SAT1"
"KLF41",0,1.54730463166893,0.2,0.052,0,"4","KLF4"
"COTL13",0,1.53060268176242,0.448,0.408,0,"4","COTL1"
"FTL1",0,1.46106953275461,0.946,0.981,0,"4","FTL"
"S100A114",0,1.40684002425079,0.48,0.45,0,"4","S100A11"
"FOSB1",0,1.31531644023377,0.6,0.614,0,"4","FOSB"
"FTH12",0,1.22507994500371,0.926,0.97,0,"4","FTH1"
"FCER1G3",0,1.05444534015678,0.288,0.169,0,"4","FCER1G"
"VIM4",0,1.03806185464915,0.745,0.803,0,"4","VIM"
"S100A63",0,0.948220203337339,0.778,0.869,0,"4","S100A6"
"FOS4",0,0.892806128819236,0.877,0.82,0,"4","FOS"
"HLA-DRA2",0,0.840984803138551,0.617,0.312,0,"4","HLA-DRA"
"ACTB4",0,0.657807648920764,0.956,0.98,0,"4","ACTB"
"MT-ND11",0,0.616173781497241,0.949,0.989,0,"4","MT-ND1"
"S100A43",0,0.513507785601272,0.831,0.812,0,"4","S100A4"
"CD742",0,0.487827020959643,0.647,0.544,0,"4","CD74"
"MT-ND2",0,0.36855066633971,0.923,0.987,0,"4","MT-ND2"
"VAMP81",0,0.307084576735472,0.213,0.491,0,"4","VAMP8"
"LAMTOR41",0,0.307071977199146,0.242,0.562,0,"4","LAMTOR4"
"PGK1",2.50529214125755e-303,0.340467778844288,0.18,0.424,7.06216801699091e-299,"4","PGK1"
"HCLS12",1.19276831371498e-291,0.30815119826615,0.217,0.487,3.36229459953116e-287,"4","HCLS1"
"PCBP11",1.22762145810745e-278,0.343848929735788,0.238,0.525,3.46054212825909e-274,"4","PCBP1"
"CDV3",2.66163617925833e-268,0.340212606105075,0.236,0.515,7.50288622571131e-264,"4","CDV3"
"H3F3A3",6.51233381376065e-260,0.558525278991578,0.721,0.934,1.83576177876099e-255,"4","H3F3A"
"GNG52",2.69417946953891e-258,0.351847724342639,0.17,0.387,7.59462250668322e-254,"4","GNG5"
"ENO1",3.92948693855826e-251,0.375254054684756,0.246,0.528,1.10768307311019e-246,"4","ENO1"
"SCAF11",6.72058784301757e-246,0.300547301054617,0.247,0.522,1.89446650706822e-241,"4","SCAF11"
"LGALS13",6.94841082802112e-240,0.887416060379377,0.445,0.393,1.95868752831087e-235,"4","LGALS1"
"BOD1L1",2.13316454870694e-233,0.304313787847958,0.182,0.395,6.01317754634999e-229,"4","BOD1L1"
"TRA2B",4.43516078773e-233,0.311791631898328,0.293,0.607,1.25022747445321e-228,"4","TRA2B"
"TMPO",2.85509343820268e-231,0.354290955422143,0.149,0.336,8.04822289294952e-227,"4","TMPO"
"IDS2",1.77759167450702e-228,0.31352950269151,0.191,0.41,5.01085317126785e-224,"4","IDS"
"CD1642",8.19614261987139e-226,0.35090014545419,0.186,0.399,2.31041064311554e-221,"4","CD164"
"CAPZA11",9.93153654294208e-225,0.348959164990955,0.156,0.347,2.79960083608994e-220,"4","CAPZA1"
"UBE2D3",4.28235475339368e-223,0.377322548476384,0.288,0.6,1.20715298143414e-218,"4","UBE2D3"
"SEPT2",1.98924648094067e-220,0.311412342457597,0.122,0.285,5.60748690512364e-216,"4","SEPT2"
"CD46",3.8634139643936e-220,0.358231293186409,0.14,0.317,1.08905776242291e-215,"4","CD46"
"PJA2",1.98035785084969e-219,0.329059013142365,0.143,0.321,5.58243074576019e-215,"4","PJA2"
"ACTR32",9.02151813132214e-219,0.380590615608206,0.253,0.524,2.5430757460384e-214,"4","ACTR3"
"CFLAR3",4.6165559867578e-218,0.326975100934964,0.203,0.425,1.30136096710716e-213,"4","CFLAR"
"PRELID12",4.54013455899991e-217,0.43162712879414,0.212,0.447,1.27981853083648e-212,"4","PRELID1"
"CHMP2A2",1.38646865700929e-215,0.303070731829057,0.118,0.276,3.90831649724348e-211,"4","CHMP2A"
"AKAP9",3.01290302094263e-215,0.303320068779493,0.199,0.416,8.49307232573519e-211,"4","AKAP9"
"SPCS31",3.81093872992525e-213,0.389288786539166,0.181,0.387,1.07426551857863e-208,"4","SPCS3"
"DNAJA12",4.93422097221055e-211,0.358344421418057,0.204,0.425,1.39090754985643e-206,"4","DNAJA1"
"TMOD31",1.06837605067048e-209,0.331380558984404,0.129,0.292,3.01164524923501e-205,"4","TMOD3"
"LSP12",2.83849253967603e-208,0.359291752264863,0.277,0.564,8.00142662009277e-204,"4","LSP1"
"NKTR1",4.99377702985385e-208,0.358206693109041,0.257,0.523,1.4076958069455e-203,"4","NKTR"
"ITGA43",1.58844294641105e-207,0.302133601663231,0.206,0.423,4.47766182163812e-203,"4","ITGA4"
"CSDE1",5.06376872854164e-207,0.438820763523139,0.25,0.517,1.4274257668886e-202,"4","CSDE1"
"PRPF40A",5.1925483209718e-207,0.339317457482026,0.148,0.325,1.46372744619874e-202,"4","PRPF40A"
"PLP22",1.03992498912052e-205,0.313646401691233,0.134,0.299,2.93144455183183e-201,"4","PLP2"
"SH3BGRL1",3.56377892315325e-204,0.458005239328294,0.246,0.506,1.00459364064767e-199,"4","SH3BGRL"
"RTN42",8.12050846311982e-204,0.369887030775723,0.144,0.316,2.28909013066885e-199,"4","RTN4"
"ADAR1",9.13970689428447e-204,0.384360504102143,0.17,0.362,2.57639197642985e-199,"4","ADAR"
"AHNAK2",9.15617539560906e-204,1.08154839760432,0.482,0.538,2.58103428226824e-199,"4","AHNAK"
"EIF4A11",1.09089120246458e-203,0.35203561342827,0.159,0.341,3.07511321062739e-199,"4","EIF4A1"
"CARD162",1.62418595259875e-203,0.307294709561213,0.129,0.29,4.57841778178061e-199,"4","CARD16"
"BCLAF1",1.13733099021845e-202,0.351290376110476,0.27,0.546,3.20602232832679e-198,"4","BCLAF1"
"PPP4R3A",3.72763922429504e-199,0.34033436982297,0.139,0.306,1.05078422093653e-194,"4","PPP4R3A"
"RNASET21",1.8738658394159e-197,0.435712981621502,0.221,0.453,5.28224041472947e-193,"4","RNASET2"
"PCF11",1.96861691222161e-197,0.302845933841607,0.117,0.267,5.54933421386149e-193,"4","PCF11"
"KIF5B",7.61442389826307e-197,0.337971690938852,0.128,0.286,2.14642995268138e-192,"4","KIF5B"
"SRSF6",4.57450617171377e-192,0.314074871680209,0.112,0.257,1.28950754474439e-187,"4","SRSF6"
"HLA-DRB12",1.63096959557027e-190,0.726019519669527,0.401,0.33,4.59754019295305e-186,"4","HLA-DRB1"
"TKT2",7.11288538871322e-187,1.48629030035799,0.316,0.276,2.00505126222437e-182,"4","TKT"
"ARPC43",8.58433045797704e-185,0.435201534708976,0.208,0.422,2.41983691279915e-180,"4","ARPC4"
"SERINC1",6.49490418087859e-184,0.316405410367949,0.109,0.247,1.83084853954787e-179,"4","SERINC1"
"PPP1CB",3.32471379960602e-183,0.400616578371457,0.153,0.323,9.3720357297094e-179,"4","PPP1CB"
"ERBB2IP1",6.22340264557518e-183,0.351523076270472,0.133,0.287,1.75431497176119e-178,"4","ERBB2IP"
"PGLS1",2.63040959490903e-182,0.388049354606788,0.133,0.287,7.41486160708905e-178,"4","PGLS"
"RAB8A1",3.90243521861942e-182,0.324314199121284,0.104,0.239,1.10005746377663e-177,"4","RAB8A"
"DAZAP2",1.78538333657671e-179,0.448813856225413,0.26,0.52,5.03281708747609e-175,"4","DAZAP2"
"METTL9",2.0399797181854e-179,0.401709633050959,0.129,0.28,5.75049882759281e-175,"4","METTL9"
"TM9SF3",8.60599117602824e-178,0.308030121358029,0.108,0.243,2.4259428526106e-173,"4","TM9SF3"
"APLP21",3.2476369151192e-174,1.30590382379092,0.264,0.207,9.15476370002951e-170,"4","APLP2"
"SSR1",2.05201707019809e-173,0.322464546520084,0.101,0.23,5.7844309191814e-169,"4","SSR1"
"TLN13",3.00746907286405e-172,0.381490247558846,0.253,0.494,8.47775456949646e-168,"4","TLN1"
"GNB1",1.17184455049339e-171,0.410641063928107,0.145,0.304,3.30331260338582e-167,"4","GNB1"
"GTF2I",5.97499005388159e-171,0.35791850562637,0.136,0.286,1.68428994628868e-166,"4","GTF2I"
"ALDOA",7.95591329166358e-171,0.456964491058108,0.286,0.57,2.24269239778705e-166,"4","ALDOA"
"DIAPH13",3.46802286560482e-170,0.396751152799136,0.164,0.335,9.77600965585342e-166,"4","DIAPH1"
"TGOLN2",8.13089836505251e-170,0.457310409513914,0.209,0.415,2.29201894012465e-165,"4","TGOLN2"
"BNIP2",1.89988130066313e-168,0.354494056455572,0.11,0.243,5.35557539843929e-164,"4","BNIP2"
"MDM41",1.00466039055454e-167,0.40639268018964,0.205,0.407,2.83203717493418e-163,"4","MDM4"
"NIPBL",1.20231546666837e-167,0.385590844348826,0.153,0.315,3.38920706899147e-163,"4","NIPBL"
"MT-ATP8",1.62889142653947e-167,0.390065942443578,0.149,0.307,4.59168204227212e-163,"4","MT-ATP8"
"SYNCRIP",4.57506862531751e-166,0.373293561977511,0.124,0.265,1.28966609479075e-161,"4","SYNCRIP"
"MAP4K4",5.07344135202162e-166,0.31376342081446,0.115,0.25,1.43015238272137e-161,"4","MAP4K4"
"RGS21",5.39981608736288e-166,1.24910016712913,0.236,0.175,1.52215415686672e-161,"4","RGS2"
"YME1L1",7.38203588304373e-165,0.436911596724139,0.211,0.416,2.0809220950712e-160,"4","YME1L1"
"FMNL12",2.04017824120137e-164,0.418908176560172,0.169,0.341,5.75105844412255e-160,"4","FMNL1"
"HERPUD1",2.62713425150262e-164,0.363747940055794,0.15,0.307,7.40562874156074e-160,"4","HERPUD1"
"IQGAP22",5.29633748654133e-164,0.344917296064855,0.147,0.302,1.49298457408114e-159,"4","IQGAP2"
"NUFIP2",6.5566463160073e-164,0.374636961651425,0.142,0.294,1.8482530300193e-159,"4","NUFIP2"
"WNK11",2.30839186659075e-163,0.402757995672875,0.151,0.31,6.50712583273267e-159,"4","WNK1"
"CDC42SE13",1.17782644434468e-160,0.446809405681663,0.249,0.485,3.32017496396321e-156,"4","CDC42SE1"
"KANSL1",7.64358350697755e-160,0.371227633799028,0.133,0.277,2.1546497547819e-155,"4","KANSL1"
"GLRX2",1.3555363166998e-159,0.380849618850075,0.132,0.275,3.82112132314506e-155,"4","GLRX"
"OAZ11",2.09566798781203e-159,0.764772184736795,0.594,0.83,5.90747849084334e-155,"4","OAZ1"
"LAPTM4A",3.66072877208991e-159,0.327178541862717,0.095,0.214,1.03192283356443e-154,"4","LAPTM4A"
"CLK1",6.68799996747054e-159,0.437877660502798,0.206,0.404,1.88528031083027e-154,"4","CLK1"
"RNH1",5.99846115199973e-157,0.374500811013531,0.112,0.242,1.69090621413721e-152,"4","RNH1"
"EIF4G2",4.78609612847807e-154,0.45795927588033,0.284,0.551,1.34915263765668e-149,"4","EIF4G2"
"TOP2B1",3.67227023668961e-153,0.311628503826716,0.096,0.213,1.03517625702044e-148,"4","TOP2B"
"HIST1H1E4",5.30871748577691e-153,0.352847447306525,0.203,0.388,1.49647437206565e-148,"4","HIST1H1E"
"GRB21",1.13244949737519e-152,0.506522374602953,0.195,0.383,3.19226188815091e-148,"4","GRB2"
"SREK1",3.43419033419514e-151,0.3419534586627,0.118,0.249,9.68063913306268e-147,"4","SREK1"
"CCDC691",5.27957273166801e-151,0.303743101837585,0.104,0.224,1.48825875732989e-146,"4","CCDC69"
"OSBPL8",3.73221919928909e-150,0.482391980007187,0.191,0.373,1.0520752700876e-145,"4","OSBPL8"
"EWSR1",1.98208620287484e-147,0.369160724347814,0.111,0.235,5.58730279728388e-143,"4","EWSR1"
"ZFC3H1",2.19536434990584e-147,0.374005551564778,0.118,0.247,6.18851256594957e-143,"4","ZFC3H1"
"MSN4",1.09752250995258e-146,0.374828180445018,0.308,0.583,3.09380620330532e-142,"4","MSN"
"C6orf62",2.32310036302649e-146,0.43183512006006,0.155,0.309,6.54858761333537e-142,"4","C6orf62"
"FERMT32",4.13859815261274e-146,0.351843348765867,0.107,0.227,1.16662943324e-141,"4","FERMT3"
"DOCK8",1.6050817526517e-145,0.481651288982041,0.164,0.325,4.52456495254989e-141,"4","DOCK8"
"CANX1",8.7189285463005e-144,0.459556496512289,0.163,0.321,2.45777876791665e-139,"4","CANX"
"ACAP2",1.24533712123766e-143,0.458548574223196,0.158,0.311,3.51048081105684e-139,"4","ACAP2"
"YWHAB2",1.92455203120122e-143,0.307643848359252,0.376,0.723,5.42511972075312e-139,"4","YWHAB"
"DCP21",1.96835361767354e-143,0.320646958301895,0.1,0.216,5.54859201285995e-139,"4","DCP2"
"PNPLA8",6.96263683687808e-143,0.310306738681928,0.091,0.2,1.96269769794756e-138,"4","PNPLA8"
"ZEB23",3.65444855495626e-141,1.05887060406344,0.325,0.289,1.03015250315662e-136,"4","ZEB2"
"GOLGB11",4.00934248262069e-139,0.361379597124195,0.132,0.264,1.13019355242595e-134,"4","GOLGB1"
"APOL62",9.15735838156933e-139,0.343100036146177,0.125,0.252,2.58136775418058e-134,"4","APOL6"
"RHOA3",8.3174024816233e-138,0.471224757055841,0.317,0.61,2.34459258554479e-133,"4","RHOA"
"EVI2B1",8.53106755909449e-138,0.499448964234129,0.242,0.459,2.40482263423315e-133,"4","EVI2B"
"SRGN5",4.44574648960361e-137,0.806009536983457,0.531,0.633,1.25321147795436e-132,"4","SRGN"
"MOB1A1",2.21142269752391e-136,0.519716601517682,0.195,0.374,6.23377944205015e-132,"4","MOB1A"
"IL10RA4",6.77927811671755e-135,0.429665315952173,0.154,0.299,1.91101070832151e-130,"4","IL10RA"
"STAT12",4.7368777766824e-134,0.307970694321761,0.121,0.243,1.335278476469e-129,"4","STAT1"
"RABGAP1L1",6.82021493043619e-134,0.311118741730504,0.098,0.207,1.92255038674066e-129,"4","RABGAP1L"
"DUSP12",1.85592010082105e-133,0.540634802781454,0.616,0.738,5.23165317220445e-129,"4","DUSP1"
"SLC2A32",3.64873258223426e-133,0.433277369434303,0.157,0.303,1.02854122760602e-128,"4","SLC2A3"
"EIF5",8.13177169981786e-133,0.508509001018578,0.257,0.486,2.29226512446166e-128,"4","EIF5"
"CAPN21",1.26159230563162e-131,0.411395529783303,0.122,0.245,3.55630255034497e-127,"4","CAPN2"
"AP2S12",2.96283550192566e-131,0.516858038780144,0.145,0.285,8.35193699637824e-127,"4","AP2S1"
"PTPN6",4.08964219050777e-131,0.375249365913962,0.112,0.228,1.15282923708224e-126,"4","PTPN6"
"PHIP",5.89904902678762e-131,0.398792249489805,0.144,0.281,1.66288293016116e-126,"4","PHIP"
"CALM2",3.23491660146834e-129,0.484679239628082,0.315,0.599,9.11890640787911e-125,"4","CALM2"
"TRIM381",1.55564433038564e-128,0.378723356849808,0.125,0.249,4.38520580292409e-124,"4","TRIM38"
"PTBP3",5.22347017457758e-128,0.511035162622441,0.168,0.321,1.47244400751167e-123,"4","PTBP3"
"NR4A23",4.62911661694204e-127,0.302453498153344,0.128,0.25,1.30490168314979e-122,"4","NR4A2"
"ADRBK11",8.23213983372152e-126,0.500794009817219,0.156,0.3,2.32055789772776e-121,"4","ADRBK1"
"PRKAR1A1",1.35423766302617e-125,0.431703708540209,0.136,0.266,3.81746054830446e-121,"4","PRKAR1A"
"CAST3",2.19075000196471e-125,0.350415123723895,0.319,0.584,6.17550518053831e-121,"4","CAST"
"CLTA1",1.88148220645394e-124,0.397766589207466,0.105,0.214,5.30371019177302e-120,"4","CLTA"
"GSTO11",7.49778563899652e-124,0.4191645730769,0.112,0.225,2.11355079377673e-119,"4","GSTO1"
"PKN2",4.54630131194523e-123,0.349274697526769,0.1,0.205,1.28155687682424e-118,"4","PKN2"
"YWHAE1",1.12933241628439e-122,0.439231621088528,0.131,0.255,3.18347514826407e-118,"4","YWHAE"
"SMCHD13",9.77864012949124e-122,0.438756051230139,0.297,0.552,2.75650086610228e-117,"4","SMCHD1"
"RHOG2",2.4183733264157e-121,0.480778083348161,0.142,0.273,6.81715256983322e-117,"4","RHOG"
"MACF14",5.01610178928204e-121,0.454753890968276,0.24,0.441,1.41398893338071e-116,"4","MACF1"
"IRF2BP2",5.96380306130091e-120,0.490423524655868,0.14,0.27,1.68113644495011e-115,"4","IRF2BP2"
"DOCK2",2.05824989579387e-119,0.483747149672396,0.143,0.274,5.80200063125334e-115,"4","DOCK2"
"MBD2",4.45344363190075e-119,0.513995075581341,0.16,0.303,1.2553812253965e-114,"4","MBD2"
"ITSN2",9.51015653395338e-119,0.41484385807927,0.122,0.24,2.68081802535612e-114,"4","ITSN2"
"RIOK31",7.33458247981363e-118,0.446522184631339,0.139,0.266,2.06754545523466e-113,"4","RIOK3"
"XAF12",2.47872857723402e-116,0.332620763664978,0.108,0.213,6.98728798636497e-112,"4","XAF1"
"MTPN1",9.51781817265683e-115,0.53254203477537,0.249,0.459,2.68297776469023e-110,"4","MTPN"
"MAPK11",1.92488337380197e-114,0.387011956303386,0.107,0.213,5.42605374241038e-110,"4","MAPK1"
"CHD1",7.96220024218336e-114,0.472006045312796,0.158,0.297,2.24446462626907e-109,"4","CHD1"
"ZBTB7A1",3.64269040377065e-113,0.414891326656778,0.123,0.238,1.02683799791891e-108,"4","ZBTB7A"
"RNF2134",8.62889082060464e-112,0.36671876502639,0.342,0.621,2.43239803342024e-107,"4","RNF213"
"GNB22",2.39609836070726e-111,0.504614808987309,0.136,0.259,6.7543616689977e-107,"4","GNB2"
"PABPC1",4.12389021536518e-110,0.480372655010635,0.664,0.898,1.16248341280929e-105,"4","PABPC1"
"RAP2B2",1.68786669376128e-106,0.401105250466928,0.112,0.217,4.75792742304366e-102,"4","RAP2B"
"MYH92",1.1279305726032e-105,0.536055091294122,0.256,0.466,3.17952349111115e-101,"4","MYH9"
"HIPK12",6.4388884144968e-105,0.404659358674255,0.109,0.211,1.8150582551625e-100,"4","HIPK1"
"PTP4A23",9.05269571741846e-105,0.474926838661356,0.33,0.611,2.55186439578309e-100,"4","PTP4A2"
"SNX22",1.08961522764642e-104,0.357743035136239,0.112,0.215,3.0715163652125e-100,"4","SNX2"
"NUDT3",3.44564620108334e-104,0.402892010224259,0.106,0.206,9.71293207623382e-100,"4","NUDT3"
"GDI2",3.4135603265407e-103,0.57400973548605,0.175,0.32,9.62248520448558e-99,"4","GDI2"
"SMG1",7.20829358883205e-103,0.494133482078123,0.151,0.278,2.03194587975587e-98,"4","SMG1"
"VPS13C",4.44212248353199e-102,0.535946567914077,0.26,0.47,1.25218990688283e-97,"4","VPS13C"
"DDX3Y",4.63684230252372e-102,0.305928936687971,0.108,0.206,1.30707947665841e-97,"4","DDX3Y"
"PKM",4.99072503143885e-102,0.599297009416952,0.174,0.318,1.4068354791123e-97,"4","PKM"
"REL3",6.88816026107187e-102,0.44810808199358,0.184,0.329,1.94170349599355e-97,"4","REL"
"MCL11",1.81339793354008e-101,1.1684581854878,0.405,0.469,5.11178743485614e-97,"4","MCL1"
"USP3",2.67939030144557e-101,0.498034257124499,0.143,0.264,7.55293332074491e-97,"4","USP3"
"DYNC1H1",9.47095613057107e-100,0.449134926327432,0.124,0.232,2.66976782364668e-95,"4","DYNC1H1"
"SETX2",1.40828336518988e-99,0.499773422197676,0.16,0.29,3.96980997813374e-95,"4","SETX"
"RAC12",3.73785718247434e-99,0.595798634884901,0.221,0.398,1.05366456116769e-94,"4","RAC1"
"MYO1G2",5.55563712876413e-97,0.454535139258074,0.129,0.239,1.56607855022732e-92,"4","MYO1G"
"CHMP1B",7.00114493690024e-97,0.486719537813258,0.14,0.255,1.97355274626281e-92,"4","CHMP1B"
"ADAM102",1.17985657480287e-96,0.399184329834309,0.11,0.209,3.32589769871182e-92,"4","ADAM10"
"EIF3A1",2.2876811472786e-96,0.543189227249581,0.227,0.407,6.44874438606366e-92,"4","EIF3A"
"AKAP133",3.03651679545164e-96,0.508317977942243,0.296,0.533,8.55963719469862e-92,"4","AKAP13"
"PTEN1",2.60357952041893e-95,0.513716193061171,0.131,0.241,7.33923031010891e-91,"4","PTEN"
"CD55",7.87800457810433e-95,0.502105780572645,0.144,0.262,2.22073071052183e-90,"4","CD55"
"CNPY31",6.98252785921787e-92,0.485967024749824,0.12,0.221,1.96830477823493e-87,"4","CNPY3"
"UTRN3",8.98477117553153e-92,0.497105198006533,0.261,0.457,2.53271714667058e-87,"4","UTRN"
"CELF1",1.0119815031627e-89,0.451320657601621,0.115,0.212,2.85267465926533e-85,"4","CELF1"
"CLIC15",1.79336857417067e-89,0.365256869954606,0.341,0.595,5.05532667372969e-85,"4","CLIC1"
"PLCG23",1.89440298780032e-89,1.2189433098714,0.277,0.256,5.34013258231033e-85,"4","PLCG2"
"KMT2C",6.40095621843008e-89,0.513207690046585,0.15,0.267,1.80436554841326e-84,"4","KMT2C"
"SRRM2",3.74475463140401e-87,0.391971992050765,0.392,0.717,1.05560888304648e-82,"4","SRRM2"
"SERPINB11",6.66040204008729e-87,0.597370257935168,0.195,0.343,1.87750073108021e-82,"4","SERPINB1"
"KLF63",1.09752035691278e-85,0.72149879819011,0.522,0.658,3.09380013410144e-81,"4","KLF6"
"ADGRE53",8.58460144682274e-85,0.503297949095756,0.164,0.287,2.41991330184486e-80,"4","ADGRE5"
"SFPQ",3.11894879077455e-84,0.565440176367267,0.289,0.514,8.79200474631439e-80,"4","SFPQ"
"WSB11",6.58654036429671e-84,0.550580196466226,0.18,0.314,1.8566798632916e-79,"4","WSB1"
"IGKC3",9.67715787227283e-84,0.77261682204434,0.273,0.209,2.72789403261499e-79,"4","IGKC"
"HLA-DPA12",4.25643996132045e-83,0.728307464054385,0.383,0.374,1.19984786069662e-78,"4","HLA-DPA1"
"FKBP1A1",1.51615582043199e-82,0.615576663097407,0.168,0.295,4.27389164221573e-78,"4","FKBP1A"
"TPM42",6.85800424687474e-81,0.465699388240058,0.133,0.235,1.93320281715152e-76,"4","TPM4"
"CAP13",1.32410090595901e-79,0.593451177783945,0.285,0.503,3.73250804380784e-75,"4","CAP1"
"JMJD1C",8.62291382073823e-79,0.601341064429912,0.195,0.337,2.4307131769279e-74,"4","JMJD1C"
"LINC00657",1.11771245890808e-78,0.558729753134328,0.172,0.299,3.15071965041598e-74,"4","LINC00657"
"ROCK11",1.52151079344559e-76,0.59575078657365,0.227,0.391,4.28898677564378e-72,"4","ROCK1"
"MT-ND4L",3.50561935700703e-76,0.31300588050544,0.402,0.694,9.88199040546713e-72,"4","MT-ND4L"
"CAPZA2",3.10948956144093e-75,0.522138527851582,0.118,0.208,8.76534012474583e-71,"4","CAPZA2"
"ARRB21",6.20779044741575e-74,0.568764233485411,0.144,0.249,1.74991404922203e-69,"4","ARRB2"
"PARP142",3.28845948066363e-73,0.502151422993793,0.153,0.262,9.26983843004271e-69,"4","PARP14"
"ATP6V0B",4.03599868153576e-72,0.64008999401383,0.176,0.302,1.13770766833812e-67,"4","ATP6V0B"
"ARPC32",2.54257287646333e-70,0.307120156269354,0.443,0.792,7.16725868146249e-66,"4","ARPC3"
"VASP2",2.25596613688483e-68,0.583444137336673,0.151,0.256,6.35934294326465e-64,"4","VASP"
"MBNL1",3.42103891683676e-67,0.395181737115261,0.411,0.737,9.64356660267114e-63,"4","MBNL1"
"USP152",3.78851800300184e-66,0.637441415338339,0.257,0.439,1.06794533986619e-61,"4","USP15"
"HNRNPU",5.47850197352774e-66,0.517438023104959,0.36,0.64,1.54433492131773e-61,"4","HNRNPU"
"ARPC52",1.15132604197664e-65,0.602455942645697,0.322,0.564,3.24547297972795e-61,"4","ARPC5"
"CMTM6",1.60377912159814e-65,0.59588018610436,0.142,0.24,4.52089296587299e-61,"4","CMTM6"
"STK17B",8.13668436622643e-62,0.553776530499181,0.354,0.628,2.29364995599557e-57,"4","STK17B"
"TRIP12",2.64625463581578e-61,0.538300143765725,0.129,0.217,7.45952719290109e-57,"4","TRIP12"
"CCNL12",2.7754756485207e-61,0.79254266989786,0.513,0.718,7.82378830561499e-57,"4","CCNL1"
"ZNF106",3.26324354406675e-61,0.528452023387335,0.137,0.229,9.19875722636977e-57,"4","ZNF106"
"NIN",2.34022472951161e-60,0.566697805369656,0.137,0.229,6.59685949002028e-56,"4","NIN"
"MIS18BP11",2.62895300459383e-58,0.545449198667719,0.144,0.237,7.41075562464955e-54,"4","MIS18BP1"
"C16orf72",3.72413111152294e-58,0.530754933497452,0.125,0.209,1.0497953190272e-53,"4","C16orf72"
"MAP3K2",2.81478477112834e-54,0.553193166089214,0.129,0.212,7.93459679133368e-50,"4","MAP3K2"
"C1orf1622",1.81220265500916e-53,0.598525135657995,0.193,0.312,5.10841806420532e-49,"4","C1orf162"
"ZFP36L11",1.46594225242158e-51,0.64022362210253,0.24,0.391,4.13234461535119e-47,"4","ZFP36L1"
"GPX11",1.30313530319243e-50,1.269808084361,0.278,0.291,3.67340810616914e-46,"4","GPX1"
"NCKAP1L1",2.82198921907056e-50,0.566941955322827,0.132,0.214,7.95490540963799e-46,"4","NCKAP1L"
"ATP2B11",3.58637661291614e-50,0.597308498840064,0.177,0.284,1.01096370341493e-45,"4","ATP2B1"
"MTRNR2L121",1.0724383996507e-48,0.34718474340275,0.155,0.232,3.02309660477535e-44,"4","MTRNR2L12"
"PPP1R15A2",3.51184335296299e-46,0.46363963864849,0.342,0.561,9.89953522766737e-42,"4","PPP1R15A"
"BRI31",2.20448043707605e-43,1.26330043770997,0.27,0.284,6.21420990407369e-39,"4","BRI3"
"MIDN3",5.21602113442086e-42,0.56849201706396,0.141,0.221,1.4703441975819e-37,"4","MIDN"
"PLEK3",4.47332396593974e-41,0.358083549298376,0.204,0.306,1.26098529275875e-36,"4","PLEK"
"IRF13",5.46825735958044e-41,0.471457511417295,0.336,0.541,1.54144706709213e-36,"4","IRF1"
"GNAI22",5.19411789284084e-39,0.652130957908806,0.353,0.606,1.4641698928129e-34,"4","GNAI2"
"LRRFIP11",5.35129930385701e-39,0.61194729563157,0.325,0.54,1.50847776076425e-34,"4","LRRFIP1"
"AP1S21",2.06870695263523e-38,1.13073974616965,0.204,0.194,5.83147802878344e-34,"4","AP1S2"
"RNF149",7.69582217751648e-37,0.610108137986533,0.132,0.204,2.16937531362012e-32,"4","RNF149"
"ITGB23",7.98298916069106e-36,0.476534083733125,0.344,0.548,2.2503248145072e-31,"4","ITGB2"
"ZFP363",3.68194021288391e-34,0.46563151604058,0.31,0.478,1.03790212660985e-29,"4","ZFP36"
"NFKBIA3",4.55845919788409e-34,0.642170451788934,0.478,0.607,1.28498406329155e-29,"4","NFKBIA"
"S100A104",7.36514346529116e-30,0.589991996764325,0.527,0.732,2.07616029143093e-25,"4","S100A10"
"CD443",1.38542604752139e-29,0.673973723223596,0.338,0.559,3.90537748535804e-25,"4","CD44"
"GLIPR1",2.61154665010802e-29,0.713267106647061,0.184,0.276,7.3616888519895e-25,"4","GLIPR1"
"TIMP11",6.31440351081382e-28,0.654036385658667,0.161,0.238,1.77996720566331e-23,"4","TIMP1"
"MAP3K12",1.75480944834964e-22,0.667637639887703,0.146,0.21,4.9466323539528e-18,"4","MAP3K1"
"FLNA3",1.54448184056959e-20,0.657815403535617,0.293,0.445,4.35373986038163e-16,"4","FLNA"
"TNFRSF1B4",2.98079420566772e-20,1.02838453991374,0.208,0.214,8.40256078635674e-16,"4","TNFRSF1B"
"ANXA14",1.79562592315051e-19,0.568338272058036,0.476,0.619,5.06168991476896e-15,"4","ANXA1"
"GSTP14",3.19865123855283e-19,0.721514597364691,0.299,0.46,9.01667797635657e-15,"4","GSTP1"
"LYST3",3.94450461302388e-18,0.984728589564467,0.199,0.204,1.1119164053653e-13,"4","LYST"
"XIST1",1.91871487361564e-15,0.423168041135964,0.27,0.374,5.40866535723512e-11,"4","XIST"
"ZFAND5",8.99595446592882e-15,0.782944125310187,0.174,0.244,2.53586960440067e-10,"4","ZFAND5"
"LAPTM52",1.68639087433396e-14,0.574273287682377,0.42,0.698,4.75376723566e-10,"4","LAPTM5"
"IQGAP13",1.68095688383502e-12,0.732477324219094,0.327,0.502,4.73844935984254e-08,"4","IQGAP1"
"GAPDH5",1.14342665626579e-11,0.535139779271651,0.531,0.789,3.22320540134765e-07,"4","GAPDH"
"NFKBIZ1",1.66916093810408e-11,0.97596383598847,0.199,0.212,4.7051977684216e-07,"4","NFKBIZ"
"TALDO11",2.16498207684927e-10,0.862705258736544,0.186,0.256,6.1028679764304e-06,"4","TALDO1"
"HLA-DPB12",1.06778883988787e-09,0.510530387222955,0.37,0.429,3.00998996075992e-05,"4","HLA-DPB1"
"H2AFY1",1.37978205619382e-09,0.85016260337877,0.191,0.262,3.88946763820476e-05,"4","H2AFY"
"RP11-160E2.62",3.82321598911163e-08,0.647738179399755,0.164,0.215,0.00107772635517068,"4","RP11-160E2.6"
"CEBPB1",8.14799826491356e-08,0.795569438880022,0.195,0.263,0.00229683923089648,"4","CEBPB"
"SAMHD12",2.51448138189593e-07,1.02242076489373,0.291,0.364,0.00708807156742645,"4","SAMHD1"
"CTSD3",3.9817863302037e-07,0.970651925575001,0.234,0.269,0.0112242574862112,"4","CTSD"
"ARPC1B2",9.47336613430479e-06,0.626080098912381,0.415,0.666,0.267044717959918,"4","ARPC1B"
"NPC21",1.11768525697069e-05,0.823997142375906,0.171,0.224,0.315064297087467,"4","NPC2"
"LCP13",3.42380696855488e-05,0.525863886017412,0.505,0.739,0.965136946365935,"4","LCP1"
"MYL63",0.000103686931598366,0.346818910757391,0.583,0.875,1,"4","MYL6"
"VMP12",0.000629314408688144,0.8075493870119,0.167,0.212,1,"4","VMP1"
"C1orf562",0.00120813021284586,0.857242567388796,0.239,0.283,1,"4","C1orf56"
"SDCBP1",0.00133153157767535,0.862511840643359,0.174,0.223,1,"4","SDCBP"
"SOD21",0.00290770503282629,1.01534935860842,0.205,0.239,1,"4","SOD2"
"C10orf541",0.00546790664695024,0.986199676112153,0.191,0.22,1,"4","C10orf54"
"GZMK2",0,2.38838572327957,0.735,0.128,0,"5","GZMK"
"DUSP21",0,1.72753718128855,0.807,0.304,0,"5","DUSP2"
"CCL52",0,1.52644906963005,0.981,0.461,0,"5","CCL5"
"CMC12",0,1.46215353649207,0.578,0.199,0,"5","CMC1"
"CD8B2",0,1.40491873827306,0.681,0.183,0,"5","CD8B"
"CD8A1",0,1.1898573704256,0.638,0.185,0,"5","CD8A"
"LYAR3",0,1.14532826973165,0.691,0.272,0,"5","LYAR"
"JUN",0,1.01235714524442,0.948,0.822,0,"5","JUN"
"JUNB3",0,0.827319351735517,0.926,0.781,0,"5","JUNB"
"PIK3R12",0,0.820679321030571,0.736,0.477,0,"5","PIK3R1"
"TRGC21",0,0.802828708380832,0.444,0.168,0,"5","TRGC2"
"CXCR4",0,0.72792039337041,0.901,0.704,0,"5","CXCR4"
"GZMM2",0,0.70865716453585,0.773,0.453,0,"5","GZMM"
"IL325",0,0.698816341916333,0.969,0.709,0,"5","IL32"
"IER23",0,0.687695062525474,0.848,0.668,0,"5","IER2"
"DNAJB13",0,0.673025527395024,0.621,0.39,0,"5","DNAJB1"
"GZMA4",0,0.669823702880064,0.773,0.387,0,"5","GZMA"
"KLRG11",0,0.664717207491547,0.433,0.2,0,"5","KLRG1"
"ZFP364",0,0.641688200986981,0.664,0.448,0,"5","ZFP36"
"RGS12",0,0.635176128133471,0.287,0.141,0,"5","RGS1"
"TNFAIP33",0,0.63442497327974,0.626,0.434,0,"5","TNFAIP3"
"CST72",0,0.631992619155847,0.786,0.377,0,"5","CST7"
"DUSP13",0,0.626226268154906,0.877,0.716,0,"5","DUSP1"
"ZFP36L22",0,0.619543098158136,0.922,0.805,0,"5","ZFP36L2"
"HCST4",0,0.618852714980053,0.95,0.722,0,"5","HCST"
"SH2D1A3",0,0.615347120103218,0.342,0.151,0,"5","SH2D1A"
"GADD45B4",0,0.598820805140992,0.617,0.415,0,"5","GADD45B"
"SRSF71",0,0.595214783149856,0.882,0.736,0,"5","SRSF7"
"TIGIT3",0,0.569936481941453,0.261,0.086,0,"5","TIGIT"
"PPP2R5C3",0,0.564721158597628,0.808,0.595,0,"5","PPP2R5C"
"FOS5",0,0.56070967789204,0.907,0.82,0,"5","FOS"
"RP11-489E7.42",0,0.551791548637699,0.53,0.339,0,"5","RP11-489E7.4"
"NR4A24",0,0.547054816802986,0.417,0.227,0,"5","NR4A2"
"CD841",0,0.539324091236854,0.328,0.159,0,"5","CD84"
"CD3D3",0,0.536786134504909,0.907,0.648,0,"5","CD3D"
"CD3E3",0,0.514238271671183,0.883,0.64,0,"5","CD3E"
"TRAC5",0,0.506277325477175,0.795,0.565,0,"5","TRAC"
"TRBC25",0,0.49523391810984,0.801,0.65,0,"5","TRBC2"
"AC092580.41",0,0.493656701324516,0.345,0.168,0,"5","AC092580.4"
"CD692",0,0.480695794273345,0.777,0.61,0,"5","CD69"
"CD29",0,0.472945263452933,0.729,0.537,0,"5","CD2"
"LINC001524",0,0.467775379468493,0.322,0.166,0,"5","LINC00152"
"CD814",0,0.456245105784655,0.634,0.454,0,"5","CD81"
"GUK12",0,0.451670147172466,0.726,0.543,0,"5","GUK1"
"GABARAPL11",0,0.450870736644824,0.293,0.131,0,"5","GABARAPL1"
"CD993",0,0.43839422586225,0.785,0.57,0,"5","CD99"
"C12orf752",0,0.434612461229879,0.496,0.298,0,"5","C12orf75"
"RUNX33",0,0.426834411142308,0.517,0.322,0,"5","RUNX3"
"CTSW3",0,0.426442032996542,0.681,0.38,0,"5","CTSW"
"CD3G3",0,0.424915409033188,0.83,0.596,0,"5","CD3G"
"SAMD34",0,0.401160874702855,0.491,0.294,0,"5","SAMD3"
"SRGN6",0,0.391813224613783,0.836,0.609,0,"5","SRGN"
"H3F3B2",0,0.389144582802857,0.988,0.947,0,"5","H3F3B"
"HSP90AA12",0,0.383905336721978,0.931,0.833,0,"5","HSP90AA1"
"JUND1",0,0.380074566564331,0.973,0.912,0,"5","JUND"
"EIF1",0,0.367545487717863,0.999,0.984,0,"5","EIF1"
"YBX33",0,0.360620224076522,0.295,0.137,0,"5","YBX3"
"UBC2",0,0.354242825669407,0.972,0.897,0,"5","UBC"
"HLA-B2",0,0.329815248223114,0.999,0.986,0,"5","HLA-B"
"HLA-A3",0,0.320554282411357,0.996,0.968,0,"5","HLA-A"
"NKG74",0,0.319637763049069,0.862,0.45,0,"5","NKG7"
"CALM12",0,0.306482500392959,0.984,0.917,0,"5","CALM1"
"B2M2",0,0.303649447435954,1,1,0,"5","B2M"
"CLEC2B2",1.26826904003798e-304,0.439071710306098,0.633,0.451,3.57512359696306e-300,"5","CLEC2B"
"FYN3",6.38467071417627e-301,0.439834588571254,0.593,0.415,1.79977482761915e-296,"5","FYN"
"FOSB2",4.81063389040957e-289,0.417825378814883,0.761,0.602,1.35606958736755e-284,"5","FOSB"
"TSC22D3",3.68000276553166e-287,0.417798930730309,0.915,0.822,1.03735597957572e-282,"5","TSC22D3"
"PTPRC2",7.94204478081847e-285,0.326462142307526,0.973,0.924,2.23878300326492e-280,"5","PTPRC"
"ATG2A",3.96474895296717e-280,0.39884827242854,0.238,0.114,1.11762308235192e-275,"5","ATG2A"
"SERTAD12",4.73113821117077e-280,0.437114788017261,0.334,0.186,1.33366055034693e-275,"5","SERTAD1"
"TUBA4A1",3.25471774607359e-272,0.526898861014567,0.433,0.282,9.17472385440685e-268,"5","TUBA4A"
"UBE2S2",8.18506400922986e-267,0.448970630446717,0.336,0.193,2.30728769356181e-262,"5","UBE2S"
"CCL43",1.49125796126393e-258,0.423667341691263,0.381,0.215,4.20370706700691e-254,"5","CCL4"
"ZBTB381",1.03866523548311e-255,0.404529236745782,0.329,0.187,2.92789343230335e-251,"5","ZBTB38"
"KLF21",1.83528091274125e-249,0.367223324304244,0.945,0.873,5.17347336492631e-245,"5","KLF2"
"YPEL5",5.21717574749261e-243,0.419446294479106,0.603,0.453,1.47066967146069e-238,"5","YPEL5"
"TUBB4B2",4.18683899582378e-241,0.427059197043356,0.413,0.263,1.18022804453276e-236,"5","TUBB4B"
"PARP83",1.26948902547987e-239,0.386613494687237,0.436,0.283,3.5785626139252e-235,"5","PARP8"
"IER52",5.84547400657012e-236,0.406221717570169,0.424,0.271,1.64778066771205e-231,"5","IER5"
"TSPYL21",7.91038202937628e-233,0.490835818496567,0.36,0.223,2.22985759026088e-228,"5","TSPYL2"
"ITGA44",1.08975357229563e-229,0.386107589237933,0.553,0.393,3.07190634494416e-225,"5","ITGA4"
"SRSF22",4.30666693802753e-226,0.399644438918352,0.634,0.496,1.21400634316058e-221,"5","SRSF2"
"FAM46C",1.1410168631867e-225,0.365894148532185,0.258,0.138,3.21641243563699e-221,"5","FAM46C"
"LYST4",8.77294168214006e-217,0.328878049255496,0.329,0.194,2.47300453077846e-212,"5","LYST"
"C9orf1423",3.30648980081101e-208,0.357926915189498,0.513,0.365,9.32066409950617e-204,"5","C9orf142"
"SELK1",2.82399856869299e-206,0.385463176782649,0.546,0.406,7.96056956528868e-202,"5","SELK"
"IFRD12",1.13947612001031e-204,0.45048385729523,0.357,0.228,3.21206923469707e-200,"5","IFRD1"
"BTG2",1.25395321052978e-203,0.482479086263387,0.589,0.457,3.53476870516239e-199,"5","BTG2"
"SYNE23",2.90387003592973e-202,0.314007733618603,0.695,0.526,8.18571924428233e-198,"5","SYNE2"
"CBLB3",6.70734573260121e-201,0.357123121604896,0.287,0.167,1.89073368856296e-196,"5","CBLB"
"SYNE13",3.3200080402333e-199,0.323373723325626,0.483,0.327,9.35877066461365e-195,"5","SYNE1"
"STK17A3",3.2298353756509e-195,0.365558105976453,0.605,0.471,9.10458294042232e-191,"5","STK17A"
"PDCD41",1.14522885895099e-191,0.35913330316586,0.603,0.47,3.22828563049694e-187,"5","PDCD4"
"PYHIN12",1.50838324315828e-190,0.314734457528627,0.41,0.265,4.25198152413887e-186,"5","PYHIN1"
"RAB27A3",1.03913442140662e-183,0.30214785241599,0.273,0.159,2.92921602050311e-179,"5","RAB27A"
"LCK2",1.30856451232915e-179,0.320649759539387,0.578,0.44,3.68871250380465e-175,"5","LCK"
"LITAF3",2.83085890627742e-178,0.306755247369118,0.636,0.496,7.97990817090542e-174,"5","LITAF"
"IDS3",5.31957721766617e-175,0.330222741112339,0.513,0.38,1.49953562188792e-170,"5","IDS"
"EZR4",3.78393843944345e-173,0.326575821664566,0.569,0.431,1.06665440669471e-168,"5","EZR"
"HSPA53",2.54950556637039e-172,0.335523700632396,0.595,0.456,7.18680124104149e-168,"5","HSPA5"
"FAM173A2",3.62045000557143e-172,0.319048179128034,0.266,0.158,1.02056865207053e-167,"5","FAM173A"
"MT2A4",3.14363471597824e-167,0.434176925667586,0.436,0.307,8.86159190087106e-163,"5","MT2A"
"RP11-51J9.5",3.43655894588189e-160,0.377077775604715,0.319,0.207,9.68731601254645e-156,"5","RP11-51J9.5"
"CLDND13",4.47129394271136e-157,0.375714417845773,0.298,0.192,1.2604130495109e-152,"5","CLDND1"
"NFKBIA4",5.30670755680435e-157,0.337026692681176,0.7,0.588,1.49590779318758e-152,"5","NFKBIA"
"CYCS1",2.81108618535175e-156,0.343399792475483,0.524,0.403,7.92417084788805e-152,"5","CYCS"
"ZNF331",2.79538636607315e-153,0.366244405835625,0.252,0.154,7.87991462732361e-149,"5","ZNF331"
"PMAIP12",3.50327599385997e-149,0.420219035401236,0.29,0.184,9.87538469909188e-145,"5","PMAIP1"
"KLF64",7.83103215812591e-148,0.312575968578587,0.756,0.638,2.20748965505411e-143,"5","KLF6"
"KIF2A1",1.06383332432791e-139,0.317378658729597,0.522,0.408,2.99883975794794e-135,"5","KIF2A"
"IKZF33",4.42224691649077e-134,0.301162504093805,0.435,0.317,1.24658718328958e-129,"5","IKZF3"
"CD274",9.48230960372446e-133,0.345393434844504,0.388,0.282,2.67296825419389e-128,"5","CD27"
"THEMIS1",2.29559401785326e-131,0.303817809380538,0.233,0.143,6.47104997692656e-127,"5","THEMIS"
"NUCB23",1.96599743592586e-130,0.310189629050884,0.389,0.277,5.54195017213141e-126,"5","NUCB2"
"IGHD2",0,3.37033536410531,0.945,0.046,0,"6","IGHD"
"IGKC4",0,3.22685994517091,0.714,0.182,0,"6","IGKC"
"HLA-DRA3",0,3.20481741294626,0.999,0.297,0,"6","HLA-DRA"
"CD743",0,3.09035380888367,1,0.525,0,"6","CD74"
"IGLC22",0,3.04200791145603,0.486,0.087,0,"6","IGLC2"
"IGHM2",0,3.01733765722378,0.934,0.065,0,"6","IGHM"
"CD79A2",0,2.97658548925905,0.948,0.1,0,"6","CD79A"
"MS4A12",0,2.73503981145772,0.939,0.092,0,"6","MS4A1"
"MEF2C2",0,2.6499690303435,0.841,0.073,0,"6","MEF2C"
"HLA-DRB13",0,2.6443140869046,0.963,0.296,0,"6","HLA-DRB1"
"TCL1A1",0,2.63562978992099,0.734,0.02,0,"6","TCL1A"
"IGLC31",0,2.45889814894868,0.33,0.049,0,"6","IGLC3"
"CD79B2",0,2.44123909834038,0.858,0.133,0,"6","CD79B"
"HLA-DQA12",0,2.38341649866159,0.872,0.12,0,"6","HLA-DQA1"
"HLA-DQB12",0,2.3755897710737,0.91,0.184,0,"6","HLA-DQB1"
"HLA-DPA13",0,2.36226139585134,0.969,0.336,0,"6","HLA-DPA1"
"HLA-DPB13",0,2.33905347122402,0.978,0.387,0,"6","HLA-DPB1"
"RALGPS22",0,2.2483587718464,0.808,0.105,0,"6","RALGPS2"
"BANK12",0,2.22885292614557,0.796,0.071,0,"6","BANK1"
"CD372",0,2.12735066194671,0.994,0.718,0,"6","CD37"
"LINC009261",0,2.02332880599213,0.677,0.054,0,"6","LINC00926"
"FCER21",0,1.99131121583206,0.615,0.026,0,"6","FCER2"
"HLA-DMA2",0,1.8402063719128,0.737,0.129,0,"6","HLA-DMA"
"VPREB31",0,1.82485167487748,0.567,0.037,0,"6","VPREB3"
"HLA-DRB52",0,1.82226741884582,0.567,0.102,0,"6","HLA-DRB5"
"HLA-DMB2",0,1.77405400500569,0.667,0.084,0,"6","HLA-DMB"
"TNFRSF13C1",0,1.74977003944512,0.614,0.065,0,"6","TNFRSF13C"
"AFF31",0,1.70217107238207,0.567,0.049,0,"6","AFF3"
"HVCN11",0,1.69424589216441,0.58,0.062,0,"6","HVCN1"
"PLPP51",0,1.66446213717689,0.555,0.074,0,"6","PLPP5"
"CD221",0,1.60888952849685,0.522,0.037,0,"6","CD22"
"IL4R1",0,1.58700585325166,0.529,0.106,0,"6","IL4R"
"FCRL11",0,1.57923592157872,0.501,0.028,0,"6","FCRL1"
"NCF12",0,1.55932149163863,0.694,0.194,0,"6","NCF1"
"MARCH12",0,1.51998649684672,0.535,0.06,0,"6","MARCH1"
"YBX34",0,1.5101194698079,0.546,0.12,0,"6","YBX3"
"ADAM281",0,1.5009780424039,0.475,0.039,0,"6","ADAM28"
"STX72",0,1.50086256966521,0.572,0.116,0,"6","STX7"
"BCL7A1",0,1.47348725461086,0.456,0.039,0,"6","BCL7A"
"SWAP701",0,1.46994035107999,0.518,0.061,0,"6","SWAP70"
"RP11-231C14.71",0,1.39207435629609,0.436,0.029,0,"6","RP11-231C14.7"
"FAM129C1",0,1.38406639824997,0.448,0.032,0,"6","FAM129C"
"SNX23",0,1.33040828216015,0.615,0.178,0,"6","SNX2"
"IRF81",0,1.32506583088024,0.47,0.059,0,"6","IRF8"
"BCL11A1",0,1.30848412252631,0.43,0.036,0,"6","BCL11A"
"FAM26F2",0,1.30555823328334,0.477,0.074,0,"6","FAM26F"
"STRBP1",0,1.27301998800541,0.463,0.086,0,"6","STRBP"
"PAX51",0,1.26892232895052,0.4,0.029,0,"6","PAX5"
"CD831",0,1.23696145016285,0.388,0.053,0,"6","CD83"
"EAF21",0,1.22764957676501,0.392,0.046,0,"6","EAF2"
"TCF41",0,1.20507600803089,0.419,0.051,0,"6","TCF4"
"BIRC33",0,1.19643061887689,0.582,0.232,0,"6","BIRC3"
"PHACTR11",0,1.17061873825979,0.363,0.032,0,"6","PHACTR1"
"RP11-693J15.51",0,1.15628691015754,0.33,0.02,0,"6","RP11-693J15.5"
"P2RX51",0,1.1554109410047,0.38,0.052,0,"6","P2RX5"
"GAPT1",0,1.14234035162477,0.363,0.033,0,"6","GAPT"
"POU2F22",0,1.11433470414325,0.557,0.201,0,"6","POU2F2"
"KIAA01251",0,1.09995201449088,0.295,0.025,0,"6","KIAA0125"
"CXCR41",0,1.09552025043378,0.937,0.702,0,"6","CXCR4"
"PKIG1",0,1.0952942756021,0.343,0.03,0,"6","PKIG"
"PCDH91",0,1.09014944398803,0.257,0.011,0,"6","PCDH9"
"HLA-DOB1",0,1.08790869065336,0.352,0.027,0,"6","HLA-DOB"
"HLA-DQA21",0,1.06513165133334,0.252,0.034,0,"6","HLA-DQA2"
"FCRL51",0,1.06365293717823,0.264,0.017,0,"6","FCRL5"
"COBLL11",0,1.06304909083395,0.327,0.037,0,"6","COBLL1"
"CD401",0,1.06122236646781,0.34,0.032,0,"6","CD40"
"REL4",0,1.05056303554334,0.634,0.294,0,"6","REL"
"TSPAN131",0,1.0261891014391,0.31,0.014,0,"6","TSPAN13"
"ADK1",0,1.01373857935456,0.393,0.116,0,"6","ADK"
"GNG71",0,1.00702189596288,0.342,0.042,0,"6","GNG7"
"CDCA7L1",0,1.00245423331327,0.335,0.042,0,"6","CDCA7L"
"ZCCHC71",0,0.992210926459502,0.493,0.193,0,"6","ZCCHC7"
"CD721",0,0.991716827166539,0.295,0.022,0,"6","CD72"
"SMIM141",0,0.976313458140021,0.386,0.102,0,"6","SMIM14"
"CYB561A31",0,0.975689432600936,0.378,0.085,0,"6","CYB561A3"
"BTK1",0,0.958119427253855,0.322,0.03,0,"6","BTK"
"LY861",0,0.947836091127491,0.346,0.046,0,"6","LY86"
"LAPTM53",0,0.943912555092583,0.876,0.659,0,"6","LAPTM5"
"BACH21",0,0.940856452896256,0.333,0.085,0,"6","BACH2"
"JUND2",0,0.933110949520976,0.979,0.912,0,"6","JUND"
"LYN3",0,0.929816934842199,0.451,0.119,0,"6","LYN"
"HHEX1",0,0.919219933596063,0.306,0.033,0,"6","HHEX"
"TPD521",0,0.916124721590898,0.369,0.103,0,"6","TPD52"
"PLEKHA21",0,0.898895696253283,0.426,0.149,0,"6","PLEKHA2"
"SPIB1",0,0.887835147546447,0.271,0.031,0,"6","SPIB"
"BASP11",0,0.887514274886127,0.289,0.036,0,"6","BASP1"
"SNX291",0,0.883773927660625,0.329,0.07,0,"6","SNX29"
"PDLIM11",0,0.877205853699876,0.322,0.051,0,"6","PDLIM1"
"FCHSD21",0,0.875745537433185,0.329,0.083,0,"6","FCHSD2"
"TMEM1561",0,0.871733442634194,0.358,0.111,0,"6","TMEM156"
"BLNK1",0,0.864023028583387,0.269,0.022,0,"6","BLNK"
"BLK1",0,0.861540979000249,0.298,0.04,0,"6","BLK"
"MTSS12",0,0.855453756875632,0.367,0.107,0,"6","MTSS1"
"PLEKHF21",0,0.855286815852847,0.359,0.114,0,"6","PLEKHF2"
"FCRLA1",0,0.85276580601215,0.268,0.022,0,"6","FCRLA"
"CD241",0,0.850846613511697,0.261,0.029,0,"6","CD24"
"ORAI21",0,0.83218902348947,0.338,0.097,0,"6","ORAI2"
"COL19A1",0,0.826181548808269,0.227,0.009,0,"6","COL19A1"
"RPS11",0,0.821172338613422,0.999,0.981,0,"6","RPS11"
"ARHGAP241",0,0.815402180810672,0.262,0.031,0,"6","ARHGAP24"
"MTPN2",0,0.813499165625599,0.679,0.424,0,"6","MTPN"
"SEC621",0,0.807481549118933,0.7,0.479,0,"6","SEC62"
"FCRL21",0,0.80725953183259,0.234,0.025,0,"6","FCRL2"
"FCMR3",0,0.806673282581571,0.495,0.265,0,"6","FCMR"
"PARP143",0,0.80581318111104,0.478,0.237,0,"6","PARP14"
"RAB301",0,0.805355653440998,0.262,0.046,0,"6","RAB30"
"SMAP21",0,0.799231093763938,0.709,0.488,0,"6","SMAP2"
"CXXC53",0,0.797724802962266,0.364,0.105,0,"6","CXXC5"
"PDE4B",0,0.790158901555085,0.376,0.159,0,"6","PDE4B"
"SEL1L31",0,0.784414834089374,0.306,0.087,0,"6","SEL1L3"
"BTG11",0,0.770996316207737,0.991,0.937,0,"6","BTG1"
"CAMK2D",0,0.768783255420049,0.33,0.111,0,"6","CAMK2D"
"CD191",0,0.765329260602858,0.233,0.019,0,"6","CD19"
"SNHG7",0,0.759907441284922,0.509,0.294,0,"6","SNHG7"
"MZB1",0,0.753181758222849,0.223,0.025,0,"6","MZB1"
"CTSZ1",0,0.752816134529438,0.377,0.119,0,"6","CTSZ"
"SNX221",0,0.752447212385758,0.22,0.017,0,"6","SNX22"
"C16orf74",0,0.750618804043377,0.249,0.043,0,"6","C16orf74"
"TMEM1541",0,0.749096027381826,0.333,0.116,0,"6","TMEM154"
"DAPP11",0,0.740161092835877,0.283,0.069,0,"6","DAPP1"
"RERE1",0,0.735726283574206,0.365,0.153,0,"6","RERE"
"CIITA1",0,0.734756487835436,0.23,0.026,0,"6","CIITA"
"SNX3",0,0.733933953821768,0.574,0.349,0,"6","SNX3"
"APPL1",0,0.732387544618699,0.413,0.198,0,"6","APPL1"
"APLP22",0,0.73041482347667,0.468,0.196,0,"6","APLP2"
"TAPT1",0,0.728951990210292,0.259,0.066,0,"6","TAPT1"
"PRKCB2",0,0.727993900767312,0.543,0.316,0,"6","PRKCB"
"GGA21",0,0.726100097394546,0.314,0.103,0,"6","GGA2"
"LAT21",0,0.725900655575856,0.292,0.068,0,"6","LAT2"
"RPL18A1",0,0.725549800360381,1,0.992,0,"6","RPL18A"
"ARL4A",0,0.72174485937715,0.436,0.245,0,"6","ARL4A"
"IFT57",0,0.718761187451188,0.294,0.113,0,"6","IFT57"
"STAP1",0,0.707388033368789,0.214,0.022,0,"6","STAP1"
"CHPT1",0,0.706490057810657,0.275,0.072,0,"6","CHPT1"
"PNOC",0,0.698031177265025,0.21,0.019,0,"6","PNOC"
"TP53INP1",0,0.694939778529913,0.246,0.073,0,"6","TP53INP1"
"EBF11",0,0.687881800009313,0.203,0.02,0,"6","EBF1"
"SYPL11",0,0.68488643300013,0.36,0.153,0,"6","SYPL1"
"SP1002",0,0.684597634675974,0.651,0.45,0,"6","SP100"
"EZR5",0,0.684298766876549,0.634,0.427,0,"6","EZR"
"PLCG24",0,0.68390813390483,0.43,0.247,0,"6","PLCG2"
"EIF1B",0,0.677059619397467,0.497,0.321,0,"6","EIF1B"
"EBLN3",0,0.677027444732326,0.435,0.236,0,"6","EBLN3"
"BLOC1S2",0,0.675286693780544,0.373,0.174,0,"6","BLOC1S2"
"GABPB1-AS11",0,0.674749654649024,0.464,0.289,0,"6","GABPB1-AS1"
"TSC22D31",0,0.673376159557552,0.933,0.822,0,"6","TSC22D3"
"CD522",0,0.667220622108117,0.989,0.887,0,"6","CD52"
"RB1",0,0.661314129639922,0.307,0.119,0,"6","RB1"
"NCOA31",0,0.658749529300674,0.38,0.187,0,"6","NCOA3"
"FAM3C",0,0.657239642839455,0.252,0.082,0,"6","FAM3C"
"JCHAIN1",0,0.652569330064942,0.238,0.047,0,"6","JCHAIN"
"MBD4",0,0.648718816839827,0.429,0.242,0,"6","MBD4"
"CYBB2",0,0.645164813522802,0.375,0.084,0,"6","CYBB"
"ADAM19",0,0.643934281504048,0.216,0.043,0,"6","ADAM19"
"KIAA00401",0,0.642835244381776,0.305,0.127,0,"6","KIAA0040"
"QRSL1",0,0.636261955046155,0.234,0.063,0,"6","QRSL1"
"ELOVL51",0,0.628484104468312,0.326,0.153,0,"6","ELOVL5"
"LYL1",0,0.627188348528066,0.222,0.04,0,"6","LYL1"
"CCDC501",0,0.621975725569176,0.275,0.078,0,"6","CCDC50"
"FCRL31",0,0.620176587711704,0.219,0.073,0,"6","FCRL3"
"UVRAG",0,0.616546765464781,0.302,0.122,0,"6","UVRAG"
"CSNK1G32",0,0.609102066642644,0.336,0.164,0,"6","CSNK1G3"
"CD551",0,0.606442445781129,0.421,0.239,0,"6","CD55"
"TRIM382",0,0.606352629975172,0.405,0.226,0,"6","TRIM38"
"KIAA1033",0,0.606052193720542,0.296,0.117,0,"6","KIAA1033"
"RPL8",0,0.602516147024977,0.999,0.976,0,"6","RPL8"
"ADRBK2",0,0.591254490938007,0.207,0.033,0,"6","ADRBK2"
"ACBD3",0,0.590902016687104,0.322,0.153,0,"6","ACBD3"
"RP1-313I6.12",0,0.590198920850345,0.283,0.136,0,"6","RP1-313I6.12"
"RPL22L11",0,0.587376202793081,0.547,0.383,0,"6","RPL22L1"
"LTB5",0,0.582953303911462,0.942,0.693,0,"6","LTB"
"LTA4H1",0,0.58169861246323,0.333,0.149,0,"6","LTA4H"
"DNAJC10",0,0.579669945134404,0.298,0.131,0,"6","DNAJC10"
"ZNF318",0,0.576979235008772,0.218,0.064,0,"6","ZNF318"
"PARP11",0,0.575657847645587,0.418,0.252,0,"6","PARP1"
"DGKD1",0,0.572589320085024,0.347,0.18,0,"6","DGKD"
"PPM1K2",0,0.572077982735973,0.37,0.217,0,"6","PPM1K"
"EIF1AY",0,0.570142522712998,0.224,0.095,0,"6","EIF1AY"
"DMXL1",0,0.568174018986152,0.27,0.113,0,"6","DMXL1"
"DRAM2",0,0.562015242254913,0.279,0.12,0,"6","DRAM2"
"SYK",0,0.559342702280005,0.234,0.054,0,"6","SYK"
"SKAP22",0,0.558874804534356,0.29,0.117,0,"6","SKAP2"
"SELL5",0,0.552042080232268,0.635,0.445,0,"6","SELL"
"ALOX5",0,0.55192422347274,0.202,0.036,0,"6","ALOX5"
"MIS18BP12",0,0.548494303289386,0.386,0.218,0,"6","MIS18BP1"
"RPS51",0,0.548124286287448,0.998,0.96,0,"6","RPS5"
"ZFP36L12",0,0.546694401461439,0.535,0.367,0,"6","ZFP36L1"
"ITPR1",0,0.54428430802679,0.21,0.064,0,"6","ITPR1"
"ARPC33",0,0.543325295772068,0.884,0.751,0,"6","ARPC3"
"SYNGR2",0,0.542567491965045,0.283,0.12,0,"6","SYNGR2"
"RCSD11",0,0.542252620914919,0.448,0.287,0,"6","RCSD1"
"SIPA1L1",0,0.538104315252323,0.221,0.079,0,"6","SIPA1L1"
"OTUD1",0,0.537020039050112,0.235,0.096,0,"6","OTUD1"
"C15orf57",0,0.535406398060213,0.223,0.081,0,"6","C15orf57"
"SMC6",0,0.533776093851971,0.216,0.08,0,"6","SMC6"
"P2RY10",0,0.530045821144716,0.252,0.11,0,"6","P2RY10"
"LINC01215",0,0.529381272734983,0.207,0.076,0,"6","LINC01215"
"IFNGR2",0,0.518664912086309,0.216,0.057,0,"6","IFNGR2"
"CTSH",0,0.513675939929072,0.238,0.08,0,"6","CTSH"
"TSPAN3",0,0.507851246829815,0.243,0.093,0,"6","TSPAN3"
"EVI2B2",0,0.497949479514958,0.588,0.428,0,"6","EVI2B"
"CHD7",0,0.490062634003571,0.231,0.105,0,"6","CHD7"
"MARCKS2",0,0.488964325737622,0.234,0.061,0,"6","MARCKS"
"TCF3",0,0.477596888443222,0.203,0.083,0,"6","TCF3"
"SNX10",0,0.474405996515171,0.218,0.079,0,"6","SNX10"
"CAMK1D",0,0.47133276476304,0.228,0.101,0,"6","CAMK1D"
"VAV32",0,0.453060406703058,0.233,0.094,0,"6","VAV3"
"RPS231",0,0.45250928249177,1,0.995,0,"6","RPS23"
"LYST5",0,0.445726116852072,0.363,0.193,0,"6","LYST"
"RRAS2",0,0.443437454374169,0.2,0.075,0,"6","RRAS2"
"MT-ND3",0,0.430651211699204,0.998,0.992,0,"6","MT-ND3"
"RPL15",0,0.40502444715407,0.999,0.987,0,"6","RPL15"
"RPL121",0,0.392680880221849,0.999,0.985,0,"6","RPL12"
"FAU",0,0.387688648898926,0.999,0.986,0,"6","FAU"
"RPL231",0,0.360008568108095,0.989,0.943,0,"6","RPL23"
"GNB2L11",0,0.350237749288521,0.991,0.949,0,"6","GNB2L1"
"RPS82",0,0.34593627564785,1,0.99,0,"6","RPS8"
"RPL37A1",0,0.338389115978749,0.999,0.984,0,"6","RPL37A"
"RPL13A3",0,0.322532323537321,0.999,0.992,0,"6","RPL13A"
"RPL291",0,0.322227180466554,0.999,0.985,0,"6","RPL29"
"PTMA",0,0.314432029793385,0.999,0.99,0,"6","PTMA"
"RPS191",0,0.313186763547958,1,0.995,0,"6","RPS19"
"RPL35",0,0.301790151725249,0.997,0.974,0,"6","RPL35"
"TUBA1A",8.24420169418337e-302,0.536604531171587,0.677,0.542,2.32395801557335e-297,"6","TUBA1A"
"LIMD21",2.38994945819366e-297,0.446389491782047,0.778,0.659,6.73702852770211e-293,"6","LIMD2"
"PRDM21",2.94968853713758e-297,0.565305403035572,0.459,0.304,8.31487701733713e-293,"6","PRDM2"
"GRB22",1.21985805268133e-294,0.489213562981883,0.507,0.356,3.4386578647034e-290,"6","GRB2"
"H3F3A4",5.71075171376923e-289,0.320777083361725,0.954,0.912,1.60980380059441e-284,"6","H3F3A"
"ATP2B12",5.38741095979126e-286,0.488548457129236,0.422,0.264,1.51865727545556e-281,"6","ATP2B1"
"FOXP12",4.84475859773156e-281,0.481820561673263,0.662,0.517,1.36568900111455e-276,"6","FOXP1"
"JMJD1C1",2.83448129978429e-280,0.504155832869237,0.464,0.314,7.99011933596193e-276,"6","JMJD1C"
"OAZ12",2.49278126295983e-279,0.324298605053345,0.88,0.803,7.02690110215746e-275,"6","OAZ1"
"MEF2A",3.68810089155688e-279,0.477843860590173,0.267,0.137,1.03963876032097e-274,"6","MEF2A"
"MAP3K13",2.45538510302908e-271,0.44359565545256,0.339,0.195,6.92148506692868e-267,"6","MAP3K1"
"SP140",1.05390828349368e-264,0.483596490426461,0.294,0.161,2.97086206034035e-260,"6","SP140"
"CD693",3.33216733210301e-260,0.800434642977403,0.712,0.615,9.39304649246516e-256,"6","CD69"
"PMAIP13",1.48899243389672e-259,0.435369926146246,0.327,0.182,4.19732077191147e-255,"6","PMAIP1"
"MARCKSL1",2.16828988677109e-258,0.523838376288423,0.295,0.166,6.11219236181903e-254,"6","MARCKSL1"
"ISG203",5.46532262504801e-256,0.502403801409955,0.614,0.491,1.54061979477478e-251,"6","ISG20"
"BCAS4",1.62860654384541e-254,0.437287043855954,0.212,0.102,4.59087898644582e-250,"6","BCAS4"
"TXNIP",2.64961641381282e-254,0.433551111949384,0.989,0.967,7.46900370889696e-250,"6","TXNIP"
"RP9",1.19082754257679e-252,0.45586877264053,0.216,0.103,3.35682375976972e-248,"6","RP9"
"CHD92",2.92475841290726e-251,0.437153002039283,0.336,0.196,8.24460149014427e-247,"6","CHD9"
"TRAF52",6.40365722994031e-245,0.46899634681634,0.276,0.153,1.80512693654787e-240,"6","TRAF5"
"TMEM243",6.0662482362354e-239,0.484285984733387,0.396,0.266,1.7100147153124e-234,"6","TMEM243"
"WHSC1L12",1.87136182870306e-235,0.453891352305207,0.56,0.432,5.27518185893106e-231,"6","WHSC1L1"
"RABEP11",4.72996347274451e-235,0.461364442283513,0.258,0.139,1.33332940333195e-230,"6","RABEP1"
"GSAP1",1.80156919682974e-229,0.378116305265075,0.214,0.104,5.07844340894335e-225,"6","GSAP"
"MDM42",7.12660280500086e-229,0.471286175237292,0.512,0.38,2.00891806470169e-224,"6","MDM4"
"FAM96A",2.33876303130747e-227,0.429353103109218,0.228,0.119,6.59273910895264e-223,"6","FAM96A"
"AREG1",4.49006719882368e-227,0.438434157506516,0.212,0.104,1.26570504267641e-222,"6","AREG"
"AIDA",5.50462345974657e-226,0.467407600018375,0.282,0.162,1.55169830706796e-221,"6","AIDA"
"LSM10",1.50769764850574e-224,0.451930374086403,0.302,0.18,4.25004890137284e-220,"6","LSM10"
"IKZF34",2.56050559453288e-217,0.439448853031562,0.456,0.316,7.21780922042872e-213,"6","IKZF3"
"SF1",1.06696729410527e-215,0.382070530789519,0.776,0.679,3.00767410535334e-211,"6","SF1"
"ZFAS1",5.03504300296772e-215,0.35951584687216,0.772,0.664,1.41932827210657e-210,"6","ZFAS1"
"RASGRP2",1.44835480546163e-210,0.456348153955065,0.431,0.305,4.08276736111578e-206,"6","RASGRP2"
"NT5C2",2.18584343462068e-208,0.416711992616414,0.327,0.203,6.16167405785224e-204,"6","NT5C"
"SP140L",2.97965194603409e-203,0.475170158348455,0.351,0.231,8.39934087067549e-199,"6","SP140L"
"TBC1D1",4.36047316405779e-202,0.381501662518988,0.201,0.102,1.22917378021625e-197,"6","TBC1D1"
"PPP3CA2",1.12708139577203e-201,0.435438700974112,0.331,0.207,3.17712974654177e-197,"6","PPP3CA"
"KLF22",1.39750828815195e-200,0.413409848150104,0.923,0.874,3.93943611347153e-196,"6","KLF2"
"IFI163",4.16251449657878e-199,0.419279865502935,0.504,0.376,1.17337121144059e-194,"6","IFI16"
"LSM7",4.24415454554728e-197,0.417129699218025,0.579,0.474,1.19638472484432e-192,"6","LSM7"
"IFNAR1",8.7657152048726e-193,0.423527637966507,0.276,0.165,2.47096745910154e-188,"6","IFNAR1"
"C11orf311",1.49969749266579e-192,0.420844006153979,0.497,0.382,4.22749726207559e-188,"6","C11orf31"
"TSTD1",1.01230045889636e-188,0.453152285928917,0.552,0.454,2.85357376358296e-184,"6","TSTD1"
"GNAS",2.12007091354885e-188,0.326630027463498,0.797,0.713,5.97626789820285e-184,"6","GNAS"
"UBE2J1",8.86684297737249e-188,0.399999425448561,0.242,0.137,2.49947436689153e-183,"6","UBE2J1"
"LAMTOR5",6.78157113542776e-186,0.409419241497371,0.404,0.288,1.91165708736573e-181,"6","LAMTOR5"
"NT5C3A2",5.53899013519119e-184,0.417112786774275,0.276,0.167,1.56138592920904e-179,"6","NT5C3A"
"NPC22",2.00791739476052e-180,0.348005118367135,0.328,0.212,5.66011834409043e-176,"6","NPC2"
"ZNF92",6.69871780882279e-178,0.393738123326626,0.216,0.119,1.88830156312906e-173,"6","ZNF92"
"SHOC2",1.49226079434912e-177,0.39619821984129,0.335,0.219,4.20653395319072e-173,"6","SHOC2"
"YPEL51",1.73421594392248e-175,0.435809021972857,0.563,0.456,4.88858132432307e-171,"6","YPEL5"
"BACH1",2.4993644157441e-172,0.333739941588685,0.204,0.109,7.04545835154103e-168,"6","BACH1"
"MYCBP2",5.54535462064386e-172,0.386522765409322,0.556,0.445,1.5631800140133e-167,"6","MYCBP2"
"ST6GAL1",6.08678636528588e-167,0.410463175763615,0.267,0.165,1.71580420851044e-162,"6","ST6GAL1"
"PTPN61",1.22774410336715e-163,0.360250846358881,0.32,0.21,3.46088785298166e-159,"6","PTPN6"
"PLEKHO11",1.94835446632761e-162,0.330904939591549,0.286,0.179,5.49221640513089e-158,"6","PLEKHO1"
"ODC1",2.50822642686849e-161,0.391905308556132,0.337,0.229,7.07043947469957e-157,"6","ODC1"
"CHCHD10",2.79073924672345e-161,0.382119319233296,0.403,0.293,7.86681486258873e-157,"6","CHCHD10"
"HIF1A1",1.01196804358231e-159,0.33518499689923,0.29,0.185,2.85263671805416e-155,"6","HIF1A"
"MAP4K41",2.1729693879782e-159,0.393117711340428,0.338,0.231,6.12538340777175e-155,"6","MAP4K4"
"GABPB1",1.83370717434446e-158,0.429832559420255,0.37,0.264,5.1690371537596e-154,"6","GABPB1"
"LMBRD1",5.1390616435863e-158,0.347050461373932,0.214,0.122,1.44865008671054e-153,"6","LMBRD1"
"SEP15",1.12466278362592e-156,0.389784469494232,0.432,0.328,3.17031192076311e-152,"6","SEP15"
"ATP6V1G1",2.42623479428986e-156,0.328192723302315,0.71,0.636,6.8393132616237e-152,"6","ATP6V1G1"
"ATF7IP",4.06084120316796e-154,0.481191291470842,0.426,0.325,1.14471052676102e-149,"6","ATF7IP"
"TAF1D",9.95662967047177e-154,0.400783418897294,0.519,0.419,2.80667433780929e-149,"6","TAF1D"
"TANK",1.36714547995655e-153,0.349898973508136,0.265,0.165,3.85384639344951e-149,"6","TANK"
"PAPOLA",1.59695594493147e-151,0.354888676136865,0.505,0.403,4.50165911316732e-147,"6","PAPOLA"
"PNISR",5.31148073168114e-150,0.310396664893865,0.799,0.727,1.4972533034536e-145,"6","PNISR"
"RNASET22",2.24295806952212e-149,0.31985702913279,0.531,0.425,6.3226745021759e-145,"6","RNASET2"
"GDI21",4.94441908157299e-149,0.362114471103599,0.403,0.3,1.39378229490461e-144,"6","GDI2"
"ARID5B2",6.12098223185569e-148,0.393746634893575,0.383,0.273,1.7254436813378e-143,"6","ARID5B"
"HSPA4",1.46308065266418e-146,0.349727183486791,0.202,0.116,4.12427805179507e-142,"6","HSPA4"
"STK17A4",4.776127269022e-145,0.407563676705335,0.564,0.474,1.34634251586461e-140,"6","STK17A"
"PNPLA81",3.12608961408877e-142,0.349189861720301,0.282,0.184,8.81213401315484e-138,"6","PNPLA8"
"SH3BP51",1.30201224038097e-137,0.356417407207492,0.374,0.27,3.67024230440991e-133,"6","SH3BP5"
"LINC009361",3.54479127570169e-137,0.308329896986185,0.306,0.205,9.99241212707551e-133,"6","LINC00936"
"MTRNR2L122",1.01392179538664e-133,0.924870306408232,0.314,0.219,2.85814414901541e-129,"6","MTRNR2L12"
"HMGN2",3.67346351513935e-132,0.320940388597017,0.694,0.624,1.03551263028263e-127,"6","HMGN2"
"TAGAP",5.68202460031972e-132,0.37556393198059,0.321,0.224,1.60170591458413e-127,"6","TAGAP"
"TRA2B1",1.15058663053681e-131,0.327951232424156,0.652,0.572,3.24338865282022e-127,"6","TRA2B"
"FOXO1",1.8021226645438e-131,0.337409128131537,0.212,0.128,5.08000357908252e-127,"6","FOXO1"
"ITGAE1",4.46833521713315e-127,0.334231916115625,0.228,0.142,1.25957901435766e-122,"6","ITGAE"
"SP110",1.36622382937152e-126,0.304471481356807,0.204,0.122,3.85124835261538e-122,"6","SP110"
"SMCHD14",8.00071012716119e-125,0.337133157252352,0.604,0.523,2.25532017774547e-120,"6","SMCHD1"
"RP11-796E2.4",5.71474734008514e-124,0.345368553985952,0.212,0.13,1.6109301276966e-119,"6","RP11-796E2.4"
"PHKB",1.63456696220207e-122,0.308877820607675,0.219,0.136,4.60768080975141e-118,"6","PHKB"
"AP3B1",5.81596220441082e-122,0.330838485518214,0.247,0.159,1.63946158580137e-117,"6","AP3B1"
"PNN",1.54638953545574e-117,0.309537292152213,0.643,0.566,4.35911746149618e-113,"6","PNN"
"RNASEH2B1",4.23569290818191e-111,0.358156768415905,0.289,0.204,1.1939994738874e-106,"6","RNASEH2B"
"HIST1H1C1",1.2601624682998e-110,0.342413216610456,0.372,0.279,3.5522719818903e-106,"6","HIST1H1C"
"DCK",2.41935032964798e-108,0.315487681994257,0.24,0.16,6.81990664424469e-104,"6","DCK"
"PARP152",2.44703774261275e-108,0.309412801447788,0.225,0.144,6.89795469265108e-104,"6","PARP15"
"BOD1L11",2.61611676578482e-108,0.315858361870366,0.459,0.369,7.37457155107084e-104,"6","BOD1L1"
"USF3",1.30659485095481e-107,0.315652516205306,0.207,0.13,3.68316022535652e-103,"6","USF3"
"FAM46C1",1.85963437731648e-107,0.308091211978381,0.221,0.141,5.24212334621742e-103,"6","FAM46C"
"CDC40",2.62166976220838e-106,0.317752248228256,0.348,0.26,7.39022489268922e-102,"6","CDC40"
"ITSN21",2.89063000972474e-103,0.327524568534708,0.308,0.223,8.14839693441306e-99,"6","ITSN2"
"COQ7",4.39824713702972e-102,0.325245343899179,0.21,0.136,1.23982188545731e-97,"6","COQ7"
"USP8",1.03038020201306e-100,0.340412421608889,0.279,0.196,2.90453875145462e-96,"6","USP8"
"TAF7",4.54518237972826e-98,0.305277103932857,0.474,0.394,1.2812414610216e-93,"6","TAF7"
"RBM381",2.33091536061583e-97,0.342678695070231,0.335,0.254,6.57061731003995e-93,"6","RBM38"
"RHOH2",2.9937360877096e-97,0.336331308109128,0.342,0.264,8.43904265764461e-93,"6","RHOH"
"HERPUD11",1.42310181092329e-96,0.384080622700095,0.367,0.287,4.01158169481166e-92,"6","HERPUD1"
"IRF2",5.76969634372132e-95,0.329098710966352,0.322,0.243,1.6264197023316e-90,"6","IRF2"
"MKNK2",1.74481661995831e-93,0.30134288121883,0.248,0.173,4.91846357000048e-89,"6","MKNK2"
"PSMC6",2.52172524858493e-75,0.306126577161758,0.281,0.213,7.10849130323606e-71,"6","PSMC6"
"CD8B3",0,1.76200958434728,0.881,0.174,0,"7","CD8B"
"RP11-291B21.2",0,1.31656478325148,0.464,0.034,0,"7","RP11-291B21.2"
"S100B",0,0.893942484865964,0.235,0.035,0,"7","S100B"
"OXNAD11",0,0.86235974826058,0.645,0.255,0,"7","OXNAD1"
"NELL21",0,0.850865676668845,0.423,0.087,0,"7","NELL2"
"RGS102",0,0.847133902970041,0.755,0.364,0,"7","RGS10"
"LEF13",0,0.846650610747147,0.64,0.239,0,"7","LEF1"
"NUCB24",0,0.839662167361157,0.649,0.261,0,"7","NUCB2"
"CARS1",0,0.755662458774922,0.341,0.068,0,"7","CARS"
"CCR73",0,0.754525847365101,0.559,0.202,0,"7","CCR7"
"TRABD2A1",0,0.687267825191878,0.484,0.172,0,"7","TRABD2A"
"LDHB5",0,0.683378183960615,0.92,0.61,0,"7","LDHB"
"CD8A2",0,0.681140317966339,0.61,0.19,0,"7","CD8A"
"RPS131",0,0.680000649286413,1,0.982,0,"7","RPS13"
"RPS122",0,0.674581564445713,1,0.998,0,"7","RPS12"
"AIF12",0,0.673044769334352,0.623,0.196,0,"7","AIF1"
"TCF76",0,0.664159561308632,0.78,0.426,0,"7","TCF7"
"NOSIP4",0,0.663290026370326,0.721,0.405,0,"7","NOSIP"
"RPS3A1",0,0.656368657152247,1,0.994,0,"7","RPS3A"
"EEF1B21",0,0.649548211017215,0.998,0.939,0,"7","EEF1B2"
"RPS61",0,0.637713366255986,1,0.991,0,"7","RPS6"
"RCAN35",0,0.636072185780093,0.672,0.341,0,"7","RCAN3"
"SNHG81",0,0.630889162255761,0.818,0.547,0,"7","SNHG8"
"RPS83",0,0.627817652752949,1,0.99,0,"7","RPS8"
"PIK3IP13",0,0.62588302302092,0.706,0.393,0,"7","PIK3IP1"
"PDE3B",0,0.622513101241434,0.47,0.183,0,"7","PDE3B"
"ACTN11",0,0.621670610358196,0.333,0.074,0,"7","ACTN1"
"LRRN31",0,0.614795956188532,0.248,0.04,0,"7","LRRN3"
"RPL321",0,0.61265531010253,1,0.997,0,"7","RPL32"
"RPS52",0,0.604764785126618,1,0.96,0,"7","RPS5"
"RPL36A3",0,0.604563327326741,0.977,0.822,0,"7","RPL36A"
"LEPROTL14",0,0.59006477619683,0.809,0.493,0,"7","LEPROTL1"
"RPL221",0,0.589777345658631,1,0.961,0,"7","RPL22"
"RPL342",0,0.588373548983656,1,0.995,0,"7","RPL34"
"PASK3",0,0.587948060266663,0.332,0.1,0,"7","PASK"
"EIF3E1",0,0.577862879732472,0.944,0.715,0,"7","EIF3E"
"RPS281",0,0.577651475715623,1,0.99,0,"7","RPS28"
"RPL211",0,0.574517725361569,1,0.994,0,"7","RPL21"
"RPL232",0,0.566390060515857,0.998,0.943,0,"7","RPL23"
"CD275",0,0.560118628078649,0.566,0.271,0,"7","CD27"
"RPS101",0,0.557614335142695,0.999,0.946,0,"7","RPS10"
"NPM11",0,0.555379169965069,0.984,0.854,0,"7","NPM1"
"RPS211",0,0.543498425702923,1,0.972,0,"7","RPS21"
"RPL91",0,0.540994188100239,1,0.988,0,"7","RPL9"
"RPL51",0,0.537409915646206,1,0.978,0,"7","RPL5"
"RPS4X2",0,0.536238651879402,1,0.989,0,"7","RPS4X"
"RPL10A1",0,0.531307384344681,0.999,0.972,0,"7","RPL10A"
"RPL132",0,0.529513717086986,1,0.999,0,"7","RPL13"
"RPL122",0,0.526233157441297,1,0.985,0,"7","RPL12"
"ABLIM11",0,0.516361433719209,0.463,0.222,0,"7","ABLIM1"
"LDLRAP11",0,0.504717842713288,0.367,0.145,0,"7","LDLRAP1"
"C1orf2282",0,0.503824994899071,0.311,0.104,0,"7","C1orf228"
"RPS232",0,0.500784198119179,1,0.995,0,"7","RPS23"
"NDFIP11",0,0.499242170995284,0.608,0.352,0,"7","NDFIP1"
"CLEC11A",0,0.49446281725092,0.211,0.028,0,"7","CLEC11A"
"RPS141",0,0.491327617939838,1,0.997,0,"7","RPS14"
"RPL381",0,0.487987115053564,0.999,0.965,0,"7","RPL38"
"RPL371",0,0.487561341933448,1,0.992,0,"7","RPL37"
"RPLP22",0,0.486850998444085,1,0.99,0,"7","RPLP2"
"RPL35A1",0,0.486700941650146,1,0.984,0,"7","RPL35A"
"SATB12",0,0.486487836461125,0.532,0.275,0,"7","SATB1"
"RPL72",0,0.481837850419842,0.999,0.952,0,"7","RPL7"
"RPS252",0,0.480897270849758,1,0.985,0,"7","RPS25"
"RPS162",0,0.480768466885316,1,0.985,0,"7","RPS16"
"RPL312",0,0.480059968109073,0.993,0.919,0,"7","RPL31"
"SARAF4",0,0.472605157224669,0.94,0.736,0,"7","SARAF"
"RPS182",0,0.469868091399802,1,0.998,0,"7","RPS18"
"C12orf572",0,0.465339406059881,0.875,0.649,0,"7","C12orf57"
"EEF1A12",0,0.46391720323171,1,0.999,0,"7","EEF1A1"
"A1BG",0,0.462239126481579,0.323,0.119,0,"7","A1BG"
"RPL301",0,0.455398614734456,1,0.996,0,"7","RPL30"
"C6orf481",0,0.453734322105772,0.641,0.392,0,"7","C6orf48"
"RPL42",0,0.452286787289697,0.993,0.907,0,"7","RPL4"
"SELL6",0,0.451644618962661,0.743,0.439,0,"7","SELL"
"RPL392",0,0.449996690296484,1,0.992,0,"7","RPL39"
"RPS15A1",0,0.449857609687213,1,0.993,0,"7","RPS15A"
"CAMK44",0,0.44905728156553,0.455,0.231,0,"7","CAMK4"
"UQCRB1",0,0.443636719565228,0.962,0.824,0,"7","UQCRB"
"MAL3",0,0.441358955652164,0.454,0.218,0,"7","MAL"
"RPLP13",0,0.434970421830415,1,0.999,0,"7","RPLP1"
"RPL141",0,0.434706095603978,1,0.986,0,"7","RPL14"
"RPL37A2",0,0.434414548094067,1,0.984,0,"7","RPL37A"
"GYPC1",0,0.425639325407235,0.71,0.476,0,"7","GYPC"
"RPL362",0,0.423907958894941,1,0.978,0,"7","RPL36"
"RPL191",0,0.417434069468923,1,0.995,0,"7","RPL19"
"RPS91",0,0.416830256270865,1,0.984,0,"7","RPS9"
"THEMIS2",0,0.412356045561393,0.335,0.137,0,"7","THEMIS"
"RPL282",0,0.411645120039049,1,0.997,0,"7","RPL28"
"ST131",0,0.411552433024342,0.722,0.5,0,"7","ST13"
"RPL181",0,0.409882186394481,1,0.988,0,"7","RPL18"
"MAML21",0,0.408310220787593,0.436,0.224,0,"7","MAML2"
"RPL112",0,0.406026426939231,1,0.995,0,"7","RPL11"
"RPS201",0,0.403658196096001,0.998,0.958,0,"7","RPS20"
"RPSA2",0,0.403655768900613,0.999,0.964,0,"7","RPSA"
"MGAT4A2",0,0.402650327217799,0.616,0.385,0,"7","MGAT4A"
"NACA1",0,0.401859815844018,0.999,0.973,0,"7","NACA"
"RPS27A1",0,0.399942546467307,1,0.996,0,"7","RPS27A"
"RUNX2",0,0.396329079017547,0.2,0.044,0,"7","RUNX2"
"UXT1",0,0.396284882115979,0.798,0.582,0,"7","UXT"
"RPS210",0,0.392678616711552,1,0.995,0,"7","RPS2"
"TPT12",0,0.391785160504962,1,0.999,0,"7","TPT1"
"HSPB1",0,0.386643125675865,0.422,0.225,0,"7","HSPB1"
"RPL241",0,0.3821029512845,1,0.974,0,"7","RPL24"
"PRMT22",0,0.38026723409868,0.716,0.476,0,"7","PRMT2"
"RPL33",0,0.380173943410791,1,0.992,0,"7","RPL3"
"RPS31",0,0.372887641260359,1,0.994,0,"7","RPS3"
"RPS173",0,0.369747770171113,0.978,0.885,0,"7","RPS17"
"RPL292",0,0.365088783656457,1,0.985,0,"7","RPL29"
"NAA16",0,0.364513062430991,0.289,0.124,0,"7","NAA16"
"SERINC53",0,0.364372008621501,0.32,0.147,0,"7","SERINC5"
"RPS292",0,0.362758843958158,1,0.994,0,"7","RPS29"
"RPS241",0,0.361609076379954,1,0.994,0,"7","RPS24"
"GNB2L12",0,0.359975179297475,0.998,0.948,0,"7","GNB2L1"
"RPLP01",0,0.356916438863449,0.996,0.933,0,"7","RPLP0"
"RPL62",0,0.355262217933475,1,0.982,0,"7","RPL6"
"TXK3",0,0.354784615681307,0.421,0.207,0,"7","TXK"
"COX7C2",0,0.353814366680127,0.975,0.86,0,"7","COX7C"
"RPL102",0,0.346711482629628,1,0.999,0,"7","RPL10"
"BTF31",0,0.343258559786413,0.975,0.874,0,"7","BTF3"
"RPL272",0,0.341610165549027,0.999,0.966,0,"7","RPL27"
"RPS151",0,0.333995959551397,1,0.99,0,"7","RPS15"
"RPL18A2",0,0.328936060837569,1,0.992,0,"7","RPL18A"
"APBA2",0,0.32719162889009,0.212,0.071,0,"7","APBA2"
"RPS192",0,0.325317188183575,1,0.995,0,"7","RPS19"
"RPL261",0,0.316580684328684,1,0.991,0,"7","RPL26"
"RPL412",0,0.308629523610637,1,0.994,0,"7","RPL41"
"RPS271",0,0.304193371992067,1,0.998,0,"7","RPS27"
"RPL27A1",0,0.30329981612239,1,0.989,0,"7","RPL27A"
"FAM134B",0,0.300339942523894,0.206,0.081,0,"7","FAM134B"
"TMEM1233",4.46713435383787e-304,0.343099099239236,0.665,0.43,1.25924050300336e-299,"7","TMEM123"
"CD3E4",5.44456602918264e-304,0.34180884248845,0.9,0.64,1.53476871796629e-299,"7","CD3E"
"GPR1552",2.59213966221012e-299,0.332302151115698,0.241,0.105,7.30698249380412e-295,"7","GPR155"
"COX4I11",4.00811419430022e-299,0.309519055114034,0.97,0.865,1.12984731023129e-294,"7","COX4I1"
"ALKBH72",1.79453699429168e-294,0.371254737324223,0.495,0.295,5.0586203332088e-290,"7","ALKBH7"
"EIF3H",6.75807508438017e-291,0.36558563417067,0.797,0.595,1.90503378553593e-286,"7","EIF3H"
"RSL1D11",1.41320740779677e-269,0.354079434108354,0.607,0.399,3.9836903618383e-265,"7","RSL1D1"
"ATM2",2.01785571189441e-256,0.345720022158266,0.782,0.579,5.68813346625915e-252,"7","ATM"
"FOXP13",3.02462409371498e-240,0.315153936086262,0.731,0.513,8.52611285777316e-236,"7","FOXP1"
"ZFAS11",5.58572459748296e-239,0.317954437308476,0.853,0.659,1.57455990678447e-234,"7","ZFAS1"
"SNHG251",6.6192122358409e-233,0.336289035031065,0.472,0.291,1.86588973716119e-228,"7","SNHG25"
"NSA21",6.62970434504112e-228,0.332626907879132,0.828,0.639,1.86884735782364e-223,"7","NSA2"
"SH3YL11",2.89596915448705e-227,0.305086416887279,0.286,0.149,8.16344744958355e-223,"7","SH3YL1"
"EIF2S32",3.12472011155535e-222,0.313557366435072,0.634,0.441,8.80827352246337e-218,"7","EIF2S3"
"LBH1",1.33150936882362e-217,0.326475738905637,0.601,0.41,3.75339175977691e-213,"7","LBH"
"GABPB1-AS12",4.79236945419803e-202,0.324949744736325,0.46,0.29,1.35092102544388e-197,"7","GABPB1-AS1"
"MT-ND4L1",5.02994398858436e-92,0.320225711528758,0.78,0.66,1.41789091094205e-87,"7","MT-ND4L"
"RPS26",3.58602576922243e-80,0.487056233078765,0.921,0.872,1.01086480408611e-75,"7","RPS26"
"KLRB12",0,2.23528661067566,0.896,0.281,0,"8","KLRB1"
"GZMK3",0,1.90602008493452,0.74,0.141,0,"8","GZMK"
"TRGC12",0,1.78927018196169,0.541,0.079,0,"8","TRGC1"
"TRDC2",0,1.7335508798686,0.498,0.131,0,"8","TRDC"
"DUSP22",0,1.65925179530376,0.821,0.314,0,"8","DUSP2"
"KLRG12",0,1.30800231706236,0.704,0.193,0,"8","KLRG1"
"LYAR4",0,1.06382568468678,0.721,0.28,0,"8","LYAR"
"CCL53",0,1.04484824885589,0.981,0.472,0,"8","CCL5"
"IL7R3",0,1.03493911148105,0.892,0.603,0,"8","IL7R"
"NCR32",0,1.01117593757364,0.454,0.125,0,"8","NCR3"
"PHACTR23",0,0.963913216029183,0.49,0.154,0,"8","PHACTR2"
"AC092580.42",0,0.950741758555384,0.522,0.164,0,"8","AC092580.4"
"TNFAIP34",0,0.926219759136239,0.723,0.434,0,"8","TNFAIP3"
"JUN1",0,0.925905293381382,0.928,0.825,0,"8","JUN"
"DUSP14",0,0.921352410975482,0.92,0.718,0,"8","DUSP1"
"NFKBIA5",0,0.898961999230805,0.823,0.585,0,"8","NFKBIA"
"KLRC12",0,0.893428910979732,0.291,0.058,0,"8","KLRC1"
"ARL4C4",0,0.872857825739847,0.922,0.634,0,"8","ARL4C"
"RORA2",0,0.868017696457907,0.715,0.372,0,"8","RORA"
"SLC4A10",0,0.865798928563167,0.252,0.004,0,"8","SLC4A10"
"CEBPD3",0,0.85406000968491,0.418,0.086,0,"8","CEBPD"
"FOS6",0,0.827213879656862,0.93,0.821,0,"8","FOS"
"CH17-373J23.1",0,0.81306169351758,0.327,0.123,0,"8","CH17-373J23.1"
"SYNE24",0,0.807514180236892,0.838,0.524,0,"8","SYNE2"
"CXCR42",0,0.800416716526925,0.912,0.708,0,"8","CXCR4"
"ZFP36L23",0,0.795643210642232,0.951,0.807,0,"8","ZFP36L2"
"ID24",0,0.794876244340505,0.743,0.414,0,"8","ID2"
"GZMA5",0,0.793468106619359,0.928,0.388,0,"8","GZMA"
"TRGC22",0,0.791720297439312,0.513,0.171,0,"8","TRGC2"
"GADD45B5",0,0.78490949215134,0.688,0.417,0,"8","GADD45B"
"IL326",0,0.755291518896352,0.981,0.714,0,"8","IL32"
"MYBL12",0,0.747216864736855,0.512,0.197,0,"8","MYBL1"
"SPOCK21",0,0.728948993506092,0.649,0.378,0,"8","SPOCK2"
"GPR653",0,0.721073545412208,0.48,0.204,0,"8","GPR65"
"ERN1",0,0.713480188870224,0.391,0.131,0,"8","ERN1"
"CST73",0,0.711138745722447,0.878,0.382,0,"8","CST7"
"CD694",0,0.672585459544987,0.828,0.611,0,"8","CD69"
"IER53",0,0.661617915464346,0.51,0.271,0,"8","IER5"
"PMAIP14",0,0.646631375952702,0.388,0.182,0,"8","PMAIP1"
"IER24",0,0.641124391506435,0.858,0.672,0,"8","IER2"
"PTMS2",0,0.632839494052584,0.282,0.074,0,"8","PTMS"
"S100A44",0,0.632504463249967,0.992,0.806,0,"8","S100A4"
"HCST5",0,0.632330004642332,0.96,0.727,0,"8","HCST"
"SYTL22",0,0.622819693017281,0.325,0.094,0,"8","SYTL2"
"ZFP365",0,0.617751859893771,0.676,0.453,0,"8","ZFP36"
"SRGN7",0,0.59886265236661,0.881,0.612,0,"8","SRGN"
"SRSF72",0,0.590534310366457,0.9,0.738,0,"8","SRSF7"
"CTSW4",0,0.579946275795673,0.76,0.383,0,"8","CTSW"
"HSPA54",0,0.56739019801423,0.683,0.456,0,"8","HSPA5"
"ALOX5AP1",0,0.566624502676681,0.521,0.272,0,"8","ALOX5AP"
"IL18RAP2",0,0.55961283252678,0.237,0.041,0,"8","IL18RAP"
"PPP2R5C4",0,0.559109409040276,0.832,0.599,0,"8","PPP2R5C"
"GZMM3",0,0.552092924139392,0.777,0.46,0,"8","GZMM"
"PARP84",0,0.543217663342919,0.51,0.283,0,"8","PARP8"
"PDE4D1",0,0.538006464019413,0.335,0.146,0,"8","PDE4D"
"FKBP111",0,0.532374574433122,0.415,0.202,0,"8","FKBP11"
"GPR171",0,0.530039024991979,0.253,0.086,0,"8","GPR171"
"DPP4",0,0.523735824849487,0.237,0.068,0,"8","DPP4"
"MATK3",0,0.515908207540678,0.443,0.183,0,"8","MATK"
"HOPX3",0,0.512012834656534,0.579,0.263,0,"8","HOPX"
"MAP3K82",0,0.508965829985879,0.331,0.144,0,"8","MAP3K8"
"ZBTB16",0,0.508488361080705,0.201,0.032,0,"8","ZBTB16"
"GBP54",0,0.497834834431427,0.409,0.19,0,"8","GBP5"
"BHLHE403",0,0.494037989730217,0.284,0.109,0,"8","BHLHE40"
"LAG3",0,0.493369406300735,0.218,0.049,0,"8","LAG3"
"PRR52",0,0.491388348401201,0.286,0.117,0,"8","PRR5"
"NKG75",0,0.489545599114168,0.973,0.455,0,"8","NKG7"
"CD3E5",0,0.485773646733494,0.894,0.645,0,"8","CD3E"
"H3F3B3",0,0.475138978115144,0.992,0.947,0,"8","H3F3B"
"HSP90AA13",0,0.473381380422159,0.948,0.834,0,"8","HSP90AA1"
"FOSL22",0,0.451865323548842,0.268,0.093,0,"8","FOSL2"
"GTF3C11",0,0.45128022176449,0.259,0.1,0,"8","GTF3C1"
"IL18R11",0,0.45065386283437,0.2,0.048,0,"8","IL18R1"
"CALM13",0,0.435517590851614,0.991,0.919,0,"8","CALM1"
"KLRD14",0,0.432614736446475,0.54,0.273,0,"8","KLRD1"
"IFNGR11",0,0.431005117622497,0.298,0.123,0,"8","IFNGR1"
"HLA-C2",0,0.426173702115067,0.997,0.962,0,"8","HLA-C"
"ANXA15",0,0.422616972671003,0.858,0.594,0,"8","ANXA1"
"S100A64",0,0.386937669666916,0.97,0.855,0,"8","S100A6"
"HLA-B3",0,0.357452900919536,1,0.986,0,"8","HLA-B"
"CD3D4",5.09231394674193e-304,0.428547619742736,0.908,0.654,1.43547237844708e-299,"8","CD3D"
"PIK3R13",1.91709488158259e-298,0.680509249852277,0.691,0.485,5.40409876169316e-294,"8","PIK3R1"
"PRDM13",6.41332453167988e-290,0.46072050361742,0.348,0.164,1.80785205223524e-285,"8","PRDM1"
"TC2N",1.61792567866286e-287,0.480342349995377,0.439,0.238,4.56077069558274e-283,"8","TC2N"
"SAMD35",3.09407886660287e-285,0.419968632837308,0.529,0.297,8.72189891706683e-281,"8","SAMD3"
"FAM46C2",1.57411952545945e-271,0.43527064017069,0.303,0.139,4.43728553031765e-267,"8","FAM46C"
"STOM2",4.22168430531769e-271,0.385708265766945,0.314,0.144,1.190050588826e-266,"8","STOM"
"CKLF2",1.10585850143179e-268,0.462268102835273,0.478,0.276,3.11730452968608e-264,"8","CKLF"
"UBE2S3",1.88479218356348e-265,0.47299306664498,0.374,0.195,5.31304068624709e-261,"8","UBE2S"
"DDIT42",7.77439717498209e-260,0.554558493606483,0.495,0.299,2.1915248196557e-255,"8","DDIT4"
"GNLY4",2.87435267445533e-256,0.388025671962121,0.644,0.409,8.10251275402212e-252,"8","GNLY"
"ODF2L1",6.85742427405061e-251,0.496462133438443,0.449,0.262,1.93303932861213e-246,"8","ODF2L"
"C9orf1424",3.19300951870381e-245,0.426245136809805,0.573,0.366,9.00077453227418e-241,"8","C9orf142"
"B4GALT12",7.81928269604799e-241,0.418173842859642,0.37,0.196,2.20417759918897e-236,"8","B4GALT1"
"CD3G4",8.02744494890806e-241,0.389348238785621,0.843,0.6,2.26285645664769e-236,"8","CD3G"
"LCP14",1.81484261777373e-234,0.369802218807165,0.872,0.71,5.11585985524236e-230,"8","LCP1"
"CERK",1.96771299401982e-231,0.357764679703882,0.245,0.109,5.54678615884246e-227,"8","CERK"
"PDCD42",3.40566353903996e-231,0.468854959725011,0.659,0.47,9.60022495019976e-227,"8","PDCD4"
"SRSF31",2.31411498732483e-227,0.424026033716724,0.798,0.642,6.52325873776996e-223,"8","SRSF3"
"GABARAPL12",7.58249952277724e-227,0.386336564922988,0.283,0.135,2.13743079047568e-222,"8","GABARAPL1"
"YWHAQ3",1.81279260093659e-225,0.412572849446119,0.529,0.334,5.11008106278016e-221,"8","YWHAQ"
"RP11-160E2.63",1.50096720293046e-221,0.522983425808876,0.37,0.203,4.23107644834066e-217,"8","RP11-160E2.6"
"CD994",1.4048462819403e-220,0.352686280998088,0.789,0.574,3.9601211841615e-216,"8","CD99"
"XBP12",7.94152087260692e-220,0.412866772292682,0.482,0.294,2.23863531877916e-215,"8","XBP1"
"TGFBR32",3.8358104645044e-219,0.36928378166558,0.282,0.133,1.08127661183915e-214,"8","TGFBR3"
"NCOA7",4.47112079107207e-219,0.425044192897458,0.382,0.213,1.26036423979531e-214,"8","NCOA7"
"SH2D1A4",4.75139757726371e-217,0.374288954930656,0.311,0.157,1.33937146305487e-212,"8","SH2D1A"
"SELK2",1.35026140715307e-214,0.432783456614592,0.595,0.407,3.8062518806238e-210,"8","SELK"
"CD815",3.91045515463252e-209,0.356473618627636,0.658,0.457,1.10231820353936e-204,"8","CD81"
"LITAF4",3.19118784902165e-201,0.403983377871073,0.682,0.497,8.99563942760712e-197,"8","LITAF"
"UBC3",8.30179712158486e-199,0.301514076449621,0.971,0.899,2.34019359060356e-194,"8","UBC"
"HSP90AB1",2.69754403972361e-198,0.401894016776851,0.903,0.799,7.60410689357688e-194,"8","HSP90AB1"
"CREM",2.71625254768466e-197,0.437705616894191,0.245,0.117,7.65684430666829e-193,"8","CREM"
"SH2D2A1",1.98237818670741e-196,0.302442733628092,0.216,0.095,5.58812587050953e-192,"8","SH2D2A"
"APOBEC3G3",4.41862999407e-195,0.329426621908022,0.395,0.222,1.24556760902839e-190,"8","APOBEC3G"
"CTSC3",5.72251131282683e-194,0.314884457941951,0.479,0.289,1.61311871397275e-189,"8","CTSC"
"SYNE14",1.13292344635064e-192,0.359248963027847,0.522,0.329,3.19359790291783e-188,"8","SYNE1"
"ATG2A1",2.40448646898243e-192,0.364412782188925,0.243,0.116,6.77800690741457e-188,"8","ATG2A"
"DNAJC14",1.35266674304405e-190,0.347193010742355,0.323,0.172,3.81303228196688e-186,"8","DNAJC1"
"C12orf753",2.71217140551483e-187,0.31026075283407,0.498,0.303,7.64533997500575e-183,"8","C12orf75"
"TOB11",8.78979680662217e-184,0.466176777715059,0.443,0.281,2.47775582181872e-179,"8","TOB1"
"ATF7IP2",2.26789048647266e-182,0.403336200893215,0.387,0.231,6.39295649231778e-178,"8","ATF7IP2"
"ARAP24",2.94428486113891e-181,0.357161700244477,0.374,0.214,8.29964459506447e-177,"8","ARAP2"
"CLEC2B3",3.06456362592821e-180,0.339448739482476,0.644,0.455,8.63869840512904e-176,"8","CLEC2B"
"BZW12",5.27528777794227e-179,0.346600882344547,0.627,0.45,1.48705087172415e-174,"8","BZW1"
"CCDC1072",1.65011356593492e-175,0.356250974647787,0.387,0.231,4.65150513101396e-171,"8","CCDC107"
"GUK13",5.38800269382466e-173,0.335530850028044,0.709,0.548,1.51882407936223e-168,"8","GUK1"
"EML41",5.58348139126936e-173,0.407046666056472,0.527,0.364,1.57392756938492e-168,"8","EML4"
"SEC61B2",8.78704647005191e-172,0.345422046825086,0.614,0.446,2.47698052944293e-167,"8","SEC61B"
"DNAJB14",3.59991273960554e-171,0.409513725801682,0.562,0.397,1.01477940216741e-166,"8","DNAJB1"
"RUNX34",3.42577440236523e-169,0.335920296931139,0.505,0.327,9.65691546282736e-165,"8","RUNX3"
"PIP4K2A4",5.44200212902645e-167,0.335991031195585,0.55,0.378,1.53404598015127e-162,"8","PIP4K2A"
"SPTY2D11",7.13164268363426e-166,0.331135176634386,0.282,0.15,2.01033875608966e-161,"8","SPTY2D1"
"EMB1",1.82246181990331e-165,0.366046772655104,0.594,0.427,5.13733762412544e-161,"8","EMB"
"PPIB2",3.42732179069638e-165,0.319427646098056,0.736,0.577,9.66127739579402e-161,"8","PPIB"
"INTS6",1.46387517371627e-164,0.416630141574117,0.374,0.229,4.12651772718881e-160,"8","INTS6"
"BTG12",1.15143192661795e-163,0.309006166143635,0.981,0.939,3.24577145794334e-159,"8","BTG1"
"B3GNT21",2.37113835057029e-162,0.320769743790596,0.205,0.097,6.6840018964226e-158,"8","B3GNT2"
"SERTAD13",1.30717014361936e-161,0.368371057784876,0.33,0.19,3.68478191784862e-157,"8","SERTAD1"
"SYTL33",5.92878376482014e-161,0.319845988328808,0.304,0.166,1.67126485546515e-156,"8","SYTL3"
"RAB18",2.69252221334361e-160,0.322764026312201,0.287,0.156,7.5899508671943e-156,"8","RAB18"
"BTG21",5.47036037572707e-160,0.462671691141047,0.615,0.458,1.5420398863137e-155,"8","BTG2"
"TUBB4B3",1.76241365640455e-159,0.363723796896485,0.422,0.266,4.96806785603878e-155,"8","TUBB4B"
"TGFB12",3.39984362064556e-156,0.313171168853897,0.542,0.374,9.58381918223776e-152,"8","TGFB1"
"GLRX3",1.23253467845571e-155,0.307604570324532,0.409,0.255,3.4743920050988e-151,"8","GLRX"
"AQP34",1.78688357322582e-155,0.425553640204798,0.256,0.138,5.03704610456627e-151,"8","AQP3"
"CD961",2.67213345241448e-155,0.352602190139397,0.461,0.303,7.53247698901117e-151,"8","CD96"
"PDIA33",2.20384728827076e-154,0.311680485890179,0.635,0.468,6.21242512090645e-150,"8","PDIA3"
"FOSB3",3.51129718136562e-154,0.424129024061037,0.747,0.606,9.89799562455154e-150,"8","FOSB"
"MT2A5",7.62068109341834e-153,0.532883365878224,0.46,0.309,2.1481937934237e-148,"8","MT2A"
"HSP90B12",1.71996139416229e-151,0.331727276896712,0.737,0.582,4.84839917400409e-147,"8","HSP90B1"
"PPP1R101",2.03956869668017e-151,0.371156924411995,0.481,0.326,5.74934019907173e-147,"8","PPP1R10"
"CBLB4",2.25437956837533e-151,0.322694013589867,0.3,0.169,6.35487056529323e-147,"8","CBLB"
"CYCS2",3.43840995792195e-151,0.358796649196375,0.562,0.404,9.6925338303862e-147,"8","CYCS"
"JUNB4",1.75083779166623e-149,0.316700300936231,0.915,0.784,4.93543665092795e-145,"8","JUNB"
"ARF11",1.24338772458611e-145,0.317347425395311,0.583,0.426,3.50498565683579e-141,"8","ARF1"
"DNAJA13",1.82330249014897e-144,0.34672796897724,0.552,0.398,5.13970738948093e-140,"8","DNAJA1"
"SATB13",3.16835746511576e-143,0.353316474061657,0.434,0.283,8.93128285841483e-139,"8","SATB1"
"NR4A25",4.21567573633062e-138,0.346312546818466,0.374,0.233,1.18835683331424e-133,"8","NR4A2"
"TERF2IP1",3.66219425869379e-137,0.35243525794126,0.536,0.389,1.03233593958319e-132,"8","TERF2IP"
"SRSF23",2.04270977443878e-134,0.339818800580714,0.642,0.499,5.75819458316548e-130,"8","SRSF2"
"TNFRSF252",6.40290815996504e-129,0.323044103629438,0.257,0.146,1.80491578121255e-124,"8","TNFRSF25"
"LDHA2",1.87007545881558e-128,0.307731215282905,0.607,0.458,5.27155571085525e-124,"8","LDHA"
"DYNLL2",6.23574664222575e-127,0.310271295134216,0.33,0.203,1.75779462097702e-122,"8","DYNLL2"
"GTF3A1",9.9481276839931e-113,0.307396716506273,0.684,0.557,2.80427771284082e-108,"8","GTF3A"
"TTC39C3",1.10749431044431e-110,0.305391963955565,0.401,0.274,3.12191571171146e-106,"8","TTC39C"
"PBXIP13",1.75723221389788e-108,0.313814241242091,0.412,0.286,4.95346188775674e-104,"8","PBXIP1"
"TSPYL22",4.21342805523402e-102,0.360080068260801,0.34,0.227,1.18772323448992e-97,"8","TSPYL2"
"RP11-489E7.43",1.05375367240593e-96,0.32792227628572,0.472,0.346,2.97042622714506e-92,"8","RP11-489E7.4"
"CITED2",1.20123368087864e-85,0.326323892920311,0.326,0.222,3.38615762302881e-81,"8","CITED2"
"IGKC5",0,3.03508109693291,0.716,0.194,0,"9","IGKC"
"IGLC23",0,2.83896341105651,0.402,0.1,0,"9","IGLC2"
"HLA-DRA4",0,2.77545921413204,1,0.313,0,"9","HLA-DRA"
"MS4A13",0,2.73442413042737,0.972,0.11,0,"9","MS4A1"
"CD744",0,2.62160056194465,1,0.535,0,"9","CD74"
"CD79A3",0,2.60025688648954,0.965,0.119,0,"9","CD79A"
"BANK13",0,2.38858358387487,0.925,0.081,0,"9","BANK1"
"HLA-DPB14",0,2.28255121622987,0.991,0.399,0,"9","HLA-DPB1"
"HLA-DPA14",0,2.25925960426832,0.981,0.35,0,"9","HLA-DPA1"
"IGLC32",0,2.23000318869254,0.29,0.057,0,"9","IGLC3"
"HLA-DQA13",0,2.17981462172436,0.908,0.135,0,"9","HLA-DQA1"
"RALGPS23",0,2.16870097439538,0.869,0.118,0,"9","RALGPS2"
"HLA-DRB14",0,2.16775749215059,0.966,0.31,0,"9","HLA-DRB1"
"IGHM3",0,2.05624934926375,0.57,0.1,0,"9","IGHM"
"HLA-DQB13",0,2.03010702959893,0.928,0.199,0,"9","HLA-DQB1"
"JCHAIN2",0,1.97329825058662,0.492,0.04,0,"9","JCHAIN"
"CD79B3",0,1.91898996477509,0.855,0.149,0,"9","CD79B"
"AL928768.3",0,1.81008680138742,0.271,0.005,0,"9","AL928768.3"
"TNFRSF13C2",0,1.56338246187828,0.701,0.073,0,"9","TNFRSF13C"
"RP5-887A10.1",0,1.54671572655721,0.363,0.012,0,"9","RP5-887A10.1"
"CD373",0,1.54139332634398,0.993,0.724,0,"9","CD37"
"IGHG1",0,1.52158415584958,0.456,0.012,0,"9","IGHG1"
"TCF42",0,1.50731020222989,0.587,0.052,0,"9","TCF4"
"HLA-DMA3",0,1.49924859869719,0.766,0.141,0,"9","HLA-DMA"
"MARCKS3",0,1.47633217208949,0.603,0.049,0,"9","MARCKS"
"IGHA1",0,1.46009771976795,0.441,0.071,0,"9","IGHA1"
"COBLL12",0,1.40942332570977,0.558,0.034,0,"9","COBLL1"
"CCDC502",0,1.40594422699358,0.581,0.069,0,"9","CCDC50"
"HLA-DRB53",0,1.36684847117412,0.534,0.113,0,"9","HLA-DRB5"
"MEF2C3",0,1.36521197279017,0.713,0.095,0,"9","MEF2C"
"SWAP702",0,1.3377845497709,0.608,0.068,0,"9","SWAP70"
"LINC009262",0,1.31981651585703,0.614,0.071,0,"9","LINC00926"
"HLA-DMB3",0,1.28528446477861,0.652,0.097,0,"9","HLA-DMB"
"BLK2",0,1.27819129108187,0.534,0.036,0,"9","BLK"
"VPREB32",0,1.25823331075273,0.479,0.053,0,"9","VPREB3"
"CD242",0,1.20980456633938,0.454,0.026,0,"9","CD24"
"MARCH13",0,1.20198131988104,0.575,0.069,0,"9","MARCH1"
"SPIB2",0,1.19115803215101,0.477,0.028,0,"9","SPIB"
"TNFRSF13B",0,1.1887980960937,0.43,0.006,0,"9","TNFRSF13B"
"POU2F23",0,1.17234397579691,0.684,0.203,0,"9","POU2F2"
"AC079767.4",0,1.15964738613266,0.351,0.016,0,"9","AC079767.4"
"ARHGAP242",0,1.156158093837,0.457,0.028,0,"9","ARHGAP24"
"LY862",0,1.13975505196301,0.516,0.045,0,"9","LY86"
"BASP12",0,1.12359203807366,0.466,0.034,0,"9","BASP1"
"AIM2",0,1.10260396807627,0.408,0.012,0,"9","AIM2"
"CPNE5",0,1.08808483178902,0.403,0.02,0,"9","CPNE5"
"P2RX52",0,1.07433013136597,0.463,0.056,0,"9","P2RX5"
"SNX24",0,1.06881291594832,0.669,0.186,0,"9","SNX2"
"ADAM282",0,1.03668596572167,0.451,0.05,0,"9","ADAM28"
"GNG72",0,1.03650011834879,0.458,0.044,0,"9","GNG7"
"CXXC54",0,1.02919643542889,0.549,0.103,0,"9","CXXC5"
"FCRL22",0,1.00099280349391,0.368,0.024,0,"9","FCRL2"
"KIAA01252",0,1.00046712843077,0.325,0.03,0,"9","KIAA0125"
"PDLIM12",0,0.994759832908147,0.459,0.051,0,"9","PDLIM1"
"CTSH1",0,0.994384139768364,0.486,0.073,0,"9","CTSH"
"CD222",0,0.993105629376275,0.443,0.051,0,"9","CD22"
"BCL11A2",0,0.983562824455533,0.443,0.045,0,"9","BCL11A"
"IRF82",0,0.979359354952081,0.48,0.067,0,"9","IRF8"
"IGHD3",0,0.963285716705481,0.388,0.089,0,"9","IGHD"
"CTSZ2",0,0.95484267624709,0.559,0.117,0,"9","CTSZ"
"AFF32",0,0.949799778861298,0.45,0.066,0,"9","AFF3"
"CD82",0,0.932658129285687,0.464,0.088,0,"9","CD82"
"SCIMP",0,0.931117072812094,0.36,0.024,0,"9","SCIMP"
"GPR1835",0,0.930839817224304,0.614,0.24,0,"9","GPR183"
"POU2AF1",0,0.930536692149778,0.374,0.019,0,"9","POU2AF1"
"EZR6",0,0.925504051163737,0.792,0.425,0,"9","EZR"
"OSBPL101",0,0.924033544302968,0.399,0.038,0,"9","OSBPL10"
"CLECL1",0,0.904156983452771,0.346,0.017,0,"9","CLECL1"
"CHCHD101",0,0.887819336721644,0.674,0.284,0,"9","CHCHD10"
"PRKCB3",0,0.870704450228072,0.699,0.315,0,"9","PRKCB"
"IFT571",0,0.85603009480668,0.456,0.11,0,"9","IFT57"
"GAPT2",0,0.850959603402054,0.391,0.039,0,"9","GAPT"
"SYK1",0,0.845678890742702,0.393,0.051,0,"9","SYK"
"TLR10",0,0.844270267023264,0.341,0.017,0,"9","TLR10"
"LTB6",0,0.843434284377456,0.959,0.698,0,"9","LTB"
"PAX52",0,0.843042008463683,0.366,0.038,0,"9","PAX5"
"SMARCB1",0,0.833398140986613,0.453,0.112,0,"9","SMARCB1"
"HLA-DQA22",0,0.821331658049826,0.261,0.038,0,"9","HLA-DQA2"
"SMIM142",0,0.819840976432847,0.4,0.108,0,"9","SMIM14"
"TMEM1542",0,0.815895975008075,0.47,0.115,0,"9","TMEM154"
"FCRLA2",0,0.813732402048888,0.336,0.025,0,"9","FCRLA"
"SNX31",0,0.813517767246042,0.705,0.349,0,"9","SNX3"
"TMEM1562",0,0.804322805766996,0.434,0.113,0,"9","TMEM156"
"FAM129C2",0,0.802300980158712,0.362,0.045,0,"9","FAM129C"
"SEL1L32",0,0.801278263394597,0.42,0.087,0,"9","SEL1L3"
"NCF13",0,0.792740680547315,0.61,0.209,0,"9","NCF1"
"HVCN12",0,0.786467070377874,0.431,0.08,0,"9","HVCN1"
"PPP1R14A",0,0.77775864473853,0.229,0.012,0,"9","PPP1R14A"
"STX73",0,0.775177299825863,0.488,0.13,0,"9","STX7"
"PKIG2",0,0.770155861373508,0.338,0.037,0,"9","PKIG"
"SP1401",0,0.767956885990767,0.489,0.156,0,"9","SP140"
"TBC1D9",0,0.763478743122056,0.299,0.016,0,"9","TBC1D9"
"CYB561A32",0,0.758364321645617,0.404,0.091,0,"9","CYB561A3"
"LYN4",0,0.747953318625426,0.519,0.123,0,"9","LYN"
"ATP2B13",0,0.746485301030988,0.596,0.261,0,"9","ATP2B1"
"CD402",0,0.745755252447448,0.34,0.039,0,"9","CD40"
"RPS111",0,0.743878247511144,0.999,0.981,0,"9","RPS11"
"EAF22",0,0.743068592319565,0.339,0.056,0,"9","EAF2"
"SYNGR21",0,0.74236459531988,0.459,0.117,0,"9","SYNGR2"
"DAPP12",0,0.741190595957,0.37,0.07,0,"9","DAPP1"
"PHACTR12",0,0.733447632255876,0.297,0.042,0,"9","PHACTR1"
"EBF12",0,0.732570562075262,0.296,0.02,0,"9","EBF1"
"EVI2B3",0,0.728767272803096,0.761,0.425,0,"9","EVI2B"
"UBE2J11",0,0.728628259438312,0.435,0.131,0,"9","UBE2J1"
"SYPL12",0,0.727356888388503,0.489,0.152,0,"9","SYPL1"
"IGHG3",0,0.724208161116484,0.203,0.015,0,"9","IGHG3"
"BLNK2",0,0.720191169059851,0.312,0.025,0,"9","BLNK"
"CAPG2",0,0.709311958539325,0.372,0.072,0,"9","CAPG"
"ORAI22",0,0.705302149622685,0.394,0.1,0,"9","ORAI2"
"NCOA32",0,0.702638283002446,0.497,0.187,0,"9","NCOA3"
"HLA-DOB2",0,0.69774508277784,0.322,0.035,0,"9","HLA-DOB"
"ODC11",0,0.694731216287939,0.544,0.222,0,"9","ODC1"
"FCGR2B",0,0.691057443401115,0.289,0.022,0,"9","FCGR2B"
"MBD41",0,0.68653187091341,0.563,0.241,0,"9","MBD4"
"BTK2",0,0.683171204278226,0.328,0.036,0,"9","BTK"
"PNOC1",0,0.667977894920379,0.283,0.02,0,"9","PNOC"
"STRBP2",0,0.66317512421065,0.386,0.098,0,"9","STRBP"
"JUND3",0,0.658248983779382,0.987,0.913,0,"9","JUND"
"CD832",0,0.655056964314644,0.31,0.064,0,"9","CD83"
"CD1C",0,0.654224278611394,0.206,0.009,0,"9","CD1C"
"FCRL52",0,0.653532005420407,0.21,0.025,0,"9","FCRL5"
"ALOX51",0,0.651016313719655,0.301,0.036,0,"9","ALOX5"
"GGA22",0,0.646804805168458,0.393,0.104,0,"9","GGA2"
"SSPN",0,0.642199766617589,0.2,0.002,0,"9","SSPN"
"MIS18BP13",0,0.641023083865679,0.524,0.216,0,"9","MIS18BP1"
"FCRL12",0,0.633051455383556,0.321,0.046,0,"9","FCRL1"
"FGD2",0,0.627051830604866,0.284,0.028,0,"9","FGD2"
"TPD522",0,0.626422283162373,0.381,0.108,0,"9","TPD52"
"CD192",0,0.625164190195701,0.268,0.022,0,"9","CD19"
"FAM26F3",0,0.622922759902397,0.364,0.087,0,"9","FAM26F"
"MTPN3",0,0.616332048314723,0.735,0.427,0,"9","MTPN"
"WDFY41",0,0.613260047318456,0.261,0.019,0,"9","WDFY4"
"ACP51",0,0.611495984460566,0.282,0.039,0,"9","ACP5"
"BIRC34",0,0.608102953051294,0.523,0.242,0,"9","BIRC3"
"RP11-693J15.52",0,0.602644733446647,0.261,0.03,0,"9","RP11-693J15.5"
"TTN3",0,0.602156463330844,0.314,0.115,0,"9","TTN"
"BCAS41",0,0.599140960669699,0.359,0.098,0,"9","BCAS4"
"PTPN62",0,0.598587010876628,0.485,0.205,0,"9","PTPN6"
"LAPTM54",0,0.598393603481777,0.878,0.664,0,"9","LAPTM5"
"MTSS13",0,0.587163669491033,0.38,0.113,0,"9","MTSS1"
"MZB11",0,0.586703449191996,0.246,0.028,0,"9","MZB1"
"PRDM22",0,0.585546135025782,0.589,0.302,0,"9","PRDM2"
"SKAP23",0,0.583964125526978,0.406,0.116,0,"9","SKAP2"
"DDAH2",0,0.574955305285511,0.315,0.066,0,"9","DDAH2"
"HHEX2",0,0.572038690664692,0.295,0.04,0,"9","HHEX"
"DNAJC101",0,0.570320728574885,0.389,0.131,0,"9","DNAJC10"
"PLEKHO12",0,0.5701373207618,0.452,0.175,0,"9","PLEKHO1"
"QRSL11",0,0.568473572176231,0.297,0.064,0,"9","QRSL1"
"CD523",0,0.567968164798884,0.994,0.889,0,"9","CD52"
"CDK14",0,0.56743695204261,0.223,0.012,0,"9","CDK14"
"NCF4",0,0.56166981779582,0.287,0.042,0,"9","NCF4"
"DRAM21",0,0.559706166472837,0.385,0.119,0,"9","DRAM2"
"RNASET23",0,0.557079430425528,0.717,0.419,0,"9","RNASET2"
"ZDHHC21",0,0.552047915710493,0.292,0.066,0,"9","ZDHHC21"
"CHPT11",0,0.547446923478389,0.307,0.075,0,"9","CHPT1"
"HERPUD12",0,0.544528044850019,0.532,0.282,0,"9","HERPUD1"
"PLCG25",0,0.540258037943604,0.507,0.248,0,"9","PLCG2"
"PARP12",0,0.535151061393125,0.521,0.252,0,"9","PARP1"
"C1orf132",0,0.53287121090237,0.234,0.038,0,"9","C1orf132"
"REL5",0,0.530923065609624,0.604,0.303,0,"9","REL"
"ARPC34",0,0.529752967318701,0.928,0.752,0,"9","ARPC3"
"PTPN1",0,0.523940843848094,0.473,0.228,0,"9","PTPN1"
"CYBB3",0,0.520893117504224,0.428,0.088,0,"9","CYBB"
"COTL14",0,0.520091825502101,0.716,0.399,0,"9","COTL1"
"UVRAG1",0,0.520005720288403,0.366,0.124,0,"9","UVRAG"
"METTL8",0,0.514081354837889,0.246,0.059,0,"9","METTL8"
"LAT22",0,0.51378945720738,0.32,0.072,0,"9","LAT2"
"MEF2A1",0,0.512309576415698,0.374,0.136,0,"9","MEF2A"
"FCHSD22",0,0.510470942818322,0.323,0.089,0,"9","FCHSD2"
"SMC61",0,0.509993853872451,0.288,0.08,0,"9","SMC6"
"CYSLTR1",0,0.509358835746161,0.302,0.076,0,"9","CYSLTR1"
"RPL81",0,0.507347123707649,0.999,0.977,0,"9","RPL8"
"GRB23",0,0.506787509442979,0.62,0.355,0,"9","GRB2"
"TCEA11",0,0.506399093359978,0.71,0.455,0,"9","TCEA1"
"TRAF53",0,0.504882001305913,0.376,0.151,0,"9","TRAF5"
"TSPAN31",0,0.504110571621828,0.315,0.094,0,"9","TSPAN3"
"IKZF35",0,0.503989465714425,0.583,0.314,0,"9","IKZF3"
"FCMR4",0,0.503063326077086,0.51,0.269,0,"9","FCMR"
"NT5C3",0,0.502651566153898,0.456,0.2,0,"9","NT5C"
"RHOB",0,0.50175892394161,0.272,0.093,0,"9","RHOB"
"MAP3K14",0,0.501472574095114,0.451,0.194,0,"9","MAP3K1"
"PPM1K3",0,0.497608167580349,0.45,0.217,0,"9","PPM1K"
"PPP3CA3",0,0.495447871660936,0.453,0.205,0,"9","PPP3CA"
"IFNGR21",0,0.494156953877997,0.284,0.057,0,"9","IFNGR2"
"SLC25A6",0,0.491715929659437,0.91,0.729,0,"9","SLC25A6"
"PARP144",0,0.484779219066139,0.486,0.242,0,"9","PARP14"
"LYL11",0,0.484178448549866,0.251,0.043,0,"9","LYL1"
"CIITA2",0,0.482907608596472,0.234,0.03,0,"9","CIITA"
"TRIM383",0,0.480472888561064,0.484,0.227,0,"9","TRIM38"
"BCL2A1",0,0.478908239436092,0.295,0.089,0,"9","BCL2A1"
"KYNU",0,0.476381759136976,0.208,0.016,0,"9","KYNU"
"PLP23",0,0.469495684060486,0.522,0.273,0,"9","PLP2"
"CHD71",0,0.468247743205047,0.304,0.105,0,"9","CHD7"
"BCL7A2",0,0.467810447617791,0.233,0.058,0,"9","BCL7A"
"USP6NL",0,0.467767501884288,0.213,0.027,0,"9","USP6NL"
"KIAA10331",0,0.467549991642971,0.346,0.118,0,"9","KIAA1033"
"DAAM1",0,0.466379406269292,0.251,0.08,0,"9","DAAM1"
"LRMP1",0,0.466177629881701,0.285,0.091,0,"9","LRMP"
"PAWR",0,0.46521152244083,0.201,0.024,0,"9","PAWR"
"ANKRD13A",0,0.463703273731516,0.354,0.129,0,"9","ANKRD13A"
"PLEKHF22",0,0.463232768533755,0.34,0.121,0,"9","PLEKHF2"
"PDE4B1",0,0.456306117280178,0.366,0.164,0,"9","PDE4B"
"NFKBID",0,0.451929762777219,0.215,0.038,0,"9","NFKBID"
"DUSP221",0,0.449440601525634,0.304,0.1,0,"9","DUSP22"
"FCER22",0,0.447847439926159,0.24,0.055,0,"9","FCER2"
"SETBP1",0,0.445638448536757,0.208,0.031,0,"9","SETBP1"
"VOPP1",0,0.444170336309789,0.341,0.142,0,"9","VOPP1"
"ADRBK21",0,0.443560274851445,0.227,0.036,0,"9","ADRBK2"
"KIAA00402",0,0.434307731336446,0.327,0.13,0,"9","KIAA0040"
"METTL7A",0,0.433099225987205,0.226,0.035,0,"9","METTL7A"
"JMJD1C2",0,0.43258168653398,0.563,0.314,0,"9","JMJD1C"
"ACBD31",0,0.432076679861946,0.377,0.155,0,"9","ACBD3"
"P2RY101",0,0.430627651828451,0.305,0.11,0,"9","P2RY10"
"TFEB",0,0.42859675690374,0.222,0.039,0,"9","TFEB"
"ITM2C",0,0.428001793215807,0.211,0.052,0,"9","ITM2C"
"PARP153",0,0.425152001022052,0.337,0.141,0,"9","PARP15"
"RIC3",0,0.421707332784639,0.288,0.108,0,"9","RIC3"
"PHKB1",0,0.417504620083034,0.341,0.132,0,"9","PHKB"
"PIKFYVE",0,0.416240742916017,0.269,0.086,0,"9","PIKFYVE"
"TCF31",0,0.416076834431562,0.268,0.083,0,"9","TCF3"
"ADAM191",0,0.413524223009276,0.22,0.047,0,"9","ADAM19"
"CAMK1D1",0,0.41108730688275,0.294,0.101,0,"9","CAMK1D"
"OAZ13",0,0.409168198328272,0.942,0.803,0,"9","OAZ1"
"FAM96A1",0,0.40553019521998,0.32,0.117,0,"9","FAM96A"
"RPS233",0,0.404310571902164,1,0.995,0,"9","RPS23"
"ARHGAP17",0,0.400306269363877,0.248,0.065,0,"9","ARHGAP17"
"RPS84",0,0.399945527246194,1,0.991,0,"9","RPS8"
"PXK",0,0.398757965397394,0.26,0.07,0,"9","PXK"
"FCRL32",0,0.398031169722673,0.226,0.076,0,"9","FCRL3"
"PELI11",0,0.394559197208532,0.242,0.082,0,"9","PELI1"
"ANXA4",0,0.392498793105785,0.242,0.082,0,"9","ANXA4"
"CNPY32",0,0.392014953135785,0.427,0.203,0,"9","CNPY3"
"DMXL11",0,0.391350916993255,0.302,0.115,0,"9","DMXL1"
"TP53INP11",0,0.388832230895232,0.231,0.078,0,"9","TP53INP1"
"GPX12",0,0.384166817881653,0.516,0.28,0,"9","GPX1"
"SNX101",0,0.381147608195954,0.275,0.079,0,"9","SNX10"
"RPS53",0,0.38080072569675,0.999,0.961,0,"9","RPS5"
"SP1101",0,0.38074847826698,0.309,0.119,0,"9","SP110"
"GUCD1",0,0.376913677664955,0.221,0.053,0,"9","GUCD1"
"RHOQ",0,0.37579257212413,0.251,0.07,0,"9","RHOQ"
"RHBDF2",0,0.375777225010038,0.25,0.072,0,"9","RHBDF2"
"FAM3C1",0,0.374684482726471,0.246,0.086,0,"9","FAM3C"
"RPL18A3",0,0.373532033857528,1,0.992,0,"9","RPL18A"
"RPL13A4",0,0.373144331362862,1,0.992,0,"9","RPL13A"
"PHTF2",0,0.372002975034694,0.267,0.099,0,"9","PHTF2"
"CDCA7L2",0,0.367653113151944,0.212,0.054,0,"9","CDCA7L"
"RNF141",0,0.357817229460446,0.218,0.057,0,"9","RNF141"
"RPLP14",0,0.356706806872477,1,0.999,0,"9","RPLP1"
"RPS202",0,0.35472429036469,0.996,0.959,0,"9","RPS20"
"RAB302",0,0.349752302038121,0.202,0.053,0,"9","RAB30"
"AFTPH",0,0.348718512303466,0.305,0.122,0,"9","AFTPH"
"SCPEP1",0,0.339427840300252,0.23,0.071,0,"9","SCPEP1"
"HSH2D2",0,0.338356289459216,0.266,0.092,0,"9","HSH2D"
"WDR111",0,0.337198031935462,0.263,0.097,0,"9","WDR11"
"SHMT2",0,0.336551048445643,0.209,0.055,0,"9","SHMT2"
"RPS183",0,0.329090393713459,1,0.998,0,"9","RPS18"
"RPL123",0,0.326060081439216,1,0.986,0,"9","RPL12"
"UNC93B1",0,0.321098879133515,0.206,0.047,0,"9","UNC93B1"
"SPI11",0,0.320726607085953,0.27,0.057,0,"9","SPI1"
"PTMA1",0,0.31883284646851,1,0.99,0,"9","PTMA"
"AMFR",0,0.316569103008836,0.212,0.063,0,"9","AMFR"
"FAU1",0,0.306042350124927,1,0.986,0,"9","FAU"
"ZNF581",8.1761503997473e-303,0.303847249087296,0.218,0.077,2.30477503618477e-298,"9","ZNF581"
"MKNK21",1.31521262798845e-302,0.380155160796614,0.37,0.17,3.70745287703663e-298,"9","MKNK2"
"ZFAS12",8.0048362380156e-301,0.480431719353375,0.874,0.662,2.25648328713422e-296,"9","ZFAS1"
"PRKD3",3.13845503836365e-298,0.337368731994351,0.268,0.105,8.8469909076433e-294,"9","PRKD3"
"ELOVL52",2.09557256468084e-297,0.366138205604565,0.348,0.155,5.90720950257881e-293,"9","ELOVL5"
"EEF21",9.9996774225811e-286,0.403454166615476,0.937,0.779,2.81880906865139e-281,"9","EEF2"
"VEGFB",1.28641449506933e-284,0.390745325270371,0.323,0.144,3.62627382015093e-280,"9","VEGFB"
"PMAIP15",7.83853423405158e-280,0.423755626102439,0.384,0.182,2.2096044152368e-275,"9","PMAIP1"
"FAM60A",5.65225431446924e-276,0.389303807139786,0.373,0.179,1.59331396870574e-271,"9","FAM60A"
"LAMTOR51",8.8064152565714e-276,0.39593376437651,0.516,0.286,2.48244039667491e-271,"9","LAMTOR5"
"RB11",2.81604670793635e-273,0.338841810767279,0.292,0.124,7.93815406500177e-269,"9","RB1"
"RGS22",2.41686672712077e-270,0.561943675144209,0.358,0.174,6.81290561708074e-266,"9","RGS2"
"SPINT2",2.81471852404723e-270,0.329039186677794,0.255,0.104,7.93441004743673e-266,"9","SPINT2"
"SNHG71",1.28228883748131e-262,0.447436646590466,0.519,0.298,3.61464400397607e-258,"9","SNHG7"
"APPL11",2.62787324398713e-261,0.371515064820146,0.405,0.203,7.40771188747532e-257,"9","APPL1"
"ZCCHC72",3.81638054811315e-261,0.381133014108823,0.404,0.203,1.07579951270762e-256,"9","ZCCHC7"
"ZFAND6",6.12063111839632e-259,0.351535828346946,0.384,0.189,1.72534470596474e-254,"9","ZFAND6"
"SHOC21",4.64476582992692e-253,0.354008862204487,0.425,0.218,1.3093130397981e-248,"9","SHOC2"
"TAGLN21",2.0580297141471e-248,0.556158898249761,0.73,0.53,5.80137996120925e-244,"9","TAGLN2"
"UQCRH1",1.00686031248275e-246,0.43879601462597,0.799,0.603,2.83823853485762e-242,"9","UQCRH"
"RPL22L12",2.67886395065241e-244,0.435319282420978,0.606,0.384,7.55144959049407e-240,"9","RPL22L1"
"CSNK1G33",6.71071581164642e-243,0.323991700745558,0.349,0.167,1.89168368014501e-238,"9","CSNK1G3"
"ADK2",3.88093344558637e-237,0.353586882791754,0.282,0.127,1.09399632897634e-232,"9","ADK"
"SMAP22",4.16806343652018e-236,0.452332290270614,0.712,0.492,1.17493540212067e-231,"9","SMAP2"
"ISCU",3.42958076034954e-234,0.400508391107647,0.626,0.397,9.66764520534932e-230,"9","ISCU"
"ITSN22",2.16644401999514e-228,0.351915241211789,0.414,0.221,6.10698904796431e-224,"9","ITSN2"
"LSM101",1.38689671839887e-224,0.319658651209555,0.359,0.18,3.90952315949456e-220,"9","LSM10"
"ARID5B3",1.28379336730712e-222,0.427054956362374,0.476,0.271,3.61888512310205e-218,"9","ARID5B"
"EEF1B22",1.37831709171317e-220,0.313355825290706,0.997,0.94,3.88533804983024e-216,"9","EEF1B2"
"SP1003",2.33195425975705e-218,0.376178676329999,0.677,0.454,6.57354586282916e-214,"9","SP100"
"ZNF921",2.1697470381651e-217,0.323007118834678,0.265,0.119,6.1162999258836e-213,"9","ZNF92"
"ARL4A1",2.49961550560789e-204,0.356920908453316,0.44,0.249,7.04616614875809e-200,"9","ARL4A"
"MOB1A2",1.21392658219811e-201,0.315108490987821,0.563,0.349,3.42193764255825e-197,"9","MOB1A"
"PPP1R15A3",3.2167392884596e-189,0.341085554925209,0.755,0.532,9.06766638023877e-185,"9","PPP1R15A"
"RP1-313I6.121",3.46329285348421e-189,0.315613751528111,0.283,0.139,9.76267622468665e-185,"9","RP1-313I6.12"
"NAP1L13",4.99295112678104e-189,0.341730868781091,0.869,0.687,1.40746299312831e-184,"9","NAP1L1"
"GDI22",1.33566529085805e-186,0.310279896458951,0.491,0.299,3.76510688839976e-182,"9","GDI2"
"DBNL",8.91167768262083e-186,0.300912719024393,0.408,0.23,2.51211282195399e-181,"9","DBNL"
"UPF2",4.24139178212117e-182,0.34511653770639,0.468,0.279,1.19560592946214e-177,"9","UPF2"
"RASGRP21",1.91464851953715e-179,0.345405721608631,0.495,0.305,5.39720271172328e-175,"9","RASGRP2"
"RNASEH2B2",1.00490986088952e-178,0.311594579059416,0.369,0.203,2.83274040686146e-174,"9","RNASEH2B"
"EIF1B1",3.1872673148569e-178,0.320318372124717,0.524,0.323,8.9845878338501e-174,"9","EIF1B"
"LSM71",1.12886482685505e-167,0.32348514882196,0.671,0.473,3.1821570604217e-163,"9","LSM7"
"PLAC82",1.15793062201355e-157,0.315479430335601,0.695,0.504,3.264090630394e-153,"9","PLAC8"
"ERP29",3.00213471101899e-156,0.324456370766435,0.78,0.592,8.46271753689144e-152,"9","ERP29"
"DDX21",1.07696593628749e-155,0.365361302167114,0.584,0.398,3.03585927780081e-151,"9","DDX21"
"RP11-386I14.4",2.43482695821991e-153,0.350402962733242,0.267,0.138,6.86353371252611e-149,"9","RP11-386I14.4"
"TSC22D32",8.14683536600688e-148,0.319015761317762,0.947,0.823,2.29651142132368e-143,"9","TSC22D3"
"UCP22",1.03700596148646e-139,0.332830432186764,0.593,0.418,2.92321610483418e-135,"9","UCP2"
"CRIP14",7.32907538782201e-83,0.350352777022379,0.409,0.289,2.06599306107315e-78,"9","CRIP1"
