"Natural killer (NK) cell"	"CD4+ T cell"	"Monocyte:CD16+"	"Monocyte:CD16-"	"Naive CD4+ T cell"	"Natural killer T (NKT) cell"	"Neutrophil"	"Megakaryocyte"	"B cell"	"Dendritic cell"	"Regulatory T (Treg) cell"	"Naive CD8+ T cell"	"Plasmacytoid dendritic cell"	"Plasma cell"	"Exhausted CD8+ T cell"	"MKI67+ progenitor cell"	"Endothelial cell"	"Macrophages"	"Mast cell"	"keratinocyte"	"Basal cell"	"Myofibroblast"	"Fibroblast"
"CD79A"	0.0422373420517805	0.0270290175283547	0.025488327775131	0.014866637516397	0.0190016809179274	0.0222732052385049	0.0944342796435106	0.104243922538113	5.03100841050038	0.076505016722408	0.0515826494724502	0.102775119617225	0.25089928057554	7.19230769230769	0.0240963855421687	0.729831144465291	0.00799360511590727	0.00273224043715847	0	0.0336215177713737	0.00942063118228921	0.00104602510460251	0.014
"MS4A1"	0.0341963417866926	0.0306377964354102	0.0119104335397808	0.0123888645969975	0.011035591610027	0.0386674314119109	0.059906746148852	0.145035022661722	4.65202616600119	0.0551839464882943	0.0146541617819461	0.00669856459330144	0.139388489208633	0.407692307692308	0.0120481927710843	0.26078799249531	0.000799360511590727	0	0	0	0	0.00209205020920502	0
"IGKC"	0.279579393832288	0.18235380762999	0.174368747022392	0.175703250255065	0.213403493385953	0.188700889016346	1.30425544472644	1.50185414091471	21.921247132784	0.355351170568562	0.196951934349355	0.178564593301435	8.1339928057554	1706.79615384615	0.172690763052209	52.6416510318949	0.00319744204636291	0	0	0.0016010246557797	0	0.00104602510460251	0
"IGHM"	0.0282318635680834	0.0134776844896156	0.011195807527394	0.0138463780789972	0.0124241759847987	0.0165376159067011	0.22864899958685	0.118252987227029	3.97060572593662	0.032190635451505	0.0304806565064478	0.0112918660287081	1.04676258992806	54.3307692307692	0.00803212851405622	0.360225140712946	0.00239808153477218	0.00273224043715847	0	0	0	0	0
"IGHD"	0.015463462048246	0.00559728973339225	0.00500238208670796	0.00502842151289899	0.00518892055835709	0.00650033457604436	0.0345275334946586	0.0762257931602802	3.23464446521111	0.0493311036789298	0.00703399765533412	0.00669856459330144	0.183453237410072	15.3038461538462	0.00401606425702811	0.0919324577861163	0	0	0	0	0	0	0
"BANK1"	0.0242997260758151	0.00567093828251583	0.0114340161981896	0.0325025506485935	0.00431191990060659	0.0102284676417169	0.0448562828306675	0.121549237742068	2.55067538866706	0.241638795986622	0.0082063305978898	0.0030622009569378	0.248201438848921	0.423076923076923	0.00803212851405622	0.191369606003752	0.176658673061551	0.177595628415301	0.0105263157894737	0.00064040986231188	0.107866227037211	0.0721757322175732	0.110666666666667
"RALGPS2"	0.0718388265441371	0.0517749300338783	0.0898046688899476	0.0754263226934849	0.0864576481765695	0.0412962431889877	0.0721832025025084	0.179645653069633	2.58423243564693	0.14005016722408	0.0339976553341149	0.091866028708134	0.336330935251799	1.30384615384615	0.0923694779116466	0.287054409005629	0.441247002398082	0.251366120218579	0.0631578947368421	0.257444764649376	1.62176165803109	0.803347280334728	0.249333333333333
"CD79B"	0.152160466554741	0.0994991898659596	0.953072891853263	0.0542923772044891	0.0498428707154864	0.0657680910046841	0.0587853390780853	0.121137206427689	2.49443547701979	0.144648829431438	0.101992966002345	0.0422966507177033	0.151079136690647	1.06923076923077	0.0682730923694779	0.395872420262664	0.722621902478018	0.00819672131147541	0	0.00416266410502722	0.00376825247291569	0.0366108786610879	0.0593333333333333
"CD74"	3.74357161791994	0.72286050964796	15.4199618866127	16.5526891123743	0.344807425272236	3.00716948666475	4.32084046508883	2.74536464771323	23.4651261575057	108.870819397993	0.875732708089097	0.398851674641148	37.1546762589928	10.9807692307692	0.783132530120482	10.4258911819887	38.7985611510791	70.9207650273224	0.0736842105263158	2.04354787063721	1.2213848327838	0.572175732217573	0.579333333333333
"CD37"	1.73641424405761	1.78811312417145	4.35088137208194	3.12658504591167	1.36855952641964	1.74376254660166	1.57469161305554	1.37412443345694	8.08775804944355	4.45275919732441	1.44255568581477	1.4866985645933	4.12769784172662	2.10769230769231	1.77911646586345	2.06754221388368	0.114308553157474	1.52732240437158	0.536842105263158	0.0256163944924752	0.0202543570419218	0.0407949790794979	0.024
"HLA-DRA"	3.15874348325528	0.217778759758433	16.6772272510719	16.6702375746976	0.133596433530658	2.27143676512762	3.76639320073187	2.17758549649773	18.5636734347124	103.798494983278	0.412075029308324	0.136650717703349	20.0476618705036	4.38076923076923	0.196787148594378	9.64540337711069	21.4044764188649	111.546448087432	0.147368421052632	0.907780979827089	0.74658502119642	0.419456066945607	0.552
"LINC00926"	0.0161261818503137	0.0115628222124024	0.0131014768937589	0.015012388864597	0.00993934078783892	0.011949144441258	0.0203033701233548	0.0494437577255871	1.20907314586696	0.0275919732441472	0.0134818288393904	0.00861244019138756	0.0620503597122302	0.0807692307692308	0.0160642570281124	0.0675422138836773	0	0	0	0	0	0	0
"MEF2C"	0.290447998586198	0.00854323169833554	1.56336350643163	1.26155079434485	0.00979317401154717	0.186502246439155	0.566487635011509	0.289658014009065	2.29513210432419	2.35744147157191	0.0123094958968347	0.0061244019138756	2.47392086330935	4.13076923076923	0.0160642570281124	0.626641651031895	6.3621103117506	2.24043715846995	0	0.0118475824527698	0.0372114931700424	2.18828451882845	0.707333333333333
"HLA-DQA1"	0.383847309357604	0.0311533362792753	1.79847546450691	1.42996647718991	0.0109625082218812	0.259296434375299	0.2044502154282	0.277709105892048	3.24789737490443	24.9276755852843	0.106682297772567	0.0116746411483254	3.2841726618705	1.07692307692308	0.036144578313253	1.55347091932458	3.76498800959233	19.0437158469945	0.0631578947368421	0.103105987832213	0.137541215261423	0.0481171548117155	0.0766666666666667
"TNFRSF13C"	0.0150658301670054	0.0265134776844896	0.00619342544068604	0.00437254044599913	0.0159321786158006	0.0205525284389638	0.0190048987782565	0.0420271940667491	1.12726191487554	0.0209030100334448	0.0463071512309496	0.0200956937799043	0.0539568345323741	0.253846153846154	0.0160642570281124	0.0525328330206379	0.00239808153477218	0.00546448087431694	0	0	0.0221384832783797	0.00104602510460251	0.00333333333333333
"HLA-DPB1"	1.54130953432889	0.327662395050818	7.1684135302525	4.9779915464218	0.105240078930059	1.32420418698021	0.882134214719943	0.898228265348166	7.29292328604197	52.0288461538462	0.556858147713951	0.236172248803828	7.9568345323741	1.92307692307692	0.401606425702811	3.79362101313321	9.72981614708233	38.6065573770492	0.147368421052632	0.388408581492155	0.328308996702779	0.367154811715481	0.354
"HLA-DQB1"	0.688919324909428	0.148696420680513	2.22129585516913	2.95722197930331	0.0275524373309947	0.594637223974763	0.716224989671251	0.510918829831067	3.72967462407612	23.2700668896321	0.264361078546307	0.0359808612440191	3.59172661870504	1.3	0.172690763052209	1.67542213883677	4.72022382094325	14.9945355191257	0.147368421052632	0.19084213896894	0.301460197833255	0.0889121338912134	0.0673333333333333
"HLA-DRB1"	1.89900150216488	0.22389158933569	9.0545497856122	8.23014137880775	0.0584667105166996	1.54664945989867	1.78569320663401	1.32632880098888	8.03347209243055	59.7428929765886	0.637162954279015	0.0606698564593301	9.48111510791367	2.68461538461538	0.253012048192771	6.25328330206379	21.5115907274181	59.3469945355191	0.242105263157895	0.476785142491194	0.62411681582666	0.286610878661088	0.387333333333333
"AFF3"	0.0280993196076699	0.0173074090440418	0.0278704144830872	0.0343244425010931	0.0412190309142732	0.0173979543064717	0.0233134627869917	0.0889987639060569	0.884376858380766	0.75	0.0398593200468933	0.0122488038277512	0.838129496402878	0.0576923076923077	0.0160642570281124	0.166979362101313	0.155075939248601	2.00819672131148	0	0.00512327889849504	0.0730098916627414	0.867154811715481	0.474666666666667
"HLA-DPA1"	1.64867014226385	0.252688172043011	10.5662220104812	5.85446727882233	0.0863114814002777	1.21503680336488	1.05093548958272	0.857849196538937	6.64242630192847	49.1567725752508	0.43200468933177	0.114832535885167	9.18794964028777	2.17307692307692	0.293172690763052	4.16510318949343	10.7561950439648	35.9918032786885	0.115789473684211	0.25552353506244	0.231747527084315	0.173640167364017	0.226
"SWAP70"	0.0891579040381727	0.020106053910738	0.551214864221058	0.224675703250255	0.0115471753270482	0.0495650511423382	0.109071592988255	0.118252987227029	0.966612862118767	0.573578595317726	0.0416178194607268	0.0116746411483254	0.154676258992806	0.334615384615385	0.0160642570281124	0.23827392120075	4.54036770583533	0.967213114754098	0.0526315789473684	0.150816522574448	0.52802637776731	0.72907949790795	0.617333333333333
"HVCN1"	0.117610674206945	0.0268817204301075	0.46903287279657	0.363941116455327	0.0304757728568296	0.0736067297581493	0.175234610163489	0.0786979810465595	0.8302608104664	0.308110367892977	0.048651817116061	0.0342583732057416	0.410071942446043	0.119230769230769	0.0281124497991968	0.170731707317073	0.19744204636291	0.218579234972678	0.0315789473684211	0.00416266410502722	0.0117757889778615	0.126569037656904	0.044
"LTB"	1.57431298047186	8.48482839888054	1.01000476417342	0.209881941407958	5.01527442812249	2.33295096071121	0.437407779023786	2.13803049031726	7.11222495964659	1.1128762541806	4.84876905041032	4.24153110047847	4.43165467625899	1.47307692307692	7.46586345381526	1.63977485928705	0.0431654676258993	0.360655737704918	0.0210526315789474	0.0509125840537944	0.0292039566650966	0.0251046025104603	0.0146666666666667
"HLA-DMB"	0.288592383140408	0.022389158933569	0.718913768461172	1.59648739250838	0.0166630124972594	0.237644584647739	0.456235613527711	0.202719406674907	1.39945629088438	4.66095317725753	0.0369284876905041	0.0204784688995215	1.76258992805755	0.303846153846154	0.0160642570281124	0.463414634146341	0.796163069544365	1.89890710382514	0.0105263157894737	0.0150496317643292	0.0202543570419218	0.00627615062761506	0.01
"HLA-DMA"	0.380887160908368	0.0511857416408897	1.31657932348737	2.0119516105524	0.0388072791054593	0.33519739986617	0.446320014165142	0.266996291718171	1.70716166850735	8.07817725752508	0.113130128956624	0.0537799043062201	2.81744604316547	0.811538461538462	0.0522088353413655	1.0093808630394	3.36051159072742	4.8879781420765	0.0105263157894737	0.0496317643291707	0.0767781441356571	0.0428870292887029	0.0406666666666667
"STX7"	0.269859503401962	0.0785830019148623	0.838732729871367	0.635475878151873	0.0659942994957246	0.199837491635599	0.327686950362982	0.248042851256696	1.05148245688557	1.1680602006689	0.0920281359906213	0.0618181818181818	1.45143884892086	0.580769230769231	0.0883534136546185	0.378986866791745	0.49480415667466	0.631147540983607	0.0421052631578947	0.0685238552673711	0.178520960904381	0.255230125523013	0.196
"BIRC3"	0.20835910577008	0.563779643541022	0.551691281562649	0.285599766797843	0.313454651757655	0.223544594207055	0.108776485864369	0.798104655953852	1.14051482456886	3.92809364548495	0.762602579132474	0.16688995215311	0.192446043165468	0.280769230769231	0.598393574297189	0.439024390243902	3.1550759392486	5.23224043715847	1.35789473684211	0.392891450528338	0.337729627885068	1.08054393305439	0.696
"CXCR4"	1.65450207652205	2.95043452643983	0.626727012863268	0.646771607637371	1.17043046115618	3.03976675270051	0.446556099864251	1.86650185414091	3.87588140344915	3.79765886287625	2.64243845252052	1.90755980861244	2.26169064748201	0.765384615384615	2.4578313253012	2.06191369606004	0.104716227018385	2.57103825136612	0.0105263157894737	0.11911623439001	0.0645313235986811	0.0606694560669456	0.116666666666667
"MARCH1"	0.274586904656711	0.012520253351009	1.15483563601715	1.34185978720303	0.0165168457209676	0.220772392696683	0.687245470105648	0.203131437989287	1.09463936793815	1.39088628762542	0.0128956623681125	0.0114832535885167	0.781474820143885	0.276923076923077	0.0200803212851406	0.163227016885553	0.000799360511590727	0.112021857923497	0	0.00192122958693564	0.00329722091380122	0	0
"SNX2"	0.328488115224883	0.188098394461629	1.29704621248213	1.04860807462469	0.137177519549806	0.282477774591339	0.475417576580299	0.262463947259992	1.19216719055305	1.29347826086957	0.163540445486518	0.151961722488038	0.528776978417266	0.519230769230769	0.1285140562249	0.718574108818011	0.523581135091926	0.680327868852459	0.0736842105263158	0.755683637528018	0.579839849269901	0.317991631799163	0.412
"CD69"	1.48418308739065	2.9896892031227	0.0669366364935684	0.0832240198221834	1.07118322005408	2.04502437625466	0.165673139349584	1.11866501854141	2.76433608019709	0.664297658862876	1.62368112543962	1.1177033492823	0.617805755395683	0.580769230769231	3.16064257028112	2.4765478424015	0.026378896882494	0.213114754098361	1.11578947368421	0.0112071725904579	0.0155440414507772	0.0125523012552301	0.032
"HLA-DRB5"	0.384554210479809	0.0416850788039476	2.20295378751787	1.69581693630666	0.00920850690638018	0.294570308765892	0.376969840051939	0.2315615986815	1.40412879109676	10.9657190635452	0.103751465416178	0.0151196172248804	2.01528776978417	1.00769230769231	0.0562248995983936	1.72420262664165	8.03756994404476	20.9071038251366	0.0736842105263158	0.0365033621517771	0.215261422515309	0.0481171548117155	0.141333333333333
"FCMR"	0.254440222673854	0.305273236117248	0.0109575988565984	0.00947383763299811	0.394211795658847	0.267135073128764	0.0381278404060674	0.166048619695097	0.844788038399456	0.084866220735786	0.488276670574443	0.421052631578947	0.12589928057554	0.526923076923077	0.313253012048193	0.424015009380863	0.00639488409272582	0.0765027322404372	0	0.00832532821005444	0.0136599152143194	0.049163179916318	0.00333333333333333
"CD52"	3.91190244764514	7.02982766239505	9.78751786565031	4.33100131176213	3.5243002265585	6.18420801070643	2.16644041787169	3.56448290070045	8.89856426811656	6.48202341137124	5.47010550996483	3.88076555023923	2.38219424460432	8.01538461538462	5.50200803212851	10.5609756097561	0.250199840127898	1.92622950819672	0.0736842105263158	0.115273775216138	0.095148374941121	0.0418410041841004	0.0266666666666667
"IKZF3"	0.510161703631705	0.374944763588157	0.00952834683182468	0.0126074916192975	0.204706570196594	0.586177229710353	0.0599657675736292	0.42398022249691	0.997451363520517	0.110785953177258	0.389800703399766	0.379521531100478	0.155575539568345	1.07692307692308	0.622489959839357	1.18574108818011	0.04396482813749	0.0628415300546448	0	0.0256163944924752	0.0626471973622233	0.0230125523012552	0.0186666666666667
"EZR"	0.684854643456747	0.883708940933864	1.6686517389233	0.810741874362338	0.27917854271724	0.930025810151993	0.327804993212536	1.46271116604862	1.80222580919208	2.41011705685619	1.010550996483	0.368995215311005	1.05215827338129	2.41538461538462	0.730923694779116	2.85553470919325	1.07833733013589	5.5655737704918	0.884210526315789	6.17835414665386	6.9967027790862	1.11924686192469	0.461333333333333
"RPS11"	9.04886454007246	13.0410222418618	16.3470700333492	16.5758635767381	12.3426149236279	9.6022368798394	8.24552912707313	8.0758137618459	20.7823464446521	43.4264214046823	10.2262602579132	15.1244019138756	30.7077338129496	23.8269230769231	11.6064257028112	21.4915572232645	25.1910471622702	15.9808743169399	4.52631578947368	6.59205891770733	50.7074894017899	16.5481171548117	17.19
"RPL18A"	13.9160554917381	25.6891294741494	21.9928537398761	18.4935140650051	22.1479938609954	17.4824586559602	9.07300950244939	11.7676143386897	30.9158100416277	50.2052675585284	19.1318874560375	28.0208612440191	31.9514388489209	31.7307692307692	23.5823293172691	30.2476547842402	13.9048760991207	10.4754098360656	0.715789473684211	11.5392251040666	30.1003297220914	9.52824267782427	8.22266666666667
"TSC22D3"	3.42153397543519	4.82140226837531	5.79252024773702	3.75484623232765	2.05386245706351	4.35350348915018	1.84211768872101	1.93531108364236	5.93755840625265	5.07734113712375	3.77960140679953	3.36306220095694	2.63129496402878	2.53076923076923	4.14056224899598	3.01688555347092	1.55875299760192	0.740437158469945	0.357894736842105	0.0365033621517771	0.403203014601978	1.5418410041841	2.52133333333333
"JUND"	6.38101970486878	7.36139343054942	11.3773225345403	10.289389301851	3.42512606884455	7.1141382277029	4.58714513368353	5.5409971157808	11.4559510661796	14.1810200668896	5.87631887456037	4.87081339712919	11.3642086330935	4.72307692307692	7.16465863453815	8.63602251407129	18.1454836131095	11.5956284153005	10.1368421052632	1.20941402497598	18.4503061705134	19.5177824267782	14.9146666666667
"POU2F2"	0.732217018644517	0.287155693032847	4.46236303001429	2.22970412476315	0.19769056493459	0.504492878309913	0.93962108245293	0.446641944787804	1.66595871208903	2.0752508361204	0.294841735052755	0.244019138755981	0.633992805755396	1.25384615384615	0.224899598393574	0.767354596622889	0.294164668265388	1.22404371584699	0.0210526315789474	0.103746397694524	0.3843617522374	0.147489539748954	0.181333333333333
"PRKCB"	0.763895025183353	0.355427898070408	1.80228680323964	1.38434630520332	0.225973836147044	0.688414109549756	0.678392256389069	0.688916357643181	1.49460538611843	1.40091973244147	0.324736225087925	0.32133971291866	2.30035971223022	1.43461538461538	0.369477911646586	1.26641651031895	0.195843325339728	1.92896174863388	0.747368421052632	0.0172910662824208	0.439943476212906	0.0732217573221757	0.132
"SP100"	0.876513210214721	0.770732066578288	0.981657932348737	0.894111645532721	0.525908061097712	0.829748590000956	0.483090361801334	0.553358055212196	1.5508452977657	1.33612040133779	0.733880422039859	0.584497607655502	0.882194244604317	1.49615384615385	1.90361445783133	1.62851782363977	3.9912070343725	0.543715846994536	0.126315789473684	0.0246557796990074	0.59349976448422	0.662133891213389	0.945333333333333
"RPS5"	6.41923654678802	11.98151421417	7.47498808956646	5.56413059320799	12.0151282613462	7.82090622311442	2.89252198548073	6.54552946023898	14.3438110610823	22.2370401337793	8.59613130128957	16.2066985645933	17.4253597122302	20.4269230769231	10.8232931726908	20.0281425891182	24.031175059952	8.76502732240437	1.74736842105263	7.68715978226065	51.2209138012247	16.7458158995816	14.4586666666667
"REL"	0.842184324467615	0.317204301075269	2.02286803239638	1.37377933245883	0.169261126945845	0.615858904502438	0.600956147081391	1.52822414503502	1.49621952255543	3.10994983277592	0.375732708089097	0.230813397129187	1.20953237410072	0.492307692307692	0.236947791164659	1.54971857410882	3.83693045563549	10.4644808743169	1.62105263157895	1.69612552033301	3.73386716910033	1.96338912133891	1.664
"MBD4"	0.358619775558894	0.293268522610105	0.347070033349214	0.44927853082641	0.223927501278959	0.341697734442214	0.293513545416986	0.215492377420684	0.826437855747175	0.632107023411371	0.249120750293083	0.258947368421053	0.670863309352518	0.953846153846154	0.317269076305221	0.711069418386492	0.446842525979217	0.245901639344262	0.0105263157894737	0.0224143451809158	0.358455016486105	0.186192468619247	0.293333333333333
"BTG1"	5.56044004594857	6.9793784062454	4.9130538351596	4.80061215566244	4.82978878900826	6.46888442787496	3.03210765507879	4.3790688092295	8.95862713448305	7.56730769230769	5.57737397420868	5.60918660287081	4.8363309352518	4.24230769230769	6.73092369477912	6.16510318949343	8.23661071143085	5.4207650273224	0.968421052631579	7.39353186039065	10.9882242110221	4.73953974895398	2.39133333333333
"PRDM2"	0.527304055845189	0.415009574311386	0.513816102906146	0.462323276490308	0.310019732514799	0.478778319472326	0.279407424895237	0.73135558302431	1.04791436581429	0.696070234113712	0.405041031652989	0.423732057416268	0.633093525179856	0.973076923076923	0.405622489959839	0.979362101313321	0.966426858513189	0.647540983606557	0.189473684210526	0.548511047070125	1.68487988695243	0.784518828451883	1.48733333333333
"SNHG7"	0.288724927100822	0.415598762704375	0.276322058122916	0.326337268619735	0.451874588905942	0.32152757862537	0.170512896181314	0.264112072517511	0.817177809871719	0.653010033444816	0.354630715123095	0.519808612440191	1.48021582733813	0.5	0.309236947791165	0.619136960600375	0.115907274180655	0.0355191256830601	0	0.576368876080692	0.174752708431465	0.115062761506276	0.00866666666666667
"ISG20"	0.602014668198286	0.979673000441891	0.284659361600762	0.139265413205072	0.583205437404078	0.704808335723162	0.114560585492534	0.501854140914709	1.2314161923371	0.556438127090301	1.17116060961313	0.924784688995215	0.428057553956835	8.39615384615385	2.19678714859438	1.96060037523452	0.34052757793765	0.866120218579235	0	2.9113032340698	0.562411681582666	0.0847280334728033	0.114
"KRT1"	0.00353450561102766	0.0609073501252025	0.000476417341591234	0.00080163241509984	0.00504275378206534	0.0035847433323774	0.00141651419465266	0.272352698805109	0.00356809107127687	0.0392976588628763	0.00644783118405627	0.00076555023923445	0.00359712230215827	0	0.0240963855421687	2.16510318949343	2.16067146282974	1.35245901639344	0.505263157894737	1.22478386167147	144.885068299576	2.11924686192469	2.01333333333333
"KRT10"	0.680259786162411	0.746869936662248	0.639352072415436	0.578632852353884	0.60301103559161	0.735206959181723	0.307088473115741	0.874742480428513	0.904341177470053	1.30811036789298	0.575029308323564	0.817416267942584	1.23920863309353	1.46923076923077	0.650602409638554	8.6078799249531	6.42525979216627	3.4672131147541	1.09473684210526	3.01857188600704	324.576542628356	5.3755230125523	5.14466666666667
"KRT14"	4.41813201378457e-05	0	0	0.000437254044599913	0	0	0.00283302838930532	0.217140502678204	0	0.190635451505017	0	0	0	0	0	13.7861163227017	1.51478816946443	1.42349726775956	0.252631578947368	1.52161383285303	71.502119642016	4.168410041841	1.00733333333333
"SFN"	0.000751082442343377	0.000515539843865076	0.00238208670795617	0.00204051887479959	0.000292333552583498	0.000812541822005544	0.000826299946880718	0.182117840955913	0.000424772746580579	0.118311036789298	0.00234466588511137	0.000574162679425837	0.00179856115107914	0	0.00401606425702811	1.88930581613508	1.29416466826539	0.923497267759563	0.273684210526316	6.91962856227986	86.329251059821	2.03661087866109	0.96
"DMKN"	0.0207652204647875	0.00471350714390927	0	0.0010202594373998	0.000438500328875247	0.0177803269285919	0.00182966416809302	0.318912237330037	0.00569195480417976	0.442307692307692	0.000586166471277843	0.00191387559808612	0.00539568345323741	0.0115384615384615	0	2.21013133208255	1.61390887290168	1.28142076502732	0.2	23.6951649055395	88.1455487517664	1.26464435146444	0.874666666666667
"LGALS7"	0	0	0	0.000145751348199971	0	0	0.000236085699108776	0.057684384013185	0	0.00459866220735786	0.000586166471277843	0	0	0	0	0.857410881801126	0.540367705835332	0.306010928961749	0.115789473684211	0.599423631123919	46.4738577484692	0.517782426778243	0.456
"KRT5"	0.000220906600689229	0	0	0.000145751348199971	0.000146166776291749	0.000143389733295096	0.00159357846898424	0.0865265760197775	0	0.0376254180602007	0.000586166471277843	0	0.410971223021583	0.0115384615384615	0	8.21200750469043	0.742605915267786	0.540983606557377	0.178947368421053	0.453089977585655	35.267545925577	1.73744769874477	0.607333333333333
"AC004086.1"	0.00030926924096492	0	0	0.000728756740999854	0	0	0.00129847134509827	1.38401318500206	0	0.271739130434783	0.00117233294255569	0	0	0	0	2.19887429643527	17.5787370103917	7.06830601092896	2.16842105263158	0.170989433237272	34.2562411681583	13.2228033472803	13.548
"MT1X"	0.158655120615004	0.179555162763294	0.121248213434969	0.220230287130156	0.121976174815464	0.198212407991588	0.114206456943871	1.35063864853729	0.0711919123269051	0.392140468227425	0.188159437280188	0.168038277511962	0.142985611510791	0.261538461538462	0.176706827309237	6.39399624765478	2.86970423661071	2.81420765027322	6.54736842105263	0.841178354146654	31.8502119642016	12.7322175732218	2.774
"KRTDAP"	4.41813201378457e-05	0	0	0.00080163241509984	0	0	0.000767278522103524	0.763906056860321	0	0.959030100334448	0	0	0	0	0	0.412757973733583	1.77378097521982	1.41256830601093	0.231578947368421	121.284021773935	81.045219029675	1.4173640167364	0.782
"LGALS7B"	0	0	0	0	0	0	0.000177064274331582	0.0465595385249279	0	0.0100334448160535	0	0	0	0	0	0.440900562851782	0.282174260591527	0.177595628415301	0.105263157894737	2.35254562920269	22.3871879415921	0.268828451882845	0.226
"RACK1"	0.000353450561102766	0	0	0.00327940533449934	0	0	0.00466269255739834	1.7663782447466	0	1.80727424749164	0.00117233294255569	0	0	0	0	2.30581613508443	19.3149480415667	7.14207650273224	1.83157894736842	1.77457572846622	32.7630711257654	10.5878661087866	12.346
"DSP"	0.000353450561102766	0.000147297098247165	0	0.000874508089199825	0.000146166776291749	0.000286779466590192	0.00106238564598949	0.042439225381129	0.0591283663240166	0.0275919732441472	0	0	0.00179856115107914	0.00384615384615385	0	1.0281425891182	0.932054356514788	0.314207650273224	0.0315789473684211	0.793147614473263	23.5708902496467	0.419456066945607	0.353333333333333
"LY6D"	0	0	0	0	0	0	0	0.030902348578492	0	0.0146321070234114	0	0	0	0	0	0.647279549718574	0.232613908872902	0.155737704918033	0.0526315789473684	0.659942363112392	21.1822892133773	0.285564853556485	0.196666666666667
"S100A2"	0.00220906600689229	0.00169391662984239	0.00404954740352549	0.00327940533449934	0	0.00262881177707676	0.00306911408841409	0.254223320972394	0.000424772746580579	0.466555183946488	0	0.000191387559808612	0.00809352517985612	0	0	1.39024390243902	0.398081534772182	1.63387978142077	0.105263157894737	7.82164585334614	18.2383419689119	1.1265690376569	0.178
"SYPL1"	0.136652823186357	0.206805125939019	0.307527393997142	0.315187290482437	0.168311042899949	0.149555491826785	0.15440004721714	4.22290894107952	0.555008070682185	0.903428093645485	0.16295427901524	0.169569377990431	0.489208633093525	0.180769230769231	0.196787148594378	3.45966228893058	58.0911270983213	25.9234972677596	6.25263157894737	0.743195645212936	48.3424399434762	37.2876569037657	42.8926666666667
"S100A14"	0	0	0	0.000291502696399942	0	0	0.000295107123885971	0.0436753193242686	0	0.0434782608695652	0.000586166471277843	0	0	0	0	0.774859287054409	0.264588329336531	0.23224043715847	0.0842105263157895	1.40089657380724	17.6429580781912	0.364016736401674	0.21
"HSPB1"	0.20508968807988	0.392546766828693	0.412815626488804	0.129791575572074	0.382883870496236	0.236688653092439	0.0552440535914537	0.764318088174701	0.252230056919548	1.81103678929766	0.331184056271981	0.536459330143541	0.445143884892086	0.115384615384615	0.353413654618474	1.81050656660413	21.1454836131095	5.96174863387978	0.757894736842105	14.1998078770413	28.0720678285445	19.0533472803347	10.7273333333333
"H3-3B"	8.83626402756914e-05	0	0	0.00320652966039936	0	0	0.00395443546007201	1.55706633704162	0	0.223244147157191	0	0	0	0	0	1.51031894934334	17.8257394084732	7.27322404371585	6.29473684210526	0.119756644252321	21.580310880829	9.59100418410042	11.172
"LYPD3"	0.00596447821860917	0.0167918692001768	0.00262029537875179	0.00415391342369917	0.0147628444054666	0.00764745244240512	0.00324617836274568	0.0630407911001236	0.00416277291648968	0.0631270903010033	0.0152403282532239	0.027177033492823	0.00899280575539568	0	0.0160642570281124	0.206378986866792	0.363709032773781	0.311475409836066	0.0842105263157895	1.53954530899776	16.8959020254357	0.289748953974895	0.300666666666667
"APOE"	0.00141380224441106	0.00110472823685373	0.000952834683182468	0.00459116746829908	0.000877000657750493	0.00114711786636077	0.00177064274331582	0.0519159456118665	0.00118936369042562	0.0677257525083612	0.000586166471277843	0.000956937799043062	0.0107913669064748	0	0	0.74108818011257	1.20223820943245	2.30054644808743	0.0736842105263158	0.397374319564521	14.2341026848799	5.33995815899582	16.1766666666667
"HSPA1A"	0.129274542723337	0.0714390926498748	0.396855645545498	0.39884856434922	0.0199517649638237	0.114807379791607	0.218084164551732	5.77544293366296	0.0705122759323762	2.60158862876254	0.12778429073857	0.0122488038277512	0.116906474820144	0.134615384615385	0.0281124497991968	5.29831144465291	105.420463629097	75.6803278688525	12.9578947368421	4.95389048991354	48.2892133772963	98.0010460251046	80.0453333333333
"MTRNR2L12"	0.200450649465406	0.165561938429813	0.361124344926155	0.304693193412039	0.0794416429145655	0.174553101997897	0.213893643392551	4.68562010712814	0.220457055475321	2.69272575250836	0.130128956623681	0.133014354066986	0.277877697841727	0.246153846153846	0.140562248995984	6.14446529080675	77.0791366906475	52.3224043715847	5.04210526315789	22.7989113032341	44.1658031088083	75.7175732217573	93.2726666666667
"CALML5"	4.41813201378457e-05	0	0	7.28756740999854e-05	0	0	5.90214247771941e-05	0.217964565306963	0	0.364548494983278	0	0	0	0	0	0.075046904315197	0.499600319744205	0.601092896174863	0.0105263157894737	25.6074287544028	12.8219500706547	0.377615062761506	0.131333333333333
"TACSTD2"	0.000839445082619069	0	0.000476417341591234	0.0024777729193995	0	0.000812541822005544	0.00330519978752287	0.137618459002884	0.000424772746580579	0.379180602006689	0.00117233294255569	0	0	0	0	0.24390243902439	0.948041566746603	0.442622950819672	0.0526315789473684	25.7387127761768	13.271785209609	0.359832635983264	0.170666666666667
"HSPA1B"	0.0233277370327825	0.0180438945352777	0.0967127203430205	0.0513044745663897	0.00584667105166996	0.0251409999044068	0.0352357905919849	2.20725175113309	0.0308385014017501	0.677675585284281	0.0269636576787808	0.00382775119617225	0.0305755395683453	0.0346153846153846	0.0200803212851406	1.76172607879925	41.2581934452438	22.5355191256831	4.54736842105263	2.0080051232789	21.1088082901554	36.7468619246862	35.4073333333333
"AQP3"	0.0674648758504904	0.505376344086022	0.00547879942829919	0.00422678909779915	0.173865380399035	0.150415830226556	0.0167030632119459	0.177585496497734	0.0548806388582109	0.0472408026755853	0.264947245017585	0.143349282296651	0.0998201438848921	1.46153846153846	0.381526104417671	0.906191369606004	0.261390887290168	0.215846994535519	0.0736842105263158	0.800512327889849	13.5930287329251	0.311715481171548	0.196666666666667
"SBSN"	0.000397631881240611	0	0	0.000655881066899869	0	0	5.90214247771941e-05	0.543881334981459	0	0.989130434782609	0.000586166471277843	0	0	0	0	0.159474671669794	0.729016786570743	1.08469945355191	0.0631578947368421	107.968940121678	29.0146019783325	0.777196652719665	0.228666666666667
"DSC3"	0	0	0	0	0	0	0.000118042849554388	0.0135970333745365	0	0.00710702341137124	0	0	0	0	0	0.470919324577861	0.147881694644285	0.0901639344262295	0.0105263157894737	0.315081652257445	8.70937352802638	0.171548117154812	0.124
"ATF3"	0.109216223380755	0.023272941523052	0.412101000476417	0.64837487246757	0.00306950230212673	0.0968836631297199	0.139762733872396	0.173877214668315	0.060827457310339	1.0685618729097	0.0128956623681125	0.0045933014354067	0.290467625899281	0.0615384615384615	0.0160642570281124	0.791744840525328	7.99680255795364	3.30874316939891	0.442105263157895	7.40954210694845	13.0942063118229	11.2311715481172	5.492
"SERPINB5"	0	0	0	7.28756740999854e-05	0	0	0	0.0140090646889164	0	0.00919732441471572	0	0	0	0	0	0.287054409005629	0.151878497202238	0.109289617486339	0	0.239193083573487	8.44229863400848	0.228033472803347	0.112666666666667
"PERP"	0.0191305116196872	0.0578877596111357	0.000714626012386851	0.00167614050429966	0.0034349192428561	0.0532931842080107	0.00430856400873517	0.131437989287186	0.0111290459604112	0.23494983277592	0.0363423212192263	0.00344497607655502	0.00719424460431655	0.553846153846154	0.0481927710843374	0.553470919324578	0.254196642685851	0.510928961748634	0.0105263157894737	12.6074287544028	6.67404616109279	0.226987447698745	0.0726666666666667
"RPL17"	1.18609172042061	2.19303284725291	1.13506431634111	1.20674828742166	1.98099831908207	1.62355415352261	0.62999468807177	3.36588380716934	2.15172882507858	3.65886287625418	1.45193434935522	2.35942583732057	2.44424460431655	2.13461538461538	1.79919678714859	5.75984990619137	27.5051958433253	8.30601092896175	1.89473684210526	1.89048991354467	41.9415920866698	14.3859832635983	14.8566666666667
"JUP"	0.0359635945922064	0.00147297098247165	0.353025250119104	0.178326774522664	0.00109625082218812	0.020887104483319	0.0446201971315588	0.0428512566955089	0.0973579135162688	0.198578595317726	0.00234466588511137	0.0015311004784689	0.0719424460431655	0.0461538461538462	0.00401606425702811	0.405253283302064	0.627498001598721	0.265027322404372	0.105263157894737	1.67851424911944	8.98210080075365	0.298117154811715	0.354
"FXYD3"	0	0	0	7.28756740999854e-05	0	0	0	0.026782035434693	0	0.020066889632107	0	0	0	0	0	0.360225140712946	0.135891286970424	0.144808743169399	0.0105263157894737	0.310598783221262	7.05605275553462	0.310669456066946	0.108
"RNF144B"	0.104577184766281	0.00876417734570629	0.903763696998571	0.386532575426323	0.0119125922677775	0.0594111461619348	0.191996694800212	0.0712814173877215	0.0827457310338969	0.525501672240803	0.00703399765533412	0.0133971291866029	0.322841726618705	0.0576923076923077	0.0120481927710843	0.166979362101313	0.652278177458034	3.16939890710383	0.0210526315789474	0.121998078770413	14.0367404616109	0.343096234309623	0.159333333333333
"LARP1B"	0.0778033047627463	0.0773309765797614	0.105288232491663	0.115362192100277	0.0472849521303808	0.0790077430455979	0.0613232603435047	2.45117428924598	0.0838501401750064	0.739966555183946	0.0814771395076202	0.055311004784689	0.215827338129496	0.792307692307692	0.0441767068273092	2.40525328330206	50.6027178257394	29.6311475409836	3.22105263157895	0.342939481268012	24.251059821008	46.6548117154812	58.7146666666667
"MT1E"	0.0376424847574446	0.0384445426425099	0.0707479752262982	0.0353447019384929	0.0146897610173208	0.095593155530064	0.0171752346101635	0.728471363823651	0.0213235918783451	0.130434782608696	0.0463071512309496	0.0189473684210526	0.00989208633093525	0.0346153846153846	0.0441767068273092	1.65290806754221	1.41087130295763	0.85792349726776	0.578947368421053	0.593659942363112	4.9868111163448	18.2489539748954	3.058
"RND3"	0	0	0	0	0	0	0	0.0234857849196539	0	0.0309364548494983	0	0	0	0	0	0.467166979362101	0.414868105515588	0.202185792349727	0.0210526315789474	2.98559077809798	9.5082430522845	1.72175732217573	3.734
"DEGS1"	0.160599098701069	0.221092944468994	0.25869461648404	0.268692610406646	0.118760505737046	0.183108689417838	0.123236734934781	0.196950968273589	0.260385693653895	0.797658862876254	0.199296600234467	0.123636363636364	0.294064748201439	0.211538461538462	0.253012048192771	0.874296435272045	0.839328537170264	0.953551912568306	0.4	0.161383285302594	10.7772020725389	0.998953974895398	0.922666666666667
"DSG1"	0	0	0	0	0	0	5.90214247771941e-05	0.0123609394313968	0	0.00292642140468227	0	0	0	0	0	0.129455909943715	0.139888089528377	0.0601092896174863	0.0421052631578947	0.249759846301633	6.84314649081488	0.106694560669456	0.0866666666666667
"ATP5MC2"	0.000220906600689229	0	0	0.00174901617839965	0	0	0.000649235672549135	0.593737124021426	0	0.697324414715719	0	0	0	0	0	0.74296435272045	5.46602717825739	3.41530054644809	1.05263157894737	0.353826448927313	7.14931700423928	4.1673640167364	3.018
"PARD3"	0.000176725280551383	0	0.000238208670795617	0.000218627022299956	0.000438500328875247	4.7796577765032e-05	5.90214247771941e-05	0.0465595385249279	0.000509727295896695	0.00459866220735786	0	0.000574162679425837	0.00359712230215827	0	0	0.660412757973734	1.92326139088729	0.0983606557377049	0.0842105263157895	0.304194684598143	8.86151672162035	2.88807531380753	2.624
"S100A16"	4.41813201378457e-05	0	0	0.000145751348199971	0	0	5.90214247771941e-05	0.0325504738360115	0	0.0472408026755853	0	0	0	0	0	0.305816135084428	2.32294164668265	0.202185792349727	0	1.13896894012168	7.01036269430052	0.182008368200837	0.727333333333333
"TMEM45A"	0.000839445082619069	0.000147297098247165	0.00119104335397808	0.000874508089199825	0.000219250164437623	0.000525762355415352	0.000531192822994747	0.0276060980634528	0.000339818197264464	0.0388795986622074	0	0.000191387559808612	0.00269784172661871	0.0153846153846154	0	0.118198874296435	0.184652278177458	0.174863387978142	0.0210526315789474	2.18956131924432	6.47103155911446	0.176778242677824	0.485333333333333
"NRARP"	0.00428558805337103	0.00243040212107821	0.0226298237255836	0.00583005392799883	0.000877000657750493	0.00219864257719147	0.00135749276987546	0.023073753605274	0.00764590943845043	0.12123745819398	0.00175849941383353	0.00076555023923445	0.00359712230215827	0.00384615384615385	0	0.401500938086304	1.21822541966427	0.653005464480874	0.0631578947368421	0.411463336535383	7.76024493641074	1.40062761506276	0.106666666666667
"MYBPC1"	4.41813201378457e-05	0	0	0.000437254044599913	0	0	0.000354128548663165	0.173465183353935	0	0.0380434782608696	0.000586166471277843	0	0	0	0	0.478424015009381	5.19024780175859	1.86885245901639	1.61052631578947	0.0416266410502722	7.32925105982101	3.0407949790795	2.82266666666667
"KLF5"	0.0056993902977821	0.0140668728826042	0.00404954740352549	0.0106398484185979	0.00796608930790031	0.00520982697638849	0.00814495661925279	0.0704573547589617	0.00781581853708266	0.0610367892976589	0.00586166471277843	0.00593301435406699	0.0107913669064748	0	0.00401606425702811	0.429643527204503	0.634692246203038	0.14207650273224	0.0315789473684211	2.84950368235671	7.81017428167687	0.705020920502092	1.02466666666667
"CD9"	0.0227091985508527	0.00729120636323464	0.0331110052405908	0.136277510566973	0.00811225608419206	0.0229901539049804	0.0233724842117689	0.433456942727647	0.0599779118171778	0.337792642140468	0.00703399765533412	0.0451674641148325	0.045863309352518	0.130769230769231	0.00401606425702811	0.621013133208255	12.9328537170264	2.16666666666667	0.726315789473684	0.762407941082293	8.31512011304757	4.22803347280335	8.81666666666667
"CLDN1"	0.000530175841654149	0.000736485491235823	0	0	0.00460425345319009	0.000525762355415352	5.90214247771941e-05	0.0164812525751957	0.000509727295896695	0.0326086956521739	0.000586166471277843	0.00267942583732057	0	0	0.00401606425702811	0.112570356472795	0.0919264588329337	0.202185792349727	0.0210526315789474	3.19500480307397	7.04333490343853	0.133891213389121	0.117333333333333
"IL7R"	1.95184236104975	9.40676093680955	0.0619342544068604	0.0659524850604868	4.87232332090916	4.32234012044738	0.360502862539102	2.59002884219201	1.21077223685328	0.984531772575251	2.3305978898007	5.26468899521531	1.07374100719424	1.23461538461538	7.6144578313253	1.50281425891182	0.0375699440447642	1.22950819672131	0.0210526315789474	0.048030739673391	0.0367404616109279	0.0198744769874477	0.0113333333333333
"TRAC"	0.78815056993903	2.75313006333775	0.0266793711291091	0.0325754263226935	1.64079514726303	1.86626517541344	0.152865490172933	0.795220436753193	0.513210432418656	0.316889632107023	2.49296600234467	1.91157894736842	0.358812949640288	0.488461538461538	2.69879518072289	3.42401500938086	0.00959232613908873	0.046448087431694	0	0.0441882804995197	0.0211964201601507	0.00627615062761506	0.000666666666666667
"IL32"	2.97764425201025	6.18095448519664	0.0655073844687947	0.0690861390467862	1.82679237009428	5.68162699550712	0.35991264829133	3.56324680675731	1.06193186645145	1.1571906354515	6.08089097303634	2.73837320574163	0.789568345323741	1.06538461538462	5.48192771084337	10.812382739212	1.72981614708233	0.273224043715847	0	0.237592058917707	0.113989637305699	0.117154811715481	0.402666666666667
"LDHB"	0.974551559600601	3.01082633672117	0.312291567413054	0.566025360734587	2.54849082803479	1.29356658063283	0.359440476893112	1.03461063040791	0.975787953444907	1.95192307692308	2.30187573270809	3.07062200956938	2.75359712230216	2.39230769230769	2.95180722891566	4.90994371482176	0.909672262190248	0.420765027322404	0.484210526315789	0.0416266410502722	0.485162505887895	2.22175732217573	1.31
"TRBC2"	1.30264204294424	3.0246722639564	0.0433539780848023	0.0456930476606909	2.31440473580355	2.31454927827168	0.189163666410907	0.899876390605686	1.03916404723473	0.362458193979933	3.07092614302462	2.67215311004785	0.538669064748201	1.01538461538462	2.9718875502008	4.0750469043152	0.0151878497202238	0.0710382513661202	0	0.0611591418507845	0.0131888836552049	0.00523012552301255	0.000666666666666667
"ITGB1"	1.28050720155518	2.36993666224775	1.83944735588375	0.931569742020114	0.186289556383834	1.63454736640857	0.550020657498672	1.38772146683148	1.02047404638518	1.49289297658863	1.68112543962485	0.145454545454545	0.947841726618705	3.55769230769231	1.4859437751004	3.62851782363978	2.98960831334932	1.43169398907104	0.484210526315789	0.40217739353186	1.36881771078662	2.78870292887029	2.11733333333333
"RCAN3"	0.305072015551825	1.14582412726469	0.0636017151024297	0.128188310741874	1.14982094569904	0.401204473759679	0.115918078262409	0.433044911413267	0.390875881403449	0.417224080267559	1.06565064478312	1.32784688995215	0.41726618705036	0.338461538461538	1.01606425702811	0.553470919324578	0.106314948041567	0.109289617486339	0.0210526315789474	0.0345821325648415	0.372585963259538	0.111924686192469	0.161333333333333
"CD3D"	1.17946452239993	2.91898659596406	0.0533587422582182	0.0495554583879901	2.19907914930936	2.92505496606443	0.211237679277578	1.34857849196539	0.602497663749894	0.37123745819398	2.57854630715123	2.87674641148325	0.491007194244604	0.642307692307692	2.91164658634538	4.25140712945591	0.0135891286970424	0.046448087431694	0	0.0393852065321806	0.0169571361281206	0.00941422594142259	0.008
"TNFAIP3"	1.23809313422285	2.46214464575048	0.547165316817532	1.43608803381431	0.547321493824454	1.88036516585412	0.563713628046981	0.716110424392254	0.482796703763487	1.28511705685619	0.879249706916764	0.82622009569378	0.83273381294964	0.680769230769231	1.87550200803213	2.13696060037523	11.3069544364508	5.80874316939891	0.936842105263158	2.51488952929875	9.43853038153556	2.95083682008368	1.526
"CD3E"	1.1563135106477	2.52577699219325	0.033587422582182	0.0406646261477919	1.97544398158299	2.32085842653666	0.156937968482559	0.984342810053564	0.526803160309235	0.311036789297659	1.99882766705744	2.61818181818182	0.509892086330935	0.565384615384615	2.44176706827309	2.57786116322702	0.00959232613908873	0.0218579234972678	0	0.0134486071085495	0.00894959962317475	0.00836820083682008	0.00466666666666667
"CD2"	1.02549262171954	1.77809692149065	0.0238208670795617	0.0393528640139921	0.895417671563254	1.57776503202371	0.134037655669008	1.03708281829419	0.345170333871379	0.731605351170569	1.31946072684642	0.931483253588517	0.310251798561151	0.257692307692308	1.82329317269076	2.19512195121951	0.00639488409272582	0.0819672131147541	0	0.0204931155939801	0.0150730098916627	0.00836820083682008	0.008
"NOSIP"	0.489308120526641	1.42259537487112	0.309671272034302	0.284943885730943	1.30497697873273	0.629098556543351	0.193000059021425	0.530696332921302	0.379322062696457	0.625836120401338	0.492966002344666	1.49397129186603	0.465827338129496	0.488461538461538	1.16867469879518	1.42401500938086	0.862509992006395	0.382513661202186	0.115789473684211	1.61863592699328	0.741874705605276	0.392259414225941	0.482
"CD3G"	0.976362993726253	2.29945500073649	0.0252501191043354	0.0224457076227955	1.885770664328	2.34963196635121	0.135808298412324	0.996703749484961	0.488233794919718	0.26128762541806	2.0767878077374	2.18047846889952	0.366906474820144	0.465384615384615	2.27710843373494	2.94183864915572	0.00559552358113509	0.0109289617486339	0	0.0102465577969901	0.0108337258596326	0.00313807531380753	0.00866666666666667
"TCF7"	0.591190244764514	1.44078656650464	0.0552644116245831	0.05013846378079	1.78111525250311	0.785058789790651	0.0939030868205158	0.65224557066337	0.454251975193272	0.308110367892977	0.88042203985932	1.80114832535885	0.367805755395683	0.530769230769231	1.46586345381526	0.979362101313321	0.199840127897682	0.114754098360656	0.0210526315789474	0.0240153698366955	0.204427696655676	0.171548117154812	0.158666666666667
"GPR183"	0.233763364849342	0.917071733686846	0.062172463077656	0.489651654277802	0.427318570488928	0.300353694675461	0.1022251077141	0.481664606510095	0.726956078498004	4.25334448160535	0.465416178194607	0.0884210526315789	3.6681654676259	0.453846153846154	0.734939759036145	0.855534709193246	0.0415667466027178	15.8524590163934	0.294736842105263	0.0589177073326929	0.0607630711257654	0.106694560669456	0.05
"ZFP36L2"	3.27785632234691	5.41022241861835	2.58265840876608	3.69122576883836	2.28378279617043	4.44173597170443	1.74213539514844	3.02843016069221	2.51117152323507	4.02048494983278	2.4126611957796	2.81722488038278	4.16726618705036	2.29230769230769	4.2570281124498	3.66791744840525	10.2342126298961	2.45355191256831	1.06315789473684	0.472942683317323	11.485633537447	2.86401673640167	10.5286666666667
"RPSA"	6.6546788018026	13.6255707762557	6.0867079561696	4.74238449205655	10.8427245487101	8.62809482841029	2.69716106946822	6.11825298722703	12.7866791266672	19.2621237458194	8.89273153575616	14.4773205741627	15.7185251798561	13.5846153846154	11.5341365461847	22.328330206379	13.0695443645084	5.34972677595628	1.74736842105263	1.58917707332693	23.3810645313236	8.34518828451883	7.69866666666667
"GSTK1"	0.881682424670849	1.76572396523788	1.7989518818485	1.22008453578196	0.821164949207045	1.06973520695918	0.583249719648232	0.721466831479192	0.823464446521111	1.94481605351171	1.38159437280188	0.768995215311005	1.10611510791367	1.27307692307692	1.66666666666667	2.1031894934334	1.41167066346922	0.650273224043716	0.0947368421052632	0.0858149215497919	1.09844559585492	0.792887029288703	0.668
"RPS29"	16.3772201113369	33.413610251878	17.9056693663649	13.7734295292231	29.4898779507418	22.0774782525571	7.62297113852328	17.1104243922538	28.7278905785405	40.5773411371237	23.0345838218054	35.4371291866029	30.2796762589928	26.5615384615385	30.5421686746988	32.827392120075	33.3868904876099	24.1584699453552	4.95789473684211	13.52353506244	69.7277437588318	17.6746861924686	18.0546666666667
"LEPROTL1"	0.704912962799328	1.4972013551333	0.658885183420676	0.407302142544819	1.45114375502448	0.881416690564956	0.255444726435696	1.15286361763494	0.407102200322827	0.741638795986622	1.38980070339977	1.81435406698565	0.696043165467626	0.696153846153846	1.41767068273092	1.25328330206379	0.807354116706635	0.398907103825137	0.368421052631579	0.108229266730708	0.422986340084786	0.246861924686192	0.278
"TRBC1"	1.33317133515949	1.92959198703786	0.0395426393520724	0.0365107127240927	1.52539647738069	1.56524232864927	0.138759369651183	0.735887927482489	0.427916064905276	0.256688963210702	2.06799531066823	1.42105263157895	0.362410071942446	0.542307692307692	1.91967871485944	2.40712945590994	0.00559552358113509	0.0655737704918033	0	0.0224143451809158	0.00847856806406029	0.00418410041841004	0.000666666666666667
"RPL36"	9.95811610850932	20.2847252909118	12.4721295855169	11.3508963707914	17.2332821749616	12.7161839212312	5.68051702768105	10.1248454882571	17.6075949367089	30.7834448160535	14.6512309495897	21.1213397129187	18.0935251798561	22.1884615384615	17.9678714859438	24.4990619136961	31.5043964828137	13.6939890710383	3.03157894736842	6.2747358309318	66.7121997173811	14.0826359832636	17.676
"HINT1"	1.97919059821507	3.99513919575784	1.72486898523106	1.86481562454453	2.6456917342688	2.43284580824013	1.00773180664581	2.13597033374536	3.08529436751338	9.21822742474916	2.36049237983587	3.14985645933014	7.56205035971223	5.86538461538461	3.51807228915663	8.91932457786116	6.49560351718625	3.53825136612022	1.04210526315789	1.34325968619917	10.7423457371644	3.07322175732218	2.73533333333333
"RPS12"	27.5451533091809	56.1933274414494	30.4971414959505	25.2813729777	54.5307315647153	37.3549373864831	13.7595467154577	26.8656777915122	45.9950726361397	65.7169732441472	37.6565064478312	71.5397129186603	63.8363309352518	46.2076923076923	51.1847389558233	57.8198874296435	65.8553157474021	27.4590163934426	7.37894736842105	22.1415305795709	143.708431464908	32.1694560669456	38.8126666666667
"ETS1"	1.6263143942741	2.36839004271616	0.0974273463554073	0.0420492639556916	2.10516699554191	1.77846286205908	0.180192409844774	0.980222496909765	1.39257497238977	0.377508361204013	2.32297772567409	2.16708133971292	1.00269784172662	1.11538461538462	2.29317269076305	3.22889305816135	4.2933653077538	0.169398907103825	0.0210526315789474	0.813640730067243	0.303344324069713	0.433054393305439	0.384
"ARHGAP15"	0.399443315366263	0.886802179997054	0.258932825154836	0.219720157411456	0.425637652561573	0.50731287639805	0.154341025792363	0.65471775854965	0.489168294962195	0.560200668896321	0.433177022274326	0.490909090909091	0.587230215827338	0.434615384615385	0.827309236947791	0.75984990619137	0.070343725019984	0.494535519125683	0.347368421052632	0.0080051232788985	0.0249646726330664	0.288702928870293	0.174666666666667
"RPS25"	10.3610497481665	21.1977463543968	12.4294902334445	10.011660107856	19.3983775487832	13.6876015677278	5.30118633063802	9.74701277297074	18.2275082830686	27.7654682274247	14.0416178194607	24.3804784688995	21.0296762589928	16.9730769230769	18.9477911646586	20.8386491557223	29.8489208633094	12.3606557377049	4.43157894736842	6.00704450848543	42.0640602920396	17.8619246861925	15.4693333333333
"RPS27"	31.1370062737475	58.8180144351156	32.3404001905669	23.2059466550066	55.7964627640137	41.3937960042061	12.6289323024258	30.8751545117429	58.4669951575907	67.1751672240803	42.5381008206331	63.5165550239234	58.0746402877698	44.1538461538462	54.5381526104418	47.0712945590994	52.9144684252598	29.3688524590164	6.09473684210526	22.2657700928594	86.9397079604334	33.3117154811715	32.81
"RPS4X"	13.5434302376955	26.0111945794668	14.9842782277275	12.6188602244571	23.6722210041658	17.2581493165089	6.79525467744791	12.2875978574372	22.6399626199983	39.8290133779264	18.1682297772567	30.493014354067	38.3732014388489	36.3846153846154	23.6465863453815	36.2082551594747	39.533173461231	12.7131147540984	5.74736842105263	4.10854947166186	78.7955723033443	20.7332635983264	21.1473333333333
"RPL36A"	3.03057347353539	6.246722639564	4.7446403049071	4.10341058154788	5.50303296060805	4.1677181913775	1.91182199138287	3.00329625051504	5.31934415087928	10.3198160535117	3.71629542790152	7.24095693779904	7.21942446043165	6.46153846153846	5.47791164658635	7.41275797373358	1.44924060751399	1.63387978142077	0.0526315789473684	3.12616074287544	4.29062647197362	0.941422594142259	0.352666666666667
"RPS15A"	18.5197048687815	33.8705258506407	18.7801333968556	16.2083515522519	32.0388072791055	23.886291941497	8.652186743788	17.315615986815	29.2348993288591	43.9147157190635	23.9425556858148	38.9554066985646	35.6178057553957	49.4807692307692	32.3012048192771	39.5328330206379	43.8752997601918	17.9207650273224	4.8	11.0358629522895	65.8629298162977	19.3912133891213	22.7946666666667
"RPL14"	11.0593796942653	19.8948298718515	13.1043353978085	10.0100568430258	16.803624936052	14.3511614568397	5.17187038895119	9.09105892047796	16.1813779627899	29.1442307692308	13.6928487690504	22.03004784689	20.4811151079137	20.2192307692308	17.8995983935743	23.7091932457786	17.6786570743405	8.95081967213115	3.88421052631579	5.99231508165226	35.7790861987753	15.4330543933054	13.71
"SPOCK2"	0.455421047980914	0.864633966710856	0.014292520247737	0.0160326483019968	0.509318131988599	0.707150368033649	0.0656908457770171	0.636176349402555	0.306940786679127	0.106605351170569	0.730363423212192	0.683253588516746	0.179856115107914	0.180769230769231	0.646586345381526	0.943714821763602	0.0431654676258993	0.0218579234972678	0	0.0144092219020173	0.0141309467734338	0.0125523012552301	0.006
"SARAF"	1.67858089599717	3.07637354544115	2.33754168651739	1.61587232181898	2.8414821311116	1.9631010419654	0.82771646107537	2.60692212608158	1.69042562229207	3.49372909698997	2.53868698710434	3.391004784689	2.75089928057554	2.61153846153846	3.08835341365462	2.97560975609756	2.42286171063149	2.22950819672131	0.978947368421053	0.280179314761447	1.98304286387188	1.70397489539749	1.46333333333333
"RPS18"	23.0796147388884	46.7131389011636	25.8606479275846	23.6931934120391	38.8120295256888	30.1919510563044	12.6687127427256	21.7119901112485	43.5945968906635	75.5610367892977	31.3329425556858	52.2656459330144	55.2104316546763	54.6692307692308	40.6987951807229	66.5272045028143	84.6898481215028	27.1311475409836	5.81052631578947	20.2087736151137	208.227979274611	41.2677824267782	38.2553333333333
"RPS3"	15.8846425731201	27.599499189866	13.3408766079085	11.8286692901909	23.706424029818	21.0910046840646	6.90674614885203	13.332921302019	21.9074844957948	37.3896321070234	18.9273153575615	30.4583732057416	30.2095323741007	26.8384615384615	24.4016064257028	36.5609756097561	37.0479616306954	12.0218579234973	4.05263157894737	6.21934037784182	66.7442298634008	20.270920502092	16.6726666666667
"RPS27A"	21.4330652999912	38.1741788186773	20.6279180562172	17.4505174172861	35.6389680625594	26.4342797055731	9.38800684648527	19.6402966625464	33.526463342112	49.5405518394649	25.2010550996483	42.6112918660287	43.4901079136691	34.2615384615385	34.5983935742972	40.7242026266416	57.9392486011191	20.3661202185792	9.06315789473684	14.2753762407941	84.1036269430052	33.4811715481172	31.0193333333333
"FXYD5"	1.42436157992401	2.53932832523199	2.54287756074321	2.36503425156683	1.26792370094278	1.5419653952777	1.14047099096972	1.63411619283066	1.61099311868151	4.3440635451505	1.53341148886284	1.43732057416268	1.93705035971223	2.02692307692308	2.05220883534137	2.27016885553471	3.88169464428457	2.01366120218579	0.726315789473684	0.289145052833814	0.209138012246821	0.294979079497908	0.842
"RPL34"	21.5294689405319	41.6077478273678	26.0750357313006	25.615143565078	41.3518965139224	27.1023324729949	12.902260520569	23.0341985990935	37.5219607509982	55.2788461538462	30.2139507620164	50.7554066985646	45.4559352517986	37.1384615384615	37.3855421686747	34.4671669793621	73.3565147881695	26.6366120218579	13.6947368421053	10.338776817163	90.6321243523316	32.9100418410042	35.6153333333333
"RPL30"	19.4281611734559	36.6225511857416	22.6105288232492	19.4425739688092	36.1011474091939	24.7922282764554	10.1675618249425	17.7845076225793	33.6249256647693	47.2077759197324	26.1195779601407	42.3177033492823	36.568345323741	27.65	34.0080321285141	33.5478424015009	58.6330935251799	23.431693989071	10.2210526315789	8.25616394492475	84.2110221384833	25.8734309623431	32.3326666666667
"RPL3"	14.3729787046037	25.1115775519222	12.0045259647451	11.1673954234077	22.0220711832201	18.4494790173024	6.27143953255032	11.283065512979	22.0789227763147	36.3783444816054	17.4671746776084	28.1911961722488	33.0008992805755	33.2269230769231	22.0963855421687	30.7260787992495	26.8425259792166	9.28415300546448	1.18947368421053	5.35190521934038	49.0127178520961	20.6799163179916	12.6073333333333
"RPL39"	19.5963594592206	36.7869347473855	26.639828489757	26.0751348199971	34.3673171088212	25.0064047414205	13.4817918904562	16.9311907704986	36.8896440404384	54.7094481605351	25.0216881594373	40.8761722488038	40.4190647482014	37.2538461538462	34.1044176706827	33.7129455909944	12.1742605915268	9.6775956284153	2.69473684210526	11.5453089977586	23.5435704192181	6.94665271966527	7.85333333333333
"FAM107B"	1.22386674913846	1.85756370599499	0.923058599333016	0.573385803818685	1.02872177154133	1.38619634834146	0.422947529953373	1.31520395550062	1.61031348228698	1.01797658862876	1.31828839390387	1.31904306220096	0.876798561151079	1.67307692307692	1.61847389558233	3.02063789868668	1.3445243804956	1.83060109289617	1.4	0.151777137367915	0.921808761187	1.23012552301255	0.62
"RPS21"	9.40337545285853	17.9884371777876	10.1657932348737	9.06063256085119	16.6212818826281	12.3623936526145	4.6524228294871	9.54388133498146	17.7318834423583	25.8398829431438	12.4572098475967	22.1073684210526	20.2634892086331	19.0769230769231	15.8955823293173	24.4277673545966	34.8201438848921	14.9153005464481	4.4	4.48190842138969	55.6617993405558	15.0983263598326	15.2893333333333
"RPL13"	29.4530352566935	55.7554868169097	32.5678894711767	33.2455910217169	52.0638748812395	37.1591626039576	17.7754825001476	27.3992583436341	53.2057599184436	78.0338628762542	39.694021101993	66.408038277512	64.1348920863309	53.0038461538462	49.9558232931727	57.8893058161351	75.03517186251	28.672131147541	5.90526315789474	12.5225744476465	155.804521902968	41.0407949790795	44.7853333333333
"RPL41"	24.1398780595564	42.4264250994255	31.1786565030967	25.5945197493077	35.0584667105167	30.9717044259631	12.351531605973	22.917593737124	42.4895081131595	69.9314381270903	29.2966002344666	43.8451674641148	46.2634892086331	48.3576923076923	37.2168674698795	50.1013133208255	41.0935251798561	25.6311475409836	5.55789473684211	34.7569644572526	86.2854451248234	31.5418410041841	26.62
"RPL11"	17.5398515507643	32.9150832228605	24.4785612196284	20.9818539571491	30.7847694219104	21.1118917885479	10.6824057132739	16.7882159044087	32.3250361056835	54.5877926421405	23.8223915592028	35.8696650717703	39.8974820143885	33.1846153846154	30.2289156626506	37.0243902439024	52.9400479616307	22.5409836065574	7.95789473684211	6.51008645533141	80.9213377296279	24.8504184100418	31.4426666666667
"FCER1A"	0.0386144738004772	0.00169391662984239	0.00476417341591234	0.0460574260311908	0.00116933421033399	0.0130962623076188	0.0146963347695213	0.0234857849196539	0.0372100926004588	6.59615384615385	0.00234466588511137	0.00191387559808612	0.85521582733813	0.0153846153846154	0	0.322701688555347	0.0119904076738609	5.62295081967213	0.663157894736842	0.00256163944924752	0.0343853038153556	0	0.012
"CST3"	3.04334187505523	0.0934600088378259	21.3708909004288	15.3676577758344	0.0836804794270262	2.03785488958991	5.25420527651537	1.77915121549238	1.69025571319344	60.5451505016722	0.082063305978898	0.0876555023923445	11.964928057554	2.13846153846154	0.0963855421686747	5.38649155722326	15.8249400479616	69.7677595628415	0.589473684210526	0.218699967979507	2.49317004239284	4.23117154811716	25.5726666666667
"TXN"	0.533621984624901	0.669244365885992	0.704383039542639	1.10996939221688	0.174596214280494	0.615285345569257	0.510240217198843	0.804697156983931	0.40200492736386	16.6120401337793	0.44841735052755	0.164401913875598	7.05485611510791	2.66153846153846	0.558232931726908	4.73733583489681	8.86250999200639	8.73497267759563	1.69473684210526	3.42619276336856	13.1078662270372	4.01673640167364	6.65866666666667
"CLEC10A"	0.0474507378280463	0.00213580792458389	0.0995712243925679	0.230141378807754	0.00197325147993861	0.0282477774591339	0.0214837986188987	0.019365471775855	0.0376348653470393	4.68561872909699	0.00175849941383353	0.0015311004784689	0.0908273381294964	0.0153846153846154	0.00401606425702811	0.0975609756097561	0.00799360511590727	3.16939890710383	0	0.000960614793467819	0.00659444182760245	0.00627615062761506	0.00933333333333333
"CD1C"	0.0228859238314041	0.00132567388422448	0.0247737017627442	0.0703250255064859	0.00146166776291749	0.0108976197304273	0.0155226347164021	0.0140090646889164	0.177979780817263	3.11454849498328	0.00117233294255569	0.000956937799043062	0.0134892086330935	0.0346153846153846	0	0.180112570356473	0.00319744204636291	1.84972677595628	0	0.00192122958693564	0.00518134715025907	0.00313807531380753	0.00733333333333333
"CPVL"	0.396924980118406	0.0117101193106496	1.60171510242973	2.5181460428509	0.0103047577285683	0.326546219290699	0.727793188927581	0.264524103831891	0.244159374734517	6.6007525083612	0.0117233294255569	0.00842105263157895	0.455935251798561	0.276923076923077	0.0240963855421687	0.624765478424015	0.685851318944844	3.75956284153005	0	0.00128081972462376	0.0551106924163919	0.0334728033472803	0.424666666666667
"HLA-DQA2"	0.0715295573031722	0.00692296361761673	0.353978084802287	0.272482145459846	0.00153475115106336	0.0754229997132205	0.0455645399279939	0.0630407911001236	0.651006711409396	3.32901337792642	0.0322391559202814	0.00191387559808612	0.675359712230216	0.473076923076923	0.0281124497991968	0.212007504690432	0.105515587529976	1.30327868852459	0	0.0275376240794108	0.017428167687235	0.00209205020920502	0.00266666666666667
"LGALS2"	0.480825307060175	0.0133303873913684	0.659838018103859	3.72037603847836	0.011620258715194	0.426727846286206	0.903677034763619	0.323856613102596	0.300909013677682	5.77173913043478	0.0123094958968347	0.0135885167464115	0.302158273381295	0.430769230769231	0.0281124497991968	0.373358348968105	0.0415667466027178	1.60928961748634	0.0105263157894737	0.0131284021773935	0.0268487988695243	0.0198744769874477	0.02
"GSTP1"	2.01594945656976	0.499631757254382	5.84683182467842	5.61543506777438	0.297595556530001	1.47433323774018	2.37124476184855	1.02719406674907	1.13754141534279	14.680602006689	0.355216881594373	0.424497607655502	3.23830935251799	3.53846153846154	0.48995983935743	5.69418386491557	3.38129496402878	4.30327868852459	0.221052631578947	3.17611271213577	10.0602920395667	5.2918410041841	4.98466666666667
"LGALS1"	3.2944243173986	1.29584622182943	11.0004764173416	9.27262789680804	0.1045092450486	2.81072555205047	4.52110015935785	2.76761433868974	1.6689321213151	22.3683110367893	0.97010550996483	0.120956937799043	3.36690647482014	8.23461538461538	0.742971887550201	10.9906191369606	4.10231814548361	11.0491803278689	1.30526315789474	0.880243355747679	1.1139896373057	11.6276150627615	21.1533333333333
"BASP1"	0.0945922064151277	0.00382972455442628	0.303477846593616	0.392727007724821	0.00453117006504422	0.070165376159067	0.309036180133388	0.0840543881334982	0.548636479483476	3.05685618729097	0.018757327080891	0.00210526315789474	0.172661870503597	0.780769230769231	0	0.367729831144465	0.245403677058353	4.59016393442623	0.905263157894737	0.0858149215497919	0.63353744700895	0.73744769874477	1.11666666666667
"CTSZ"	0.504727401254749	0.103328914420386	2.56455454978561	2.21491036292086	0.0504275378206534	0.375011949144441	0.887682228649	0.326328800988875	0.82524849205675	5.37541806020067	0.112543962485346	0.0463157894736842	2.62140287769784	1.05	0.100401606425703	0.829268292682927	1.45083932853717	10.1311475409836	0.0736842105263158	0.0864553314121038	0.114460668864814	0.797071129707113	1.19866666666667
"ENHO"	0.0118405937969427	0.000736485491235823	0.110528823249166	0.0242675994752951	0.00138858437477161	0.00406270911002772	0.00354128548663165	0.00494437577255871	0.0119785914535723	1.72073578595318	0.00117233294255569	0.000956937799043062	0.00629496402877698	0.00384615384615385	0	0.0544090056285178	0	0.0437158469945355	0.0105263157894737	0.00128081972462376	0.00188412623645784	0.0104602510460251	0.716666666666667
"FABP5"	0.0822656180966687	0.0396229194284873	0.151262505955217	0.213088471068357	0.0245560184170138	0.100850779084218	0.0573688248834327	0.140502678203543	0.107977232180783	2.68311036789298	0.0539273153575615	0.0803827751196172	0.732014388489209	0.738461538461539	0.0441767068273092	2.19512195121951	0.655475619504396	9.89071038251366	0	2.10918988152418	1.35562882713142	0.374476987447699	0.109333333333333
"PHACTR1"	0.118891932490943	0.00677566651936957	0.51357789423535	0.738886459699752	0.00767375575531682	0.0834050281999809	0.237915363276869	0.0671611042439225	0.515759068898139	2.67056856187291	0.0105509964830012	0.00746411483253588	1.4136690647482	0.103846153846154	0.00401606425702811	0.129455909943715	1.39168665067946	0.841530054644809	0.0105263157894737	0.0182516810758886	0.111163447951013	0.435146443514644	0.854
"SAMHD1"	1.23305646372714	0.709456473707468	3.40662220104812	3.82648301996793	0.538112986918074	1.01682439537329	1.63678215192115	0.756901524515863	0.632826437855747	8.21948160535117	0.835873388042204	0.549282296650718	3.74730215827338	0.819230769230769	0.947791164658635	1.5515947467167	0.767386091127098	0.89344262295082	0.0631578947368421	0.015690041626641	0.0687706076307113	0.226987447698745	0.612
"ANXA2"	0.945745338870725	0.513404035940492	3.61029061457837	2.96574843317301	0.0359570269677702	0.835723162221585	1.29168388124889	0.957972805933251	0.694758304307196	8.16178929765886	0.528722157092614	0.0302392344497608	1.15287769784173	2.52307692307692	0.281124497991968	5.51031894934334	10.2925659472422	7.95901639344262	0.357894736842105	4.93948126801153	19.9919924634951	4.5407949790795	14.1966666666667
"RAC1"	1.08504904126535	0.537708057151274	2.92210576464983	3.20623815770296	0.345903676094424	0.91774208966638	1.37089063329989	0.985166872682324	0.868830175855917	8.12667224080267	0.549237983587339	0.376650717703349	2.32194244604317	1.44615384615385	0.538152610441767	2.87242026266417	9.70103916866507	5.39071038251366	0.694736842105263	2.04899135446686	8.23268959020254	3.52928870292887	3.742
"VIM"	4.9709286913493	5.92406834585359	12.2658408766079	17.9352135257251	2.3331140831689	5.24978491540006	9.02602844832674	5.83271528636176	3.97927108996687	39.806856187291	3.52872215709261	2.97645933014354	12.6609712230216	15.2192307692308	3.83132530120482	17.7767354596623	120.48760991207	33.0054644808743	16.6421052631579	0.380083253282101	1.14178049929345	53.8619246861925	90.904
"RGS1"	0.242732172837324	0.429223744292237	0.150071462601239	0.210756449497158	0.0673828838704962	0.318994360003824	0.0775541521572331	0.484136794396374	0.22266587375754	2.99832775919732	0.682883939038687	0.0633492822966507	1.70323741007194	0.265384615384615	0.626506024096386	1.0281425891182	0.0295763389288569	4.33333333333333	0.210526315789474	0.0589177073326929	0.101271785209609	0.0334728033472803	0.0333333333333333
"S100A10"	3.19925775382168	3.50198851082634	8.40352548832777	9.77182626439295	0.88218957830885	3.71761781856419	3.84613114560586	2.8504326328801	2.16634100756096	21.3875418060201	2.94783118405627	1.31598086124402	3.53057553956835	5.20769230769231	2.53815261044177	11.031894934334	24.9528377298161	12.4617486338798	1.77894736842105	2.45885366634646	9.81865284974093	3.2479079497908	29.4886666666667
"ACTB"	18.7599187063709	11.3624245102371	54.8218199142449	37.8986299373269	5.79558576335599	15.6293853360099	18.2994747093195	12.979398434281	13.3744796533854	96.2420568561873	10.432590855803	8.31215311004785	23.3839928057554	17.5115384615385	10.7951807228916	73.6604127579737	25.2054356514788	41.1967213114754	5.55789473684211	45.52353506244	31.3739990579369	31.6851464435146	29.2373333333333
"C1orf162"	0.987231598480163	0.537266165856533	3.4130538351596	2.67672350969246	0.438865745815976	0.588567058598604	1.08316118751107	0.504738360115369	0.741143488233795	5.92265886287625	0.219226260257913	0.406507177033493	1.03687050359712	0.461538461538462	0.506024096385542	0.694183864915572	0.0279776179056755	1.21311475409836	0.0105263157894737	0.0281780339417227	0.017428167687235	0.0146443514644351	0.00866666666666667
"IGSF6"	0.369709286913493	0.0168655177493003	2.19890424011434	1.85767380848273	0.0130088430899657	0.273300831660453	0.711090125715635	0.196950968273589	0.206609463936794	3.26672240802676	0.011137162954279	0.0158851674641148	0.51978417266187	0.2	0.0240963855421687	0.234521575984991	0.00959232613908873	0.576502732240437	0	0.0016010246557797	0.00753650494583137	0.00941422594142259	0.00733333333333333
"CCDC88A"	0.241450914553327	0.038960082486375	0.841591233920915	1.11098965165428	0.0311335233501425	0.195057833859096	0.540282122410435	0.19241862381541	0.176960326225469	2.7621237458194	0.0363423212192263	0.0407655502392344	2.27877697841727	0.311538461538462	0.0481927710843374	0.429643527204503	0.749000799360512	2.19125683060109	0.2	0.0553954530899776	0.14366462552991	0.449790794979079	0.583333333333333
"LYZ"	13.0857559423876	0.389527176314627	19.4711767508337	82.3062235825681	0.350727179712051	11.4742376445846	42.8343858820752	7.79316028018129	7.57888029904001	84.5033444816054	0.360492379835873	0.355789473684211	7.83723021582734	11.4115384615385	0.409638554216867	9.36210131332083	0.0695443645083933	10.2622950819672	0.115789473684211	0.233749599743836	0.0927932171455488	0.053347280334728	0.0133333333333333
"COTL1"	2.32212600512503	1.14604507291206	18.9266317293949	8.41094592624982	0.402031718190455	1.61839212312398	3.5836038481969	1.61104243922538	1.98615240846147	14.0907190635452	0.745017584994138	0.58622009569378	1.40557553956835	2.62692307692308	1.04016064257028	6.82739212007505	1.07114308553157	5.19125683060109	0.378947368421053	0.420108869676593	0.216674517192652	0.236401673640167	0.21
"JAML"	0.451488910488645	0.182501104728237	1.33111005240591	2.17592187727736	0.132792516261054	0.4327502150846	1.05972968187452	0.683971981870622	0.262934330133379	3.99414715719064	0.166471277842907	0.208612440191388	1.98471223021583	0.361538461538462	0.136546184738956	0.427767354596623	0.0167865707434053	1.36885245901639	0.0105263157894737	0.0281780339417227	0.023551577955723	0.0115062761506276	0.008
"CTSH"	0.288592383140408	0.115554573574901	1.23463554073368	1.57047077685469	0.0158590952276548	0.26092151801931	0.651419465265892	0.195714874330449	0.624500892022768	3.19397993311037	0.0287221570926143	0.0143540669856459	0.440647482014388	1.46538461538462	0.0401606425702811	0.622889305816135	3.40687450039968	2.10109289617486	0.0210526315789474	0.0832532821005443	0.0829015544041451	0.139121338912134	0.580666666666667
"TUBA1B"	0.956083767782981	0.735233465900722	3.02763220581229	1.15369479667687	0.392896294672221	0.857375011949144	0.461311456058549	0.741656365883807	0.893721858805539	5.98620401337793	0.580890973036342	0.389282296650718	2.98021582733813	1.16538461538462	0.682730923694779	15.7917448405253	1.26378896882494	3.0792349726776	0.0421052631578947	1.13704771053474	1.00612341026849	1.09414225941423	0.846
"PAK1"	0.205664045241672	0.0347621151863308	1.02120057170081	0.803600058300539	0.0318643572316013	0.14864735684925	0.349997048928761	0.200247218788628	0.14238382465381	2.18102006688963	0.02989449003517	0.0591387559808612	0.237410071942446	0.273076923076923	0.0240963855421687	0.358348968105066	0.141486810551559	2.5	1.23157894736842	0.109510086455331	0.475270843146491	0.264644351464435	0.321333333333333
"ALDH2"	0.207298754086772	0.00839593460008838	0.45759885659838	1.22205217898266	0.00679675509756632	0.176369371952968	0.617895295992445	0.147095179233622	0.144422733837397	2.46739130434783	0.0041031652989449	0.00937799043062201	0.737410071942446	0.211538461538462	0.00401606425702811	0.24577861163227	0.336530775379696	0.467213114754098	0.0315789473684211	0.0579570925392251	1.54875176636835	0.366108786610879	0.361333333333333
"IL13RA1"	0.117080498365291	0.00346148180880837	0.172701286326822	0.74857892435505	0.0031425856902726	0.0901921422426154	0.278758189222688	0.0688092295014421	0.145697052077139	1.82483277591973	0.00586166471277843	0.00421052631578947	0.24910071942446	0.119230769230769	0.00803212851405622	0.0919324577861163	0.458033573141487	1.05737704918033	0.0105263157894737	0.0999039385206532	0.158737635421573	0.206066945606695	0.357333333333333
"LSP1"	1.53450561102766	0.862571807335396	3.84492615531205	3.08460865763008	0.546736826719287	1.36196348341459	1.5152570383049	0.92295014421096	1.43148415597655	8.19021739130435	0.922626025791325	0.722488038277512	2.96852517985611	3.12307692307692	0.738955823293173	3.25328330206379	0.103117505995204	2.18032786885246	0.0315789473684211	0.190521934037784	0.712199717381065	0.0753138075313808	1.35933333333333
"CFP"	0.371299814438455	0.0463249373987332	2.24344926155312	1.88624107272992	0.0534239567346342	0.275786253704235	0.78817210647465	0.209311907704986	0.208733327669697	3.03971571906355	0.0363423212192263	0.0405741626794258	0.214928057553957	0.265384615384615	0.0602409638554217	0.273921200750469	0.0111910471622702	0.437158469945355	0	0.0195325008005123	0.00518134715025907	0.00627615062761506	0.004
"CSF2RA"	0.0733409914288239	0.00154661953159523	0.222963315864697	0.374216586503425	0.00168091792735511	0.0585508077621642	0.177890574278463	0.0605686032138443	0.03958881998131	1.6128762541806	0.00234466588511137	0.00133971291866029	0.477517985611511	0.0576923076923077	0	0.0544090056285178	0.0135891286970424	0.469945355191257	0	0.276657060518732	0.0348563353744701	0.0188284518828452	0.00533333333333333
"CSTB"	0.81377573561898	0.705037560760053	3.81848499285374	1.65325754263227	0.339253087773149	0.72435713602906	0.708080033051998	0.489905232797693	0.614476255203466	5.1571906354515	0.482415005861665	0.389090909090909	0.589028776978417	1.54615384615385	0.522088353413655	1.81988742964353	0.649080735411671	3.53005464480874	0.105263157894737	5.16362471982069	1.32689590202544	0.54602510460251	0.211333333333333
"AP2S1"	0.68149686312627	0.30880836647518	2.28918532634588	1.9758052761988	0.20850690638018	0.557021317273683	0.845540931358083	0.502678203543469	0.529691614985982	4.30183946488294	0.24736225087925	0.280382775119617	1.41636690647482	1.06923076923077	0.309236947791165	2.30393996247655	1.55475619504396	2.25136612021858	0.157894736842105	0.627281460134486	2.04804521902967	0.751046025104602	0.942
"CRIP1"	0.492312450296015	0.7454706142289	1.18437351119581	0.911018801923918	0.183293137469853	0.536420992256954	0.25703830490468	0.787803873094355	0.558321298105514	3.86454849498328	0.457209847596717	0.137033492822967	0.751798561151079	1.20384615384615	0.481927710843373	2.20637898686679	1.73061550759392	2.31693989071038	0.273684210526316	0.0951008645533141	1.88695242581253	5.23744769874477	3.64466666666667
"MCTP1"	0.112574003711231	0.00972160848431286	0.631252977608385	0.508599329543798	0.00818533947233794	0.0749928305133352	0.212359086348344	0.135558302430985	0.0629513210432419	0.647157190635452	0.00996483001172333	0.00631578947368421	0.223021582733813	0.0423076923076923	0.00803212851405622	0.181988742964353	104.493205435651	6.86612021857924	1.88421052631579	0.00128081972462376	0.195007065473387	0.482217573221757	0.243333333333333
"TM4SF1"	0	0	0	7.28756740999854e-05	0	0	5.90214247771941e-05	0.0543881334981459	0	0.0840301003344482	0.000586166471277843	0	0	0	0	0.0356472795497186	44.1079136690648	0.254098360655738	0.0736842105263158	5.09285943003522	1.59349976448422	1.88493723849372	0.342666666666667
"SPARCL1"	0	0	0	0	0	0	0	0.0123609394313968	0	0.00501672240802676	0.000586166471277843	0	0	0	0	0.0131332082551595	33.9896083133493	0.0437158469945355	0.0736842105263158	0.0112071725904579	0.150730098916627	7.23326359832636	1.886
"TCF4"	0.0671997879296633	0.00427161584916777	0.161743687470224	0.210100568430258	0.00416575312431484	0.0320237071025715	0.0825119518385174	0.100947672023074	0.905870359357744	0.553511705685619	0.00586166471277843	0.00956937799043062	8.56654676258993	1.20769230769231	0.00803212851405622	0.437148217636023	44.294964028777	2.10109289617486	0.0315789473684211	0.0291386487351905	1.57041921808761	2.44037656903766	7.35933333333333
"ACKR1"	0	0	0	7.28756740999854e-05	0	0	0	0.0107128141738772	0	0.00167224080267559	0	0	0	0	0	0	22.3836930455636	0.040983606557377	0.0315789473684211	0.00416266410502722	0.0829015544041451	0.0523012552301255	0.0706666666666667
"SELE"	0	0	0	0	0	0	0	0.00865265760197775	0	0	0	0	0	0	0	0.0075046904315197	22.6530775379696	0.0327868852459016	0.0105263157894737	0.00768491834774256	0.0730098916627414	0.0418410041841004	0.0393333333333333
"CAV1"	0.000220906600689229	7.36485491235823e-05	0.000238208670795617	0.000291502696399942	0	0.00172067679954115	0.000177064274331582	0.0292542233209724	0.00288845467674794	0.0305183946488294	0	0.000191387559808612	0.000899280575539568	0.284615384615385	0	0.484052532833021	24.7569944044764	0.12568306010929	0.0210526315789474	0.422990714056996	3.84503061705134	9.18305439330544	4.17866666666667
"C2CD4B"	0	0	0	0	0	0	0	0.00865265760197775	0	0.000836120401337793	0	0	0	0	0	0	19.5843325339728	0.0300546448087432	0.0105263157894737	0.010886967659302	0.0927932171455488	0.0606694560669456	0.0473333333333333
"MAGI1"	0	0	0	0	0	0	0	0.0173053152039555	0	0.012123745819398	0	0	0	0	0	0.189493433395872	19.6570743405276	0.092896174863388	0.0210526315789474	0.0435478706372078	2.81394253414979	1.1234309623431	0.662
"ADIRF"	0.000751082442343377	0.00272499631757254	0.000238208670795617	0.00138463780789972	0.00190016809179274	0.000669152088710448	0.000413149973440359	0.0535640708693861	0.000934500042477275	0.0668896321070234	0.00293083235638921	0.00421052631578947	0	0	0	0.108818011257036	24.9920063948841	0.409836065573771	0.526315789473684	2.05027217419148	1.45642958078191	27.5334728033473	9.86933333333333
"IFI27"	0.0149774675267297	0.0329209014582413	0.171510242972844	0.0481708205800904	0.00175400131550099	0.0111843991970175	0.00430856400873517	0.0473836011536877	0.0108741823124628	0.14005016722408	0.00644783118405627	0.00133971291866029	0.0152877697841727	0.00769230769230769	0.321285140562249	0.108818011257036	20.6706634692246	0.265027322404372	0	6.81524175472302	1.6156382477626	0.916317991631799	1.078
"SOCS3"	0.163294159229478	0.406098099867433	0.114816579323487	0.367074770441627	0.222904333844917	0.238265940158685	0.176828188632474	0.180057684384013	0.133803415172882	0.548913043478261	0.188159437280188	0.102392344497608	0.267985611510791	0.165384615384615	0.377510040160643	0.228893058161351	28.5499600319744	2.54098360655738	0.0631578947368421	0.13960934998399	3.08337258596326	8.00627615062761	7.41333333333333
"EMP1"	0.00830608818591499	0.00265134776844896	0.0114340161981896	0.0760093280862848	0.000584667105166996	0.00779084217570022	0.0126896063270967	0.0618046971569839	0.00492736386033472	0.26128762541806	0.00117233294255569	0.00076555023923445	0.0494604316546763	0.0153846153846154	0	0.341463414634146	19.7338129496403	2.6448087431694	0.252631578947368	2.48639129042587	5.14931700423928	1.64748953974895	5.292
"ZNF385D"	0.00110453300344614	0.00132567388422448	0.00119104335397808	0.00153038915609969	0.000438500328875247	0.00095593155530064	0.0010033642212123	0.0276060980634528	0.00186900008495455	0.00543478260869565	0.00117233294255569	0.00114832535885167	0.0998201438848921	0.00384615384615385	0	0.0487804878048781	15.1071143085532	0.112021857923497	0.0210526315789474	0.00192122958693564	0.0843146490814885	0.157949790794979	0.871333333333333
"CCN2"	0	0	0	0	0	0	0	0.00618046971569839	0	0.000836120401337793	0	0	0	0	0	0.00187617260787992	12.761790567546	0.0355191256830601	0.0210526315789474	0.00032020493115594	0.105040037682525	1.331589958159	2.08133333333333
"DOCK4"	0.00653883538040117	0.00066283694211224	0.0288232491662697	0.0373852208132925	0.000365416940729372	0.00506643724309339	0.0146373133447441	0.0449114132674083	0.00331322742332852	0.0351170568561873	0	0.000382775119617225	0.00179856115107914	0.00384615384615385	0	0.075046904315197	14.8081534772182	5.30054644808743	0.0631578947368421	0.0153698366954851	0.227508243052285	0.436192468619247	1.51666666666667
"IGFBP7"	0.341344879384996	0.00301959051406687	0.116007622677465	0.207112665792159	0.00190016809179274	0.0331230283911672	0.078734580652777	0.0881747012772971	0.0434117747005352	0.778010033444816	0.00293083235638921	0.00267942583732057	0.168165467625899	0.05	0	0.557223264540338	20.8041566746603	0.355191256830601	0.0631578947368421	0.139929554915146	0.316533207724918	23.8849372384937	16.6533333333333
"RGS16"	0.00896880798798268	0.0414641331565768	0.000714626012386851	0.000583005392799883	0.0037272527954396	0.0166332090622311	0.00135749276987546	0.104655953852493	0.0154617279755331	0.0117056856187291	0.0134818288393904	0.00114832535885167	0.0170863309352518	0.0846153846153846	0.0240963855421687	0.0637898686679174	20.0991207034373	0.325136612021858	0.0947368421052632	0.164265129682997	0.407442298634008	26.505230125523	6.23
"WWTR1"	0.00318105504992489	0.00530269553689792	0.0014292520247737	0.000437254044599913	0.00124241759847987	0.00449287830991301	0.00159357846898424	0.0333745364647713	0.00390790926854133	0.012123745819398	0.0082063305978898	0.00133971291866029	0.00269784172661871	0.0192307692307692	0.00803212851405622	0.0637898686679174	13.9568345323741	0.0546448087431694	0	0.449567723342939	0.684408855393311	0.896443514644351	2.52133333333333
"CCL2"	0.00150216488468675	7.36485491235823e-05	0.000476417341591234	0.019967934703396	0	0.00229423573272154	0.00194770701764741	0.138030490317264	0.000594681845212811	0.0150501672240803	0	0	0	0	0	0.0881801125703565	21.7777777777778	4.60382513661202	3.64210526315789	0.0496317643291707	1.07065473386717	41.4654811715481	7.736
"SPRY1"	0.0104709728726694	0.0195168655177493	0.000476417341591234	0.00225914589709955	0.00855075641306731	0.0201701558168435	0.00360030691140884	0.0370828182941904	0.0345765015716592	0.00501672240802676	0.0263774912075029	0.0300478468899522	0.0566546762589928	0.00384615384615385	0.0120481927710843	0.0675422138836773	13.4204636290967	0.0437158469945355	0.0210526315789474	0.0169708613512648	0.374941121055111	0.881799163179916	3.312
"SASH1"	0.0291596712909782	0.00640742377375166	0.226298237255836	0.152893164261769	0.000292333552583498	0.0160118535512857	0.0205394558224636	0.0313143798928719	0.0129980460453657	0.0259197324414716	0	0.000191387559808612	0.0197841726618705	0.00384615384615385	0.00401606425702811	0.0787992495309568	13.7282174260592	0.581967213114754	0.0105263157894737	0.163944924751841	1.05887894488931	1.34518828451883	2.62933333333333
"RALGAPA2"	0.10603516833083	0.0780674620709972	0.18532634587899	0.181387552834864	0.0803917269604619	0.101089761973043	0.124240099155994	0.130613926658426	0.100246368193017	0.215301003344482	0.0650644783118406	0.0721531100478469	0.196043165467626	0.126923076923077	0.0682730923694779	0.153846153846154	15.1518784972022	0.262295081967213	0.0421052631578947	0.120397054114633	0.79086198775318	0.307531380753138	0.238
"ADAMTS9"	0	0	0	0	0	0	0	0.00865265760197775	0	0.000836120401337793	0	0	0	0	0	0.00938086303939963	12.2677857713829	0.00819672131147541	0.0210526315789474	0.00448286903618316	0.0551106924163919	2.20397489539749	0.345333333333333
"AQP1"	0.000132543960413537	0.000147297098247165	0	0.000145751348199971	7.30833881458744e-05	4.7796577765032e-05	0	0.00535640708693861	0	0.000836120401337793	0	0.000191387559808612	0	0	0	0.00187617260787992	12.757793764988	0.0273224043715847	0.0105263157894737	0.00032020493115594	0.0527555346208196	0.228033472803347	1.79066666666667
"PPFIBP1"	0.00671556066095255	0.0102371483281779	0.00119104335397808	0.0118058592041976	0.0103778411167142	0.00764745244240512	0.00590214247771941	0.0358467243510507	0.0386543199388327	0.0392976588628763	0.0082063305978898	0.0135885167464115	0.0656474820143885	0.0115384615384615	0.0281124497991968	0.0956848030018762	10.7418065547562	0.379781420765027	0.0105263157894737	0.0592379122638489	0.878002826189355	1.04602510460251	1.49933333333333
"MYO1E"	0.0193072369002386	0.00110472823685373	0.0200095283468318	0.04977408541029	0.000803917269604619	0.00726507982028487	0.0192409844773653	0.0848784507622579	0.068218503100841	0.264632107023411	0.00234466588511137	0.00210526315789474	0.340827338129496	0.05	0.00401606425702811	0.335834896810507	11.709032773781	5.34699453551913	0.0526315789473684	0.432276657060519	2.60103626943005	1.18200836820084	0.837333333333333
"ID3"	0.020897764425201	0.0574458683163942	0.0150071462601239	0.0445999125491911	0.0607322955492217	0.0215084599942644	0.0108599421590037	0.208487845076226	0.183671735621443	0.43938127090301	0.17936694021102	0.0532057416267943	0.0224820143884892	0.0923076923076923	0.0481927710843374	0.290806754221388	12.3133493205436	0.956284153005464	0.0526315789473684	0.447006083893692	2.77107866227037	5.15690376569038	6.91733333333333
"ARL15"	0.0405584518865424	0.0285019885108263	0.0481181515007146	0.0620171986590876	0.0172476796024264	0.0390498040340312	0.0348816620433217	0.274824886691389	0.0339818197264464	0.102842809364548	0.0304806565064478	0.017799043062201	0.0386690647482014	0.0307692307692308	0.0200803212851406	0.153846153846154	10.8369304556355	1.4672131147541	1.08421052631579	0.0236951649055395	1.39284032030146	0.609832635983264	1.60066666666667
"CLDN5"	0.00110453300344614	0.000736485491235823	0.0014292520247737	0.000510129718699898	0.00255791858510561	0.000573558933180384	0.000413149973440359	0.222496909765142	0.00169909098632232	0.00501672240802676	0.000586166471277843	0.00248803827751196	0.00179856115107914	0	0	0.00187617260787992	9.15667466027178	0.00273224043715847	0.0105263157894737	0.0166506564201089	0.0409797456429581	0.0240585774058577	0.022
"TSHZ2"	0.0742687991517186	0.250036824274562	0.00262029537875179	0.00371665937909926	0.506979463567931	0.062709110027722	0.0177064274331582	0.224557066337042	0.0950641406847337	0.0359531772575251	0.171746776084408	0.0702392344497608	0.0233812949640288	0.265384615384615	0.184738955823293	0.157598499061914	13.0575539568345	0.0355191256830601	0.0105263157894737	0.0525136087095741	0.702308054639661	0.190376569037657	1.154
"SAMD4A"	0.0295573031722188	0.0078803947562233	0.227251071939019	0.143200699606471	0.00219250164437623	0.0193098174170729	0.0391902260520569	0.0572723526988051	0.0379746835443038	0.110785953177258	0.00586166471277843	0.00191387559808612	0.0143884892086331	0.0269230769230769	0.00401606425702811	0.129455909943715	10.9080735411671	0.707650273224044	0.421052631578947	0.278898495036824	1.39519547809703	3.58577405857741	3.89733333333333
"CNKSR3"	0.00145798356454891	0.000957431138606569	0.000714626012386851	0.00182189185249964	0.000365416940729372	0.00100372813306567	0.00070825709732633	0.0181293778327153	0.00110440914110951	0.0167224080267559	0.000586166471277843	0.00133971291866029	0.0629496402877698	0	0.00401606425702811	0.0356472795497186	9.74020783373301	0.0573770491803279	0.0105263157894737	0.0361831572206212	0.360810174281677	0.133891213389121	0.313333333333333
"CRIM1"	0.0356985066713793	0.0109736338194138	0.00500238208670796	0.0146480104940971	0.00292333552583498	0.0233247299493356	0.00838104231836156	0.211784095591265	0.0237023192591963	0.0359531772575251	0.0082063305978898	0.00325358851674641	0.223920863309353	0.0153846153846154	0.00401606425702811	0.120075046904315	10.2462030375699	0.538251366120219	0.221052631578947	0.0864553314121038	0.728685821950071	3.0010460251046	0.602
"A2M"	0.0258460722806397	0.0153925467668287	0.000952834683182468	0.00233202157119953	0.00299641891398085	0.0518114902972947	0.00643333530071416	0.0428512566955089	0.00603177300144423	0.0501672240802676	0.0041031652989449	0.00076555023923445	0.00809352517985612	0.0346153846153846	0.00803212851405622	0.0206378986866792	10.4260591526779	1.04371584699454	0.168421052631579	0.0115273775216138	0.0433349034385304	2.60878661087866	0.286
"PTPRM"	0.0152425554475568	0.0136249815878627	0.00238208670795617	0.00204051887479959	0.00482350361762771	0.0199311729280184	0.00306911408841409	0.0449114132674083	0.00552204570554753	0.0204849498327759	0.00879249706916764	0.00114832535885167	0.0512589928057554	0.00769230769230769	0.00803212851405622	0.0300187617260788	9.44524380495604	0.415300546448087	0.0631578947368421	0.0048030739673391	0.169571361281206	0.910041841004184	1.03466666666667
"MECOM"	0.000176725280551383	0	0.00428775607432111	7.28756740999854e-05	0.000219250164437623	4.7796577765032e-05	0.000649235672549135	0.243510506798517	0.000254863647948348	0.0739966555183947	0.000586166471277843	0	0.0188848920863309	0.00384615384615385	0	0.320825515947467	9.62509992006395	1.77049180327869	0.410526315789474	0.0336215177713737	4.09185115402732	2.07635983263598	2.106
"EMCN"	0	0	0	0	0	0	5.90214247771941e-05	0.011536876802637	0	0.00125418060200669	0	0	0	0	0	0.0075046904315197	8.33972821742606	0.040983606557377	0	0.00608389369196286	0.0932642487046632	0.142259414225941	0.823333333333333
"EBF1"	0.00220906600689229	0.00228310502283105	0.000952834683182468	0.00123888645969975	0.00065775049331287	0.00114711786636077	0.00424954258395798	0.0238978162340338	0.312377877835358	0.0280100334448161	0.00293083235638921	0.00076555023923445	0.00899280575539568	0.0461538461538462	0	0.0112570356472795	10.5259792166267	0.0628415300546448	0	0.00544348382965098	0.0588789448893076	6.1663179916318	5.82133333333333
"CDH13"	0.000176725280551383	7.36485491235823e-05	0.00333492139113864	0.000218627022299956	0	0.000143389733295096	0.000177064274331582	0.0482076637824475	0.000509727295896695	0.00627090301003344	0	0.000191387559808612	0	0	0	0.144465290806754	7.95843325339728	0.292349726775956	0.0736842105263158	0.0166506564201089	1.4658502119642	1.40794979079498	0.734
"PLCG2"	0.677167093752761	0.230372661658565	0.995712243925679	1.03753097216149	0.125191843893883	0.409090909090909	0.662987664522222	0.362175525339926	0.962110271005012	1.31479933110368	0.182297772567409	0.19866028708134	1.30305755395683	1.06153846153846	0.232931726907631	1.47279549718574	6.12310151878497	0.60655737704918	0.0631578947368421	4.9542106948447	1.90720678285445	0.865062761506276	0.743333333333333
"IFI44L"	0.144914730052134	0.105685667992341	0.437589328251548	0.704780644220959	0.044215449828254	0.114663990058312	0.0668712742725609	0.092295014421096	0.175940871633676	0.349080267558528	0.0375146541617819	0.0581818181818182	0.534172661870504	0.0615384615384615	2.02409638554217	0.108818011257036	1.35091926458833	0.120218579234973	0.0105263157894737	0.0080051232788985	0.0169571361281206	0.0993723849372385	0.164666666666667
"MX1"	0.179641247680481	0.128737663868022	0.554311576941401	0.64975951027547	0.0896002338668421	0.169773444221394	0.110074957209467	0.124433456942728	0.275677512530796	0.675585284280936	0.170574443141852	0.0991387559808612	0.877697841726619	0.4	1.77510040160643	0.367729831144465	0.981614708233413	0.114754098360656	0	0.0345821325648415	0.0499293452661328	0.146443514644351	0.165333333333333
"XAF1"	0.472430856233984	0.289365149506555	0.906383992377323	0.942573968809212	0.208726156544617	0.366312971991205	0.246414448444785	0.220436753193243	0.441084020049274	0.95066889632107	0.260257913247362	0.192918660287081	0.359712230215827	0.246153846153846	1.83534136546185	0.50656660412758	1.34132693844924	0.210382513661202	0.0210526315789474	0.00928594300352226	0.0631182289213377	0.117154811715481	0.282666666666667
"IFI6"	0.373950693646726	0.23663278833407	1.15435921867556	1.18065879609386	0.180077468391435	0.346429595640952	0.186802809419819	0.241450350226617	0.217653555347889	0.926421404682274	0.213364595545135	0.258373205741627	0.184352517985612	0.580769230769231	3.01606425702811	0.876172607879925	1.414068745004	0.530054644808743	0.0526315789473684	0.688120397054115	0.127649552520019	0.437238493723849	0.924666666666667
"ISG15"	0.594327118494301	0.390705553100604	2.0707479752263	1.36947966768693	0.193524811810276	0.504636268043208	0.195774065985953	0.528224145035023	0.392490017840455	1.49540133779264	0.417350527549824	0.290909090909091	0.422661870503597	1.21923076923077	3.57429718875502	1.61538461538462	1.02797761790568	0.942622950819672	0.0315789473684211	0.867435158501441	0.162976919453603	1.28765690376569	0.517333333333333
"STAT1"	0.470177608906954	0.48828988068935	1.02358265840877	1.13627751056697	0.320251406855222	0.465682057164707	0.356135277105589	0.304079110012361	0.365219607509982	0.941471571906355	0.381008206330598	0.413971291866029	0.884892086330935	0.780769230769231	2.42570281124498	1.07879924953096	0.506794564348521	0.278688524590164	0.0526315789473684	0.0182516810758886	0.342910975035327	0.184100418410042	0.277333333333333
"EPSTI1"	0.225545639303702	0.150463985859479	0.674606955693187	0.537239469465093	0.0796608930790031	0.162078195201224	0.092427551201086	0.130613926658426	0.247472602157846	0.860367892976589	0.185228604923798	0.0696650717703349	0.233812949640288	0.242307692307692	1.18875502008032	0.604127579737336	0.298960831334932	0.308743169398907	0	0.0313800832532821	0.023551577955723	0.0209205020920502	0.225333333333333
"EIF2AK2"	0.351064769815322	0.28207394314332	0.599333015721772	0.687509109459262	0.168895710005116	0.338351973998662	0.20403706545476	0.213020189534405	0.368617789482627	0.793060200668896	0.249120750293083	0.243444976076555	0.684352517985611	0.384615384615385	1.62248995983936	0.711069418386492	1.49720223820943	0.336065573770492	0.0947368421052632	0.0464297150176113	0.209138012246821	0.555439330543933	0.793333333333333
"LY6E"	1.14049659803835	0.866180586242451	3.86088613625536	1.59962104649468	0.448220419498648	0.952729184590383	0.281296110488107	0.53852492789452	0.884971540225979	1.85702341137124	0.567409144196952	0.604976076555024	0.600719424460432	1.15384615384615	2.82730923694779	2.67166979362101	3.95603517186251	0.672131147540984	0.0421052631578947	0.159462055715658	0.71172868582195	0.421548117154812	2.55066666666667
"MX2"	0.252982239109305	0.220724701723376	0.871605526441162	0.832823203614633	0.185339472337938	0.243188987668483	0.267662161364575	0.178409559126494	0.265058193866282	0.750418060200669	0.168815943728019	0.173588516746411	0.340827338129496	0.196153846153846	0.923694779116466	0.189493433395872	0.29656274980016	0.355191256830601	0	0.00736471341658662	0.024493641073952	0.255230125523013	0.258666666666667
"SAMD9"	0.491031192012017	0.340771836794815	0.583611243449262	0.381504153913424	0.254110940583205	0.434231908995316	0.155108304314466	0.240214256283478	0.471412794155127	0.632943143812709	0.375146541617819	0.340478468899522	0.461330935251799	0.738461538461539	1.18072289156627	0.838649155722326	0.0775379696243006	0.101092896174863	0.0105263157894737	0.13640730067243	0.0268487988695243	0.0198744769874477	0.0293333333333333
"TRIM22"	0.548908721392595	0.379952864928561	0.852072415435922	0.717023757469757	0.31301615142878	0.467402733964248	0.287847488638376	0.292130201895344	0.677342621697392	1.2178093645485	0.447245017584994	0.312344497607655	1.49190647482014	0.303846153846154	1.26104417670683	0.572232645403377	0.643485211830536	0.289617486338798	0.0105263157894737	0.0118475824527698	0.0518134715025907	0.0951882845188285	0.377333333333333
"SLFN5"	0.786162410532827	0.801590808661069	0.480943306336351	0.205217898265559	0.67616750712563	0.748064238600516	0.150740718880954	0.431808817470128	0.268626284937558	0.288461538461538	1.00293083235639	0.826028708133971	0.260791366906475	0.346153846153846	1.39759036144578	1.11632270168856	0.939248601119105	0.120218579234973	0	0.0397054114633365	0.0536975977390485	0.0951882845188285	0.264
"EVL"	1.38561456216312	1.67174841655619	1.18985231062411	0.238157702958752	1.32215157494701	1.30570691138514	0.181136752641209	0.919241862381541	1.06702913941042	1.01254180602007	1.5662368112544	1.64803827751196	0.544064748201439	0.915384615384615	1.87550200803213	2.20450281425891	0.844124700239808	0.387978142076503	0.0315789473684211	0.0275376240794108	0.74234573716439	0.388075313807531	0.71
"GIMAP7"	1.02341609967306	1.36721166593018	0.552405907575036	0.44840402273721	1.35233501425126	1.05109454163082	0.29764504515139	0.671611042439225	0.370231925919633	0.432692307692308	0.883939038686987	1.14736842105263	0.326438848920863	0.342307692307692	1.714859437751	1.9812382739212	3.33573141486811	0.0819672131147541	0.0105263157894737	0.0115273775216138	0.0169571361281206	0.0115062761506276	0.008
"RNF213"	2.02619952284174	1.1676977463544	2.53477846593616	2.0125346159452	0.762844405466637	1.73080967402734	0.782151921147377	0.80922950144211	1.10746750488489	1.67349498327759	0.960140679953107	1.04325358851675	1.81924460431655	2.03846153846154	2.36546184738956	2.6172607879925	0.0223820943245404	0.174863387978142	0.0105263157894737	0.0518731988472622	0.0259067357512953	0.0282426778242678	0
"BST2"	0.824732703013166	0.425320371188688	1.74678418294426	1.44920565515231	0.259665278082292	0.610410094637224	0.561765921029334	0.386897404202719	0.576501571659162	2.1183110367893	0.352872215709261	0.372057416267943	2.02338129496403	1.26538461538462	1.21686746987952	1.36210131332083	2.52677857713829	0.948087431693989	0.484210526315789	0.0272174191482549	0.0188412623645784	1.05753138075314	0.557333333333333
"IFI16"	0.889723424935937	0.556635734276035	1.13434969032873	1.26949424282175	0.290141050939122	0.733390689226651	0.546125243463377	0.667078697981047	1.05776909353496	2.37374581939799	0.578546307151231	0.272918660287081	1.28507194244604	1.25769230769231	1.40160642570281	3.36960600375235	10.1958433253397	1.48087431693989	0.105263157894737	0.0720461095100865	1.64060292039567	3.12970711297071	3.646
"CCDC109B"	0.371918352920385	0.681396376491383	0.484992853739876	0.572511295729485	0.60673828838705	0.487190517158971	0.267130968541581	0.208487845076226	0.496389431654065	0.710702341137124	0.56799531066823	0.686124401913876	0.47931654676259	0.784615384615385	0.839357429718876	1.44277673545966	0.00639488409272582	0.00819672131147541	0.0105263157894737	0	0	0	0
"TMEM123"	0.684766280816471	1.14869642068051	1.18365888518342	1.59437399795948	0.966893225169919	0.740464582735876	0.580593755533259	0.72929542645241	0.774445671565712	2.33486622073579	0.859320046893318	1.16937799043062	1.05935251798561	1.03846153846154	1.40160642570281	1.48405253283302	1.68745003996803	1.87704918032787	0.136842105263158	0.771693884085815	1.25247291568535	0.539748953974895	0.648
"NUB1"	0.557391534859062	0.454853439387244	0.891138637446403	0.543215274741291	0.338010670174669	0.532692859191282	0.240512305967066	0.334157395962093	0.557216888964404	1.52801003344482	0.336459554513482	0.387942583732057	0.964928057553957	0.415384615384615	1.00401606425703	0.74296435272045	0.774580335731415	0.489071038251366	0.0631578947368421	0.119436439321166	0.52378709373528	0.355648535564854	0.381333333333333
"ADAR"	0.732393743925069	0.508101340403594	1.195807527394	1.03213817227809	0.388218957830885	0.656868368224835	0.431328572271735	0.42398022249691	0.649307620423074	1.2123745819398	0.479484173505276	0.432918660287081	1.06025179856115	1.31923076923077	1.10441767068273	1.34709193245779	1.4484412470024	0.478142076502732	0.115789473684211	0.0537944284341979	0.472444653791804	0.406903765690377	0.446666666666667
"SMCHD1"	1.08425377750287	1.13094712034173	1.61838970938542	1.58213088471068	0.850690638017979	1.17292801835389	0.923390190639202	1.19859909353111	1.75524594342027	1.30685618729097	1.35697538100821	0.810909090909091	1.03507194244604	3.94230769230769	1.73092369477912	2.58536585365854	1.09352517985612	0.76775956284153	0.178947368421053	0.0995837335894973	0.384832783796514	0.658995815899582	0.446666666666667
"PARP14"	0.551294512680039	0.278907055531006	1.03978084802287	1.25557498906865	0.184023971351312	0.45459325112322	0.390426724901139	0.288833951380305	1.04443122929233	1.04807692307692	0.297186400937866	0.19311004784689	0.385791366906475	0.665384615384615	0.91566265060241	0.883677298311445	2.14148681055156	0.691256830601093	0.0421052631578947	0.0147294268331732	0.156853509185115	0.265690376569038	0.418666666666667
"PIK3R1"	1.24754793673235	1.40241567241125	0.718913768461172	0.462250400816208	0.582547686910765	1.53092438581398	0.323614472053355	0.718994643592913	0.568006116727551	0.988294314381271	1.17702227432591	0.571674641148325	0.851618705035971	0.707692307692308	1.59036144578313	1.5140712945591	0.738609112709832	1.20765027322404	0.231578947368421	0.016010246557797	0.490814884597268	0.788702928870293	2.15733333333333
"DCN"	0	0	0	0	0	0	0.000177064274331582	0.0296662546353523	0	0.00459866220735786	0	0	0	0	0	0.075046904315197	0.350919264588329	0.256830601092896	0.105263157894737	0.00928594300352226	1.05652378709374	0.643305439330544	111.016666666667
"COL1A2"	0	0	0	0	0	0	5.90214247771941e-05	0.0181293778327153	0	0.00376254180602007	0	0	0	0	0	0.00562851782363977	0.471622701838529	0.0956284153005464	0.0315789473684211	0.000960614793467819	0.188412623645784	2.28765690376569	59.7966666666667
"GSN"	0.145577449854202	0.005818235380763	0.176274416388757	0.368459408249526	0.00416575312431484	0.0546792849631966	0.131617777253143	0.172229089410795	0.0987171863053267	2.19481605351171	0.00937866354044549	0.0045933014354067	1.08003597122302	0.0769230769230769	0.00803212851405622	0.273921200750469	12.3117505995204	3.14754098360656	0.115789473684211	0.211015049631764	1.57418747056053	4.94979079497908	64.656
"COL1A1"	0.000220906600689229	0.00147297098247165	0.000238208670795617	7.28756740999854e-05	0.000365416940729372	0.00095593155530064	0	0.0234857849196539	0.00144422733837397	0.00209030100334448	0.000586166471277843	0.00133971291866029	0	0	0	0.0112570356472795	0.358912869704237	0.0765027322404372	0.0105263157894737	0.0281780339417227	0.191709844559585	1.84205020920502	51.0713333333333
"APOD"	0	0	0	0.000145751348199971	0	0	0	0.0127729707457767	0	0.0112876254180602	0	0	0	0	0	0.0075046904315197	1.50679456434852	0.120218579234973	0.0526315789473684	0.0550752481588216	0.15732454074423	0.764644351464435	38.9293333333333
"CFD"	0.698020676857825	0.0378553542495213	6.2393997141496	2.83100131176213	0.028502521376891	0.424003441353599	1.19748568730449	0.352286773794808	0.362161243734602	0.839464882943144	0.0228604923798359	0.0396172248803828	0.366007194244604	0.388461538461538	0.0281124497991968	0.427767354596623	0.34052757793765	1.18852459016393	0.0210526315789474	0.0147294268331732	0.480923221855864	1.34937238493724	92.538
"COL3A1"	0	0	0	7.28756740999854e-05	0	0	0	0.00824062628759786	0	0.00167224080267559	0	0	0	0	0	0.00187617260787992	0.440447641886491	0.0601092896174863	0.0210526315789474	0.0016010246557797	0.0970325011775789	1.30962343096234	30.8913333333333
"MGP"	0.00132543960413537	0.00176756517896597	0.000238208670795617	0.00131176213379974	0.00168091792735511	0.00143389733295096	0.000413149973440359	0.0251339101771735	0.000934500042477275	0.0104515050167224	0.00234466588511137	0.0030622009569378	0.00539568345323741	0.00384615384615385	0	0.00938086303939963	5.86810551558753	0.109289617486339	0.0315789473684211	0.0256163944924752	0.239284032030146	5.70606694560669	27.016
"FBLN1"	0	0	0	0	0	0	0	0.00494437577255871	0	0.00167224080267559	0	0	0	0	0	0.0619136960600375	0.136690647482014	0.0710382513661202	0	0.0185718860070445	0.223268959020254	0.118200836820084	20.3486666666667
"COL6A2"	0.0977732614650526	0.0245986154072765	0.00166746069556932	0.00182189185249964	0.0195132646349485	0.125704999522034	0.00755474237148085	0.0667490729295426	0.0180103644550166	0.0146321070234114	0.0140679953106682	0.0413397129186603	0.0179856115107914	0.0269230769230769	0.0441767068273092	0.0675422138836773	0.92326139088729	0.229508196721311	0.0421052631578947	0.260006404098623	0.358455016486105	5.6663179916318	22.3693333333333
"CXCL12"	0	0	0	0	0	0	0	0.00782859497321796	0	0.00125418060200669	0	0	0	0	0	0.00187617260787992	2.03517186250999	0.262295081967213	0	0.00032020493115594	0.06547338671691	2.80753138075314	16.3426666666667
"LUM"	0	0	0	0	0	0	0	0.00700453234445818	0	0.000418060200668896	0	0	0	0	0	0.00187617260787992	0.0751398880895284	0.0163934426229508	0	0.00032020493115594	0.0734809232218559	0.168410041841004	15.56
"CCDC80"	0.000883626402756914	0.000736485491235823	0.000714626012386851	0.00204051887479959	0.000511583717021121	0.0011949144441258	0.00106238564598949	0.00741656365883807	0.00127431823974174	0.0518394648829431	0.000586166471277843	0.000382775119617225	0.000899280575539568	0	0	0.0300187617260788	0.589928057553957	0.14207650273224	0.0210526315789474	0.0544348382965098	0.0942063118228921	1.01150627615063	15.6386666666667
"MMP2"	0	0	0	7.28756740999854e-05	0	0	0	0.00494437577255871	0	0.000418060200668896	0	0	0	0	0	0.0075046904315197	0.273381294964029	0.0655737704918033	0	0.000960614793467819	0.059349976448422	0.0910041841004184	15.782
"CXCL14"	4.41813201378457e-05	0	0	0.000145751348199971	0	0	5.90214247771941e-05	0.0325504738360115	0	0.0501672240802676	0	0	0	0	0	0.178236397748593	0.147082334132694	0.278688524590164	0.0210526315789474	0.364713416586615	4.28261893546868	0.183054393305439	14.684
"COL6A1"	0.00335778033047627	0.00567093828251583	0	0.000728756740999854	0.0062851713805452	0.0061179619539241	0.00112140707076669	0.0210135970333745	0.00229377283153513	0.00961538461538462	0.00527549824150059	0.0158851674641148	0.00359712230215827	0	0.00803212851405622	0.00938086303939963	0.638689048760991	0.163934426229508	0.0105263157894737	0.264809478065962	0.252472915685351	2.12029288702929	12.3866666666667
"PLPP3"	0.000353450561102766	0	0.00119104335397808	0.00189476752659962	0	0.000334576044355224	0.00112140707076669	0.00947672023073754	0.00552204570554753	0.0129598662207358	0	0.000191387559808612	0	0	0	0.0206378986866792	3.60991207034373	0.30327868852459	0.0526315789473684	0.0368235670829331	0.206311822892134	6.84100418410042	12.0373333333333
"CFH"	0.0271715118847751	0.069818824569156	0.00166746069556932	0.00204051887479959	0.000511583717021121	0.0726985947806137	0.00424954258395798	0.0304903172641121	0.0107042732138306	0.00668896321070234	0.0041031652989449	0.00191387559808612	0.026978417266187	0.00769230769230769	0.0682730923694779	0.00938086303939963	0.611510791366906	0.0491803278688525	0.0105263157894737	0.00256163944924752	0.0522845030617051	0.457112970711297	10.9486666666667
"SFRP2"	0	0	0	0.000145751348199971	0	0	0	0.00206015657189946	0	0	0	0	0	0	0	0.00187617260787992	0.026378896882494	0.0245901639344262	0.0210526315789474	0.00032020493115594	0.0301460197833255	0.0345188284518828	11.7993333333333
"SPARC"	0.00539012105681718	0.00169391662984239	0.00619342544068604	0.0191663022882962	0.00248483519695973	0.00563999617627378	0.0133978634244231	0.467655541821178	0.00577690935349588	0.0125418060200669	0.00527549824150059	0.00267942583732057	0.0278776978417266	0.0115384615384615	0	0.0300187617260788	7.22621902478018	0.103825136612022	0.0210526315789474	0.0118475824527698	0.291097503532737	4.85041841004184	13.794
"GCNT1"	0.0360519572324821	0.0189276771247606	0.121248213434969	0.0572074041684886	0.00211941825623036	0.0215084599942644	0.0292156052647111	0.177585496497734	0.0796024127092006	0.155100334448161	0.0164126611957796	0.00287081339712919	0.107913669064748	0.0230769230769231	0.00803212851405622	0.138836772983114	7.86810551558753	0.972677595628415	0.115789473684211	0.0195325008005123	1.39142722562412	2.55439330543933	8.16533333333333
"SOD3"	0	0	0	0	0	0	0	0.00412031314379893	0	0.000418060200668896	0	0	0	0	0	0.00938086303939963	0.199040767386091	0.0163934426229508	0.0210526315789474	0.00608389369196286	0.147903909561941	5.21861924686193	9.43933333333333
"CTSK"	0.0129893081205266	0.0103107968773015	0.0231062410671748	0.0389884856434922	0.00606592121610758	0.0132874486186789	0.020362391548132	0.0148331273176761	0.0146121824823719	0.0296822742474916	0.0082063305978898	0.00650717703349282	0.0143884892086331	0.0230769230769231	0.0120481927710843	0.0300187617260788	0.0711430855315747	0.136612021857924	0	0.010566762728146	0.095148374941121	0.251046025104602	8.93866666666667
"PLAC9"	0	0	0	0	0	0	0	0.0119489081170169	0	0.00543478260869565	0	0	0	0	0	0.0131332082551595	1.09352517985612	0.128415300546448	0.0421052631578947	0.0198527057316683	0.209138012246821	2.28765690376569	7.98333333333333
"SLIT3"	0	0	0	7.28756740999854e-05	0	0	5.90214247771941e-05	0.00782859497321796	0	0.00167224080267559	0	0	0	0	0	0.0075046904315197	0.448441247002398	0.0737704918032787	0.0210526315789474	0.00064040986231188	0.0829015544041451	4.30648535564854	7.77533333333333
"IGFBP5"	0	0	0	0	0	0	0	0.0127729707457767	0	0.000418060200668896	0	0	0	0	0	0.0168855534709193	0.878497202238209	0.0846994535519126	0	0.00608389369196286	0.221384832783797	7.71025104602511	8.03866666666667
"IGFBP6"	0.00609702217902271	0.00515539843865076	0.116484040019057	0.0010202594373998	0.00138858437477161	0.00769524902017016	0.00118042849554388	0.0111248454882571	0.00348313652196075	0.00585284280936455	0.00117233294255569	0.0260287081339713	0.00899280575539568	0.00769230769230769	0.00401606425702811	0.0131332082551595	0.184652278177458	0.0327868852459016	0	0.0064040986231188	0.0447479981158738	0.626569037656904	7.52533333333333
"COL6A3"	0.000971989043032606	0.00243040212107821	0.000476417341591234	0.000437254044599913	0.00299641891398085	0.00109932128859574	0.000177064274331582	0.0111248454882571	0.000424772746580579	0.00209030100334448	0.00527549824150059	0.00440191387559809	0.000899280575539568	0.00384615384615385	0	0.00562851782363977	0.495603517186251	0.0327868852459016	0	0.00064040986231188	0.0386245878473858	1.39435146443515	6.85466666666667
"SERPING1"	0.00914553326853406	0.000294594196494329	0.0578847070033349	0.0793616090948841	0.000146166776291749	0.00750406270911003	0.00820397804402998	0.0148331273176761	0.00560700025486365	0.0313545150501672	0	0.000382775119617225	0.190647482014388	0.00384615384615385	0	0.0281425891181989	2.43485211830536	0.243169398907104	0	0.00544348382965098	0.0626471973622233	1.68828451882845	6.596
"LMNA"	0.136299372625254	0.290396229194285	0.21033825631253	0.626074916192975	0.00445808667689834	0.157728706624606	0.0711798382812961	1.45941491553358	0.0903916404723473	2.05434782608696	0.250879249706917	0.00708133971291866	0.123201438848921	0.2	0.168674698795181	1.76735459662289	11.2997601918465	9.83060109289617	4.7578947368421	1.129362792187	9.48798869524258	8.40481171548117	11.726
"C1S"	0.00110453300344614	0.000810134040359405	0.000714626012386851	0.00160326483019968	0.000511583717021121	0.0011949144441258	0.000590214247771941	0.00865265760197775	0.000849545493161159	0.00334448160535117	0.00234466588511137	0.000956937799043062	0.00179856115107914	0.00384615384615385	0	0.0150093808630394	0.265387689848121	0.0546448087431694	0	0.0272174191482549	0.116344795101272	0.699790794979079	6.27533333333333
"SLIT2"	0	0	0	0	0	0	0	0.00329625051503914	0	0.00125418060200669	0	0	0	0	0	0.0187617260787993	0.135091926458833	0.0355191256830601	0.0315789473684211	0.0486711495357028	0.234102684879887	0.414225941422594	6.21266666666667
"MFAP4"	0.000132543960413537	0	0.000952834683182468	0.000291502696399942	0	0	0.000118042849554388	0.00206015657189946	0	0	0	0	0	0	0	0.00375234521575985	0.096722621902478	0.0163934426229508	0	0.00032020493115594	0.0277908619877532	1.06694560669456	6.00333333333333
"FN1"	0.00150216488468675	0.00139932243334806	0.0014292520247737	0.00896370791429821	0.00277716874954323	0.00234203231048657	0.00224281414153338	0.00824062628759786	0.00314331832469629	0.00668896321070234	0.00117233294255569	0.00344497607655502	0.00269784172661871	0.00384615384615385	0	0.00562851782363977	1.77537969624301	0.0655737704918033	0.0210526315789474	0.0262568043547871	0.0414507772020725	1.26987447698745	6.46333333333333
"TIMP2"	0.224927100821773	0.0150243040212108	1.00762267746546	1.15653694796677	0.0178323467075934	0.175031067775547	0.54647937201204	0.183765966213432	0.146631552119616	0.907190635451505	0.0240328253223916	0.0214354066985646	0.262589928057554	0.546153846153846	0.0321285140562249	0.161350844277674	2.39968025579536	0.937158469945355	0.0842105263157895	0.0672430355427474	0.113047574187471	2.1265690376569	10.4306666666667
"ZBTB20"	0.160068922859415	0.191338930623067	0.151500714626012	0.108803381431278	0.170503544544325	0.161456839690278	0.0639792244584784	0.374948496085703	0.266587375753972	0.239130434782609	0.14947245017585	0.194641148325359	0.277877697841727	0.542307692307692	0.244979919678715	0.290806754221388	7.84012789768185	1.24590163934426	1.01052631578947	0.0352225424271534	1.58784738577485	3.6244769874477	8.244
"NFIA"	0.0474949191481841	0.0448519664162616	0.0736064792758456	0.0821308847106836	0.0301103559161003	0.0623267374056018	0.0581951248303134	0.0840543881334982	0.0252315011468864	0.0514214046822742	0.0181711606096131	0.0501435406698565	0.0836330935251798	0.0307692307692308	0.0321285140562249	0.390243902439024	5.93445243804956	0.581967213114754	0.315789473684211	0.0249759846301633	2.42910975035327	2.96338912133891	6.45
"FBLN2"	0.00212070336661659	0.000368242745617911	0.000238208670795617	0.000218627022299956	0.000438500328875247	0.00162508364401109	0.000413149973440359	0.00535640708693861	0.00959986407272109	0.0957357859531773	0.0041031652989449	0.0143540669856459	0.0134892086330935	0	0	0.00938086303939963	0.796962430055955	0.0245901639344262	0	0	0.0334432406971267	0.047071129707113	5.82333333333333
"CRCT1"	0.000574357161791994	0	0	0.00138463780789972	0	0	0.000944342796435106	2.32097239390194	0	4.01797658862876	0	0	0	0	0	0.200750469043152	0.486011191047162	1.92896174863388	0.0315789473684211	347.924431636247	16.25529910504	2.19874476987448	0.0646666666666667
"CNFN"	0.0142263850843863	0.00360877890705553	0.0114340161981896	0.0327940533449934	0.00336183585471022	0.0071694866647548	0.0139290562474178	2.28388957560775	0.106617959391725	3.30309364548495	0	0.00478468899521531	0.00809352517985612	0.0115384615384615	0.00803212851405622	0.232645403377111	0.737809752198241	1.99180327868852	0.0210526315789474	335.170669228306	21.8921337729628	1.8755230125523	0.111333333333333
"LCE3D"	0.000265087920827074	0	0	0.00123888645969975	0	0	0.000177064274331582	2.19530284301607	0	2.48285953177258	0	0	0	0	0	0.101313320825516	0.214228617106315	0.882513661202186	0.0105263157894737	238.432276657061	10.6622703721149	1.46548117154812	0.04
"S100A7"	0.00030926924096492	0	0	0.00167614050429966	0	0	0.000472171398217553	1.09559126493614	0	1.89255852842809	0	0	0	0	0	0.287054409005629	0.191846522781775	2.02185792349727	0.0105263157894737	189.375920589177	33.2044276966557	0.72907949790795	0.104
"SPRR2E"	0.000132543960413537	0	0	0.000874508089199825	0	0	0.000413149973440359	0.878862793572311	0	1.44983277591973	0	0	0	0	0	0.0956848030018762	0.227817745803357	0.890710382513661	0	126.50144092219	6.98634008478568	0.744769874476987	0.0326666666666667
"SPRR1B"	0.000176725280551383	0	0	0.000145751348199971	0	0	0.000118042849554388	0.533168520807581	0	0.842391304347826	0	0	0	0	0	0.0675422138836773	0.202238209432454	0.581967213114754	0.0315789473684211	101.085174511687	16.3240697126707	0.399581589958159	0.0533333333333333
"SLPI"	0.000530175841654149	0	0.00952834683182468	0.00225914589709955	7.30833881458744e-05	0.000191186311060128	0.000767278522103524	0.412031314379893	0.000509727295896695	0.974916387959866	0	0	0.000899280575539568	0	0	0.099437148217636	0.195043964828137	0.923497267759563	0	77.8783221261607	8.33772962788507	0.472803347280335	3.69666666666667
"SPRR2G"	8.83626402756914e-05	0	0	0.000874508089199825	0	0	0.000354128548663165	0.30861145447054	0	0.888377926421405	0	0	0	0	0	0.0619136960600375	0.139888089528377	0.754098360655738	0	45.0714056996478	1.98210080075365	0.478033472803347	0.0193333333333333
"CSTA"	0.544137138817708	0.0151716011194579	1.82801333968556	3.19800320652966	0.0123510925966528	0.466781378453303	1.67679867792008	0.723114956736712	0.309829241355875	4.23202341137124	0.0105509964830012	0.0105263157894737	0.313848920863309	0.392307692307692	0.0160642570281124	0.562851782363977	0.320543565147882	1.16939890710383	0.0526315789473684	95.8722382324688	19.2557701365992	0.430962343096234	0.142666666666667
"MTRNR2L1"	0.00503667049571441	0.00162026808071881	0.00452596474511672	0.00524704853519895	0.00065775049331287	0.00329796386578721	0.00826299946880718	0.53934899052328	0.00348313652196075	1.37416387959866	0.00117233294255569	0.00133971291866029	0.00719424460431655	0.0115384615384615	0	1.74108818011257	0.493205435651479	4.69672131147541	0.0210526315789474	11.0137688120397	6.9119170984456	1.30334728033473	0.088
"CST6"	0.000176725280551383	0	0.000476417341591234	0.00138463780789972	0.000146166776291749	4.7796577765032e-05	0.000177064274331582	0.304491141326741	8.49545493161159e-05	0.466137123745819	0	0	0	0.00769230769230769	0	0.110694183864916	0.191047162270184	0.814207650273224	0	29.8815241754723	1.88977861516722	0.339958158995816	0.0226666666666667
"CCL20"	0.00384377485199258	0.00640742377375166	0.00571700809909481	0.0358548316571928	0.000146166776291749	0.00669152088710448	0.0126896063270967	0.239390193654718	0.00280350012743182	0.360785953177258	0.0082063305978898	0	0.000899280575539568	0	0.00401606425702811	0.050656660412758	0.0399680255795364	1.55737704918033	0	31.4133845661223	1.06971267074894	0.101464435146444	0.0113333333333333
"MTRNR2L8"	0.196076698771759	0.121593754603034	0.428299190090519	0.404824369625419	0.0640941314039319	0.159640569735207	0.247476834090775	0.533580552121961	0.205674963894317	1.41095317725753	0.0814771395076202	0.089377990430622	0.256294964028777	0.161538461538462	0.1285140562249	1.17636022514071	0.343725019984013	1.84153005464481	0.0315789473684211	15.9081011847582	4.0880829015544	0.753138075313807	0.066
"KRT23"	0.00141380224441106	7.36485491235823e-05	0.000952834683182468	0.00859932954379828	0.000146166776291749	0.00129050759965586	0.00607920675205099	0.0964153275648949	0.00127431823974174	0.293478260869565	0.000586166471277843	0	0	0	0	0.0281425891181989	0.0343725019984013	0.109289617486339	0	34.4261927633686	2.19453603391427	0.098326359832636	0.00933333333333333
"SPRR2A"	4.41813201378457e-05	0	0	7.28756740999854e-05	0	0	0	0.174289245982695	0	0.245819397993311	0	0	0	0	0	0.00375234521575985	0.0191846522781775	0.0846994535519126	0	24.2407941082293	1.20018841262365	0.0407949790794979	0.002
"TMEM40"	0.00101617036317045	0.000957431138606569	0.000476417341591234	0.00218627022299956	0.00124241759847987	0.000812541822005544	0.000885321371657912	0.570663370416152	0.00186900008495455	0.279682274247492	0.00175849941383353	0	0.000899280575539568	0	0	0.0544090056285178	0.0647482014388489	0.109289617486339	0.0105263157894737	24.3925712455972	3.86528497409326	0.156903765690377	0.038
"SPRR2B"	0	0	0	7.28756740999854e-05	0	0	0	0.106304079110012	0	0.23494983277592	0	0	0	0	0	0.00187617260787992	0.00799360511590727	0.087431693989071	0	21.4815882164585	0.95148374941121	0.0774058577405858	0.002
"RNASE7"	0.000132543960413537	0	0	0	0	0	0	0.0799340749896992	0	0.170150501672241	0	0	0	0	0	0.00938086303939963	0.017585931254996	0.114754098360656	0.0105263157894737	17.2030099263529	0.753650494583137	0.104602510460251	0.00333333333333333
"PRSS22"	0.00198815940620306	0.00147297098247165	0.000238208670795617	0	0.000146166776291749	0.0035847433323774	0.000472171398217553	0.0778739184177998	0.000509727295896695	0.175167224080268	0	0.000574162679425837	0	0	0	0.0187617260787993	0.0191846522781775	0.133879781420765	0	17.959013768812	2.03862458784739	0.0428870292887029	0.00333333333333333
"KRT17"	4.41813201378457e-05	0	0	0.000583005392799883	0	0	0.000295107123885971	0.161928306551298	0	0.458612040133779	0	0	0	0	0	0.296435272045028	0.180655475619504	1.12295081967213	0.0315789473684211	21.0742875440282	9.84926990108337	0.445606694560669	0.202666666666667
"LCE1C"	4.41813201378457e-05	0	0	0.000145751348199971	0	0	0	0.106304079110012	0	0.239548494983278	0	0	0	0	0	0.0975609756097561	0.136690647482014	0.680327868852459	0	14.1882804995197	0.532736693358455	0.29602510460251	0.01
"CDSN"	0	0	0	0	0	0	0.000118042849554388	0.0601565718994644	0	0.138377926421405	0	0	0	0	0	0.0112570356472795	0.0503597122302158	0.0819672131147541	0	19.8629522894653	1.61328308996703	0.0794979079497908	0.012
"ELOC"	8.83626402756914e-05	0	0	0.000364378370499927	0	0	0.000177064274331582	0.258755665430573	0	0.413879598662207	0.00234466588511137	0	0	0	0	0.210131332082552	2.91446842525979	1.34153005464481	0.273684210526316	18.6493756003842	3.77908619877532	1.94037656903766	1.16266666666667
"SPINK5"	0	0	0	0.000218627022299956	0	0	0.000118042849554388	0.0811701689328389	0	0.104096989966555	0	0	0	0	0	0.0450281425891182	0.179056754596323	0.122950819672131	0	17.0518731988473	6.89166274140367	0.146443514644351	0.0693333333333333
"GADD45A"	0.130599982327472	0.156945058182354	0.0893282515483564	0.0745518146042851	0.0611707958780969	0.147787018449479	0.0538865608215782	0.38483724763082	0.0793475490612522	0.905518394648829	0.192262602579132	0.106028708133971	0.24910071942446	0.292307692307692	0.0803212851405622	0.418386491557223	5.64108713029576	1.27049180327869	0.0842105263157895	17.2391930835735	4.21243523316062	1.918410041841	1.652
"LCE3E"	0	0	0	0	0	0	5.90214247771941e-05	0.0791100123609394	0	0.130016722408027	0	0	0	0	0	0.00562851782363977	0.0119904076738609	0.0683060109289618	0	12.5654819084214	0.555346208195949	0.0721757322175732	0.000666666666666667
"LCN2"	0.00061853848192984	0.000147297098247165	0	0.000583005392799883	0.000803917269604619	0.000382372622120256	0.000472171398217553	0.124433456942728	0.000594681845212811	0.14005016722408	0	0.000191387559808612	0.00179856115107914	0	0	0.00187617260787992	0.00159872102318145	0.0437158469945355	0	12.9721421709894	1.42392840320301	0.0303347280334728	0.00133333333333333
"GADD45B"	1.17084916497305	0.864486669612609	1.14602191519771	1.68080454744206	0.294672221004166	1.33921231239843	0.599362568612406	1.20683971981871	0.795004672500212	3.90677257525084	0.698124267291911	0.453397129186603	1.71492805755396	0.511538461538461	0.887550200803213	1.80863039399625	25.4724220623501	6.96174863387978	4.16842105263158	40.3176432917067	8.45219029674988	35.0648535564854	13.7846666666667
"MTRNR2L10"	0.000132543960413537	0.000147297098247165	0.000238208670795617	0.000583005392799883	0	0.000334576044355224	0.000236085699108776	0.127317676143387	0.000169909098632232	0.322324414715719	0.000586166471277843	0.000574162679425837	0	0	0	0.120075046904315	0.0463629096722622	0.344262295081967	0	4.16490553954531	0.747056052755535	0.150627615062762	0.01
"SERPINB7"	4.41813201378457e-05	0	0	7.28756740999854e-05	0	0	0.000177064274331582	0.0799340749896992	0	0.111204013377926	0	0	0	0	0	0.024390243902439	0.0863309352517986	0.0601092896174863	0.0421052631578947	11.1274415626001	1.40037682524729	0.0648535564853557	0.0386666666666667
"SDCBP2"	0.00379959353185473	0.00301959051406687	0.00476417341591234	0.00437254044599913	0.00190016809179274	0.00310677755472708	0.00106238564598949	0.0593325092707046	0.00203890918358678	0.137123745819398	0.00644783118405627	0.00133971291866029	0.00359712230215827	0	0.00401606425702811	0.026266416510319	0.254996003197442	0.117486338797814	0	12.7566442523215	1.69477154969383	0.0972803347280335	0.0526666666666667
"HOPX"	1.32451179641248	0.273825305641479	0.0257265364459266	0.0144293834717971	0.0111086749981729	0.79882420418698	0.060496960396624	0.434281005356407	0.258601648118257	0.336538461538462	0.0398593200468933	0.0147368421052632	0.276079136690647	0.123076923076923	0.21285140562249	1.60600375234522	0.469224620303757	0.251366120218579	0.0105263157894737	32.0336215177714	12.6636834667923	0.777196652719665	0.202
"CPA4"	4.41813201378457e-05	0	0	0	0	0	0	0.0482076637824475	0	0.0948996655518395	0	0	0	0	0	0.0375234521575985	0.0415667466027178	0.112021857923497	0	8.41210374639769	0.791804050871408	0.104602510460251	0.0153333333333333
"FAM25A"	0	0	0	0	0	0	0	0.061392665842604	0	0.096989966555184	0	0	0	0	0	0.0112570356472795	0.0199840127897682	0.112021857923497	0	7.99327569644573	0.580310880829015	0.0836820083682008	0.006
"KRT80"	4.41813201378457e-05	0	0	0.000145751348199971	0	4.7796577765032e-05	0.000177064274331582	0.0358467243510507	0	0.0677257525083612	0	0	0	0	0	0.0187617260787993	0.0503597122302158	0.0601092896174863	0	9.27025296189561	1.63730569948187	0.0763598326359833	0.0226666666666667
"CLDN4"	4.41813201378457e-05	0	0	7.28756740999854e-05	0	0	5.90214247771941e-05	0.0704573547589617	0	0.164715719063545	0	0	0	0	0	0.075046904315197	0.170263788968825	0.37431693989071	0.0105263157894737	10.2542427153378	3.85869053226566	0.128661087866109	0.0826666666666667
"PHLDA2"	0.0182468852169303	0.0164972750036824	0.0350166746069557	0.132415099839674	0.00153475115106336	0.020887104483319	0.0303370123354778	0.201483312731768	0.0141874097357914	0.679347826086957	0.0117233294255569	0.00114832535885167	0.0134892086330935	0.0269230769230769	0.00803212851405622	0.195121951219512	0.370903277378098	1.51639344262295	1.11578947368421	10.2779378802434	6.45454545454545	2.0407949790795	0.412666666666667
"GABARAPL2"	0.496774763629937	0.535130357931949	0.707717960933778	0.666375163970267	0.321055324124826	0.561466399005831	0.358082984123237	0.623815409971158	0.689576076798913	2.64172240802676	0.454865181711606	0.375311004784689	1.53057553956835	1.03846153846154	0.44578313253012	1.30206378986867	3.5427657873701	1.7103825136612	0.378947368421053	20.2395132885046	3.23410268487989	1.19037656903766	1.55
"SPRR2D"	0	0	0	0	0	0	0.000118042849554388	0.0469715698393078	0	0.126254180602007	0	0	0	0	0	0.00187617260787992	0.017585931254996	0.0491803278688525	0	10.0092859430035	1.41780499293453	0.0418410041841004	0.00333333333333333
"JPT1"	8.83626402756914e-05	0	0	0.000291502696399942	0	0	0.000236085699108776	0.236093943139679	0	0.559364548494983	0	0	0	0	0	0.26078799249531	0.474020783373301	0.633879781420765	0.0947368421052632	8.71821966058277	2.11964201601507	0.234309623430962	0.268666666666667
"IER3"	0.440045948572943	0.0586242451023715	0.378989995235827	2.60931351114998	0.04304611561792	0.390402447184782	0.91648468394027	0.336629583848372	0.226488828476765	1.438127090301	0.0492379835873388	0.0342583732057416	0.276978417266187	0.376923076923077	0.0562248995983936	0.570356472795497	7.34692246203038	4.6775956284153	0.136842105263158	15.700288184438	3.6156382477626	2.96652719665272	4.008
"RHCG"	4.41813201378457e-05	0	0	0	0	0	0	0.0313143798928719	0	0.0798494983277592	0	0	0	0	0	0.00187617260787992	0.0127897681854516	0.0573770491803279	0	10.0461095100865	0.778144135657089	0.0198744769874477	0.004
"CCL4L2"	0.135459927542635	0.00338783325968478	0.107193901858028	0.227080600495555	0.00124241759847987	0.104626708727655	0.0352357905919849	0.454882571075402	0.0203041372865517	0.15133779264214	0.00117233294255569	0.00229665071770335	0.0287769784172662	0.0153846153846154	0.00803212851405622	0.127579737335835	0.0487609912070344	21.3005464480874	1.50526315789474	0.0080051232788985	0.0395666509656147	0.0156903765690377	0.118666666666667
"CXCL3"	0.00485994521516303	0.000368242745617911	0.0278704144830872	0.0409561288441918	0.000584667105166996	0.00683491062039958	0.0159948061146196	0.0255459414915534	0.00271854557811571	0.0932274247491639	0	0.000956937799043062	0.0107913669064748	0	0	0.0544090056285178	0.993605115907274	14.6584699453552	0.0315789473684211	0.544028178033942	0.192651907677814	0.807531380753138	1.56066666666667
"RNASE1"	0.00366704957144119	7.36485491235823e-05	0.00214387803716055	0.0263809940241947	0.000219250164437623	0.00315457413249211	0.00708257097326329	0.0107128141738772	0.0032282728740124	0.040133779264214	0	0.000574162679425837	0.0107913669064748	0	0	0.0150093808630394	3.27258193445244	8.31693989071038	0.0210526315789474	0.0326609029779059	0.0584079133301931	0.0167364016736402	0.0393333333333333
"CXCL2"	0.0325174516214544	0.00103107968773015	0.0828966174368747	0.224529951902055	0.000584667105166996	0.0296338782143199	0.0737177595467155	0.0222496909765142	0.0197094554413389	0.182692307692308	0.00175849941383353	0.00114832535885167	0.0233812949640288	0	0.00401606425702811	0.178236397748593	4.67545963229416	14.6693989071038	0.0947368421052632	0.662504002561639	0.464437117286858	3.44979079497908	3.79866666666667
"INSIG1"	0.168507555005744	0.0697451760200324	1.00071462601239	0.24996356216295	0.0490389534458818	0.111079246725934	0.0750162308918137	0.371240214256283	0.131509642341347	1.02341137123746	0.0832356389214537	0.0579904306220096	0.156474820143885	0.173076923076923	0.0481927710843374	1.00750469043152	3.89208633093525	18.8114754098361	0.189473684210526	1.15081652257445	1.07724917569477	0.543933054393305	0.837333333333333
"CD83"	0.190863302995494	0.0320371188687583	1.1848499285374	0.997303600058301	0.0165168457209676	0.145062613516872	0.273977453815735	0.283889575607746	0.607425027610229	2.00334448160535	0.02989449003517	0.018755980861244	0.219424460431655	0.111538461538462	0.0321285140562249	0.388367729831144	1.94324540367706	15.4672131147541	0.8	2.23855267371118	0.463495054168629	0.410041841004184	0.400666666666667
"GPAT3"	0.0420164354510913	0.0160553837089409	0.132444020962363	0.170091823349366	0.00540817072279471	0.0317369276359813	0.103346514784867	0.207251751133086	0.0231076374139835	0.917224080267559	0.00644783118405627	0.00440191387559809	0.0350719424460432	0.0346153846153846	0.00401606425702811	0.575984990619137	0.386091127098321	13.4262295081967	2.78947368421053	1.27985910983029	0.452190296749882	0.098326359832636	0.191333333333333
"RBM47"	0.115622514800742	0.00405067020179702	0.396617436874702	0.59954817082058	0.00409266973616897	0.0954497657967689	0.319778079442838	0.0910589204779563	0.0812165491462068	0.58695652173913	0.0041031652989449	0.00325358851674641	0.336330935251799	0.469230769230769	0.0120481927710843	0.328330206378987	0.163868904876099	9.68579234972678	0.0842105263157895	0.536343259686199	2.59302873292511	0.117154811715481	0.273333333333333
"HSPA6"	0.0310594680569055	0.000810134040359405	0.180800381133873	0.121046494680076	0.000438500328875247	0.0198833763502533	0.0438529186094552	0.397610218376597	0.0169059553139071	0.370401337792642	0.00117233294255569	0.000956937799043062	0.012589928057554	0.0307692307692308	0	0.206378986866792	1.76019184652278	8.19672131147541	0.642105263157895	2.1511367275056	1.57936881771079	3.70292887029289	1.824
"PID1"	0.0652558098435981	0.00139932243334806	0.212243925678895	0.520332313073896	0.00168091792735511	0.0563521651849728	0.0928997225993035	0.103831891223733	0.0400985472772067	0.603678929765886	0	0.00210526315789474	0.033273381294964	0.0307692307692308	0.00803212851405622	0.313320825515947	1.78177458033573	9.51639344262295	0.0315789473684211	0.00544348382965098	0.79086198775318	0.582635983263598	3.55466666666667
"LGMN"	0.00742246178315808	0.00950066283694211	0.0109575988565984	0.0127532429674974	0.0155667616750713	0.005974572220629	0.00413149973440359	0.0226617222908941	0.0346614561209753	0.398829431438127	0.00879249706916764	0.0235406698564593	0.717625899280576	0.103846153846154	0.00803212851405622	0.131332082551595	0.86810551558753	5.17486338797814	0.0210526315789474	0.723342939481268	0.420160150730099	0.78347280334728	0.794666666666667
"PLAUR"	0.188256605107361	0.0161290322580645	0.954740352548833	0.976752659962105	0.0062851713805452	0.136937195296817	0.455763442129493	0.238154099711578	0.0976127771642171	1.38419732441472	0.00879249706916764	0.00708133971291866	0.224820143884892	0.142307692307692	0.00401606425702811	0.382739212007505	0.811350919264588	12.4781420765027	1.37894736842105	0.800192122958694	0.510127178520961	1.01882845188285	1.27066666666667
"IL1R2"	0.00424140673323319	0.000220945647370747	0.00500238208670796	0.0204780644220959	0.000146166776291749	0.0022464391549565	0.00761376379625804	0.0103007828594973	0.00331322742332852	0.455267558528428	0.000586166471277843	0.000191387559808612	0.00899280575539568	0	0	0.309568480300188	0.0751398880895284	9.26229508196721	0.0210526315789474	1.46845981428114	0.542157324540744	0.0847280334728033	0.0553333333333333
"C1QA"	0.073031722187859	0.00110472823685373	1.66007622677465	0.060195306806588	0.00102316743404224	0.00798202848676035	0.00920734226524228	0.011536876802637	0.0304137286551695	0.154682274247492	0.00117233294255569	0.000956937799043062	0.0323741007194245	0	0	0.0225140712945591	0.008792965627498	5.35792349726776	0	0.00448286903618316	0.00989166274140367	0.0104602510460251	0.0126666666666667
"ATP13A3"	0.135239020941946	0.0874208278096922	0.175083373034778	0.305713452849439	0.0569319593656362	0.127951438676991	0.149029097562415	0.23238566131026	0.111885141449325	0.432274247491639	0.117233294255569	0.0685167464114833	0.224820143884892	0.261538461538462	0.104417670682731	0.778611632270169	2.34932054356515	9.45628415300546	0.736842105263158	0.398975344220301	2.30522845030617	1.01255230125523	1.402
"FMNL2"	0.0155960060086595	0.00176756517896597	0.28370652691758	0.0193120536364961	0.00168091792735511	0.00396711595449766	0.00737767809714927	0.0585084466419448	0.00985472772066944	0.204013377926421	0.00117233294255569	0.00191387559808612	0.0746402877697842	0.0192307692307692	0.00401606425702811	0.185741088180113	6.08233413269384	6.91530054644809	1.37894736842105	0.00864553314121038	1.26848798869524	0.771966527196653	2.40733333333333
"ATP5F1E"	0.00030926924096492	0	0	0.00357090803089929	0	0	0.00129847134509827	0.915945611866502	0	2.89548494983278	0	0	0	0	0	0.544090056285178	3.47801758593125	7.26502732240437	0.294736842105263	3.27889849503682	3.44465379180405	1.84414225941423	1.53466666666667
"FNIP2"	0.0884068215958293	0.0402857563705995	0.38804192472606	0.216440752076957	0.0269677702258277	0.0673931746486952	0.0782033878297822	0.0733415739596209	0.0406082745731034	0.589046822742475	0.0269636576787808	0.0386602870813397	0.0908273381294964	0.0384615384615385	0.036144578313253	0.161350844277674	2.48121502797762	6.66120218579235	0.378947368421053	0.178674351585014	0.389543099387659	0.370292887029289	0.37
"BCAT1"	0.0252717151188478	0.00243040212107821	0.193663649356837	0.094957003352281	0.00102316743404224	0.0140521938629194	0.0355899191406481	0.0156571899464359	0.0181802735536488	0.221153846153846	0.00234466588511137	0.00076555023923445	0.179856115107914	0.0423076923076923	0.00803212851405622	0.170731707317073	0.151878497202238	5.86612021857924	0.0105263157894737	0.0310598783221262	0.035798398492699	0.0669456066945607	0.0926666666666667
"MMP9"	0.00234160996730582	0.00132567388422448	0.000714626012386851	0.00641305932079872	0.000438500328875247	0.00157728706624606	0.00466269255739834	0.011536876802637	0.00110440914110951	0.0380434782608696	0.00117233294255569	0.000191387559808612	0.00449640287769784	0	0	0.026266416510319	0.008792965627498	5.17486338797814	0	0.0429074607748959	0.041921808761187	0.0135983263598326	0.00933333333333333
"ABCA1"	0.0303967482548379	0.00898512299307704	0.116722248689852	0.14808336977117	0.0101585909522765	0.0243762546601663	0.0554801392905625	0.0276060980634528	0.0686432758474216	0.0689799331103679	0.00879249706916764	0.0076555023923445	0.052158273381295	0.0269230769230769	0	0.170731707317073	1.82174260591527	5.62841530054645	1.93684210526316	0.010886967659302	0.927461139896373	1.26150627615063	2.862
"KYNU"	0.0871255633118318	0.00301959051406687	0.556931872320152	0.414881212651217	0.00241175180881386	0.0622311442500717	0.195951130260284	0.0552121961269056	0.200407781836717	0.875418060200669	0.00293083235638921	0.00210526315789474	0.305755395683453	0.2	0.00401606425702811	0.198874296435272	0.107913669064748	7.20491803278689	0	0.0409862311879603	0.0390956194065002	0.0407949790794979	0.0313333333333333
"CTSL"	0.0474507378280463	0.0209898365002209	0.754406860409719	0.0784142253315843	0.0306950230212673	0.0141955835962145	0.0202443486985776	0.0366707869798105	0.0186050463002294	0.0735785953177258	0.00644783118405627	0.00382775119617225	0.0116906474820144	0.0153846153846154	0.0321285140562249	0.050656660412758	0.909672262190248	4.48633879781421	0.0210526315789474	0.779699007364713	0.201601507300989	0.814853556485356	1.59066666666667
"ALCAM"	0.0366704957144119	0.0294594196494329	0.0700333492139114	0.15252878589127	0.00584667105166996	0.0360864162125992	0.0677565956442188	0.0580964153275649	0.09973664089712	1.01295986622074	0.0269636576787808	0.00650717703349282	0.60521582733813	0.273076923076923	0.0321285140562249	0.23827392120075	0.776179056754596	5.82786885245902	0.2	0.0365033621517771	0.675459255770137	0.852510460251046	0.736
"CXCL8"	0.744322700362287	0.0257769921932538	1.46426869938066	5.11310304620318	0.0181977636483227	0.632635503297964	2.37171693324677	0.373712402142563	0.380001699090986	2.72826086956522	0.0246189917936694	0.0233492822966507	0.360611510791367	0.361538461538462	0.0321285140562249	1.41275797373358	0.58193445243805	66.431693989071	0.0526315789473684	11.2042907460775	0.597268016957136	0.300209205020921	0.123333333333333
"HSPH1"	0.195811610850932	0.197230814552953	0.47879942829919	0.175120244862265	0.134400350800263	0.207580537233534	0.0775541521572331	0.953028430160692	0.223260555602753	0.839882943143813	0.162368112543962	0.210143540669856	0.41636690647482	0.338461538461538	0.180722891566265	1.12382739212007	5.35651478816946	11.5	3.23157894736842	2.51681075888569	2.8761186999529	2.6663179916318	5.122
"CTSB"	0.438587965008394	0.174473412873766	1.63411148165793	2.15282028858767	0.0944968208726157	0.365930599369085	0.938971846780381	0.312731767614339	0.282303967377453	1.4878762541806	0.0978898007033998	0.0533971291866029	1.83902877697842	0.480769230769231	0.116465863453815	0.583489681050657	1.28617106314948	13.5956284153005	0.136842105263158	1.03073967339097	0.811116344795101	0.76255230125523	1.28533333333333
"SIPA1L1"	0.136166828664841	0.0899248784798939	0.417818008575512	0.318903949861536	0.0596360447270335	0.129337539432177	0.156406775659564	0.395550061804697	0.295217058873503	0.351170568561873	0.070926143024619	0.0721531100478469	0.0926258992805755	0.223076923076923	0.0763052208835341	0.442776735459662	1.02797761790568	8.03005464480874	0.536842105263158	0.0874159462055716	1.51813471502591	1.30962343096234	0.79
"SIK3"	0.20959618273394	0.165267344233319	0.346355407336827	0.368896662294126	0.0890886501498209	0.227033744383902	0.196010151685062	2.73259167696745	0.281454421884292	0.630016722408027	0.107268464243845	0.0876555023923445	0.224820143884892	0.396153846153846	0.116465863453815	0.818011257035647	13.0583533173461	8.60928961748634	1.82105263157895	0.47870637207813	4.74375883184173	11.4476987447699	5.524
"HMOX1"	0.190642396394804	0.00419796730004419	2.08408766079085	0.611208278676578	0.00475042022948184	0.0788643533123028	0.197603730154046	0.088586732591677	0.0993118681505395	0.625418060200669	0.00879249706916764	0.00421052631578947	0.0656474820143885	0.134615384615385	0	0.161350844277674	1.94724220623501	11.6639344262295	0.147368421052632	0.939801472942683	0.131417804992935	0.319037656903766	0.662
"NFKB1"	0.256295838119643	0.292016497275004	0.421391138637446	0.483165719282903	0.193744061974713	0.245483223401204	0.20403706545476	0.852080758137618	0.295641831620083	1.41596989966555	0.186400937866354	0.298564593301435	0.425359712230216	0.376923076923077	0.261044176706827	1.11632270168856	2.85851318944844	16.5846994535519	1.66315789473684	2.30387447966699	4.87376354215732	2.93096234309623	3.47666666666667
"ATP1B3"	0.397587699920474	0.204890263661806	1.36588851834207	0.706311033377059	0.0923043192282394	0.326880795335054	0.278581124948356	1.91553358055212	0.250785829581174	1.66304347826087	0.184642438452521	0.119808612440191	0.606115107913669	0.588461538461538	0.224899598393574	1.84427767354597	4.85131894484412	13.7732240437158	2.47368421052632	1.64425232148575	7.08996702779086	29.3378661087866	3.27733333333333
"HSPD1"	0.459088097552355	0.561791132714686	0.761314911862792	0.591677598017782	0.50646787985091	0.488911193958513	0.255975919258691	1.21466831479192	0.574972389771472	2.0940635451505	0.400937866354045	0.64555023923445	1.20503597122302	2.25384615384615	0.57429718875502	3.75609756097561	8.56354916067146	11.9071038251366	2.33684210526316	0.411143131604227	3.96702779086199	4.89539748953975	4.30533333333333
"FTH1"	14.7283290624724	8.95139195757844	90.1662696522153	55.114414808337	4.31886282248045	11.9579390115668	19.1027563005371	16.6320560362588	13.143233370147	79.4552675585284	6.30363423212192	5.02526315789474	28.261690647482	13.1307692307692	7.63453815261044	20.7842401500938	34.1526778577138	223.114754098361	84.6210526315789	13.0080051232789	14.8162976919454	32.7207112970711	47.3453333333333
"HSP90AA1"	3.67672528055138	3.44616291059066	6.00452596474512	3.74930768109605	1.6651319155156	3.97576713507313	1.66664699285841	6.88051091882983	3.24925664769348	8.95652173913044	2.82649472450176	2.16172248803828	6.78597122302158	4.30769230769231	3.58232931726908	18.0769230769231	30.8952837729816	47.4754098360656	16.2421052631579	13.7438360550752	28.2727272727273	26.8734309623431	31.4613333333333
"DNAJB1"	0.536582133074136	1.07799381352187	0.532634587899	0.331147063110334	0.496309288898633	0.882038046075901	0.217671014578292	2.25875566543057	0.365559425707247	0.918478260869565	0.865181711606096	0.684976076555024	0.337230215827338	0.376923076923077	1.00401606425703	2.28142589118199	14.0295763389289	14.8907103825137	7.43157894736842	3.34614153057957	16.9015544041451	12.913179916318	17.5173333333333
"MAP4K4"	0.350004418132014	0.362129916040654	0.704383039542639	0.646698731963271	0.330702331360082	0.353312302839117	0.447913592634126	0.73135558302431	0.66731798487809	0.964046822742475	0.352872215709261	0.357703349282297	1.10881294964029	0.415384615384615	0.353413654618474	1.29080675422139	6.12150279776179	16.0765027322404	1.92631578947368	0.153378162023695	1.80028261893547	2.32845188284519	2.31733333333333
"HPGD"	0.0474065565079085	0.049712770658418	0.00500238208670796	0.00991109167759802	0.020390265292699	0.0707867316700124	0.0104467921855634	0.167284713638236	0.0143573188344236	0.0781772575250836	0.198710433763189	0.0666028708133971	0.116906474820144	0.226923076923077	0.0160642570281124	0.23827392120075	0.0399680255795364	0.122950819672131	13.9052631578947	1.78226064681396	0.590673575129534	0.132845188284519	0.699333333333333
"TPSAB1"	0.000176725280551383	0	0	0	0	0.000143389733295096	0.000767278522103524	0.0259579728059332	0	0	0	0	0.0404676258992806	0	0	0.00187617260787992	0.0127897681854516	0.0109289617486339	10.7684210526316	0	0.0164861045690061	0.0209205020920502	0.0233333333333333
"TPSB2"	4.41813201378457e-05	0	0	0	0	4.7796577765032e-05	0.000413149973440359	0.0238978162340338	0	0	0	0	0.0107913669064748	0	0	0.00375234521575985	0.00559552358113509	0.0136612021857923	6.15789473684211	0.00032020493115594	0.0141309467734338	0.0167364016736402	0.0173333333333333
"CTSG"	0.000574357161791994	7.36485491235823e-05	0.000238208670795617	0.000874508089199825	0	0.000525762355415352	0.00165259989376144	0.00865265760197775	0.000169909098632232	0.00376254180602007	0	0	0.0134892086330935	0.00384615384615385	0	0.00187617260787992	0.00319744204636291	0.0191256830601093	4.52631578947368	0.00064040986231188	0.0155440414507772	0.00209205020920502	0.006
"SORBS1"	0.00172307148537598	0.00132567388422448	0.00262029537875179	0.000437254044599913	0.00116933421033399	0.00148169391071599	0.000649235672549135	0.042439225381129	0.00101945459179339	0.00794314381270903	0.00117233294255569	0.000574162679425837	0.00449640287769784	0.00769230769230769	0	0.0619136960600375	3.49560351718625	0.139344262295082	4.29473684210526	0.0249759846301633	0.646726330664155	3.85355648535565	1.63666666666667
"SELENOK"	0	0	0	0.000437254044599913	0	0	0.000649235672549135	0.559950556242274	0	0.382107023411371	0.00351699882766706	0	0	0	0	0.294559099437148	2.20463629096723	4.05464480874317	4.88421052631579	6.23342939481268	3.03344324069713	3.46129707112971	1.42066666666667
"CPA3"	8.83626402756914e-05	0	0	0	0	0	0.000413149973440359	0.00453234445817882	8.49545493161159e-05	0	0	0.000191387559808612	0.164568345323741	0	0	0.0187617260787993	0.00479616306954436	0	2.50526315789474	0	0.00329722091380122	0.0104602510460251	0.006
"SLC24A3"	8.83626402756914e-05	0.000147297098247165	0.000238208670795617	7.28756740999854e-05	0	4.7796577765032e-05	0.000236085699108776	0.0181293778327153	8.49545493161159e-05	0.00167224080267559	0	0	0.00179856115107914	0	0	0.0281425891181989	0.133493205435651	0.040983606557377	2.23157894736842	0.00704450848543068	0.617051342439944	0.365062761506276	0.537333333333333
"GATA2"	0.000132543960413537	0.000147297098247165	0.000238208670795617	0.000437254044599913	0.000365416940729372	0.000430169199885288	0.000590214247771941	0.0321384425216316	0.000254863647948348	0.000836120401337793	0	0	0.23021582733813	0	0	0.0225140712945591	1.4220623501199	0.0273224043715847	1.91578947368421	0.00832532821005444	0.0117757889778615	0.0428870292887029	0.0106666666666667
"MS4A2"	0.000132543960413537	0	0.000238208670795617	0.000218627022299956	0	0.000143389733295096	0.000354128548663165	0.00535640708693861	0.000169909098632232	0.00459866220735786	0	0	0.140287769784173	0	0	0	0.00959232613908873	0.00819672131147541	1.81052631578947	0.0032020493115594	0.00518134715025907	0.00941422594142259	0.004
"KIT"	0.00375541221171689	0.00272499631757254	0	0	7.30833881458744e-05	0.00138610075518593	0.000354128548663165	0.0210135970333745	0.00101945459179339	0.0384615384615385	0	0	0.0773381294964029	0.00384615384615385	0.00401606425702811	0.0187617260787993	0.0399680255795364	0.00546448087431694	2.06315789473684	0.0115273775216138	0.024493641073952	0.355648535564854	0.0166666666666667
"AC005747.1"	4.41813201378457e-05	0	0	0.000510129718699898	0	0	0	0.0399670374948496	0	0.0915551839464883	0	0	0	0	0	0.0731707317073171	0.662669864108713	3.01639344262295	1.85263157894737	0.00896573807236632	0.498822421102214	0.172594142259414	1.92133333333333
"IL1RL1"	0.000795263762481223	0.000736485491235823	0	7.28756740999854e-05	0	0.00095593155530064	0	0.0482076637824475	0.000254863647948348	0.0585284280936455	0	0	0.000899280575539568	0	0	0.00938086303939963	0.0895283772981615	0.12568306010929	1.95789473684211	6.66890810118476	0.502119642016015	0.0502092050209205	0.024
"MARCHF3"	0	0	0	0	0	0	5.90214247771941e-05	0.0477956324680676	0	0.00668896321070234	0	0	0	0	0	0.0150093808630394	1.52358113509193	0.420765027322404	1.63157894736842	0.00608389369196286	0.247291568535092	0.473849372384937	0.819333333333333
"ENPP3"	0.000883626402756914	0.0012520253351009	0.000238208670795617	0.000145751348199971	0.00146166776291749	0.00071694866647548	0.000236085699108776	0.00370828182941904	0.000764590943845043	0.00167224080267559	0.000586166471277843	0.00114832535885167	0.00809352517985612	0	0	0.0075046904315197	0.106314948041567	0.0109289617486339	1.51578947368421	0	0.0546396608572774	0.0115062761506276	0.0733333333333333
"AGAP1"	0.0480692763099761	0.00950066283694211	0.000476417341591234	0.000655881066899869	0.000511583717021121	0.0559697925628525	0.00306911408841409	0.0379068809229501	0.00959986407272109	0.00752508361204013	0.000586166471277843	0.00133971291866029	0.00629496402877698	0.0153846153846154	0.00803212851405622	0.150093808630394	2.05835331734612	0.163934426229508	2.05263157894737	0.00832532821005444	0.854451248233632	2.09832635983264	2.404
"ARHGAP18"	0.120129009454803	0.0461039917513625	0.14078132444021	0.181824806879464	0.0105970912811518	0.0980785775738457	0.0819807590155226	0.378244746600742	0.0729759578625435	0.354096989966555	0.0498241500586166	0.00708133971291866	0.47931654676259	0.253846153846154	0.0481927710843374	0.354596622889306	0.53796962430056	2.30601092896175	2.92631578947368	0.0131284021773935	0.133301931229392	0.155857740585774	0.282
"CPM"	0.0333568967040735	0.00802769185447047	0.0871843735111958	0.195088179565661	0.00518892055835709	0.0279132014147787	0.0852269373782683	0.0436753193242686	0.0316030923455951	0.213210702341137	0.0175849941383353	0.00172248803827751	0.0224820143884892	0.0538461538461538	0.00401606425702811	0.0694183864915572	0.360511590727418	0.713114754098361	1.67368421052632	0.0989433237271854	0.211022138483278	1.21129707112971	0.066
"PRKCE"	0.0330918087832464	0.0149506554720872	0.0974273463554073	0.0786328523538843	0.0106701746692977	0.0288213363923143	0.0312223337071357	0.322208487845076	0.11112055050548	0.135033444816054	0.0105509964830012	0.00976076555023923	0.0485611510791367	0.0230769230769231	0.0160642570281124	0.161350844277674	5.22462030375699	1.56830601092896	1.81052631578947	0.0115273775216138	0.758360810174282	2.30439330543933	2.76333333333333
"EXOC6B"	0.0334010780242114	0.0309323906319046	0.0519294902334445	0.0384054802506923	0.0300372725279544	0.0362776025236593	0.0257923626276338	0.161516275236918	0.0321128196414918	0.0639632107023411	0.0263774912075029	0.0325358851674641	0.0350719424460432	0.0230769230769231	0.0120481927710843	0.515947467166979	3.57553956834532	0.688524590163934	1.65263157894737	0.141850784502081	6.63824776260009	1.73326359832636	1.912
"FER"	0.0599098701069188	0.0427898070408013	0.0674130538351596	0.0865763008307827	0.0369801944018125	0.0570691138514482	0.0456235613527711	0.11413267408323	0.0787528672160394	0.191053511705686	0.02989449003517	0.0409569377990431	0.143884892086331	0.1	0.036144578313253	0.25891181988743	1.17825739408473	1.04098360655738	3	0.269932756964457	2.5115402731983	0.884937238493724	1.242
"ELL2"	0.0524874083237607	0.0366033289144204	0.0819437827536922	0.113394548899577	0.0140320105240079	0.0482745435426823	0.0526471109012572	0.683971981870622	0.0659247302693059	0.119147157190635	0.0316529894490035	0.0164593301435407	0.0377697841726619	1.53076923076923	0.0281124497991968	0.382739212007505	0.908872901678657	2.09836065573771	2.66315789473684	2.67819404418828	3.75741874705605	5.05543933054393	1.55866666666667
"SGK1"	0.164707961473889	0.0751215201060539	0.404716531681753	0.981125200408104	0.0437769494993788	0.143246343561801	0.36073894823821	0.163988463123197	0.11112055050548	1.19230769230769	0.0574443141852286	0.0637320574162679	0.102517985611511	0.261538461538462	0.0481927710843374	0.345215759849906	2.08473221422862	8.07923497267759	7.13684210526316	3.77937880243356	1.92651907677814	0.789748953974895	0.687333333333333
"SMYD3"	0.0686577714942122	0.0610546472234497	0.030490709861839	0.0232473400378954	0.0472849521303808	0.065624701271389	0.0157587204155108	0.314379892871858	0.0631212301418741	0.0769230769230769	0.0468933177022274	0.0690909090909091	0.0764388489208633	0.153846153846154	0.0481927710843374	0.26078799249531	2.46922462030376	0.734972677595628	3.92631578947368	0.00960614793467819	1.28403203014602	1.37238493723849	2.19466666666667
"TNIK"	0.242511266236635	0.245028722934158	0.0159599809433063	0.0162512753242967	0.173280713293868	0.227224930694962	0.0326388479017884	0.613102595797281	0.0824908673859485	0.0397157190635452	0.265533411488863	0.174162679425837	0.0566546762589928	0.146153846153846	0.244979919678715	0.448405253283302	0.0847322142286171	0.0601092896174863	2.97894736842105	0.0032020493115594	0.11822892133773	0.312761506276151	0.196
"RAPGEF2"	0.0685694088539366	0.0323317130652526	0.155073844687947	0.187363358111063	0.013958927135862	0.0606538571838256	0.0982706722540282	0.328388957560775	0.0561549570979526	0.198996655518395	0.0211019929660023	0.012822966507177	0.158273381294964	0.353846153846154	0.0160642570281124	0.360225140712946	4.10551558752998	1.91256830601093	1.82105263157895	0.0899775856548191	2.30098916627414	2.26569037656904	1.55866666666667
"TRIO"	0.0636652823186357	0.0045662100456621	0.170795616960457	0.19960647135986	0.00365416940729372	0.034365739413058	0.0814495661925279	0.0914709517923362	0.145866961175771	0.400919732441472	0.0105509964830012	0.0030622009569378	0.108812949640288	0.388461538461538	0.0120481927710843	0.311444652908068	8.16466826538769	2.63387978142076	1.93684210526316	0.106308037143772	1.46679227508243	1.47175732217573	1.88866666666667
"SLC44A1"	0.0948572943359548	0.0505229046987774	0.163649356836589	0.317446436379537	0.0434846159467953	0.0779562183347672	0.184855102402172	0.108776266996292	0.086483731203806	0.385033444816054	0.0439624853458382	0.0401913875598086	0.155575539568345	1.34615384615385	0.0642570281124498	0.287054409005629	0.635491606714628	0.508196721311475	2.63157894736842	0.0345821325648415	0.648610456900612	0.418410041841004	0.889333333333333
"LGALS3"	0.564769815322082	0.23663278833407	2.85421629347308	2.77656318320944	0.0124241759847987	0.464678329031641	1.03871805465384	0.627523691800577	0.305241695692804	3.03344481605351	0.359320046893318	0.0141626794258373	0.234712230215827	0.953846153846154	0.108433734939759	1.50281425891182	13.4572342126299	5.47540983606557	4.72631578947368	2.60774895933397	16.5204898728215	4.45188284518828	14.824
"PRDX1"	0.493151895378634	0.560760053026955	1.69461648404002	1.07061652820289	0.244025433019075	0.532167096835867	0.502331346278699	0.685620107128142	0.577605980800272	2.13628762541806	0.532239155920281	0.2911004784689	1.07194244604317	2.71538461538462	0.48995983935743	3.80675422138837	5.27338129496403	6.9016393442623	5.01052631578947	0.760166506564201	7.73575129533679	3.48326359832636	3.54133333333333
"CAMK1D"	0.159892197578864	0.111724849020474	0.390662220104812	0.259218772773648	0.0992472411020975	0.129433132587707	0.0854630230773771	0.626699629171817	0.387307790332172	0.637541806020067	0.0674091441969519	0.0805741626794258	0.160971223021583	0.338461538461538	0.0963855421686747	0.470919324577861	4.63868904876099	2.94262295081967	2.72631578947368	0.114953570284982	2.77343382006594	1.51778242677824	3.01933333333333
"JARID2"	0.30127242201997	0.12417145382236	0.382801333968556	0.65026963999417	0.0949353212014909	0.234155434470892	0.317240158177418	0.903172641120725	0.285702149350098	1.06103678929766	0.116647127784291	0.118851674641148	0.522482014388489	0.446153846153846	0.124497991967871	0.99437148217636	2.78337330135891	8.09836065573771	3.32631578947368	0.0659622158181236	4.91097503532737	1.86401673640167	1.00933333333333
"RERE"	0.224485287620394	0.182722050375608	0.367317770366841	0.280352718262644	0.176204048819703	0.193050377592964	0.143953255031576	0.38566131025958	0.538866706312123	0.475752508361204	0.167643610785463	0.166507177033493	0.746402877697842	0.480769230769231	0.228915662650602	0.684803001876173	6.55555555555556	2.04644808743169	2.71578947368421	0.0509125840537944	3.03438530381536	1.73326359832636	2.26133333333333
"PLIN2"	0.226252540425908	0.215422006186478	0.69890424011434	0.495263081183501	0.121903091427319	0.253656438199025	0.232662456471699	0.336629583848372	0.161923370996517	0.420986622073579	0.145369284876905	0.147177033492823	0.160971223021583	0.292307692307692	0.168674698795181	0.521575984990619	2.47242206235012	1.93169398907104	2.82105263157895	0.294588536663465	0.808290155440414	0.611924686192469	1.60066666666667
"ACSL4"	0.190465671114253	0.0667992340550891	0.588375416865174	0.60144293834718	0.0385149455528758	0.169295478443743	0.311633122823585	0.19365471775855	0.140684733667488	0.597408026755853	0.0937866354044549	0.0457416267942584	0.373201438848921	0.392307692307692	0.0401606425702811	0.390243902439024	0.646682653876898	1.37978142076503	2.78947368421053	0.0153698366954851	0.350918511540273	0.28765690376569	0.356666666666667
"MT2A"	0.865998056021914	0.504050670201797	3.25083373034778	1.4784288004664	0.246802601768618	0.901586846381799	0.437230714749454	3.76390605686032	0.352986152408461	2.02759197324415	0.446072684642438	0.421435406698565	0.404676258992806	0.553846153846154	1.52610441767068	9.62476547842402	30.7490007993605	10.2650273224044	13.9473684210526	2.2616074287544	14.9133301931229	81.2144351464435	18.0273333333333
"PPBP"	0.0330476274631086	0.0227574016791869	0.0485945688423059	0.0535636204634893	0.0380033618358547	0.0252365930599369	0.0345275334946586	7.21054800164813	0.0517373205335146	0.0602006688963211	0.0281359906213365	0.03311004784689	0.0899280575539568	0.130769230769231	0.00401606425702811	0.0356472795497186	0.000799360511590727	0.183060109289617	0	0.00288184438040346	0.00141309467734338	0	0
"PF4"	0.0167447203322435	0.0119310649580203	0.0188184849928537	0.0241947238011952	0.0201710151282613	0.0173023611509416	0.015817741840288	3.93283889575608	0.0261660011893637	0.0229933110367893	0.018757327080891	0.0183732057416268	0.0377697841726619	0.0538461538461538	0.00803212851405622	0.0075046904315197	0.00559552358113509	0	0	0	0	0	0.000666666666666667
"RAP1B"	1.30356985066714	0.592797171895714	2.49094807050977	1.05123159889229	0.553387415040561	1.05176369371953	0.528536858879773	2.12978986402967	0.729759578625435	1.67851170568562	0.500586166471278	0.736076555023923	1.08093525179856	1.27692307692308	0.646586345381526	2.20825515947467	8.27657873701039	4.49453551912568	1	0.847902657700929	4.05040037682525	3.2092050209205	2.944
"TPM4"	0.534373067067244	0.341140079540433	0.704621248213435	1.11332167322548	0.107140247021852	0.454449861389924	0.464911762969958	1.35599505562423	0.441763656443803	2.60409698996656	0.32063305978898	0.103540669856459	1.25629496402878	1.61538461538462	0.228915662650602	2.82926829268293	6.47961630695444	2.86885245901639	0.936842105263158	0.716618635926993	3.6288271314178	3.98535564853557	3.026
"RGS10"	0.475788636564461	0.763440860215054	1.06383992377323	0.911237428946218	1.05627420887232	0.593776885574993	0.331051171575282	1.60692212608158	0.36657888029904	3.16429765886288	0.603751465416178	1.50162679425837	1.05935251798561	0.557692307692308	0.803212851405622	1.5140712945591	0.0807354116706635	1.83879781420765	0.242105263157895	0.490874159462056	0.325953838907207	0.299163179916318	0.695333333333333
"MT-ND6"	0.64191040028276	0.651495065547209	0.617198666031444	0.395860661711121	0.680991010743258	0.625657202944269	0.286430974443723	1.42068397198187	0.789822444991929	1.03010033444816	0.583235638921454	0.684210526315789	0.914568345323741	2.34615384615385	0.586345381526104	2.54971857410882	10.4292565947242	7.07377049180328	1.68421052631579	0.18924111431316	12.296278850683	7.38598326359833	6.01866666666667
"DYNLL1"	0.822744543606963	0.562159375460303	1.68413530252501	1.43645241218481	0.19805598187532	0.689465634260587	0.631293159416868	1.28471363823651	0.726701214850055	3.7930602006689	0.545134818288394	0.208995215311005	2.19514388489209	3.20769230769231	0.36144578313253	3.80300187617261	5.80655475619504	3.35792349726776	1.67368421052632	4.4665385846942	15.2972209138012	3.94874476987448	4.79533333333333
"CCL5"	8.64836087302289	1.68618353218442	0.155073844687947	0.168925812563766	0.105678579258934	12.5060223687984	0.632473587912412	3.83353934899052	1.5503355704698	0.914715719063545	0.456037514654162	0.284976076555024	1.27517985611511	1.61153846153846	3.04819277108434	10.3227016885553	0.0303756994404476	0.10655737704918	0	0.0547550432276657	0.041921808761187	0.0292887029288703	0.0193333333333333
"TMSB4X"	37.8444817531148	37.2808219178082	85.424249642687	54.1900597580528	21.2841482131112	38.5922951916643	26.1156819925633	38.4029666254635	31.2092430549656	160.974498327759	29.7860492379836	25.0187559808612	34.2374100719424	32.9884615384615	37.0682730923695	99.8574108818011	70.8489208633093	113.051912568306	3.36842105263158	9.3422990714057	18.2515308525671	22.5387029288703	26.448
"NAP1L1"	1.90028276044888	2.3257475327736	10.3203906622201	2.90941553709372	2.1301615142878	1.65868463817991	1.26057959039131	2.73053152039555	2.92277631467165	7.68018394648829	2.16471277842907	2.55980861244019	4.56654676258993	2.84230769230769	2.13654618473896	6.3733583489681	4.77937649880096	3.18579234972678	0.863157894736842	1.62728146013449	3.53603391427226	3.43514644351464	3.13866666666667
"MYL12A"	3.84938587965008	3.77301517160112	3.90805145307289	2.56114269056989	2.065628882555	3.78496319663512	1.4593637490409	3.47878038730944	2.49927788633081	8.63837792642141	2.37456037514654	2.44861244019139	7.58812949640288	3.80769230769231	4.02008032128514	7.64165103189493	8.92565947242206	3.97267759562842	1.41052631578947	4.37239833493436	3.94912859161564	2.57112970711297	2.92
"OST4"	1.74653176636918	2.29908675799087	2.28394473558838	2.07921585774668	1.5446904918512	2.04607590096549	1.0470990969722	2.20477956324681	1.85523744796534	4.88795986622074	1.59730363423212	1.99712918660287	4.32104316546763	6.88846153846154	2.21285140562249	4.14446529080675	3.57234212629896	2.41803278688525	1	0.643291706692283	4.46019783325483	1.91213389121339	2.81266666666667
"CDC42SE2"	0.910267738800035	1.17484165561938	0.595759885659838	0.554219501530389	0.84659796828181	1.05209826976388	0.338841999645871	2.2908941079522	0.825928128451279	1.54556856187291	0.871043376318875	1.09933014354067	1.19334532374101	1.60384615384615	1.24497991967871	1.5797373358349	2.83852917665867	2.91803278688525	1.03157894736842	0.0592379122638489	0.705605275553462	0.486401673640167	0.444
"MBP"	1.2662808164708	0.836794815142142	0.809671272034302	0.775688675120245	0.474238105678579	1.05812063856228	0.413090952015582	1.30861145447054	0.656103984368363	1.70275919732441	0.739742086752638	0.468325358851675	1.17356115107914	0.680769230769231	0.779116465863454	1.47279549718574	0.184652278177458	3.70491803278689	0.210526315789474	0.312840217739353	1.36363636363636	0.354602510460251	0.66
"OAZ1"	3.80264204294424	2.08646339667109	14.9097189137685	10.3088471068357	1.25761894321421	3.47571933849536	5.18308445965886	4.81211372064277	4.27406337609379	14.2236622073579	1.98534583821805	1.51540669856459	7.36151079136691	8.44615384615385	2.11244979919679	8.77485928705441	5.14788169464428	10.7650273224044	2.10526315789474	8.73262888248479	7.46867640131889	4.02510460251046	5.152
"TAGLN2"	1.32053547760007	1.48615407276477	1.91519771319676	3.12600204051887	0.523203975736315	1.37190517158971	1.134568848492	2.0123609394314	1.95803245263784	6.71446488294314	0.992966002344666	0.612248803827751	6.5773381294964	3.30769230769231	1.04016064257028	5.03564727954972	8.41886490807354	3.52185792349727	1.27368421052632	0.382965097662504	5.30852567121997	2.07635983263598	2.906
"STK4"	1.47804188389149	1.54595669465312	1.29847546450691	1.12002623524268	1.13469268435285	1.40813497753561	0.707548840229003	2.24145035022662	1.49587970435817	2.67516722408027	1.55099648300117	1.28746411483254	1.29946043165468	2.80769230769231	1.49397590361446	2.18949343339587	0.532374100719424	6.63114754098361	1.61052631578947	0.67114953570285	0.600094206311823	0.294979079497908	0.35
"GNAS"	1.69607669877176	1.88893798792164	3.33206288708909	2.62177525142108	1.42417598479866	1.84939298346238	1.19300005902142	2.38854552946024	2.50216634100756	6.63085284280936	1.55803048065651	2.03923444976077	6.71402877697842	7.33846153846154	1.86345381526104	6.24390243902439	13.4260591526779	7.42896174863388	1.38947368421053	1.54979186679475	4.7428167687235	8.18619246861925	8.84933333333333
"TLN1"	1.48449235663162	0.701576078951245	2.98689852310624	1.91612009911092	0.366220857998977	1.18301309626231	0.916130555391607	1.98887515451174	0.996261999830091	3.04933110367893	0.528722157092614	0.420095693779904	2.2886690647482	1.36923076923077	0.602409638554217	2.67542213883677	0.490807354116707	0.844262295081967	0.178947368421053	0.0515529939161063	0.364107395195478	1.23117154811715	0.476666666666667
"MYL6"	4.26809225059645	2.99550743850346	11.5390662220105	6.33734149540883	1.46641818314697	3.73071408087181	3.18845540931358	3.97651421508035	3.06108232095829	18.5990802675585	2.29249706916764	1.83177033492823	8.24910071942446	7.15384615384615	2.84738955823293	14.2120075046904	12.1430855315747	8.80054644808743	1.92631578947368	15.6455331412104	14.0861987753179	15.5481171548117	8.536
"GPX4"	0.98276928514624	1.06260126675504	2.48094330633635	2.52667249672059	0.807059855294891	0.974428830895708	1.02437584843298	1.34404614750721	1.12352391470563	6.97115384615385	0.739742086752638	0.957511961722488	1.92985611510791	1.73461538461538	0.823293172690763	2.48030018761726	2.44364508393285	5.16666666666667	0.778947368421053	1.00576368876081	2.23410268487989	2.67677824267782	5.186
"FNBP1"	0.963948042767518	0.99300338783326	1.16912815626489	0.961303017052908	0.626032302857561	1.04531115572125	0.524346337720593	2.3708281829419	1.0158015461728	2.76254180602007	0.920281359906213	0.70488038277512	1.55125899280576	1.26923076923077	0.967871485943775	2.40900562851782	1.72581934452438	9.86885245901639	0.410526315789474	0.141210374639769	1.29298162976919	1.20083682008368	2.23133333333333
"TNRC6B"	1.0238137315543	1.10598026218883	0.98642210576465	0.890394986153622	0.98121756924651	1.01677659879553	0.557103228471935	1.63988463123197	1.3516268796194	1.50627090301003	0.933177022274326	1.13856459330144	1.76618705035971	1.74230769230769	1.07228915662651	1.43714821763602	4.38689048760991	1.25409836065574	0.347368421052632	0.112071725904579	2.63165332077249	1.75836820083682	2.57133333333333
"MBNL1"	2.06127949103119	1.6998821623214	3.17508337303478	2.88733420784142	1.68661843163049	1.92787496415257	1.47364693383698	2.61104243922538	2.03975872907994	3.9435618729097	1.40679953106682	1.75368421052632	2.44604316546763	2.26923076923077	1.64658634538153	3.97748592870544	13.6354916067146	3.65027322404372	0.610526315789474	0.192122958693564	8.80923221855864	3.55230125523013	5.52333333333333
"ELF1"	0.881505699390298	1.0477979083812	1.33873272987137	1.08890832240198	0.637506394796463	0.938676990727464	0.564126778020421	1.33209723939019	1.07526973069408	1.55769230769231	0.982415005861665	0.830813397129187	1.21762589928058	1.25384615384615	1.23694779116466	1.78799249530957	5.98800959232614	4.3879781420765	1.72631578947368	1.07716938840858	2.13094677343382	1.62970711297071	3.398
"PTGES3"	0.999514005478484	1.10141405214317	3.11624583134826	1.36481562454453	0.74172330629248	1.0213172736832	0.659269314761258	1.67490729295426	1.0121485005522	2.59908026755853	1.00175849941383	0.815311004784689	2.07913669064748	2.25769230769231	1.06425702811245	4.51782363977486	6.54436450839329	5.29508196721311	1.43157894736842	1.22222222222222	7.46066886481394	3.64225941422594	4.014
"MTPN"	1.14036405407794	0.5896302842834	4.50690805145307	1.89957732109022	0.325440327413579	0.892170920562088	0.923685297763088	1.11578079934075	1.8149689915895	3.51546822742475	0.467760844079719	0.359617224880383	2.47931654676259	1.95	0.538152610441767	2.42213883677298	1.76099120703437	1.19672131147541	0.178947368421053	0.285943003522254	1.21290626471974	0.586820083682008	0.992
"STMN1"	0.156446054608112	0.116143761967889	0.0402572653644593	0.0287130155953943	0.18263538697654	0.167049039288787	0.0251431269550847	0.283889575607746	0.158270325375924	0.41680602006689	0.140679953106682	0.225645933014354	2.78057553956835	0.384615384615385	0.100401606425703	13.93808630394	1.60591526778577	0.740437158469945	0.568421052631579	0.4905539545309	1.16815826660386	0.657949790794979	0.816666666666667
"MKI67"	0.00684810462136609	0.00463985859478568	0.00166746069556932	0.00480979449059904	0.00292333552583498	0.00444508173214798	0.00419052115918078	0.015245158632056	0.00356809107127687	0.0317725752508361	0.00937866354044549	0.00746411483253588	0.00359712230215827	0.115384615384615	0.00803212851405622	4.97560975609756	0.0111910471622702	0.0136612021857923	0	0.00192122958693564	0.0786622703721149	0	0.0153333333333333
"TOP2A"	0.00547848369709287	0.0106053910737958	0.00238208670795617	0.00845357819559831	0.00248483519695973	0.00750406270911003	0.00554801392905625	0.0164812525751957	0.0109591368617789	0.0229933110367893	0.0117233294255569	0.00191387559808612	0.0170863309352518	0.0230769230769231	0.0120481927710843	4.68292682926829	0.0711430855315747	0.0601092896174863	0.0105263157894737	0.00768491834774256	0.307112576542628	0.0355648535564854	0.0653333333333333
"CENPF"	0.0136520279225943	0.0222418618353218	0.0109575988565984	0.0064859349948987	0.0244098516407221	0.0114233820858427	0.00690550669893171	0.0333745364647713	0.0179254099057005	0.0455685618729097	0.02989449003517	0.018755980861244	0.0512589928057554	0.134615384615385	0.00803212851405622	3.47467166979362	0.0607513988808953	0.0327868852459016	0	0.0102465577969901	0.153556288271314	0.0188284518828452	0.0346666666666667
"TYMS"	0.00543430237695502	0.00117837678597732	0.000952834683182468	0.00109313511149978	0.00124241759847987	0.00195965968836631	0.00188868559287021	0.0144210960032962	0.00203890918358678	0.0179765886287625	0.00117233294255569	0.0015311004784689	0.0431654676258993	0.138461538461538	0	3.50844277673546	0.171063149480416	0.0491803278688525	0	0.00832532821005444	0.343853038153556	0.107740585774059	0.132666666666667
"NUSAP1"	0.010029159671291	0.0125939019001326	0.01738923296808	0.0196035563328961	0.00219250164437623	0.0135264315075041	0.011863306380216	0.0300782859497322	0.0168210007645909	0.0593645484949833	0.022274325908558	0.00287081339712919	0.0773381294964029	0.107692307692308	0.00803212851405622	3.54409005628518	0.0247801758593125	0.0546448087431694	0	0.263848863272494	0.337729627885068	0.0282426778242678	0.0453333333333333
"KIAA0101"	0.00914553326853406	0.00390337310354986	0.00428775607432111	0.00269639994169946	0.00190016809179274	0.00673931746486952	0.00318715693796848	0.00782859497321796	0.0103644550165661	0.0464046822742475	0.0240328253223916	0.00325358851674641	0.0350719424460432	0.196153846153846	0	3.37898686679174	0.000799360511590727	0	0	0	0	0	0
"PTTG1"	0.0448440399399134	0.0563411400795404	0.0333492139113864	0.0171257834134966	0.0149820945699043	0.0632826689609024	0.0106238564598949	0.11536876802637	0.0400135927278906	0.191889632107023	0.118405627198124	0.0149282296650718	0.101618705035971	0.326923076923077	0.0321285140562249	3.48030018761726	0.134292565947242	0.729508196721312	0.0631578947368421	0.441882804995197	0.985398021667452	0.179916317991632	0.106666666666667
"PCNA"	0.0914111513652028	0.0666519369568419	0.107432110528823	0.0680658796093864	0.03259519111306	0.0773826594015868	0.0381868618308446	0.0869386073341574	0.0668592303117832	0.20066889632107	0.0545134818288394	0.0403827751196172	0.110611510791367	0.223076923076923	0.072289156626506	3.20637898686679	0.393285371702638	0.177595628415301	0.0631578947368421	0.181556195965418	0.76448422044277	0.222803347280335	0.342
"BIRC5"	0.00234160996730582	0.00066283694211224	0.00690805145307289	0.00262352426759948	0.000584667105166996	0.00071694866647548	0.00194770701764741	0.00453234445817882	0.0016141364370062	0.0146321070234114	0.00293083235638921	0.000956937799043062	0.00629496402877698	0.119230769230769	0.00401606425702811	2.0093808630394	0.0367705835331735	0.00819672131147541	0	0.0416266410502722	0.18370230805464	0.0115062761506276	0.024
"SMC4"	0.149995581867986	0.151495065547209	0.218437351119581	0.159816353301268	0.0709639698896441	0.132157537520314	0.0887682228649	0.15409971157808	0.162857871038994	0.319816053511706	0.208089097303634	0.0717703349282297	0.384892086330935	0.742307692307692	0.136546184738956	3.14821763602251	0.480415667466027	0.254098360655738	0.0421052631578947	0.2129362792187	0.736693358455016	0.26255230125523	0.218
"TPX2"	0.00490412653530087	0.00434526439829135	0.0014292520247737	0.00182189185249964	0.000877000657750493	0.00425389542108785	0.00177064274331582	0.0144210960032962	0.00458754566307026	0.00752508361204013	0.00762016412661196	0.00133971291866029	0.033273381294964	0.0269230769230769	0.00803212851405622	1.87242026266417	0.035171862509992	0.0601092896174863	0.0105263157894737	0.00128081972462376	0.155440414507772	0.0564853556485356	0.046
"TK1"	0.00375541221171689	0.0012520253351009	0.00690805145307289	0.00575717825389885	0.000730833881458744	0.00234203231048657	0.00236085699108776	0.00453234445817882	0.00467250021238637	0.0342809364548495	0.00234466588511137	0.00133971291866029	0.00719424460431655	0.107692307692308	0.00401606425702811	1.75234521575985	0.0631494804156675	0.040983606557377	0	0.0128081972462376	0.241639189825718	0.0324267782426778	0.0326666666666667
"HELLS"	0.0466554740655651	0.0832965090587715	0.0214387803716055	0.00845357819559831	0.0389534458817511	0.0629480929165472	0.0123354777784336	0.0671611042439225	0.0909863223175601	0.0785953177257525	0.132473622508792	0.068133971291866	0.177158273381295	0.215384615384615	0.0883534136546185	1.63789868667917	0.142286171063149	0.092896174863388	0	0.0204931155939801	0.191709844559585	0.0815899581589958	0.215333333333333
"CKS1B"	0.0694088539365556	0.0591397849462366	0.324678418294426	0.0435067774376913	0.0322297741723306	0.0494694579868081	0.0191819630525881	0.0634528224145035	0.0946393679381531	0.173076923076923	0.0439624853458382	0.0507177033492823	0.24910071942446	0.126923076923077	0.0763052208835341	1.9812382739212	0.4396482813749	0.188524590163934	0.0105263157894737	0.0870957412744156	0.680169571361281	0.388075313807531	0.570666666666667
"ATAD2"	0.0917204206061677	0.0931654146413316	0.0788470700333492	0.065077976971287	0.0532047065701966	0.0986521365070261	0.0411379330697043	0.129377832715286	0.103559595616345	0.125418060200669	0.108440797186401	0.0530143540669856	0.0908273381294964	0.123076923076923	0.0923694779116466	1.72983114446529	0.135891286970424	0.128415300546448	0	0.35959013768812	0.467263306641545	0.171548117154812	0.235333333333333
"MCM7"	0.0934434920915437	0.0587715422006186	0.109337779895188	0.0808191225768838	0.0606592121610758	0.0775260491348819	0.0430856400873517	0.0832303255047384	0.0990570045025911	0.152173913043478	0.0556858147713951	0.0704306220095694	0.169064748201439	0.196153846153846	0.0522088353413655	1.90056285178236	0.306155075939249	0.158469945355191	0.0526315789473684	1.517451168748	0.571361281205841	0.231171548117155	0.248666666666667
"EZH2"	0.0789520190863303	0.0654735601708646	0.0736064792758456	0.0793616090948841	0.0401227800920851	0.0678233438485804	0.0368293690609691	0.276473011948908	0.0667742757624671	0.206103678929766	0.0879249706916764	0.0382775119617225	0.14568345323741	0.292307692307692	0.0441767068273092	2.01688555347092	1.59552358113509	1.04644808743169	0.126315789473684	0.717259045789305	2.62458784738577	0.869246861924686	1.106
"CENPU"	0.0164796324114165	0.0103844454264251	0.050976655550262	0.0156682699314969	0.00577358766352408	0.0136698212407992	0.00767278522103524	0.0243098475484137	0.0129130914960496	0.0338628762541806	0.00527549824150059	0.00344497607655502	0.10431654676259	0.0615384615384615	0.0160642570281124	1.28142589118199	0.0551558752997602	0.0437158469945355	0.0210526315789474	0.0179314761447326	0.497880357983985	0.053347280334728	0.0593333333333333
"SMC2"	0.0874348325527967	0.0559728973339225	0.148165793234874	0.0585920419763883	0.055324124826427	0.0683491062039958	0.0256152983533023	0.0486196950968274	0.0875881403449155	0.169732441471572	0.0715123094958968	0.0694736842105263	0.176258992805755	0.153846153846154	0.0401606425702811	1.63414634146341	0.313349320543565	0.0901639344262295	0.0105263157894737	0.0115273775216138	0.341497880357984	0.158995815899582	0.220666666666667
"HMGB2"	0.732923919766723	0.735086168802475	0.732253454025727	0.976242530243405	0.461667762917489	0.803269285919128	0.801333884199965	0.566543057272353	0.72398266927194	1.27842809364549	0.682883939038687	0.492822966507177	1.00179856115108	1.08076923076923	0.586345381526104	17.0075046904315	1.83852917665867	0.46448087431694	0.136842105263158	0.722702529618956	2.24163918982572	0.647489539748954	0.761333333333333
"RPA3"	0.176769461871521	0.233171306525261	0.297046212482134	0.145241218481271	0.135788935175035	0.190756141860243	0.0713569025556277	0.139678615574784	0.25545832979356	0.399665551839465	0.178780773739742	0.163062200956938	0.376798561151079	0.473076923076923	0.204819277108434	2.4765478424015	0.310951239008793	0.224043715846995	0.0631578947368421	0.120397054114633	0.520960904380594	0.22489539748954	0.287333333333333
"TUBB"	0.419722541309534	0.305052290469878	1.1412577417818	0.661419618131468	0.199883066578967	0.367794665901921	0.282063389010211	0.372888339513803	0.391810381445926	1.39757525083612	0.262602579132474	0.252248803827751	1.30935251798561	0.546153846153846	0.281124497991968	8.09005628517824	1.85851318944844	1.60655737704918	0.389473684210526	0.230227345501121	1.43664625529911	0.924686192468619	2.84533333333333
"DUT"	0.338252186975347	0.459640595080277	0.514530728918533	0.389301851042122	0.287290798801432	0.389876684829366	0.198430030100927	0.281829419035847	0.422903746495625	0.914297658862876	0.296600234466589	0.31444976076555	0.925359712230216	0.669230769230769	0.417670682730924	6.19512195121951	1.57873701039169	0.398907103825137	0.147368421052632	0.0656420108869677	1.71361281205841	1.03451882845188	1.41
"HMGB1"	3.87421578156755	3.50942701428782	3.94759409242496	4.43222562308701	2.45801359351019	3.68760156772775	2.291919966948	3.16151627523692	4.3041372865517	8.31061872909699	2.81066822977726	2.70373205741627	7.67356115107914	7.66923076923077	3.1566265060241	27.5647279549719	9.32134292565947	3.49453551912568	1.13684210526316	1.08197246237592	8.56947715496938	5.99581589958159	6.538
"HMGN2"	1.37337633648493	1.29614081602592	3.00500238208671	1.87858912694942	1.19498647957319	1.28338590956887	0.944283775010329	0.894932014833127	1.7633166256053	3.47742474916388	1.26670574443142	1.29511961722488	3.30125899280576	2.11923076923077	1.23293172690763	14.1707317073171	1.75139888089528	1.51092896174863	0.4	0.493756003842459	2.390956194065	2.05543933054393	2.06066666666667
"CARHSP1"	0.242113634355395	0.144866696126086	0.259647451167222	0.245882524413351	0.0871884820580282	0.185689704617149	0.148202797615534	0.156159868149979	0.17585591708436	0.407608695652174	0.158851113716295	0.125358851674641	0.477517985611511	0.480769230769231	0.120481927710843	2.02063789868668	1.37649880095923	0.199453551912568	0.0105263157894737	0.228946525776497	0.387187941592087	0.244769874476987	0.427333333333333
"H2AFZ"	0.8482371653265	0.806967152747091	2.17222486898523	1.13853665646407	0.477307607980706	0.786062517923717	0.570501091896358	0.684796044499382	0.639452892702404	3.85744147157191	0.729191090269637	0.510047846889952	1.37140287769784	2.1	0.666666666666667	11.0712945590994	0.358113509192646	1.09562841530055	0	9.41466538584694	1.84408855393311	0.765690376569038	0.0273333333333333
"NASP"	0.429265706459309	0.368390042716158	0.493091948546927	0.413350823495117	0.254110940583205	0.38858617722971	0.201794251313227	0.453646477132262	0.504035341092515	0.979933110367893	0.329425556858148	0.287655502392344	1.02787769784173	0.838461538461538	0.36144578313253	4.14071294559099	3.17026378896882	0.792349726775956	0.178947368421053	0.33909702209414	1.65614696184644	1.21338912133891	1.346
"H2AFV"	0.619377927012459	0.577478273678009	0.804192472606003	0.736117184083953	0.35854710224366	0.612035178281235	0.375435283007732	0.341161928306551	0.464106702913941	1.83862876254181	0.50820633059789	0.480191387559809	1.58812949640288	1.49230769230769	0.550200803212851	5.21763602251407	0.0815347721822542	0.297814207650273	0.0105263157894737	0.41402497598463	0.113047574187471	0.0774058577405858	0.004
"C12orf75"	0.759962887691084	0.334438061570187	0.0300142925202477	0.0206238157702959	0.0720602207118322	0.836726890354651	0.0564244820869976	0.350226617222909	0.250021238637329	0.591555183946488	0.336459554513482	0.152918660287081	5.88848920863309	1.12307692307692	0.289156626506024	3.17073170731707	0.247002398081535	0.349726775956284	0.0315789473684211	0.0771693884085815	0.546867640131889	1.01778242677824	0.585333333333333
"HIST1H4C"	0.680215604842273	0.728899690676094	0.22987136731777	0.320434339017636	0.423518234305342	0.707484944078004	0.267898247063684	0.294602389781623	0.830770537762297	1.41053511705686	0.526963657678781	0.544497607655502	1.53687050359712	1.19615384615385	0.65863453815261	18.9418386491557	0.0487609912070344	0.0983606557377049	0.0105263157894737	0.135446685878963	0.0984455958549223	0.0993723849372385	0.00533333333333333
"DNMT1"	0.409339931077141	0.375239357784652	0.36469747498809	0.329470922606034	0.289556383833955	0.370805850301118	0.143067933659919	0.266996291718171	0.251295556877071	0.74247491638796	0.346424384525205	0.321913875598086	0.497302158273381	0.423076923076923	0.429718875502008	2.73921200750469	0.454036770583533	0.60655737704918	0.0315789473684211	0.0403458213256484	0.562882713141781	0.307531380753138	0.585333333333333
"PPIA"	2.88040116638685	2.69921932537929	4.65483563601715	3.44118933100131	1.74208872323321	2.84996654239556	1.52039190226052	2.00906468891636	3.39096083595277	10.6580267558528	2.25967174677608	2.44516746411483	6.91187050359712	7.76923076923077	2.57429718875502	16.3133208255159	8.48441247002398	5.2568306010929	0.768421052631579	2.61447326288825	16.7734338200659	5.70502092050209	5.29933333333333
"GAPDH"	3.74909428293717	2.69936662247754	6.50071462601239	10.2015741145606	1.21566907841848	3.81125131440589	5.76904916484684	3.83765966213432	2.8555772661626	18.943143812709	2.2620164126612	1.39023923444976	4.77967625899281	10.3923076923077	2.22088353413655	24.6885553470919	14.7593924860112	8.32786885245902	1.16842105263158	1.85718860070445	16.9806877060763	9.53347280334728	7.87133333333333
"HIST1H1C"	0.486436334717681	0.456841950213581	0.307289185326346	0.253097216149249	0.231016589929109	0.496128477201032	0.182435223986307	0.317676143386897	0.620253164556962	0.866220735785953	0.339390386869871	0.242870813397129	1.35881294964029	1.53846153846154	0.493975903614458	5.50656660412758	0.026378896882494	0.046448087431694	0	1.2049311559398	0.198304286387188	0.102510460251046	0.002
"ANP32E"	0.489661571087744	0.576962733834143	0.327060505002382	0.361827721906428	0.336329752247314	0.524280661504636	0.224399457002892	0.365471775854965	0.558321298105514	0.749163879598662	0.400937866354045	0.418947368421053	0.523381294964029	1.05384615384615	0.546184738955823	4.13696060037523	1.13269384492406	0.401639344262295	0.347368421052632	0.0832532821005443	0.91662741403674	0.810669456066946	0.852
"RANBP1"	0.359326676681099	0.404183237590219	0.530014292520248	0.404751493951319	0.266023532850983	0.348484848484849	0.177595467154577	0.26782035434693	0.401495200067964	1.11705685618729	0.294255568581477	0.327846889952153	0.867805755395683	0.85	0.325301204819277	3.29268292682927	1.29496402877698	0.573770491803279	0.136842105263158	0.117195004803074	1.51672162034856	0.822175732217573	0.916
"RAN"	0.710303083856146	0.871262336131978	1.06026679371129	0.813584025652237	0.536724402543302	0.744622885001434	0.372425190344095	0.720642768850433	0.826098037549911	2.56521739130435	0.664126611957796	0.657799043062201	1.59532374100719	2.06923076923077	0.738955823293173	5.92870544090056	2.66586730615508	1.83606557377049	0.684210526315789	3.65545949407621	4.9868111163448	2.14121338912134	1.888
"NUCKS1"	0.997039851550764	0.926130505229047	0.923058599333016	0.760457659233348	0.851713805452021	1.00544880986521	0.387357610812725	0.594561186650185	1.06770877580494	2.07190635451505	0.814185228604924	1.09531100478469	1.9658273381295	1.16923076923077	0.931726907630522	5.69606003752345	3.39088729016787	1.01366120218579	0.368421052631579	0.102145373038745	2.63730569948187	3.25523012552301	4.00266666666667
"HN1"	0.412697711407617	0.285167182206511	1.57360647927585	0.611791284069378	0.0895271504786962	0.323391645158207	0.304727616124653	0.167284713638236	0.330982924135587	0.870401337792642	0.259085580304807	0.0926315789473684	0.406474820143885	0.903846153846154	0.261044176706827	2.9812382739212	0.00399680255795364	0.0136612021857923	0	0	0	0	0
"TMPO"	0.559026243704162	0.448446015613492	2.05169128156265	0.772117767089346	0.420448732003216	0.492448140713125	0.494835625331995	0.398434281005356	0.662050802820491	0.816471571906355	0.483001172332943	0.533014354066986	0.743705035971223	0.857692307692308	0.546184738955823	4.0281425891182	0.46203037569944	0.360655737704918	0.0842105263157895	0.0240153698366955	0.38860103626943	0.197698744769874	0.252666666666667
"ACTG1"	5.41464168949368	4.603697157166	9.81157694140067	7.72321818976826	2.51567638675729	4.92448140713125	4.16939148911055	4.83436341161928	4.24976637498938	26.7897157190635	4.16822977725674	3.7022009569378	9.60701438848921	13	3.80321285140562	32.4934333958724	26.589928057554	10.5491803278689	1.97894736842105	36.1168747998719	68.4785680640603	14.7876569037657	24.088
"DEK"	1.1465052575771	1.04337899543379	1.88518342067651	1.84105815478793	0.555214499744208	1.11982602045694	0.835802396269846	0.72888339513803	1.05870359357744	3.26588628762542	0.783118405627198	0.611291866028708	1.53237410071942	0.534615384615385	0.939759036144578	7.32082551594747	3.06314948041567	1.58196721311475	0.284210526315789	1.52673711175152	2.23928403203015	1.60878661087866	1.80733333333333
"HIST1H1D"	0.894804276751789	0.891368390042716	0.396379228203907	0.312126512170238	0.581232185924139	0.914778701844948	0.264711090125716	0.358055212196127	0.813949536997706	1.47240802675585	0.502344665885111	0.655885167464115	2.37589928057554	1.63846153846154	0.78714859437751	7.70356472795497	0.0231814548361311	0.0163934426229508	0.0105263157894737	0.00064040986231188	0.00376825247291569	0.00104602510460251	0
"PFN1"	6.44198992665901	4.58690528796583	12.620057170081	7.17468299081767	2.33647591902361	5.68516394226173	3.38841999645871	3.25339925834363	4.05666468439385	22.9786789297659	3.67643610785463	3.10583732057416	7.45593525179856	5.36153846153846	4.17269076305221	24.281425891182	4.83533173461231	8.91803278688525	0.694736842105263	1.71565802113353	6.17993405558172	3.81066945606695	3.30466666666667
"GZMA"	3.69360254484404	0.523199292973928	0.028585040495474	0.0324296749744935	0.0293795220346415	2.93566580632827	0.17901198134923	0.758137618459003	0.490102795004673	0.244565217391304	0.124853458382181	0.0354066985645933	0.37410071942446	0.496153846153846	0.618473895582329	6.93245778611632	0.00319744204636291	0.0163934426229508	0.0105263157894737	0.00704450848543068	0.00565237870937353	0	0.008
"HIST1H1E"	0.927321728373244	0.65768154367359	0.680323963792282	0.465967060195307	0.288971716728788	0.911576331134691	0.335182671309685	0.27029254223321	0.772151898734177	1.69147157190635	0.442555685814771	0.344306220095694	1.50359712230216	1.69615384615385	0.542168674698795	5.79549718574109	0.0231814548361311	0.0245901639344262	0.0105263157894737	0.0153698366954851	0.0160150730098917	0.00732217573221757	0.00266666666666667
"IL1B"	0.467570911018821	0.0131094417439976	0.878751786565031	3.68488558519166	0.0102316743404224	0.42610649077526	0.918963583780912	0.220436753193243	0.242800101945459	2.61663879598662	0.00937866354044549	0.0141626794258373	0.339928057553957	0.226923076923077	0.0240963855421687	0.729831144465291	0.0223820943245404	17.5245901639344	0.0105263157894737	0.021133525456292	0.0254357041921809	0.0156903765690377	0.026
"FCN1"	2.0792612883273	0.073869494770953	8.81800857551215	11.1634601370063	0.0729372213695827	1.69066054870471	5.63849377323969	1.18500206015657	1.17262764421035	5.44565217391304	0.078546307151231	0.0692822966507177	1.06564748201439	1.52692307692308	0.072289156626506	1.12945590994371	0.00319744204636291	0.185792349726776	0.0315789473684211	0.00064040986231188	0.00141309467734338	0.00313807531380753	0.00333333333333333
"CTSS"	6.10484227268711	0.650537634408602	32.1612672701286	28.2359714327358	0.442373748446978	4.57456266131345	13.0571327391843	3.43469303667079	4.40846147311188	11.1375418060201	0.570339976553341	0.484401913875598	5.86690647482014	4.84615384615385	0.718875502008032	3.65666041275797	0.623501199040767	4.52185792349727	0.0947368421052632	0.0208133205251361	0.0763071125765426	0.0585774058577406	0.502
"VCAN"	2.17800653883538	0.0557519516865518	1.70247737017627	12.1208278676578	0.0493312869984652	2.03374438390211	8.19943339432214	1.36711990111248	1.28935519497069	4.48076923076923	0.0498241500586166	0.0457416267942584	1.15557553956835	1.9	0.072289156626506	1.12007504690432	0.0759392486011191	0.226775956284153	0.0315789473684211	0.00064040986231188	0.0282618935468676	0.0648535564853557	6.04933333333333
"MNDA"	1.48281346646638	0.0371188687582855	3.7498808956646	8.13540300247777	0.034349192428561	1.35015772870662	4.8116036121112	0.982282653481665	0.949706906804859	7.03971571906354	0.0357561547479484	0.0323444976076555	0.801258992805755	1.13461538461538	0.0562248995983936	0.874296435272045	0.0103916866506795	1.04918032786885	0.0105263157894737	0.00512327889849504	0.00894959962317475	0.0910041841004184	0.002
"TYMP"	1.22877087567377	0.165782884077184	6.77584564078132	6.24522664334645	0.0784915588686692	0.912054296912341	2.24753585551555	0.754429336629584	0.77274658057939	5.50292642140468	0.14126611957796	0.0811483253588517	1.09622302158273	1.61538461538462	0.353413654618474	1.11632270168856	1.18864908073541	2.91803278688525	0.115789473684211	0.516170349023375	0.510127178520961	0.45397489539749	1.36133333333333
"FGL2"	1.19055403375453	0.0542789807040801	6.00142925202477	6.14728173735607	0.0317912738434554	0.854316030972182	2.38960042495426	0.642768850432633	0.629088437685838	5.76128762541806	0.0492379835873388	0.0304306220095694	0.698741007194245	0.765384615384615	0.0321285140562249	0.793621013133208	0.800959232613909	2.98360655737705	0	0.00448286903618316	0.0268487988695243	0.0449790794979079	1.17533333333333
"NEAT1"	10.9930193514182	2.69163352481956	40.1650786088614	41.3538842734295	1.65943141124023	8.38939871905172	16.8900430856401	6.41573959620931	6.44320788378218	17.4627926421405	3.00703399765533	1.45167464114833	6.9523381294964	18.0423076923077	2.51004016064257	10.0056285178236	0.497202238209432	3.32786885245902	0.189473684210526	20.5209734229907	2.25529910504004	0.603556485355649	0.0193333333333333
"S100A9"	18.2481222938941	0.526292532037119	17.3959028108623	90.3656901326337	0.444054666374333	17.1522798967594	83.1207578350941	12.3976102183766	10.6772576671481	25.7203177257525	0.430246189917937	0.482679425837321	9.90377697841727	16.5346153846154	0.457831325301205	9.53470919324578	0.168665067945643	4.40983606557377	0.0842105263157895	143.061159141851	14.9481865284974	0.651673640167364	0.0806666666666667
"CD14"	0.651586109392949	0.0231256444248048	0.669842782277275	4.14720886168197	0.0201710151282613	0.610983653570404	2.22906214956029	0.455294602389782	0.374054880638858	0.687709030100334	0.0275498241500586	0.0168421052631579	0.335431654676259	0.665384615384615	0.0321285140562249	0.371482176360225	0.392486011191047	3.00273224043716	0	0.0438680755683638	0.0329722091380122	0.178870292887029	0.155333333333333
"GPX1"	1.37898736414244	0.377448814258359	2.49142448785136	7.93368313656901	0.260615362128188	1.25762355415352	3.44395915717405	3.34610630407911	1.34143233370147	8.56939799331104	0.32063305978898	0.445741626794258	8.58003597122302	2.80769230769231	0.29718875502008	1.85928705440901	0.0255795363709033	0.103825136612022	0	0	0	0	0
"MS4A6A"	0.602589025360078	0.0356458977758138	0.954263935207242	3.88121265121702	0.0161514287802383	0.556638944651563	1.65183261523933	0.375360527400082	0.353495879704358	3.94983277591973	0.0281359906213365	0.0181818181818182	2.65647482014389	0.461538461538462	0.0522088353413655	0.4953095684803	0.00319744204636291	3.75956284153005	0.147368421052632	0	0.00800753650494583	0.00313807531380753	0.01
"CYBB"	1.14434037289034	0.0260715863897481	5.98808956646022	5.9889957732109	0.0268946868376818	0.885383806519453	2.89736174231246	0.680675731355583	1.12879109676323	1.87709030100334	0.0234466588511137	0.0254545454545455	3.13938848920863	1.33846153846154	0.0441767068273092	0.701688555347092	0.000799360511590727	0.860655737704918	0	0.00448286903618316	0.00141309467734338	0	0.00133333333333333
"TYROBP"	4.92056198639215	0.100162026808072	18.4952358265841	14.6210464946801	0.086165314623986	2.41420514291177	6.48049341911114	1.94272764730119	1.64132189278736	13.7328595317726	0.0844079718640094	0.0939712918660287	6.77248201438849	2.03846153846154	0.0923694779116466	3.00562851782364	0.0743405275779376	13.2568306010929	0.978947368421053	0.293307716938841	0.170513424399435	0.0836820083682008	0.0253333333333333
"PSAP"	2.89272775470531	0.371556930328473	18.3899475940924	11.7384492056552	0.283271212453409	1.93872478730523	4.89145959983474	1.51792336217553	1.72075439639793	7.1304347826087	0.345252051582649	0.307942583732057	5.31205035971223	3.51538461538462	0.333333333333333	2.37898686679174	2.84732214228617	10.1393442622951	0.389473684210526	1.09382004482869	1.66745171926519	2.02928870292887	6.608
"DUSP6"	0.573606079349651	0.0445573722197673	2.80038113387327	3.12228538113978	0.0146166776291749	0.401443456648504	1.06031989612229	0.325504738360115	0.315436241610738	0.440217391304348	0.0252051582649472	0.0145454545454545	0.434352517985612	0.346153846153846	0.0281124497991968	0.358348968105066	0.618705035971223	1.40437158469945	0.347368421052632	0.0483509446045469	0.262364578426755	0.051255230125523	0.102666666666667
"AIF1"	2.63497393302112	0.194579466784504	24.8587422582182	10.5254336102609	0.542571073594972	1.55510945416308	4.14342206220858	1.33003708281829	1.32970860589585	10.2976588628763	0.156506447831184	1.16708133971292	2.26348920863309	1.31923076923077	0.281124497991968	1.9718574108818	0.0711430855315747	6.77322404371585	0.0526315789473684	0.0208133205251361	0.0310880829015544	0.0167364016736402	0.0286666666666667
"S100A8"	8.90907484315631	0.260789512446605	6.67818008575512	41.5125346159452	0.23613242709932	8.55678233438486	41.3793897184678	6.12608158220025	5.16200832554583	10.3323578595318	0.215709261430246	0.242296650717703	5.01438848920863	8.21538461538461	0.285140562248996	4.5422138836773	0.0839328537170264	2.68579234972678	0.0947368421052632	98.7845020813321	22.9180405087141	0.45397489539749	0.0713333333333333
"SERPINA1"	0.85336219846249	0.0332154956547356	7.21152929966651	3.89199825098382	0.033179858218227	0.534078959946468	1.57303901316178	0.410383189122373	0.450004247727466	1.30351170568562	0.0252051582649472	0.0279425837320574	0.401079136690647	0.569230769230769	0.0200803212851406	0.482176360225141	0.00159872102318145	0.469945355191257	0	0.00608389369196286	0.00282618935468676	0.00104602510460251	0.00133333333333333
"AP1S2"	0.969824158345851	0.289365149506555	3.25750357313006	4.75397172423845	0.166483958196302	0.862967211547653	2.13427374136812	0.743304491141327	0.845382720244669	5.27968227424749	0.24736225087925	0.18066985645933	2.0089928057554	0.980769230769231	0.257028112449799	1.4484052532833	1.78976818545164	2.10928961748634	0.389473684210526	0.234710214537304	0.287329251059821	0.621338912133891	0.38
"GRN"	0.72232040293364	0.0759316541464133	1.94664125774178	3.85767380848273	0.0507198713732369	0.612704330369946	1.89411556394971	0.445405850844664	0.541755160988871	5.13545150501672	0.0609613130128957	0.0545454545454545	3.30845323741007	0.861538461538462	0.0682730923694779	0.776735459662289	1.36930455635492	3.03551912568306	0.0315789473684211	0.15850144092219	1.30852567121997	0.515690376569038	1.19733333333333
"KLF4"	0.712998144384554	0.0467668286934747	3.04525964745117	4.05749890686489	0.034349192428561	0.550281999808814	1.74827362332527	0.420271940667491	0.48534534024297	3.81354515050167	0.0375146541617819	0.0333014354066986	1.09532374100719	0.465384615384615	0.0602409638554217	0.833020637898687	9.35251798561151	2.81967213114754	0.126315789473684	3.07909061799552	7.57371643900141	1.47489539748954	4.84533333333333
"MPEG1"	0.527657506406291	0.0164236264545588	2.30276322058123	2.92165865034252	0.0173938463787181	0.414205142911768	1.32072242223927	0.295426452410383	0.400900518222751	2.02759197324415	0.0252051582649472	0.0147368421052632	3.12140287769784	0.365384615384615	0.0240963855421687	0.358348968105066	0.000799360511590727	0.743169398907104	0	0.00064040986231188	0.0023551577955723	0	0.000666666666666667
"S100A12"	1.03459397366793	0.0319634703196347	0.49404478323011	4.95707622795511	0.0258715194036396	1.01132778893031	5.12518444195243	0.659250103007829	0.600713618214255	0.93185618729097	0.0269636576787808	0.0302392344497608	0.587230215827338	1.06153846153846	0.0321285140562249	0.557223264540338	0	0.122950819672131	0.0105263157894737	0.292987512007685	0.060292039566651	0.00209205020920502	0.00133333333333333
"MARCKS"	0.522709198550853	0.0100898512299308	4.33801810385898	3.09889228975368	0.00855075641306731	0.348580441640379	0.750811544590686	0.298722702925422	0.958457225384419	2.04347826086957	0.00703399765533412	0.0101435406698565	0.281474820143885	0.469230769230769	0.00803212851405622	1.03564727954972	3.2158273381295	6.41256830601093	0.0736842105263158	0.700608389369196	6.29156853509185	1.31380753138075	4.65666666666667
"TKT"	1.24984536537952	0.397554868169097	4.88661267270129	5.30994024194724	0.291164218373164	1.01615524328458	2.92876114029393	0.791100123609394	1.01223345510152	4.04180602006689	0.331770222743259	0.376459330143541	1.62859712230216	1.74615384615385	0.240963855421687	2.093808630394	0.72581934452438	0.972677595628415	0.0631578947368421	0.115273775216138	1.23363165332077	0.701882845188284	0.412666666666667
"FTL"	20.8603428470443	7.00235675357195	136.054073368271	75.3764757324005	5.48746619893298	16.234346620782	33.496429203801	15.2340337865678	16.9690765440489	64.9000836120401	6.33118405627198	7.34870813397129	21.7374100719424	23.0269230769231	5.98393574297189	18.06191369606	29.7306155075939	221.904371584699	20.2105263157895	79.3445405059238	17.4107395195478	25.7541841004184	39.7953333333333
"NAMPT"	0.884024034638155	0.132935631168066	4.35826584087661	4.35038624107273	0.0714755536066652	0.663034126756524	1.83651065336717	0.92377420683972	0.528927024042137	2.65760869565217	0.128370457209848	0.0955023923444976	0.773381294964029	0.85	0.172690763052209	1.20825515947467	9.6986410871303	11.2732240437158	0.536842105263158	4.27569644572526	4.72727272727273	10.342050209205	11.5786666666667
"NCF2"	0.543518600335778	0.0246722639564001	2.49666507860886	2.81766506340184	0.0177592633194475	0.41042921326833	1.48651360443841	0.303667078697981	0.325630787528672	2.04347826086957	0.0269636576787808	0.0120574162679426	0.334532374100719	0.396153846153846	0.0120481927710843	0.328330206378987	0.00559552358113509	1.16939890710383	0	0.149535702849824	0.128120584079133	0.049163179916318	0.004
"CLEC7A"	0.497349120791729	0.0206952423037266	2.67889471176751	2.53592770733129	0.0190016809179274	0.361150941592582	1.13864132680163	0.257931602801813	0.267861693993713	1.6061872909699	0.0240328253223916	0.017799043062201	0.232014388489209	0.284615384615385	0.00401606425702811	0.335834896810507	0.0599520383693046	1.4672131147541	0.0105263157894737	0.186999679795069	0.0414507772020725	0.00732217573221757	0.00866666666666667
"FOSB"	3.42087125563312	1.72595374871115	6.49285373987613	12.0967788952048	0.711759117152671	3.41286683873435	5.70489287611403	2.02389781623403	3.10568345934925	11.7646321070234	1.3094958968347	0.99866028708134	6.00269784172662	3.58846153846154	1.42971887550201	4.42213883677298	3.86490807354117	5.22950819672131	2.18947368421053	1.19372398334934	7.8210080075365	4.20502092050209	5.87066666666667
"SPI1"	0.661129274542723	0.0262188834879953	5.44497379704621	3.11718408395278	0.0228020171015128	0.409568874868559	1.25408723366582	0.325916769674495	0.529606660436666	4.22073578595318	0.0275498241500586	0.0229665071770335	0.569244604316547	0.492307692307692	0.036144578313253	0.525328330206379	0.0247801758593125	3.38524590163934	0.0631578947368421	0.048030739673391	0.0390956194065002	0.00941422594142259	0.028
"CSF3R"	0.423477953521251	0.0310060391810281	0.566936636493568	2.30636933391634	0.0312796901264343	0.376063473855272	1.33087410730095	0.243510506798517	0.255203466145612	1.08821070234114	0.0351699882766706	0.024688995215311	0.301258992805755	0.334615384615385	0.036144578313253	0.23827392120075	0.0279776179056755	0.508196721311475	0	0	0.00188412623645784	0.00523012552301255	0.01
"SAT1"	4.14955376866661	1.32140226837531	28.7656026679371	13.5158140212797	0.506906380179785	3.04636268043208	5.16815203919023	3.34775442933663	3.17874437176111	16.9707357859532	1.60668229777257	0.617799043062201	4.14118705035971	3.60769230769231	1.80722891566265	5.0375234521576	33.7370103916867	48.1693989071038	3.45263157894737	2.56388088376561	5.44276966556759	4.89539748953975	2.27733333333333
"CD36"	0.387602721569321	0.010752688172043	0.59838018103859	2.26038478355925	0.0122780092085069	0.358044164037855	1.26559641149737	0.358879274824887	0.226403873927449	1.21571906354515	0.0152403282532239	0.0132057416267943	1.13758992805755	0.273076923076923	0	0.24765478424015	1.73061550759392	0.948087431693989	0	0.0233749599743836	0.0739519547809703	0.356694560669456	0.106666666666667
"BRI3"	1.19788813289741	0.368979231109147	6.58218199142449	4.86867803527183	0.324051743038807	0.906127521269477	2.39178421767101	0.704573547589617	0.836122674369213	3.87792642140468	0.302461899179367	0.325358851674641	2.88219424460432	1.13461538461538	0.313253012048193	1.22138836772983	3.34692246203038	2.83606557377049	0.368421052631579	1.22830611591419	2.14743287800283	1.48012552301255	2.21533333333333
"CLEC12A"	0.47640717504639	0.0128148475475033	2.37851357789424	2.32130884710684	0.0147628444054666	0.361437721059172	1.16856518916367	0.276885043263288	0.266077648458075	1.45610367892977	0.018757327080891	0.0149282296650718	0.358812949640288	0.273076923076923	0.0160642570281124	0.24015009380863	0.0311750599520384	0.346994535519126	0	0.00032020493115594	0.00376825247291569	0.00941422594142259	0.0346666666666667
"LST1"	2.18679862154281	0.233465900721756	25.597903763697	6.76337268619735	0.144924358693269	1.06242233056113	2.93283361860355	0.932426864441698	1.1180868235494	7.33235785953177	0.123681125439625	0.144306220095694	1.48291366906475	0.988461538461539	0.196787148594378	1.12945590994371	0.0319744204636291	3.40437158469945	0.0421052631578947	0.0236951649055395	0.0325011775788978	0.0188284518828452	0.014
"CD68"	0.465936202173721	0.0123729562527618	3.54144830871844	2.31781081475004	0.00862383980121318	0.309435044450817	0.999645871451337	0.285949732179646	0.254608784300399	0.946488294314381	0.00996483001172333	0.00861244019138756	1.42625899280576	0.338461538461538	0.0240963855421687	0.273921200750469	0.0191846522781775	1.11748633879781	0.0210526315789474	0.3422990714057	0.0612341026848799	0.0334728033472803	0.0166666666666667
"NCF1"	0.574357161791994	0.228310502283105	1.02048594568842	3.05035709080309	0.214207410655558	0.547509798298442	1.61146196069173	0.38277709105892	1.42281879194631	0.860785953177257	0.167643610785463	0.243062200956938	2.38669064748201	1.84230769230769	0.172690763052209	0.523452157598499	0.0119904076738609	0.215846994535519	0.0105263157894737	0.0179314761447326	0.00753650494583137	0.00941422594142259	0.008
"TNFAIP2"	0.367014226385084	0.0139932243334806	1.55621724630777	2.16455327211777	0.0143974274647373	0.299827932320046	0.837573039013162	0.241038318912237	0.210007645909438	1.72700668896321	0.0134818288393904	0.0158851674641148	0.24910071942446	0.242307692307692	0	0.236397748592871	1.29976019184652	2.48360655737705	0.0631578947368421	2.05731668267691	0.425341497880358	1.03033472803347	2.94533333333333
"KCTD12"	0.36710258902536	0.0195168655177493	0.848022868032396	2.15325754263227	0.019805598187532	0.327167574801644	1.07295048102461	0.238978162340338	0.221901282813695	1.98745819397993	0.0175849941383353	0.0200956937799043	0.618705035971223	0.303846153846154	0.0281124497991968	0.303939962476548	6.44284572342126	1.36612021857923	0	0.0429074607748959	0.147903909561941	0.26673640167364	1.28
"EGR1"	0.616727047804188	0.0969214906466343	1.04835636017151	3.38267016469902	0.0388803624936052	0.552576235541535	1.61978398158532	0.414915533580552	0.465550930252315	1.3306856187291	0.142438452520516	0.0543540669856459	0.588129496402878	0.615384615384615	0.104417670682731	1.02626641651032	4.12709832134293	2.33333333333333	1.88421052631579	6.99359590137688	9.07772020725389	8.07426778242678	8.83266666666667
"FCGR3A"	1.70632676504374	0.018338488731772	11.5869461648404	0.224821454598455	0.0153475115106336	0.381225504253895	0.113026028448327	0.251339101771735	0.304731968396908	0.185200668896321	0.0146541617819461	0.0172248803827751	0.220323741007194	0.25	0.0281124497991968	0.829268292682927	0.00319744204636291	0.174863387978142	0	0	0.00188412623645784	0	0.000666666666666667
"CDKN1C"	0.304055845188654	0.0156134924141994	5.78632682229633	0.0841714035854832	0.0105240078930059	0.0303986234585604	0.0483975683172992	0.107952204367532	0.113159459689066	0.11371237458194	0.0205158264947245	0.00784688995215311	0.117805755395683	0.0615384615384615	0.00803212851405622	0.0938086303939962	1.12390087929656	0.273224043715847	0.178947368421053	0.0979827089337176	0.254828073480923	0.767782426778243	1.47533333333333
"IFITM3"	0.871299814438455	0.055531006039181	9.68127679847546	2.28049846961084	0.0564934590367609	0.286492687123602	0.344803163548368	0.337041615162752	0.295896695268032	2.00292642140468	0.0445486518171161	0.14488038277512	0.296762589928058	0.3	0.301204819277108	0.864915572232645	20.7881694644285	2.09836065573771	0.2	0.273134806276017	1.09656146961846	7.93096234309623	7.39
"MS4A7"	0.469117257223646	0.00942701428781853	5.82372558361124	1.23946946509255	0.00833150624862969	0.179667335818755	0.500029510712389	0.206015657189946	0.280519921841815	0.841555183946488	0.00937866354044549	0.00937799043062201	0.183453237410072	0.211538461538462	0.00401606425702811	0.181988742964353	0.00799360511590727	1.89617486338798	0.0105263157894737	0.0131284021773935	0.00942063118228921	0.00836820083682008	0.00733333333333333
"LINC01272"	0.280330476274631	0.00670201797024599	4.10433539780848	0.688164990526162	0.00760067236717094	0.105726030016251	0.330283893053178	0.102183765966213	0.122164641916575	0.163461538461538	0.0082063305978898	0.00899521531100479	0.0836330935251798	0.0961538461538462	0.00803212851405622	0.099437148217636	0	0	0	0	0	0	0
"FCER1G"	2.82800212070337	0.0603181617322139	15.3089566460219	6.005101297187	0.0530585397939048	0.887104483318994	2.50061972496016	1.01277297074578	0.861014357318834	8.87834448160535	0.0967174677608441	0.158086124401914	7.49370503597122	0.953846153846154	0.0763052208835341	1.96810506566604	0.0431654676258993	8.69672131147541	1.49473684210526	0.0515529939161063	0.0569948186528497	0.0240585774058577	0.026
"LYN"	0.809755235486436	0.0173810575931654	6.02525011910434	2.14582422387407	0.0114010085507564	0.35001433897333	0.908221684471463	0.395138030490317	1.03924900178405	2.27299331103679	0.0152403282532239	0.0122488038277512	2.11690647482014	0.780769230769231	0.0240963855421687	0.667917448405253	0.780975219824141	2.54918032786885	0.136842105263158	0.031700288184438	0.0861987753179463	0.096234309623431	0.114
"PECAM1"	0.511531324555978	0.0306377964354102	4.42829919009052	1.4848418597872	0.0811956442300665	0.296816747920849	0.700112140707077	0.309847548413679	0.287316285787104	0.678511705685619	0.0433763188745604	0.204784688995215	0.910971223021583	0.4	0.0682730923694779	0.431519699812383	8.29816147082334	0.434426229508197	0.0105263157894737	0.0102465577969901	0.0871408384361752	0.132845188284519	0.084
"WARS"	0.358266324997791	0.0445573722197673	3.62101000476417	1.26883836175485	0.0293064386464957	0.19405410572603	0.393849967538216	0.146271116604862	0.202446691020304	0.898829431438127	0.0339976553341149	0.0333014354066986	0.349820143884892	1.08076923076923	0.072289156626506	0.352720450281426	0.00559552358113509	0.12568306010929	0	0.0544348382965098	0.0160150730098917	0.047071129707113	0.000666666666666667
"HES4"	0.127286383317134	0.00611282957725733	2.3639828489757	0.120609240635476	0.0124241759847987	0.0231813402160405	0.0247889984064215	0.0799340749896992	0.0575991844363266	0.159698996655518	0.00351699882766706	0.00516746411483254	0.0503597122302158	0.0153846153846154	0.00803212851405622	0.163227016885553	0.374900079936051	0.792349726775956	0.2	1.47038104386808	0.569006123410268	2.91317991631799	0.392666666666667
"TCF7L2"	0.195988336131484	0.0147297098247165	2.62148642210576	0.258052761988048	0.0106701746692977	0.0666762259822197	0.0782033878297822	0.205191594561187	0.0789227763146716	0.0948996655518395	0.0082063305978898	0.0202870813397129	0.0773381294964029	0.0615384615384615	0.0281124497991968	0.326454033771107	7.30295763389289	0.644808743169399	0.0631578947368421	0.0345821325648415	2.79227508243052	2.49581589958159	4.834
"TNFRSF1B"	1.00357868693117	0.273898954190602	5.9399714149595	2.9747850167614	0.0788569758093985	0.710018162699551	1.11520982116508	0.814997939843428	0.538866706312123	1.74038461538462	0.438452520515827	0.0463157894736842	0.691546762589928	0.6	0.257028112449799	1.12945590994371	1.22302158273381	4.94535519125683	0.0421052631578947	0.0249759846301633	0.0362694300518135	0.102510460251046	0.112666666666667
"LILRB2"	0.338075461694795	0.0115628222124024	3.20867079561696	1.30979449059904	0.0125703427610904	0.18626326355033	0.532786401463731	0.158632056036259	0.166425962110271	0.683946488294314	0.0117233294255569	0.00937799043062201	0.310251798561151	0.15	0.00803212851405622	0.161350844277674	0.00399680255795364	0.595628415300546	0.0210526315789474	0.00064040986231188	0.00188412623645784	0.00209205020920502	0.00266666666666667
"S100A11"	2.8691349297517	1.53940197378112	17.1641257741782	9.77342952922315	0.240371263611781	2.18148360577383	4.62179071002774	2.33415739596209	1.43598674709031	11.808110367893	0.755568581477139	0.160382775119617	2.76438848920863	2.33076923076923	1.26104417670683	5.13883677298311	5.70503597122302	11.7786885245902	2.02105263157895	14.6227985910983	23.3739990579369	3.68410041841004	6.654
"TIMP1"	0.785853141291862	0.702901752835469	5.44902334444974	2.09349948987028	0.167653292406636	0.540531497944747	0.735761081272502	0.852080758137618	0.352051652365984	3.75250836120401	0.195193434935522	0.162105263157895	0.435251798561151	0.492307692307692	0.550200803212851	0.829268292682927	2.82174260591527	7.50546448087432	0.442105263157895	0.965417867435158	0.352802637776731	1.66213389121339	7.12
"CSF1R"	0.198948484580719	0.005818235380763	2.35683658885183	0.753170091823349	0.00577358766352408	0.0930599369085174	0.214247771941215	0.0898228265348166	0.101520686432758	0.780936454849498	0.0041031652989449	0.0045933014354067	0.178057553956835	0.0923076923076923	0.00803212851405622	0.0975609756097561	0.0607513988808953	1.2568306010929	0.0105263157894737	0.00704450848543068	0.0494583137070184	0.288702928870293	0.111333333333333
"RHOC"	0.543960413537157	0.0921343349536014	2.82396379228204	0.220521789826556	0.0150551779580501	0.233486282382181	0.0533553679985835	0.226617222908941	0.165491462067794	1.32190635451505	0.0791324736225088	0.0225837320574163	0.426258992805755	0.0807692307692308	0.0883534136546185	0.654784240150094	2.74580335731415	0.923497267759563	0.115789473684211	0.707332692923471	1.70843146490815	1.18619246861925	1.458
"LRRC25"	0.237386233100645	0.00655472087199882	2.39399714149595	0.820652966039936	0.00548125411094058	0.1198738170347	0.358378091247123	0.122373300370828	0.132529096933141	0.716137123745819	0.00586166471277843	0.00688995215311005	0.190647482014388	0.126923076923077	0.00803212851405622	0.0956848030018762	0.00159872102318145	0.12568306010929	0.0105263157894737	0.000960614793467819	0.00188412623645784	0.00209205020920502	0.00466666666666667
"APOBEC3A"	0.213042325704692	0.00471350714390927	2.27941877084326	1.14801049409707	0.00482350361762771	0.123697543255903	0.215841350410199	0.07704985578904	0.100756095488913	0.10994983277592	0.00351699882766706	0.00267942583732057	0.0746402877697842	0.142307692307692	0.00803212851405622	0.105065666041276	0.0183852917665867	0.169398907103825	0	0.379763048350945	0.169100329722091	0.00627615062761506	0.00666666666666667
"STXBP2"	0.583944508261907	0.133966710855796	3.71819914244879	2.04292377204489	0.0795147263027114	0.411910907179046	1.19453461606563	0.416151627523692	0.350947243224875	1.06772575250836	0.101406799531067	0.0907177033492823	0.787769784172662	0.484615384615385	0.136546184738956	0.562851782363977	0.0231814548361311	0.379781420765027	0.178947368421053	0.111111111111111	0.32312764955252	0.0303347280334728	0.008
"FAM26F"	0.283555712644694	0.0455148033583738	2.55526441162458	0.854394403148229	0.0369071110136666	0.14181244622885	0.276574396505932	0.124845488257108	0.72024466910203	1.6371237458194	0.0140679953106682	0.0239234449760766	0.606115107913669	0.157692307692308	0.0401606425702811	0.195121951219512	0.0103916866506795	0.0519125683060109	0	0	0	0	0
"MTSS1"	0.318193867632765	0.0694505818235381	2.20343020485946	0.328450663168634	0.0260176861799313	0.148169391071599	0.0661630171752346	0.273588792748249	0.617364709880214	0.32943143812709	0.0281359906213365	0.0170334928229665	0.0926258992805755	0.176923076923077	0.0522088353413655	0.352720450281426	0.289368505195843	3.13114754098361	0.242105263157895	0.120717259045789	0.96938294865756	0.26255230125523	0.782666666666667
"NPC2"	0.761553415216047	0.278833406981882	4.81657932348737	3.04693193412039	0.212161075787474	0.553532167096836	1.0093253851148	0.53770086526576	0.717526123523915	2.98076923076923	0.184642438452521	0.213397129186603	6.22032374100719	1.15769230769231	0.244979919678715	1.25328330206379	3.18305355715428	6.05737704918033	1.02105263157895	0.413704771053474	2.24964672633066	1.07426778242678	3.36533333333333
"IFITM2"	3.59428293717416	1.80225364560318	9.60171510242973	1.96778895204781	0.904918512022217	2.39025905745149	0.87127427256094	1.53028430160692	1.34338628833574	3.17767558528428	0.821805392731536	1.22315789473684	1.36510791366906	0.923076923076923	2.26506024096386	3.95872420262664	8.51239008792966	1.22404371584699	0.315789473684211	0.109830291386487	0.146019783325483	3.68619246861925	2.94066666666667
"BCL2A1"	0.251259167623929	0.115849167771395	2.19676036207718	0.766433464509547	0.0784915588686692	0.182487333906892	0.338310806822877	0.132674083230326	0.297850649902302	0.551421404682274	0.0550996483001172	0.08	0.129496402877698	0.157692307692308	0.112449799196787	0.288930581613508	0.0183852917665867	5.09289617486339	0.0105263157894737	0.0352225424271534	0.012246820536976	0.0700836820083682	0.00333333333333333
"PILRA"	0.229345232835557	0.00861688024745912	2.11624583134826	1.0080891998251	0.0071621720382957	0.139613803651659	0.41964233016585	0.110424392253811	0.123523914705632	0.830267558528428	0.00703399765533412	0.00803827751196172	0.0998201438848921	0.15	0.0120481927710843	0.131332082551595	0.0855315747402078	0.991803278688525	0.0105263157894737	0.015690041626641	0.0701837023080546	0.0523012552301255	0.03
"BID"	0.354643456746488	0.11923700103108	2.36469747498809	0.854831657192829	0.0685522180808302	0.226603575184017	0.30773770878829	0.218376596621343	0.19072296321468	2.21780936454849	0.0943728018757327	0.092822966507177	0.821942446043165	0.55	0.156626506024096	0.604127579737336	0.619504396482814	3.31693989071038	0.0842105263157895	0.199807877041306	0.23975506358926	0.0700836820083682	0.132
"C5AR1"	0.307678713439958	0.0091324200913242	2.38470700333492	1.28756740999854	0.00847767302492143	0.188605295860816	0.641976037301541	0.159044087350639	0.163707416532155	0.154682274247492	0.00762016412661196	0.00803827751196172	0.128597122302158	0.188461538461538	0.0120481927710843	0.178236397748593	0.14308553157474	2.81967213114754	0.389473684210526	0.0646813960934998	0.238341968911917	0.0993723849372385	0.0893333333333333
"ASAH1"	0.694751259167624	0.166813963764914	3.80466888994759	2.31358402565224	0.131550098662574	0.475145779562183	1.06256271026383	0.480428512566955	0.534788887944949	1.3507525083612	0.138921453692849	0.155598086124402	0.651079136690647	0.969230769230769	0.172690763052209	0.585365853658537	0.760191846522782	1.54371584699454	0.652631578947368	0.0634005763688761	1.13801224682054	1.35251046025105	0.912666666666667
"C11orf96"	0.00583193425819563	0.00272499631757254	0.00166746069556932	0.00655881066899869	0.000146166776291749	0.00602236879839404	0.00206574986720179	0.0259579728059332	0.00399286381785745	0.0313545150501672	0.00175849941383353	0.00133971291866029	0.00449640287769784	0.00384615384615385	0	0.0168855534709193	3.52358113509193	0.210382513661202	0.0421052631578947	1.15209734229907	0.382948657560057	56.6066945606695	7.23866666666667
"ACTA2"	0.0233719183529204	0.0192959198703786	0.022391615054788	0.0220084535781956	0.00679675509756632	0.0251409999044068	0.013692970548309	0.0197775030902349	0.013167955143998	0.0501672240802676	0.0363423212192263	0.00593301435406699	0.0242805755395683	0.0346153846153846	0.036144578313253	0.0544090056285178	0.654676258992806	0.0491803278688525	0.0315789473684211	0.00384245917387128	0.141780499293453	24.9225941422594	0.461333333333333
"MT1M"	4.41813201378457e-05	0	0.000714626012386851	0.000145751348199971	0	0	0.000118042849554388	0.0201895344046147	0.000169909098632232	0.0179765886287625	0	0	0	0	0	0.0206378986866792	1.27098321342926	0.275956284153005	0.0210526315789474	0.0275376240794108	0.198304286387188	23.7144351464435	3.93
"MYL9"	0.00375541221171689	0.00066283694211224	0.00238208670795617	0.00357090803089929	0.000511583717021121	0.00124271102189083	0.00206574986720179	0.381128965801401	0.00807068218503101	0.320652173913043	0.00175849941383353	0.000956937799043062	0.0107913669064748	0.0115384615384615	0.00401606425702811	0.00938086303939963	1.55795363709033	0.0792349726775956	0.0105263157894737	0.0470701248799232	0.123410268487989	21.5020920502092	1.608
"TPM2"	0.0188654236988601	0.024156724112535	0.00619342544068604	0.00947383763299811	0.0298180223635168	0.0211260873721442	0.0080269137696984	0.0206015657189946	0.0116387732563079	0.0367892976588629	0.011137162954279	0.017799043062201	2.89568345323741	0.00769230769230769	0.0281124497991968	0.0356472795497186	0.415667466027178	0.0683060109289618	0.0315789473684211	0.016010246557797	0.111634479510127	18.1171548117155	0.864666666666667
"CALD1"	0.00251833524785721	0.00265134776844896	0.000952834683182468	0.00153038915609969	0.00263100197325148	0.00296338782143199	0.0010033642212123	0.129377832715286	0.00654150029734092	0.00961538461538462	0.00175849941383353	0.00267942583732057	0.00359712230215827	0.00769230769230769	0.00401606425702811	0.0637898686679174	3.40767386091127	0.147540983606557	0.0105263157894737	0.0861351264809478	1.10174281676872	13.1956066945607	5.6
"MT1A"	4.41813201378457e-05	0	0	0	0	0	0	0.0107128141738772	0	0.00836120401337793	0	0	0	0	0	0.00938086303939963	0.605915267785771	0.153005464480874	0.0631578947368421	0.0419468459814281	0.374470089495996	13.0397489539749	1.092
"CRISPLD2"	0.0516479632411416	0.00338783325968478	0.0271557884707003	0.266069086139047	0.00255791858510561	0.0478921709205621	0.190226052056897	0.0436753193242686	0.0271854557811571	0.0392976588628763	0.00175849941383353	0.00267942583732057	0.033273381294964	0.0730769230769231	0	0.075046904315197	0.888089528377298	0.040983606557377	0.0105263157894737	0.332372718539865	0.47197362223269	12.071129707113	2.21266666666667
"RGS6"	0.000353450561102766	7.36485491235823e-05	0.000238208670795617	0.000218627022299956	7.30833881458744e-05	0.000191186311060128	0.000118042849554388	0.0449114132674083	0.000509727295896695	0.00585284280936455	0.00117233294255569	0.000191387559808612	0	0.00769230769230769	0	0.00562851782363977	0.278976818545164	0.336065573770492	0.105263157894737	0.00128081972462376	0.0720678285445125	10.397489539749	0.306666666666667
"MYH11"	0.0262878854820182	0.0313006333775225	0.0114340161981896	0.0165427780206967	0.0369801944018125	0.0204569352834337	0.0102107064864546	0.0280181293778327	0.0334720924305497	0.0301003344481605	0.0381008206330598	0.0329186602870813	0.0323741007194245	0.0461538461538462	0.0321285140562249	0.0431519699812383	0.191846522781775	0.0519125683060109	0.0210526315789474	0.0064040986231188	0.181347150259067	11.5407949790795	0.122666666666667
"PRKG1"	0	7.36485491235823e-05	0.000238208670795617	0	0	4.7796577765032e-05	0.000118042849554388	0.0156571899464359	0	0.00167224080267559	0	0	0.00989208633093525	0	0	0.00938086303939963	1.26298960831335	0.0983606557377049	0	0.000960614793467819	0.1530852567122	9.79602510460251	4.046
"CPE"	4.41813201378457e-05	0	0	7.28756740999854e-05	0	9.55931555300641e-05	0.000118042849554388	0.00659250103007829	0	0.000836120401337793	0.00117233294255569	0	0	0	0	0.00375234521575985	0.876898481215028	0.0300546448087432	0.0210526315789474	0.00384245917387128	0.109750353273669	9.21129707112971	2.478
"LHFPL6"	0	0	0	0	0	0	0	0.00906468891635764	0	0.0112876254180602	0	0	0	0	0	0.0600375234521576	5.982414068745	0.349726775956284	0	0.0259365994236311	0.577484691474329	7.71757322175732	6.16733333333333
"CRYAB"	0	0	0	0.000145751348199971	0	0	5.90214247771941e-05	0.0362587556654306	0	0.068561872909699	0	0	0	0	0	0.176360225140713	0.345323741007194	0.275956284153005	0.0315789473684211	1.74863912904259	2.38200659444183	7.70397489539749	4.43133333333333
"RRAD"	0.00817354422550146	0.00169391662984239	0.0119104335397808	0.0430695233930914	0.00065775049331287	0.00573558933180384	0.0126896063270967	0.0341985990935311	0.00611672755076034	0.11371237458194	0.000586166471277843	0.00076555023923445	0.000899280575539568	0	0	0.0131332082551595	0.430855315747402	1.12021857923497	0.284210526315789	1.64713416586615	0.127178520960904	8.56066945606694	0.480666666666667
"SOX5"	0.00030926924096492	7.36485491235823e-05	0	0.000291502696399942	7.30833881458744e-05	9.55931555300641e-05	0.000413149973440359	0.0210135970333745	0.0291394104154277	0.00627090301003344	0	0	0.00359712230215827	0.0115384615384615	0	0.213883677298311	1.07913669064748	0.437158469945355	0.0105263157894737	0.0233749599743836	5.45124823363165	7.57426778242678	0.973333333333333
"SEPTIN7"	4.41813201378457e-05	0	0	7.28756740999854e-05	0	0	0.000236085699108776	0.292542233209724	0	0.0167224080267559	0.000586166471277843	0	0	0	0	0.25328330206379	3.91446842525979	0.83879781420765	0.473684210526316	0.0124879923150817	2.46490814884597	7.03870292887029	3.29666666666667
"ZNF331"	0.184103561014403	0.279938135218736	0.0581229156741305	0.0862119224602828	0.122853175473215	0.242567632157538	0.0476893112199729	1.47095179233622	0.264888284767649	0.396321070234114	0.226846424384525	0.207464114832536	0.209532374100719	0.165384615384615	0.200803212851406	0.24015009380863	0.885691446842526	5.33060109289617	1.92631578947368	0.150176112712136	0.753650494583137	10.8514644351464	1.416
"ESYT2"	0.260272156932049	0.228163205184858	0.21629347308242	0.231453140941554	0.163706789446759	0.225360864162126	0.116567313934958	1.04697156983931	0.126837142128961	0.467391304347826	0.161781946072685	0.193301435406699	0.29226618705036	0.257692307692308	0.216867469879518	0.812382739212008	4.26778577138289	3.09289617486339	0.789473684210526	0.2965097662504	3.11775788977862	11.5240585774059	2.264
"TPM1"	0.088495184236105	0.0539107379584622	0.192472606002859	0.10137006267308	0.0515237886428415	0.0593155530064047	0.0492238682641799	0.365059744540585	0.0526718205759918	0.309364548494983	0.0504103165298945	0.0491866028708134	0.179856115107914	0.0461538461538462	0.0602409638554217	0.221388367729831	1.11990407673861	0.297814207650273	0.0315789473684211	0.106308037143772	0.623645784267546	8.50523012552301	3.79266666666667
"NR4A1"	0.109746399222409	0.0338046840477243	0.944735588375417	0.44942428217461	0.00898925674194256	0.0678233438485804	0.0965000295107124	0.456942727647301	0.102285277376604	0.984113712374582	0.0216881594372802	0.012822966507177	0.102517985611511	0.0769230769230769	0.0200803212851406	0.435272045028143	5.42046362909672	2.71311475409836	0.821052631578947	1.24719820685239	4.40885539331135	8.78033472803347	5.91466666666667
"PTPRG"	0.00159052752496245	0	0	0	0.000146166776291749	9.55931555300641e-05	0.000236085699108776	0.0131850020601566	0.005861863902812	0.00250836120401338	0	0	0.000899280575539568	0.103846153846154	0	0.0318949343339587	4.99600319744205	0.0792349726775956	0	0.00960614793467819	0.248704663212435	5.80962343096234	4.25733333333333
"CEBPD"	0.819475125916762	0.0410222418618353	1.78060981419724	3.4889228975368	0.0148359277936125	0.616528056591148	1.58549253378977	0.410383189122373	0.3547701979441	4.83821070234114	0.0316529894490035	0.0147368421052632	0.418165467625899	0.726923076923077	0.0481927710843374	1.05065666041276	15.1143085531575	2.97814207650273	0.0736842105263158	0.883765609990394	12.2788506829958	18.2301255230126	13.7433333333333
"GEM"	0.000353450561102766	0.00103107968773015	0.000476417341591234	0.00131176213379974	0.000146166776291749	0.000525762355415352	0.000590214247771941	0.108776266996292	0.00280350012743182	0.0610367892976589	0.00234466588511137	0.00076555023923445	0.00899280575539568	0	0	0.0187617260787993	0.591526778577138	1.00819672131148	0.0105263157894737	0.71213576689081	0.274140367404616	6.22175732217573	5.17866666666667
"SORBS2"	0.0046390386144738	0.00184121372808956	0.000476417341591234	0.000145751348199971	0.00153475115106336	0.00138610075518593	0.000531192822994747	0.00453234445817882	0.00671140939597315	0.000418060200668896	0.000586166471277843	0.00382775119617225	0.00269784172661871	0.0961538461538462	0	0.0168855534709193	1.1119104716227	0.0218579234972678	0	0	0.0824305228450306	6.0407949790795	0.148
"LEF1"	0.206370946363877	0.542495212844307	0.0107193901858028	0.00845357819559831	0.956734634217642	0.248207628333811	0.035885026264534	0.330037082818294	0.160564098207459	0.0836120401337793	0.835873388042204	1.13205741626794	0.133093525179856	0.180769230769231	0.686746987951807	0.403377110694184	0.194244604316547	0.00546448087431694	0	0.00704450848543068	0.0141309467734338	0.290794979079498	0.18
"CCR7"	0.146505257577096	0.303358373840035	0.0097665555026203	0.0132633726861973	0.777607249872104	0.153188031736928	0.0287434338664935	0.241862381540997	0.327499787613627	1.91889632107023	0.285463071512309	0.84133971291866	0.126798561151079	0.176923076923077	0.413654618473896	0.234521575984991	0.0543565147881695	3.27868852459016	0	0.143451809157861	0.0574658502119642	0.0575313807531381	0.00866666666666667
"OXNAD1"	0.25041972254131	0.502283105022831	0.0378751786565031	0.0279842588543944	0.807717605788204	0.323487238313737	0.050463318184501	0.256695508858673	0.14501741568261	0.11747491638796	0.388042203985932	1.15387559808612	0.117805755395683	0.188461538461538	0.461847389558233	0.309568480300188	0.216626698641087	0.153005464480874	0.0421052631578947	0.00256163944924752	0.103155911446067	0.0868200836820084	0.184
"RPS3A"	17.6608641866219	31.5362350861688	19.5007146260124	19.1981489578779	34.0704523861726	21.3503967115955	9.87097916543705	14.1936547177585	29.8644125392915	53.3428093645485	23.8493552168816	43.2311961722488	49.5935251798561	30.5884615384615	29.3815261044177	34.7598499061914	24.1990407673861	12.5	2.37894736842105	6.40601985270573	51.5478097032501	17.7175732217573	13.924
"PIK3IP1"	0.444905893788106	0.860730593607306	0.248451643639828	0.15209153184667	1.12343784257838	0.523276933371571	0.111137342855457	0.395962093119077	0.452552884206949	0.183528428093645	0.945486518171161	1.38488038277512	0.223920863309353	0.288461538461538	0.738955823293173	0.474671669793621	0.607513988808953	0.109289617486339	0.0210526315789474	0.571565802113353	0.228921337729628	0.130753138075314	0.262666666666667
"RPL21"	17.2430414420783	30.056635734276	22.5595521676989	19.0140650051013	32.4647372652196	20.4470891884141	9.91406480552441	16.0902348578492	29.7097103049868	48.6743311036789	22.8956623681125	39.5674641148325	35.6555755395683	28.9038461538462	27.140562248996	29.2420262664165	6.17106314948042	6.9016393442623	0.547368421052632	22.4268331732309	13.7814413565709	5.29811715481172	2.76133333333333
"LINC00861"	0.464920031810551	0.530785093533657	0.0140543115769414	0.0137735024048972	0.832492874369656	0.464391549565051	0.0482795254677448	0.302843016069221	0.175601053436412	0.0836120401337793	0.536342321219226	0.788133971291866	0.142086330935252	0.242307692307692	0.493975903614458	0.651031894934334	0.000799360511590727	0.00546448087431694	0	0.00064040986231188	0.000942063118228921	0	0
"RPS10"	7.15459043916232	12.9299602297835	7.99571224392568	7.09626876548608	13.2386172622963	9.07422808526909	3.63300478073541	6.83106716110424	13.0319429105429	19.3607859531773	9.19402110199297	16.3887081339713	16.1501798561151	13.1884615384615	11.9236947791165	14.3658536585366	9.58513189448441	5.96994535519126	0.726315789473684	4.62696125520333	19.8276024493641	7.23640167364017	5.29733333333333
"RPL22"	6.86113811080675	11.9921932537929	8.93544545021439	9.25032794053345	12.9261857779727	7.9979447471561	4.68258277754825	5.83930778739184	11.8415597655254	23.5932274247492	9.42145369284877	15.5548325358852	17.0314748201439	13.2384615384615	10.9116465863454	14.8480300187617	7.87689848121503	4.45901639344262	1.01052631578947	3.42907460774896	12.4262835609986	4.91213389121339	4.55733333333333
"EEF1B2"	5.03799593531855	9.1936220356459	5.59933301572177	4.39979594811252	9.66491266535117	6.13622024663034	2.35684353420292	3.95508858673259	9.61846911902132	16.0994983277592	6.22274325908558	12.7783732057416	14.1501798561151	12.7346153846154	8.17670682730924	13.780487804878	11.9736211031175	5.21584699453552	1.69473684210526	1.67403138008325	24.8431464908149	6.5020920502092	5.58333333333333
"RPL32"	19.9614297075197	37.9058771542201	22.6055264411625	22.8910508672205	37.7250602937952	25.1981168148361	11.8949418638966	19.6304079110012	35.7984878090222	56.5158862876254	28.2268464243845	48.1555980861244	41.4937050359712	33.3	34.9437751004016	40.0112570356473	67.9600319744205	24.4125683060109	8.43157894736842	10.6865193723983	90.2430522845031	32.7949790794979	33.9226666666667
"BCL11B"	0.435981267120262	0.831786713801738	0.0147689375893283	0.0145022591458971	0.899218007746839	0.59764840837396	0.0721832025025084	1.14462299134734	0.239826692719395	0.160535117056856	0.73094958968347	0.906985645933014	0.18705035971223	0.284615384615385	0.819277108433735	0.825515947467167	0.0359712230215827	0.0191256830601093	0.0315789473684211	0.0304194684598143	1.60857277437588	0.0658995815899582	0.413333333333333
"RPL9"	12.1638685163913	22.2785388127854	15.3666031443545	15.4373997959481	22.1000511583717	14.5862728228659	7.87428436522458	9.03873094355171	21.3567241525784	35.6998327759197	16.116060961313	27.3596172248804	28.8003597122302	19.7346153846154	20.2168674698795	19.953095684803	3.10711430855316	3.04918032786885	0.252631578947368	10.4021773935319	7.44512482336317	2.18723849372385	1.014
"RPS13"	10.8521693028188	18.9955074385035	16.32634587899	16.8986299373269	21.0268946868377	13.0001911863111	8.19648232308328	10.6749072929543	19.2648882847677	40.3490802675585	14.0580304806565	26.2484210526316	26.6735611510791	23.7653846153846	17.8232931726908	22.9118198874296	39.4972022382094	17.8743169398907	5.42105263157895	10.960934998399	60.588318417334	21.2740585774059	23.1633333333333
"RPS8"	16.8924626667845	32.9064663426131	22.4144830871844	21.6759947529515	32.7457428926405	21.1612178568015	10.4713450982707	15.7985166872682	35.2624246028375	57.1542642140468	24.5961313012896	41.9234449760766	51.0773381294964	45.5769230769231	30.3012048192771	44.5741088180113	61.1183053557154	21.7103825136612	6.08421052631579	10.9702209414025	129.477154969383	37.4320083682008	33.898
"RPS6"	14.4073959529911	27.5981735159817	16.4101953311101	15.0761550794345	26.9845794051012	17.7612082974859	7.99150091483208	13.8710341985991	24.8877750403534	45.7663043478261	21.1230949589683	35.4457416267943	35.1393884892086	27.9384615384615	24.574297188755	38.6454033771107	49.7354116706635	17.9207650273224	3.03157894736842	13.297790585975	105.711257654263	26.6485355648536	20.208
"RPL5"	9.35084386321463	17.2090882309619	10.1779418770843	9.72613321673225	16.7995322663159	11.5396233629672	5.09053886560822	8.09476720230738	15.6317220287146	29.9021739130435	12.6553341148886	20.9255502392345	23.0980215827338	21.3884615384615	15.425702811245	21.9943714821764	31.7218225419664	10.3114754098361	4.68421052631579	2.83509446045469	50.5821950070655	21.3943514644351	18.9326666666667
"RPS20"	6.05641954581603	11.5914714980115	8.62005717008099	7.66265850459117	11.8878900825842	7.39704617149412	4.08859115859057	6.78038730943552	12.2099226913601	19.5455685618729	8.76260257913247	13.4424880382775	16.7940647482014	10.9153846153846	10.8433734939759	15.8217636022514	16.533173461231	9.80601092896175	2.16842105263158	5.41082292667307	27.3000471031559	10.3723849372385	10.868
"SATB1"	0.419987629230361	0.486006775666519	0.187708432586946	0.25163970266725	0.795951180296719	0.413679380556352	0.174349288791831	0.278121137206428	0.324866196584827	0.571488294314381	0.280187573270809	0.869856459330144	0.540467625899281	0.265384615384615	0.57429718875502	0.328330206378987	0.122302158273381	0.204918032786885	0.0315789473684211	0.0509125840537944	0.0993876589731512	0.049163179916318	0.0626666666666667
"RPL35A"	11.4209154369533	20.1299896892031	13.6762744163888	14.1862702229996	20.2643426149236	14.1156199216136	7.24316827008204	11.9336629583848	18.922606405573	35.3695652173913	14.2766705744431	23.9496650717703	24.7005395683453	21.9269230769231	18.6184738955823	23.3470919324578	42.0903277378098	15.3497267759563	5.85263157894737	18.7361511367275	58.975506358926	22.7364016736402	24.6213333333333
"TOMM7"	3.26636917911107	5.52445131830903	3.94354454502144	3.46458242238741	5.4694876854491	4.04502437625466	1.87688130791477	2.71034198599094	4.79525953614816	6.69648829431438	3.62368112543962	5.35368421052632	5.5089928057554	4.25384615384615	5.02008032128514	5.3827392120075	6.28057553956835	2.92349726775956	0.905263157894737	0.849183477425552	7.92133772962788	4.99267782426778	4.31533333333333
"RPL23"	6.08173544225501	10.150169391663	11.4109099571224	11.5618714473109	11.6421837316378	6.59755281521843	5.52611698046391	5.80716934487021	11.8052841729675	26.4151337792642	8.32766705744431	13.5607655502392	19.8812949640288	12.3576923076923	9.54216867469879	13.155722326454	22.343725019984	10.9153005464481	4.41052631578947	2.66250400256164	46.9024964672633	13.1914225941423	12.5
"RPLP2"	13.589422991959	23.4946973044631	16.5819437827537	16.4581693630666	23.6836950961047	16.5163942261734	8.72189104644986	15.0210135970334	24.4903576586526	39.6701505016722	17.2983587338804	28.7305263157895	27.1474820143885	27.8884615384615	21.4578313253012	31.8761726078799	31.0319744204636	20.0928961748634	3.42105263157895	19.8741594620557	59.8511540273198	17.4696652719665	17.7446666666667
"RPS28"	16.9140231510118	30.6229194284873	21.0809909480705	21.4384200553855	28.7629174888548	21.0505209826976	10.780145192705	13.610630407911	28.9412964064226	45.6663879598662	21.6881594372802	37.4436363636364	40.8489208633094	34.7	27.6506024096386	32.5009380863039	11.6131095123901	8.81420765027322	1.4	24.702209414025	24.6396608572774	6.90481171548117	4.01866666666667
"CD8B"	0.30741362551913	0.242524672263956	0.0109575988565984	0.0116601078559977	0.0523277059124461	0.975480355606539	0.0415510830431447	0.26782035434693	0.151898734177215	0.0635451505016722	0.0621336459554514	2.6466985645933	0.132194244604317	0.180769230769231	0.325301204819277	0.799249530956848	0.00959232613908873	0.0163934426229508	0.0105263157894737	0.00960614793467819	0.00894959962317475	0.0115062761506276	0.024
"CD8A"	0.340461252982239	0.125497127706584	0.0116722248689852	0.00976534032939805	0.0183439304246145	0.897524137271771	0.0395443546007201	0.279357231149567	0.118256732648033	0.0702341137123746	0.0463071512309496	0.981626794258373	0.0863309352517986	0.111538461538462	0.172690763052209	0.823639774859287	0.0103916866506795	0.00546448087431694	0	0.00608389369196286	0.0136599152143194	0.00209205020920502	0.0146666666666667
"NUCB2"	0.40134311213219	0.320076594491089	0.103858980466889	0.142982072584171	0.604399619966382	0.451438676990727	0.100867614944225	0.281005356407087	0.18044346274743	0.309782608695652	0.317702227432591	1.15253588516746	2.16906474820144	1.78076923076923	0.433734939759036	1.91932457786116	1.16306954436451	0.278688524590164	0.115789473684211	4.88216458533461	0.822421102213848	0.354602510460251	1.366
"SNHG8"	0.747061942210833	1.4375460303432	1.06264888041925	0.702813001020259	1.41876781407586	0.991014243380174	0.346219677743021	0.587556654305727	1.38127601733073	1.73035117056856	1.0556858147714	2.17377990430622	2.18435251798561	1.41538461538462	1.33333333333333	1.5609756097561	0.264588329336531	0.275956284153005	0	1.73871277617675	0.885539331135186	0.138075313807531	0.016
"RPL10A"	7.80975523548644	14.4978641920754	9.98332539304431	7.94752951464801	13.3314331652415	9.80561131822961	4.08628932302426	7.1598681499794	14.4911222495965	25.1952341137124	10.6828839390387	18.0005741626794	20.8372302158273	16.8153846153846	13.1526104417671	21.328330206379	25.2781774580336	8.83879781420765	1.64210526315789	3.97438360550753	53.8968440885539	19.6223849372385	16.492
"NPM1"	2.6145179817973	4.41847105612019	2.28084802286803	2.23713744352135	4.25929986114156	3.17895038715228	1.14843888331464	2.28347754429337	3.87103899413814	7.14005016722408	3.27842907385698	5.75980861244019	7.41456834532374	6.49615384615385	4	12.1050656660413	7.52278177458034	3.03825136612022	0.705263157894737	8.07652897854627	11.2364578426755	5.8326359832636	4.35266666666667
"CD27"	0.174913846425731	0.585874208278097	0.00690805145307289	0.00910945926249818	0.600672367170942	0.370184494790173	0.0407838045210411	0.215492377420684	0.30184351372016	0.0656354515050167	0.838804220398593	0.816459330143541	0.105215827338129	4.6	0.682730923694779	1.15947467166979	0.00399680255795364	0.00546448087431694	0	0.00224143451809158	0.00282618935468676	0.00313807531380753	0.004
"RPS23"	16.9313864098259	29.0176020032405	23.301810385898	18.3302725550211	29.5062486296865	20.5840741802887	9.43067933659919	14.7585496497734	34.5236598419845	61	20.263774912075	37.3678468899522	48.8992805755396	31.4538461538462	26.7590361445783	39.4108818011257	53.3429256594724	24.4726775956284	7.11578947368421	6.87223823246878	81.8252472915685	25.4351464435146	29.6933333333333
"RPL37"	16.1602898294601	29.0572985712181	19.8708909004288	19.4099985424865	27.5294160637287	19.6550520982698	9.94251313226701	15.011948908117	28.8045195820236	49.9552675585284	21.9953106682298	34.6204784688995	39.6528776978417	30.9269230769231	26.9839357429719	37.5103189493433	54.4124700239808	24.1475409836066	6.17894736842105	8.86071085494717	93.9477154969383	25.6338912133891	30.4833333333333
"RPL12"	12.1142528938765	21.0427161584917	18.9602191519771	15.1545693047661	19.045604034203	14.4241946276647	7.44378209289972	12.1067161104244	23.5636734347124	38.679347826087	16.4308323563892	25.9601913875598	27.3678057553957	28.5423076923077	19.425702811245	32.8667917448405	45.3733013589129	17.9207650273224	5.97894736842105	5.91578610310599	69.0942063118229	21.4958158995816	29.0793333333333
"RPS26"	5.63055580100733	9.15186330829283	7.42520247737018	6.26497595102755	8.01534751151063	7.37529872861103	3.09750339373192	3.44499381953028	6.90850395038654	13.7470735785953	7.6905041031653	12.4926315789474	9.22661870503597	10.5	8.33333333333333	13.4502814258912	1.24540367705835	2.16393442622951	0.0631578947368421	5.03202049311559	2.21714554875177	1.07635983263598	0.288
"GNLY"	21.9953609613855	0.515613492414199	0.189375893282515	0.212796968371957	0.147336110502083	12.1814836057738	0.819984654429558	2.57148743304491	2.29487724067624	1.08904682274247	0.280773739742087	0.143923444976077	2.12140287769784	2.28076923076923	0.602409638554217	17.874296435272	0.0543565147881695	0.0218579234972678	0.0210526315789474	0.0243355747678514	0.0207253886010363	0.00941422594142259	0.00533333333333333
"NKG7"	12.7985773614916	0.290543526292532	0.581467365412101	0.220157411456056	0.0860191478476942	8.94933562756907	0.637136280469811	1.85702513391018	1.52102625095574	0.985367892976589	0.171746776084408	0.115023923444976	1.47841726618705	1.54615384615385	0.650602409638554	11.7410881801126	0.017585931254996	0.0327868852459016	0	0.00704450848543068	0.0127178520960904	0.00523012552301255	0.00866666666666667
"GZMB"	3.28218609172042	0.0251878038002651	0.0312053358742258	0.0285672642471943	0.0189285975297815	1.24299780135742	0.133683527120345	0.457766790276061	0.320278650921757	0.144648829431438	0.0439624853458382	0.0200956937799043	14.693345323741	0.35	0.0321285140562249	3.06941838649156	0.008792965627498	0.0218579234972678	0	0.0080051232788985	0.00329722091380122	0.00209205020920502	0
"PRF1"	2.16364760979058	0.0641478862866402	0.0154835636017151	0.0157411456055969	0.0225096835489293	0.828983844756715	0.102874343386649	0.329625051503914	0.227168464871294	0.112458193979933	0.0791324736225088	0.0403827751196172	0.234712230215827	0.330769230769231	0.116465863453815	1.75609756097561	0.0207833733013589	0.00546448087431694	0	0.00352225424271534	0.00612341026848799	0.0135983263598326	0.008
"FGFBP2"	2.33926835733852	0.0198114597142436	0.0164363982848976	0.0203323130738959	0.0143243440765914	1.24032119300258	0.094847429616951	0.260815822002472	0.251890238722284	0.130016722408027	0.0234466588511137	0.0325358851674641	0.209532374100719	0.269230769230769	0.0522088353413655	1.33958724202627	0.00559552358113509	0	0	0.0016010246557797	0.00471031559114461	0.0251046025104603	0.654666666666667
"KLRD1"	2.2411858266325	0.0373398144056562	0.0183420676512625	0.0163241509983967	0.0163706789446759	1.2903164133448	0.0926636369001948	0.414091470951792	0.265992693908759	0.128344481605351	0.0252051582649472	0.0141626794258373	0.225719424460432	0.25	0.0522088353413655	1.78048780487805	0.135091926458833	0.0191256830601093	0	0.0150496317643292	0.0466321243523316	0.116108786610879	0.076
"CST7"	3.18282230273041	0.252688172043011	0.030490709861839	0.0317737939075936	0.0211210991741577	2.43896377019405	0.153160597296819	0.716934487021014	0.404383654744712	2.17976588628763	0.185814771395076	0.0227751196172249	0.351618705035971	0.430769230769231	0.232931726907631	2.52720450281426	0.0463629096722622	1.60382513661202	0.242105263157895	0.167787383925712	0.0659444182760245	0.0303347280334728	0.0206666666666667
"CTSW"	2.14058496067863	0.281116512004713	0.0212005717008099	0.0290773939658942	0.112183000803917	1.5554918267852	0.103405536209644	0.585496497733828	0.290799422309065	0.247073578595318	0.166471277842907	0.629090909090909	0.39568345323741	0.357692307692308	0.305220883534137	2.15196998123827	0.0183852917665867	0.0792349726775956	0.0315789473684211	0.0102465577969901	0.0108337258596326	0.00836820083682008	0.00466666666666667
"CD247"	1.77038967924362	0.656724112534983	0.025488327775131	0.0271826264392946	0.572389095958489	0.807140808718096	0.0904798441834386	0.585084466419448	0.279330558151389	0.153846153846154	0.68757327080891	0.45933014354067	0.197841726618705	0.257692307692308	0.718875502008032	2.11444652908068	0.0647482014388489	0.0136612021857923	0	0.0080051232788985	0.0221384832783797	0.0209205020920502	0.0246666666666667
"KLRB1"	2.19453035256693	1.57637354544115	0.0238208670795617	0.0265996210464947	0.0965431557407001	1.8186119873817	0.116036121111964	0.670786979810466	0.331917424178065	0.198160535117057	0.285463071512309	0.0285167464114833	0.276079136690647	0.334615384615385	0.983935742971888	1.65853658536585	0.00719424460431655	0.087431693989071	0.0105263157894737	0.0252961895613192	0.0108337258596326	0.00209205020920502	0.000666666666666667
"CD7"	1.61093929486613	0.681101782294889	0.0609814197236779	0.0752805713452849	0.863918731272382	0.831899436000382	0.101221743492888	0.512978986402967	0.28476764930762	0.228678929765886	0.577960140679953	1.35368421052632	0.425359712230216	0.288461538461538	0.795180722891566	1.65666041275797	0.0663469224620304	0.0245901639344262	0.0105263157894737	0.0281780339417227	0.0164861045690061	0.0146443514644351	0.0173333333333333
"GZMM"	1.52933639657153	0.466195315952276	0.0233444497379705	0.0256522372831949	0.385661039245779	1.37649364305516	0.0972673080328159	0.379480840543881	0.259536148160734	0.145484949832776	0.250293083235639	0.831961722488038	0.231115107913669	0.273076923076923	0.526104417670683	1.47279549718574	0.008792965627498	0.0163934426229508	0	0.0268972142170989	0.00894959962317475	0.00104602510460251	0.00466666666666667
"GZMH"	1.85283202262084	0.0352040064810723	0.0276322058122916	0.0244862264975951	0.0175400131550099	2.27970557308097	0.122764563536564	0.454882571075402	0.314926514314842	0.173494983277592	0.0445486518171161	0.021244019138756	0.289568345323741	0.376923076923077	0.0602409638554217	2.22514071294559	0.00239808153477218	0	0	0.00032020493115594	0.000942063118228921	0.00104602510460251	0.00266666666666667
"EFHD2"	2.54586021030308	0.245249668581529	3.58861362553597	3.016032648302	0.0906964846890302	1.62216805276742	1.29516614531075	0.641120725175113	0.714807577945799	4.1814381270903	0.215123094958968	0.103349282296651	1.05395683453237	1.00384615384615	0.204819277108434	2.82363977485929	0.915267785771383	1.58196721311475	0.136842105263158	0.0682036503362152	0.478568064060292	0.133891213389121	0.313333333333333
"ABHD17A"	1.28611822921269	0.512152010605391	0.573844687946641	0.486663751639703	0.300372725279544	0.986616958225791	0.277400696452812	0.432632880098888	0.440149520006796	0.816053511705686	0.405041031652989	0.396172248803828	0.689748201438849	0.580769230769231	0.457831325301205	1.78424015009381	0.777777777777778	0.325136612021858	0.0315789473684211	0.0413064361191162	0.740932642487047	0.338912133891213	0.511333333333333
"SYNE1"	1.1570204117699	0.278391515687141	0.172224868985231	0.155953942573969	0.19893298253307	0.973186119873817	0.199964587145134	0.391841779975278	0.363860334720924	0.273411371237458	0.267878077373974	0.198086124401914	0.284172661870504	0.892307692307692	0.27710843373494	1.19136960600375	2.60271782573941	0.35792349726776	0.0526315789473684	0.486711495357029	0.312764955252002	1.29602510460251	1.69466666666667
"ARL4C"	2.56101440311036	2.09891000147297	0.444735588375417	0.605742603119079	0.856025725352627	2.46759392027531	0.322965236380806	1.21054800164813	0.793220626964574	5.48494983277592	1.34232121922626	0.726124401913876	2.87320143884892	1.76538461538462	1.75100401606426	4.05440900562852	0.590727418065548	3.79508196721311	1.69473684210526	0.0422670509125841	0.379651436646255	0.142259414225941	0.241333333333333
"PLAC8"	1.75139171158434	0.596479599351893	2.98999523582658	0.928217461011514	0.730541547906161	0.941496988815601	0.380570146963348	0.553358055212196	1.64446521111206	1.0994983277592	0.345252051582649	0.824497607655502	8.45323741007194	0.919230769230769	0.955823293172691	1.77298311444653	0.0903277378097522	0.117486338797814	0.0105263157894737	0.00352225424271534	0.0188412623645784	0.0230125523012552	0.0333333333333333
"HCST"	4.15565079084563	2.15488289880689	2.51333968556455	3.17570325025507	1.25878827742454	4.32970079342319	1.59770996871864	1.76761433868974	1.16888964404044	3.0121237458194	1.5556858147714	2.50296650717703	3.18615107913669	2.51538461538462	2.13253012048193	4.12945590994372	0.0391686650679456	3.00819672131148	0.326315789473684	0.0390650016010247	0.0565237870937353	0.0115062761506276	0.026
"JAK1"	2.21560484227269	1.35660627485639	1.85564554549786	1.18109605013846	1.02557918585106	1.4425963101042	0.609101103700643	1.06304079110012	1.54685243394784	2.56521739130435	1.2989449003517	1.16976076555024	2.11241007194245	1.84615384615385	1.3855421686747	3.06378986866792	3.13908872901679	1.28415300546448	0.115789473684211	0.584694204290746	1.39802166745172	1.16422594142259	1.05466666666667
"RUNX3"	0.93518600335778	0.364560318161732	0.782277274892806	0.341058154787932	0.12789592925528	0.778462862059077	0.128607684589506	1.18335393489905	0.344065924730269	0.795150501672241	0.257327080890973	0.290717703349282	0.318345323741007	0.311538461538462	0.29718875502008	1.42401500938086	0.0559552358113509	2.15846994535519	0.252631578947368	0.0124879923150817	0.0452190296749882	0.186192468619247	0.226
"SYNE2"	1.90452416718212	1.5843275887465	0.0535969509290138	0.0336685614341933	0.549075495139955	2.07943791224548	0.207224222392729	1.05974454058508	0.740973579135163	0.321070234113712	1.53751465416178	0.52688995215311	0.50089928057554	1.4	1.59437751004016	3.56848030018762	11.1558752997602	0.109289617486339	0.0526315789473684	0.0653218059558117	2.80546396608573	0.988493723849372	0.489333333333333
"RARRES3"	1.28143500927808	1.01399322433348	0.73153882801334	0.434922023028713	0.635898560257254	1.13645922951917	0.211532786401464	0.425628347754429	0.45034406592473	0.497909698996655	0.726846424384525	0.8	0.356115107913669	2.44230769230769	1.18875502008032	2.10694183864916	0.0167865707434053	0.0437158469945355	0.0105263157894737	0.00992635286583413	0.00706547338671691	0.00104602510460251	0
"PLEK"	1.56176548555271	0.083222860509648	2.97141495950453	2.11951610552398	0.0156398450632171	1.15218430360386	0.964705187983238	0.77091058920478	0.809956673179849	2.73954849498328	0.0386869871043376	0.0183732057416268	4.67176258992806	1.08846153846154	0.0642570281124498	1.86116322701689	0.017585931254996	3.54644808743169	0.0526315789473684	0.0064040986231188	0.012246820536976	0.0146443514644351	0.012
"CD63"	1.60280993196077	0.455368979231109	1.8530252501191	1.90416848855852	0.128846013301177	1.07542299971322	0.79974030573098	0.920065925010301	0.594511936114179	3.52968227424749	0.268464243845252	0.223732057416268	1.5044964028777	2.01538461538462	0.305220883534137	2.35084427767355	8.77138289368505	8.19672131147541	1.17894736842105	1.26416906820365	1.86716910032972	8.37866108786611	13.898
"ITGB2"	2.41508350269506	0.76417734570629	4.67532158170557	4.27612592916485	0.495505371629029	1.75227033744384	2.07967892344921	0.932838895756077	0.981140090051822	5.061872909699	0.529308323563892	0.515215311004785	1.28687050359712	1.16538461538462	0.630522088353414	2.78611632270169	0.0303756994404476	2.98633879781421	0	0.0387447966698687	0.0372114931700424	0.0209205020920502	0.0113333333333333
"LITAF"	1.41128390916321	0.722934158197084	0.793234873749404	0.94752951464801	0.557626251553022	1.25838829939776	0.471935312518444	0.677791512154924	0.686687622122165	1.8883779264214	0.628956623681125	0.716555023923445	0.930755395683453	1.82692307692308	0.70281124497992	1.97748592870544	1.44924060751399	6.12295081967213	1.25263157894737	3.45661223182837	1.39236928874235	2.42154811715481	1.20866666666667
"SEPT7"	2.38256605107361	1.68662542347916	1.75464506908051	1.27444978866055	1.21011474091939	2.2174744288309	0.697751283715989	1.17428924598269	2.08928723133124	3.01463210702341	1.32942555685815	1.57933014354067	2.30665467625899	2.04615384615385	1.59437751004016	4.77673545966229	0.115107913669065	0.248633879781421	0	1.19276336855588	0.302873292510598	0.144351464435146	0.012
"HLA-C"	9.97057524078819	7.91832375902195	12.9919009051929	8.82400524704854	4.57216984579405	9.87491635598891	4.16325326093372	4.89369592088999	7.00764590943845	14.4598662207358	6.42907385697538	5.79598086124402	8.42356115107914	14.7769230769231	8.55020080321285	15.8067542213884	13.154276578737	4.15027322404372	0.168421052631579	1.3720781300032	3.78332548280735	3.38807531380753	4.35533333333333
"CALM1"	6.45294689405319	6.29400500810134	5.09194854692711	3.34360880338143	3.24775268581451	6.68741038141669	1.88189812902083	3.72929542645241	3.97901622631892	7.96446488294314	4.83821805392732	3.86143540669856	5.30665467625899	5.44230769230769	5.22088353413655	17.5009380863039	10.3661071143086	4.98360655737705	1.98947368421053	4.96029458853666	8.43853038153556	6.14225941422594	5.302
"IL2RG"	1.47481664752143	1.5455884519075	0.431395902810862	0.271097507651946	0.847328802163268	1.48293662173788	0.18574042377383	0.743304491141327	1.12140005097273	1.30225752508361	1.18815943728019	1.01052631578947	1.24190647482014	1.58461538461538	1.60642570281124	2.91369606003752	0.195043964828137	0.53551912568306	0.0526315789473684	0.0432276657060519	0.0325011775788978	0.00732217573221757	0.0133333333333333
"CYBA"	5.67084916497305	2.34533804684048	12.3284897570272	8.74741291356945	1.06343638091062	4.39766752700507	4.112848964174	2.5306963329213	5.12513805114264	15.5209030100334	1.86049237983587	1.55023923444976	14.2814748201439	18.0307692307692	2.16867469879518	9.23076923076923	0.553157474020783	6.64207650273224	0.273684210526316	0.203970541146334	0.22279792746114	0.463389121338912	1.496
"BIN2"	1.17835998939648	0.76027397260274	1.83849452120057	0.831511441480834	0.580062851713805	0.987238313736736	0.51702768104822	0.698805109188298	0.537082660776485	0.660117056856187	0.720984759671747	0.719234449760766	0.725719424460432	1.01538461538462	0.698795180722892	1.54596622889306	0.0303756994404476	0.183060109289617	0.0526315789473684	0.00512327889849504	0.0282618935468676	0.0104602510460251	0.0133333333333333
"CTSC"	0.933374569232129	0.298423921048755	2.65840876607909	0.868750910945926	0.133450266754367	0.685689704617149	0.400519388538039	0.438401318500206	0.338543879024722	1.52926421404682	0.308909730363423	0.168612440191388	2.85791366906475	0.8	0.325301204819277	1.70168855534709	3.09272581934452	2.5327868852459	0.157894736842105	0.0252961895613192	0.256241168158267	0.835774058577406	0.421333333333333
"UTRN"	1.37938499602368	0.691338930623067	2.72177227251072	1.24209298936015	0.40532047065702	1.0108020265749	0.515611166853568	0.718582612278533	1.04579050208139	1.17391304347826	0.592614302461899	0.409952153110048	1.34982014388489	0.830769230769231	0.967871485943775	1.49718574108818	4.31654676258993	1.14207650273224	0.147368421052632	0.122318283701569	1.24069712670749	2.5	2.04866666666667
"RAC2"	1.67204206061677	1.29238474002062	2.46045736064793	1.23065150852645	0.762771322078492	1.39962718669343	0.73894823821047	0.756901524515863	1.46147311188514	2.08319397993311	1.18757327080891	1.14602870813397	2.32913669064748	2.58461538461538	1.43775100401606	4.80112570356473	0.0279776179056755	0.516393442622951	0.6	0.00992635286583413	0.0259067357512953	0.0115062761506276	0.0153333333333333
"PRMT2"	1.19457453388707	0.743334806304316	0.769175797999047	0.55115872321819	1.10809033106775	0.958034604722302	0.294752995337307	0.609806345282241	0.582703253759239	1.74122073578595	0.512895662368113	1.50354066985646	1.05215827338129	0.669230769230769	0.847389558232932	1.13133208255159	0.623501199040767	0.595628415300546	0.0631578947368421	0.100864553314121	0.527555346208196	0.53347280334728	0.444666666666667
"CD99"	1.68101086860475	1.46950950066284	0.300619342544069	1.4946800757907	0.414675144339692	1.96835866551955	0.697633240866435	0.976514215080346	0.901537677342622	2.30016722408027	0.991207502930832	0.377033492822966	2.55665467625899	2.78461538461538	1.26506024096386	4.71482176360225	0.23101518784972	0.442622950819672	0.0210526315789474	0.160742875440282	0.119642016015073	0.297071129707113	0.0133333333333333
"PDIA3"	1.25457276663427	0.816025924289292	1.41615054787994	1.19661856872176	0.428414821311116	1.05458369180767	0.524169273446261	0.735063864853729	0.733497578795344	2.43102006688963	0.5	0.526698564593301	2.50629496402878	4.71153846153846	0.867469879518072	2.90056285178236	1.96083133493205	2.22404371584699	0.357894736842105	0.256163944924752	2.26990108337259	1.06694560669456	2.54666666666667
"PIP4K2A"	0.879164089422992	0.569008690528797	0.638399237732253	0.455764465821309	0.290214134327267	0.794331325877067	0.234728206338901	1.37536052740008	0.465890748449579	1.30058528428094	0.422626025791325	0.476555023923445	1.00089928057554	0.4	0.550200803212851	1.52532833020638	1.78017585931255	1.63114754098361	1.45263157894737	0.0179314761447326	0.315120113047574	1.74267782426778	1.142
"DUSP2"	0.906733233189008	0.71608484312859	0.210100047641734	0.504955545838799	0.105897829423372	1.74223305611318	0.181431859765095	1.19983518747425	0.406592473026931	1.56605351170569	0.432590855803048	0.189090909090909	0.309352517985612	0.307692307692308	0.710843373493976	1.21388367729831	0.219024780175859	3.95355191256831	0.0842105263157895	0.605187319884726	1.52661328308997	0.137029288702929	0.0773333333333333
"LYAR"	0.597198904303261	0.530858742082781	0.256312529776084	0.215274741291357	0.0823649784404005	1.10467450530542	0.139526648173287	0.23073753605274	0.218673009939682	0.350752508361204	0.236811254396249	0.164401913875598	0.26978417266187	0.276923076923077	0.518072289156627	1.48405253283302	0.427657873701039	0.185792349726776	0.0631578947368421	0.0464297150176113	0.495996231747527	0.186192468619247	0.156666666666667
"PPP2R5C"	1.61959883361315	1.59758432758875	0.781800857551215	0.727372103191955	0.648761236570927	2.1092151801931	0.485038068818981	1.73382777091059	0.868660266757285	1.08026755852843	1.33470105509965	0.641913875598086	1.35521582733813	1.46538461538462	1.66265060240964	2.89305816135084	1.82573940847322	1.06830601092896	0.4	0.0944604546910022	1.49081488459727	1.00836820083682	1.16333333333333
"RORA"	0.823363082088893	1.00081013404036	0.016198189614102	0.0157411456055969	0.352408097639407	0.969744766274735	0.0877058372189105	0.571487433044911	0.277461558066434	0.194816053511706	0.841148886283705	0.411674641148325	0.27068345323741	0.457692307692308	0.823293172690763	1.57786116322702	1.99280575539568	0.092896174863388	0.0210526315789474	1.36311239193084	4.25153085256712	1.76359832635983	5.71133333333333
"CLEC2D"	0.673234956260493	0.939166298423921	0.0721772272510719	0.103920711266579	0.83490462617847	1.02021795239461	0.139290562474178	0.981046559538525	1.00144422733837	0.384197324414716	0.848182883939039	1.04267942583732	0.406474820143885	1.06923076923077	1.08032128514056	1.71482176360225	0.151079136690647	0.39344262295082	0.0631578947368421	0.0483509446045469	0.0682995760715968	0.114016736401674	0.168
"JUN"	7.8518600335778	8.39961702754456	7.70080990948071	12.8371228683865	2.49937879120076	10.4128190421566	6.7047158118397	3.19818706221673	8.23948687452213	12.2441471571906	6.38745603751465	3.89454545454545	7.25989208633094	7.46538461538462	7.40562248995984	10.4333958724203	4.40847322142286	1.01092896174863	0.2	5.85270573166827	4.02260951483749	3.15794979079498	1.92533333333333
"B2M"	59.2363700627375	59.9214169980851	72.9316341114817	48.3254627605305	33.0635825476869	62.6133256858809	22.5199197308623	40.1619283065513	44.617024891683	109.339046822742	49.1359906213365	39.8572248803828	67.841726618705	104.6	62.429718875502	94.7767354596623	119.872901678657	54.5136612021858	6.73684210526316	31.2558437399936	56.9543099387659	31.2740585774059	32.79
"SRSF7"	2.24732703013166	2.59935189276771	1.57765602667937	1.16608366127387	1.15742161806621	2.73960424433611	0.717051289618131	1.42933662958385	2.36462492566477	4.20610367892977	1.86928487690504	1.65014354066986	4.30395683453237	2.08461538461538	2.55421686746988	5.58348968105066	4.31334932054357	1.85245901639344	0.315789473684211	5.17675312199808	3.21950070654734	2.72907949790795	1.954
"LCK"	0.642617301404966	0.876123140374135	0.0200095283468318	0.0180002915026964	0.669882335745085	0.82085842653666	0.0649825886796907	0.542233209723939	0.243394783790672	0.138795986622074	0.776670574443142	0.897799043062201	0.176258992805755	0.169230769230769	0.867469879518072	1.70168855534709	0.0551558752997602	0.0519125683060109	0	0.0944604546910022	0.0461610927932171	0.0397489539748954	0.02
"PTPRC"	6.45696739418574	5.34342318456326	12.3006193425441	6.74209298936015	3.67872542571074	6.78926488863397	3.48155580475713	4.33539348990523	4.5534788887945	9.01379598662207	4.88452520515826	3.52114832535885	4.06564748201439	4.81538461538462	5.46184738955823	9.94559099437148	0.0919264588329337	2.30874316939891	0.242105263157895	0.032020493115594	0.0536975977390485	0.0303347280334728	0.0326666666666667
"CLEC2B"	1.14345674648759	0.723228752393578	1.63101476893759	0.816061798571637	0.460863845647884	1.11571551476914	0.340199492415747	0.804285125669551	0.613881573358253	1.51546822742475	0.511723329425557	0.490717703349282	0.794964028776978	0.657692307692308	0.742971887550201	2.28705440900563	5.07993605115907	1.66120218579235	0.315789473684211	0.38328530259366	3.44842204427697	0.330543933054393	1.11533333333333
"HLA-B"	15.7223645842538	12.8996170275446	21.1267270128633	18.3084098527911	7.36490535701235	16.3939871905172	8.65490172932775	9.02472187886279	13.8007815818537	27.9561036789298	10.0820633059789	9.23578947368421	18.2805755395683	32.7192307692308	12.9759036144578	25.3151969981238	32.1446842525979	10.7404371584699	0.336842105263158	14.9580531540186	12.7739048516251	6.20083682008368	5.99733333333333
"HLA-A"	10.2794026685517	8.97356017086463	10.5097665555026	10.7600204051887	4.78148066944384	10.264028295574	5.09620492238683	6.04449938195303	7.69237957692634	15.6872909698997	8.18815943728019	6.38928229665072	8.46852517985612	21.1192307692308	9.14457831325301	18.827392120075	17.2517985611511	5.48907103825137	0.368421052631579	4.28434197886647	8.09232218558643	4.39330543933054	4.44466666666667
"RP11-1143G9.4"	0.434346558275161	0.0176020032405362	0.635540733682706	2.30476606908614	0.0160052620039465	0.316174361915687	1.34698695626512	0.201895344046148	0.209837736810806	1.90969899665552	0.0169988276670574	0.0176076555023923	0.177158273381295	0.353846153846154	0.00803212851405622	0.318949343339587	0	0.00819672131147541	0.0105263157894737	0	0	0	0
"CTSD"	1.11672704780419	0.227942259537487	2.12434492615531	3.03898848564349	0.169114960169553	0.760061179619539	2.00637431387594	0.57601977750309	0.452807747854898	0.941053511705686	0.18757327080891	0.238086124401914	0.955935251798561	1.24230769230769	0.168674698795181	1.28517823639775	1.04236610711431	4.78415300546448	0.463157894736842	1.02561639449248	1.8959020254357	1.2489539748954	1.56
"APLP2"	1.03216400106035	0.160701134187656	2.81443544545021	3.94614487684011	0.119272089454067	0.808096740273396	2.17635601723426	0.629583848372476	0.935859315266332	2.98829431438127	0.186987104337632	0.091866028708134	0.947841726618705	0.803846153846154	0.140562248995984	1.02626641651032	3.60991207034373	2.3879781420765	0.252631578947368	0.606147934678194	1.5798398492699	1.97071129707113	2.488
"RGS2"	0.822700362286825	0.172043010752688	2.38161029061458	2.92348054219502	0.0543740407805306	0.670920562087755	1.71781856814023	0.72929542645241	0.777504035341092	3.12374581939799	0.158264947245018	0.0916746411483254	2.57464028776978	0.661538461538462	0.204819277108434	0.652908067542214	1.16786570743405	4.39617486338798	1.2	0.869036183157221	0.523316062176166	0.792887029288703	0.558666666666667
"TSPO"	1.70226208359106	0.992856090735013	5.03168175321582	5.75397172423845	0.513703135277351	1.5097027052863	3.27267898247064	1.10589204779563	1.1238637329029	6.83779264214047	0.746189917936694	0.549856459330143	1.33992805755396	2	0.839357429718876	2.69418386491557	2.70823341326938	2.55464480874317	0.505263157894737	0.489273134806276	7.77296278850683	1.89958158995816	2.978
"MCL1"	1.8142617301405	0.903078509353366	3.69294902334445	5.81846669581694	0.488489366367025	1.68659783959469	3.0235495484861	1.28059332509271	1.19658482711749	5.97700668896321	0.664126611957796	0.517703349282297	2.35521582733813	2.54230769230769	0.959839357429719	2.34333958724203	2.38848920863309	3.72677595628415	1.18947368421053	2.38456612231828	4.4333490343853	1.60355648535565	1.81066666666667
"TALDO1"	0.724220199699567	0.348431285903668	1.82181991424488	2.72496720594666	0.200029233355258	0.64209922569544	1.62149560290385	0.740008240626288	0.589839435901793	3.57357859531773	0.293669402110199	0.219904306220096	1.65647482014388	1.27692307692308	0.317269076305221	2.35272045028143	0.790567545963229	2.39344262295082	0.221052631578947	0.938840858149215	1.61281205840791	0.731171548117155	0.843333333333333
"FOS"	11.3463373685606	9.66048018854029	30.0483563601715	36.4073021425448	2.34129942264123	12.1042921326833	17.0800330519979	5.60074165636588	9.1264973239317	47.444397993311	4.60902696365768	4.12688995215311	12.9046762589928	7.04230769230769	8.59437751004016	14.2908067542214	36.7737809752198	15.5737704918033	3.83157894736842	3.61767531219981	36.3923692887423	40.157949790795	38.3926666666667
"S100A6"	8.00561102765751	4.65201060539107	30.327536922344	25.9129864451246	1.85872981071402	8.00420609884332	13.2364988490822	6.02678203543469	4.67657803075355	32.6128762541806	3.26318874560375	2.21531100478469	10.1348920863309	9.09615384615385	3.27710843373494	14.6341463414634	44.2374100719424	23.292349726776	8.65263157894737	2.08741594620557	4.15167216203486	24.6903765690377	76.9253333333333
"SERPINB1"	0.990633560130777	0.422300780674621	1.73535016674607	2.34696108439003	0.32507491047285	0.785632348723831	1.5380393082689	0.681499793984343	0.689830940446861	2.90426421404682	0.307737397420868	0.37933014354067	2.35611510791367	0.684615384615385	0.48995983935743	1.63227016885553	1.47002398081535	1.31147540983607	1.27368421052632	0.103426192763369	0.252943947244465	0.282426778242678	0.449333333333333
"SRGN"	4.16559158787665	1.77875975843276	9.1033825631253	10.9339746392654	0.43294599137616	3.52088710448332	5.06551378150269	4.65925010300783	1.66349503015886	14.9862040133779	1.32297772567409	0.515598086124402	6.08273381294964	7.03846153846154	1.69879518072289	5.69793621013133	3.54596322941647	38.7896174863388	8.38947368421053	0.167146974063401	0.151201130475742	0.382845188284519	0.149333333333333
"C10orf54"	0.734956260493064	0.313079982324348	3.78847070033349	2.60566972744498	0.180150551779581	0.575614186024281	1.19907926577348	0.339101771734652	0.385098972049953	1.98160535117057	0.248534583821805	0.231961722488038	0.665467625899281	0.780769230769231	0.253012048192771	0.75797373358349	0.00159872102318145	0.040983606557377	0	0	0	0	0
"SDCBP"	0.617168861005567	0.309471203417293	1.8258694616484	2.28749453432444	0.235401593217862	0.556160978873913	1.23071474945405	0.695508858673259	0.459434202701555	1.62667224080268	0.271395076201641	0.242296650717703	0.627697841726619	0.484615384615385	0.257028112449799	0.964352720450281	9.09912070343725	5.72131147540984	2.25263157894737	0.824207492795389	0.904851625058879	2.15585774058577	3.28
"MYO1F"	1.0770522223204	0.284577993813522	2.15507384468795	2.24172861098965	0.034933859533728	0.841984513908804	1.19913828719825	0.573547589616811	0.433862883357404	1.77466555183946	0.223329425556858	0.0398086124401914	0.502697841726619	0.811538461538462	0.208835341365462	1.26078799249531	0.133493205435651	0.784153005464481	0.0421052631578947	0.0172910662824208	0.171455487517664	0.0585774058577406	0.0713333333333333
"IGHA1"	0.10417955288504	0.108263367211666	0.0914721295855169	0.0989651654277802	0.154425199152233	0.105821623171781	0.209053886560822	0.534816646065101	0.678871803585082	0.0990802675585284	0.139507620164127	0.115023923444976	0.130395683453237	427.815384615385	0.0883534136546185	28.0450281425891	0.00399680255795364	0	0	0	0	0	0
"JCHAIN"	0.0286736767694619	0.018338488731772	0.0183420676512625	0.0206238157702959	0.0255791858510561	0.0205525284389638	0.126187806173641	0.126493613514627	1.1592048254184	0.036371237458194	0.0275498241500586	0.0189473684210526	9.45143884892086	211.019230769231	0.0120481927710843	9.38086303939962	0	0	0	0.00352225424271534	0	0	0
"MZB1"	0.0133869400017673	0.00905877154220062	0.00547879942829919	0.00510129718699898	0.00577358766352408	0.0128572794187936	0.0214247771941215	0.03831891223733	0.318154787188854	0.00710702341137124	0.00468933177022274	0.00555023923444976	3.2455035971223	29.1461538461538	0.036144578313253	1.80112570356473	0.00959232613908873	0	0	0	0	0.00313807531380753	0.004
"TNFRSF17"	0.000795263762481223	0.00110472823685373	0.000476417341591234	0.000510129718699898	0.00131550098662574	0.000860338399770576	0.00531192822994747	0.00947672023073754	0.0459604111800187	0.00125418060200669	0.00175849941383353	0.000574162679425837	0.0827338129496403	7.69230769230769	0	0.519699812382739	0.00159872102318145	0.00273224043715847	0	0	0	0	0.00333333333333333
"ITM2C"	0.0262437041618804	0.0780674620709972	0.00619342544068604	0.0155953942573969	0.04304611561792	0.0438772583882994	0.0194770701764741	0.140502678203543	0.160903916404723	0.87876254180602	0.0949589683470106	0.0905263157894737	5.39388489208633	7.65384615384615	0.0602409638554217	0.643527204502814	0.0815347721822542	0.423497267759563	0.189473684210526	0.0726865193723983	0.0617051342439943	0.501046025104602	0.579333333333333
"AL928768.3"	0.00265087920827074	0.00139932243334806	0.00119104335397808	0.00225914589709955	0.00211941825623036	0.00181626995507122	0.00897125656613351	0.0148331273176761	0.536233115283323	0.00752508361204013	0.00117233294255569	0.0015311004784689	0.00449640287769784	6.74230769230769	0	0.559099437148218	0	0	0	0	0	0	0
"DERL3"	0.00366704957144119	0.00184121372808956	0.00214387803716055	0.00437254044599913	0.00175400131550099	0.00267660835484179	0.0040134568848492	0.00494437577255871	0.0849545493161159	0.0129598662207358	0.00175849941383353	0.0015311004784689	1.92715827338129	5.55	0	0.322701688555347	0.000799360511590727	0.00273224043715847	0	0	0.00141309467734338	0.00104602510460251	0.008
"CD38"	0.196165061412035	0.0101634997790544	0.036684135302525	0.0470776854685906	0.0377841116714171	0.0264793040818277	0.0211886914950127	0.0412031314379893	0.0973579135162688	0.145066889632107	0.0169988276670574	0.0254545454545455	0.20773381294964	4.40769230769231	0.0562248995983936	0.864915572232645	0.0111910471622702	0.0273224043715847	0	0	0.00518134715025907	0.0135983263598326	0.014
"TXNDC5"	0.0051250331359901	0.0045662100456621	0.00524059075750357	0.00816207549919837	0.00211941825623036	0.00535321670968359	0.00548899250427905	0.00370828182941904	0.0257412284427831	0.0133779264214047	0.00293083235638921	0.00248803827751196	0.123201438848921	2.50384615384615	0.00401606425702811	0.163227016885553	0.0479616306954436	0.00273224043715847	0	0	0.00329722091380122	0.00732217573221757	0.02
"TNFRSF13B"	0.00181143412565167	0.000957431138606569	0.00190566936636494	0.000874508089199825	0.000877000657750493	0.00129050759965586	0.00466269255739834	0.00906468891635764	0.270920057769094	0.00125418060200669	0.00527549824150059	0.000382775119617225	0.00179856115107914	1.76923076923077	0.00401606425702811	0.165103189493433	0.0247801758593125	0.0628415300546448	0	0	0.0263777673104098	0.0240585774058577	0.00933333333333333
"POU2AF1"	0.0026066978881329	0.00272499631757254	0.000952834683182468	0.00211339454889958	0.00160783453920924	0.00281999808813689	0.00672844242460013	0.0140090646889164	0.312717696032623	0.00585284280936455	0.0041031652989449	0.000956937799043062	0.00809352517985612	1.61538461538462	0.00401606425702811	0.236397748592871	0.0295763389288569	0.0109289617486339	0	0	0.0131888836552049	0.00627615062761506	0.0226666666666667
"SEL1L3"	0.0664045241671821	0.0880836647518044	0.0190566936636494	0.0160326483019968	0.0360301103559161	0.0840741802886913	0.0250841055303075	0.112072517511331	0.462832384674199	0.221571906354515	0.0855803048065651	0.0465071770334928	1.02607913669065	2.30769230769231	0.072289156626506	0.309568480300188	0.37410071942446	0.109289617486339	0.0105263157894737	0.0064040986231188	0.0362694300518135	0.0209205020920502	0.0566666666666667
"SLAMF7"	0.265662277988866	0.0110472823685373	0.249166269652215	0.0411747558664918	0.00445808667689834	0.203613421279036	0.0247889984064215	0.0651009476720231	0.0539461388157336	0.385451505016722	0.0082063305978898	0.00344497607655502	0.851618705035971	2.41538461538462	0.0160642570281124	0.409005628517824	0.00559552358113509	0.472677595628415	0	0.0288184438040346	0.0310880829015544	0.0115062761506276	0.002
"PDIA4"	0.225678183264116	0.158565326263073	0.263696998570748	0.273210902200845	0.102316743404224	0.191281904215658	0.128430620315174	0.125257519571487	0.154447370656699	0.393394648829431	0.0967174677608441	0.111387559808612	1.02877697841727	6.02692307692308	0.1285140562249	1.02251407129456	0.400479616306954	0.486338797814208	0.0105263157894737	0.090617995517131	0.31888836552049	0.173640167364017	0.43
"FKBP11"	0.307855438720509	0.332007659449109	0.030490709861839	0.0480250692318904	0.11284075129723	0.325685880890928	0.0485156111668536	0.163164400494438	0.122844278311104	0.107441471571906	0.140093786635404	0.197129186602871	0.225719424460432	5.95769230769231	0.309236947791165	0.870544090056285	0.189448441247002	0.0628415300546448	0.0210526315789474	0.0304194684598143	0.095148374941121	0.0826359832635983	0.188
"EAF2"	0.0588495184236105	0.0282810428634556	0.335636017151024	0.140504299664772	0.0207556822334283	0.0367077717235446	0.0671663813964469	0.0638648537288834	0.5192422054201	0.364966555183946	0.018757327080891	0.0208612440191388	0.347122302158273	2.21538461538462	0.00803212851405622	0.25515947467167	0.172661870503597	0.26775956284153	0.0210526315789474	0.0256163944924752	0.077720207253886	0.0774058577405858	0.0653333333333333
"MAN1A1"	0.186268445701158	0.0468404772425983	0.234635540733683	0.207549919836758	0.0195863480230943	0.139040244718478	0.0995101221743493	0.173053152039555	0.101180868235494	0.342391304347826	0.0386869871043376	0.0262200956937799	0.718525179856115	3.06538461538462	0.0522088353413655	0.463414634146341	2.78896882494005	2.43169398907104	0.0526315789473684	0.010566762728146	0.424399434762129	0.756276150627615	3.56533333333333
"PRDX4"	0.089334629318724	0.0928708204448372	0.23535016674607	0.103119078851479	0.0486004531170065	0.0807762164229041	0.0482205040429676	0.0725175113308612	0.0875881403449155	0.360367892976589	0.063305978898007	0.0583732057416268	0.220323741007194	2.09615384615385	0.112449799196787	0.448405253283302	1.08313349320544	0.256830601092896	0.0210526315789474	0.0518731988472622	0.463024022609515	0.366108786610879	1.094
"FAM46C"	0.168772642926571	0.223376049491825	0.00404954740352549	0.00619443229849876	0.0187093473653439	0.2465825446898	0.0235495484861005	0.0634528224145035	0.275847421629428	0.0568561872909699	0.237983587338804	0.0243062200956938	0.0674460431654676	2.40769230769231	0.168674698795181	0.474671669793621	0	0	0	0	0	0	0
"SEC11C"	0.350534593973668	0.447930475769627	0.366364935683659	0.235242675994753	0.157348534678068	0.391788547939967	0.134509827067225	0.241038318912237	0.391130745051397	0.589046822742475	0.330011723329426	0.18622009569378	1.17715827338129	13.2461538461538	0.337349397590361	1.84427767354597	0.628297362110312	0.491803278688525	0.0947368421052632	0.288504642971502	0.601036269430052	0.379707112970711	0.092
"ERLEC1"	0.221878589732261	0.194211224038886	0.241067174845164	0.166520915318467	0.122926258861361	0.228754421183443	0.088473115741014	0.118252987227029	0.194545917933905	0.380434782608696	0.147713950762016	0.141626794258373	0.444244604316547	3.48461538461538	0.172690763052209	0.568480300187617	0.332533972821743	0.166666666666667	0.115789473684211	0.0470701248799232	0.235986811116345	0.292887029288703	0.486666666666667
"LMAN1"	0.2891667403022	0.311312417145382	0.182467841829443	0.189695379682262	0.177373383030037	0.320619443647835	0.107359971669716	0.177997527812114	0.257752102625096	0.368729096989967	0.236225087924971	0.240574162679426	1.15287769784173	6.21153846153846	0.36144578313253	1.27579737335835	1.33413269384492	0.265027322404372	0.105263157894737	0.0563560678834454	0.551577955723033	0.425732217573222	1.22866666666667
"UBE2J1"	0.284616064328002	0.144793047576963	1.15864697474988	0.70033522810086	0.0800993934078784	0.225743236784246	0.32520805052234	0.206839719818706	0.581598844618129	0.665969899665552	0.125439624853458	0.0878468899521531	2.0089928057554	6.6	0.184738955823293	0.936210131332083	0.422062350119904	0.297814207650273	0.0315789473684211	0.570605187319885	0.115402731983043	0.133891213389121	0.158666666666667
"MANF"	0.236325881417337	0.189497716894977	0.170795616960457	0.14771899140067	0.0844843966966309	0.224165949718	0.080269137696984	0.174289245982695	0.130999915045451	0.331939799331104	0.104923798358734	0.0966507177033493	0.724820143884892	3.40769230769231	0.196787148594378	0.909943714821764	0.657873701039169	0.751366120218579	0.168421052631579	0.501120717259046	0.906735751295337	0.392259414225941	0.481333333333333
"SDF2L1"	0.332817884598392	0.224112534983061	0.337303477846594	0.282684739833843	0.101658992910911	0.291798107255521	0.12494835625332	0.186238154099712	0.161073825503356	0.59071906354515	0.150644783118406	0.125358851674641	0.552158273381295	4.28076923076923	0.204819277108434	1.5797373358349	0.322941646682654	0.866120218579235	0.178947368421053	0.108229266730708	0.297220913801225	0.276150627615063	0.251333333333333
"SSR3"	0.424582486524697	0.42207983502725	1.0926631729395	0.89935869406792	0.185631805890521	0.441783768282191	0.403116331228236	0.348990523279769	0.370231925919633	1.72240802675585	0.257327080890973	0.225645933014354	1.86241007194245	7.09615384615385	0.373493975903614	1.65666041275797	0.69224620303757	1.03551912568306	0.652631578947368	0.748318924111431	0.875176636834668	0.420502092050209	0.680666666666667
"RRBP1"	0.343023769550234	0.117469435852114	0.685802763220581	0.465092552106107	0.0635825476869108	0.244240512379314	0.229652363808062	0.159456118665019	0.173137371506244	0.823160535117057	0.0779601406799531	0.0618181818181818	2.36960431654676	4.36923076923077	0.1285140562249	0.776735459662289	1.22861710631495	0.453551912568306	0.0210526315789474	0.176112712135767	0.392369288742346	0.365062761506276	0.843333333333333
"HSP90B1"	1.64858177962358	1.34077183679482	1.8099094807051	1.81023174464364	0.816853029306439	1.61064907752605	0.787463849377324	0.936547177585497	1.37932206269646	3.82232441471572	0.860492379835873	1.03846889952153	7.69244604316547	47.5769230769231	1.14859437751004	6.55347091932458	3.4996003197442	2.65300546448087	1.03157894736842	1.3073967339097	2.59397079604333	1.6244769874477	3.21
"MYDGF"	0.363435539453919	0.296656355869789	0.69890424011434	0.462687654860807	0.143535774318497	0.317417072937578	0.218851443073836	0.217140502678204	0.243139920142724	1.52884615384615	0.167057444314185	0.174736842105263	1.11870503597122	6.07692307692308	0.236947791164659	1.25140712945591	1.01278976818545	1.00819672131148	0.115789473684211	0.995837335894973	0.921808761187	0.48326359832636	1.124
"PPIB"	1.35716179199434	1.30122256591545	1.31252977608385	1.39032211047952	0.612000292333553	1.33309435044451	0.671663813964469	0.735475896168109	1.00883527312888	3.34030100334448	0.800117233294256	0.740478468899522	4.97931654676259	27.7461538461538	1.09236947791165	5.84990619136961	2.32853717026379	1.40163934426229	0.463157894736842	0.395453089977586	1.64295807819124	1.40690376569038	3.85333333333333
"SUB1"	1.62998144384554	1.54831344822507	2.32277274892806	2.02966039935869	0.916611854125557	1.61480737979161	1.00631529245116	1.43057272352699	1.80519921841815	6.38628762541806	1.32825322391559	0.970143540669856	4.32374100719424	22.0076923076923	1.69879518072289	9.66041275797373	2.81694644284572	2.83879781420765	0.810526315789474	6.75152097342299	5.08714083843618	1.80543933054393	2.04866666666667
"XBP1"	0.6341344879385	0.520253351008985	0.367317770366841	0.582422387407084	0.290141050939122	0.561370805850301	0.316059729681875	0.475896168108776	0.291648967802226	0.728678929765886	0.199882766705744	0.268708133971292	1.74370503597122	8.2	0.469879518072289	1.16697936210131	2.18784972022382	1.7103825136612	0.757894736842105	0.478386167146974	1.53697597739049	1.14330543933054	1.316
"VIMP"	0.371343995758593	0.282515834438062	0.696283944735588	0.460137006267308	0.111671417086896	0.376589236210687	0.220799150091483	0.118665018541409	0.24891682949622	0.59866220735786	0.165298944900352	0.121148325358852	3.0431654676259	3.93076923076923	0.257028112449799	0.769230769230769	0.00399680255795364	0.0191256830601093	0	0	0	0	0
"IGLC2"	0.101528673676769	0.0820444837236706	0.0647927584564078	0.0725841714035855	0.108748081561061	0.0759965586464009	0.214837986188987	0.272352698805109	9.03083850140175	0.122491638795987	0.0885111371629543	0.0796172248803828	0.501798561151079	556.688461538462	0.0441767068273092	29.5741088180113	0.000799360511590727	0.00273224043715847	0	0	0	0	0
"FKBP2"	0.384598391799947	0.327588746501694	0.618627918056217	0.492931059612301	0.136300518892056	0.361628907370232	0.220976214365815	0.225381128965801	0.293348058788548	1.11663879598662	0.136576787807737	0.189090909090909	1.96762589928058	4.16153846153846	0.285140562248996	0.902439024390244	0.079136690647482	0.688524590163934	0.0105263157894737	0.379122638488633	0.152614225153085	0.223849372384937	0.0253333333333333
"SSR4"	1.55664045241672	1.72197672705848	1.85564554549786	1.88339892144002	1.01059709128115	1.66059650129051	0.934309154222983	1.18335393489905	1.42400815563673	3.8507525083612	0.955451348182884	1.27808612440191	6.14478417266187	23.1	1.52610441767068	3.59474671669794	2.39728217426059	1.80327868852459	0.726315789473684	0.430355427473583	3.03815355628827	1.28661087866109	2.45333333333333
"SPCS2"	0.742290359635946	0.655398438650759	0.864935683658885	0.655370937181169	0.320251406855222	0.722445272918459	0.330224871628401	0.509682735887927	0.784215444737066	1.38419732441472	0.446658851113716	0.381052631578947	2.0431654676259	8.28846153846154	0.65863453815261	2.77110694183865	1.8017585931255	1.06010928961749	0.484210526315789	1.6685878962536	1.96938294865756	1.18723849372385	1.87333333333333
"PDIA6"	0.558496067862508	0.462881131241715	0.852072415435922	0.691881649905262	0.16546079076226	0.517493547462002	0.306911408841409	0.343634116192831	0.459943929997451	1.40802675585284	0.320046893317702	0.187751196172249	1.57913669064748	6.55	0.397590361445783	2.84615384615385	2.32533972821743	1.27868852459016	0.252631578947368	0.165225744476465	1.17710786622704	0.804393305439331	1.382
"SEC61B"	0.944950075108244	0.899837973191928	1.39161505478799	1.43324588252441	0.298545640575897	0.930073606729758	0.7168742253438	0.704985578903997	0.775040353410925	5.12959866220736	0.528722157092614	0.40133971291866	7.92625899280576	9.99230769230769	0.91566265060241	3.56472795497186	2.57154276578737	2.27868852459016	1.14736842105263	3.64393211655459	3.15449835138954	1.38389121338912	2.33933333333333
"OSTC"	0.433728019793231	0.409264987479747	0.558122915674131	0.603993586940679	0.263100197325148	0.423716661887009	0.274036475240512	0.291718170580964	0.345340242970011	1.79807692307692	0.226846424384525	0.36555023923445	1.98830935251799	4.25	0.405622489959839	1.85928705440901	1.31654676258993	0.849726775956284	0.326315789473684	0.206852385526737	1.33678756476684	0.637029288702929	1.67866666666667
"CALR"	1.34178669258637	0.894756223302401	1.4728442115293	1.11689258125638	0.503544544325075	1.20891884141096	0.482795254677448	0.695096827358879	0.988021408546428	2.52382943143813	0.689331770222743	0.670047846889952	2.57913669064748	10.8846153846154	0.819277108433735	5.22889305816135	2.95443645083933	3.73770491803279	0.305263157894737	1.16874799871918	3.01036269430052	1.75523012552301	2.982
"SPCS1"	0.783953344525934	0.903152157902489	1.15507384468795	0.836029733275033	0.626105386245706	0.855797724882898	0.460012984713451	0.604037906880923	0.864412539291479	1.9569397993311	0.670574443141852	0.804784688995215	5.09892086330935	8.05384615384615	0.799196787148594	2.44090056285178	1.77058353317346	0.887978142076503	0.4	0.205571565802113	2.03344324069713	1.28870292887029	1.57133333333333
"HSPA5"	1.33162498895467	1.00103107968773	1.10505002382087	1.63292522955837	0.40619747131477	1.31129911098365	0.622498967125066	0.474248042851257	0.807917763996262	2.16387959866221	0.595545134818288	0.540478468899522	2.56294964028777	9.69615384615385	0.947791164658635	3.03189493433396	0.349320543565148	0.713114754098361	0.147368421052632	1.34454050592379	0.662270372114932	0.306485355648536	0.221333333333333
"SPCS3"	0.782627904921799	0.627338341434674	1.23797046212482	1.17038332604577	0.341664839581963	0.774113373482459	0.579118219913829	0.409971157807993	0.582788208308555	1.56354515050167	0.461313012895662	0.436555023923445	2.39658273381295	6.51923076923077	0.646586345381526	2.41838649155722	1.04156674660272	0.751366120218579	0.252631578947368	0.556836375280179	0.543570419218088	0.338912133891213	0.446
"RPN2"	0.421401431474772	0.371851524524967	0.606717484516436	0.64975951027547	0.212380325951911	0.414922091578243	0.311928229947471	0.27029254223321	0.336844788038399	1.22157190635451	0.256740914419695	0.257033492822967	1.43435251798561	3.92307692307692	0.413654618473896	1.4296435272045	1.16866506794564	0.969945355191257	0.168421052631579	0.560678834454051	1.29674988224211	0.554393305439331	0.934
"NCOA3"	0.289210921622338	0.217410517012815	0.774892806098142	0.4976679784288	0.212745742892641	0.266274734728993	0.249070412559759	0.609806345282241	0.765440489338204	0.941471571906355	0.27725674091442	0.258755980861244	0.678057553956835	3.55769230769231	0.216867469879518	0.690431519699812	4.13269384492406	2.16939890710383	0.368421052631579	0.125520333013128	1.52802637776731	1.39016736401674	1.76533333333333
"CCDC50"	0.117610674206945	0.0605391073795846	0.200333492139114	0.285745518146043	0.0131550098662574	0.100181626995507	0.124181077731216	0.0861145447053976	0.71829071446776	1.0752508361204	0.107854630715123	0.00803827751196172	8.25989208633094	0.961538461538462	0.0602409638554217	0.570356472795497	1.92805755395683	0.508196721311475	0.0210526315789474	0.199167467178995	0.355157795572303	0.48326359832636	0.528666666666667
"PPP1R14B"	0.220376424847574	0.327956989247312	0.540495474035255	0.383617548462323	0.133523350142513	0.228276455405793	0.149265183261524	0.163988463123197	0.323252060147821	1.55309364548495	0.157092614302462	0.178181818181818	9.45503597122302	0.892307692307692	0.220883534136546	1.15947467166979	1.34692246203038	0.699453551912568	0.2	0.259045789305155	2.99952896844089	0.585774058577406	0.977333333333333
"IRF8"	0.146151807015994	0.00640742377375166	0.384707003334921	0.491473546130302	0.0106701746692977	0.07456266131345	0.209585079383816	0.0840543881334982	0.720329623651347	1.49749163879599	0.00937866354044549	0.00995215311004785	7.55665467625899	0.138461538461538	0.0120481927710843	0.285178236397749	0.396482813749001	1.82513661202186	0	0.00256163944924752	0.012246820536976	0.143305439330544	0.606666666666667
"UGCG"	0.0993196076698772	0.133819413757549	0.114340161981896	0.0839527765631832	0.100928159029453	0.106251792371666	0.0557162249896712	0.161516275236918	0.235324101605641	0.405518394648829	0.144196951934349	0.077511961722488	6.44964028776978	0.257692307692308	0.136546184738956	0.328330206378987	5.73541167066347	1.45901639344262	0.305263157894737	2.70701248799232	1.71549693829487	1.37970711297071	1.31
"PLD4"	0.0294247592118052	0.0012520253351009	0.28966174368747	0.0695233930913861	0.00197325147993861	0.0109932128859574	0.0252021483798619	0.0181293778327153	0.138985642681166	0.951505016722408	0.00234466588511137	0.00191387559808612	4.9181654676259	0.0269230769230769	0.00401606425702811	0.0431519699812383	0.00159872102318145	0.128415300546448	0	0.000960614793467819	0.000942063118228921	0	0.00466666666666667
"IRF7"	0.152602279756119	0.0776255707762557	0.602667937112911	0.39841131030462	0.0576627932470949	0.116575853168913	0.115032756890751	0.121961269056448	0.184776144762552	0.486204013377926	0.0697538100820633	0.0721531100478469	5.31294964028777	0.519230769230769	0.441767068273092	0.266416510318949	0.359712230215827	0.23224043715847	0.0526315789473684	0.180275376240794	0.140838436175224	0.0993723849372385	0.108666666666667
"LILRA4"	0.00304851108951135	0.000883782589482987	0.0131014768937589	0.00335228100859933	7.30833881458744e-05	0.00129050759965586	0.00419052115918078	0.00164812525751957	0.0163112734686942	0.0271739130434783	0	0.000574162679425837	3.45503597122302	0.0269230769230769	0	0.0281425891181989	0	0	0	0	0	0	0
"SERPINF1"	0.00790845630467438	0.00191486227721314	0.00738446879466413	0.0312636641888937	0.00409266973616897	0.005974572220629	0.0108599421590037	0.0214256283477544	0.0138475915385269	0.64757525083612	0.00117233294255569	0.0191387559808612	3.35431654676259	0.0576923076923077	0	0.0600375234521576	0.193445243804956	0.486338797814208	0.0105263157894737	0.0547550432276657	0.120584079133302	0.960251046025105	6.36133333333333
"APP"	0.0957409207387117	0.0992782442185889	0.193187232015245	0.377131613467425	0.0944237374844698	0.0829748590000956	0.220208935843711	0.235269880510919	0.16600118936369	0.551003344481605	0.0457209847596717	0.0629665071770335	4.58992805755396	0.215384615384615	0.104417670682731	0.266416510318949	8.09672262190248	1.2896174863388	0.0210526315789474	0.156260006404099	1.94065002355158	1.90690376569038	3.85466666666667
"ALOX5AP"	0.591190244764514	0.489910148770069	0.0350166746069557	0.209298936015158	0.125045677117591	0.427158015486091	0.336245056955675	0.543469303667079	0.387817517628069	0.544314381270903	0.367526377491207	0.136076555023923	6.11241007194245	0.226923076923077	0.582329317269076	0.894934333958724	0.0247801758593125	1.59289617486339	0.4	0.037463976945245	0.0390956194065002	0.0251046025104603	0.0166666666666667
"IL3RA"	0.0170981708933463	0.0025040506702018	0.220819437827537	0.0290045182917942	0.00270408536139735	0.00444508173214798	0.0109189635837809	0.00947672023073754	0.0252315011468864	0.0827759197324415	0.000586166471277843	0.00229665071770335	2.69334532374101	0.0230769230769231	0	0.0281425891181989	0.00719424460431655	0.0846994535519126	0	0.00992635286583413	0.00141309467734338	0.00313807531380753	0
"PTPRS"	0.00256251656799505	0.00198851082633672	0.00166746069556932	0.00174901617839965	0.00496967039391946	0.0011949144441258	0.00466269255739834	0.0214256283477544	0.00900518222750828	0.00334448160535117	0.00351699882766706	0.00593301435406699	2.42086330935252	0.0230769230769231	0	0.0694183864915572	0.283772981614708	0.0846994535519126	0.273684210526316	0.00992635286583413	0.638247762600094	0.731171548117155	1.97933333333333
"BCL11A"	0.039233012282407	0.00309323906319046	0.185088137208194	0.172132342224166	0.0037272527954396	0.0242806615046363	0.0711798382812961	0.049855789039967	0.630022937728315	0.66304347826087	0.00293083235638921	0.00478468899521531	3.14658273381295	0.1	0	0.287054409005629	0.0631494804156675	1.24863387978142	0.0105263157894737	0.0128081972462376	2.25294394724447	0.127615062761506	0.162
"SOX4"	0.161836175664929	0.0229783473265577	0.654835636017151	0.45000728756741	0.0961777387999708	0.0961667144632444	0.296700702354955	0.187886279357231	0.177045280774785	0.777173913043478	0.220398593200469	0.123253588516746	3.50719424460432	0.2	0.0200803212851406	0.621013133208255	2.23900879296563	0.401639344262295	0.442105263157895	0.40537944284342	0.5374470089496	1.32322175732218	1.78733333333333
"CLIC3"	1.05929133162499	0.0391810281337458	0.00857551214864221	0.009983967351698	0.00767375575531682	0.194866647548036	0.0328749336008971	0.118252987227029	0.0977826862628494	0.114966555183946	0.0175849941383353	0.0279425837320574	3.69874100719424	0.138461538461538	0.0401606425702811	0.49718574108818	0.0663469224620304	0.0519125683060109	0.0105263157894737	0.140249759846302	1.1139896373057	0.0177824267782427	0.120666666666667
"CLEC4C"	0.00181143412565167	0.000294594196494329	0.000238208670795617	0.000728756740999854	0.000292333552583498	0.00071694866647548	0.00306911408841409	0.00123609394313968	0.00526718205759918	0.044314381270903	0	0	1.92176258992806	0.0115384615384615	0	0.00562851782363977	0.0135891286970424	0.0109289617486339	0	0	0.00518134715025907	0.0115062761506276	0.01
"SCT"	0.00114871432358399	0.000368242745617911	0.000476417341591234	7.28756740999854e-05	0.000146166776291749	0.00023898288882516	0.00141651419465266	0.000412031314379893	0.000424772746580579	0.00334448160535117	0	0.000382775119617225	1.81294964028777	0.00384615384615385	0	0.00375234521575985	0.000799360511590727	0	0	0	0.00282618935468676	0.00104602510460251	0.002
"IRF4"	0.0278342316868428	0.0118574164088967	0.0212005717008099	0.0394986153621921	0.0188555141416356	0.0244718478156964	0.0154636132916249	0.069221260815822	0.0875881403449155	0.44690635451505	0.02989449003517	0.00478468899521531	1.92446043165468	2.41538461538462	0.00803212851405622	0.337711069418386	0.00639488409272582	0.80327868852459	0	0.016010246557797	0.018370230805464	0.128661087866109	0.0153333333333333
"SPIB"	0.00706901122205532	0.00176756517896597	0.00857551214864221	0.00772482145459846	0.00226558503252211	0.00329796386578721	0.00967951366345984	0.0189534404614751	0.49409565882253	0.315217391304348	0.0041031652989449	0.0015311004784689	1.97212230215827	0.0769230769230769	0	0.0731707317073171	0.00959232613908873	0.150273224043716	0	0.00736471341658662	0.00753650494583137	0.00836820083682008	0.00266666666666667
"CYB561A3"	0.0974639922240877	0.0718073353954927	0.194378275369223	0.206165282028859	0.0556895417671563	0.0897141764649651	0.0976804580062563	0.07704985578904	0.517458159884462	0.314799331103679	0.0650644783118406	0.0694736842105263	2.25179856115108	0.165384615384615	0.0803212851405622	0.279549718574109	0.0663469224620304	0.155737704918033	0	0.0393852065321806	0.083843617522374	0.391213389121339	0.0406666666666667
"MAPKAPK2"	0.224264381019705	0.126822801590809	0.521915197713197	0.337049992712433	0.0579551267996784	0.212025618965682	0.151803104526943	0.377832715286362	0.166595871208903	0.460702341137124	0.128370457209848	0.0738755980861244	2.44604316546763	0.634615384615385	0.108433734939759	0.575984990619137	2.6123101518785	1.84153005464481	0.147368421052632	0.313160422670509	1.47432878002826	1.88598326359833	1.54266666666667
"TSPAN13"	0.00397631881240611	0.00110472823685373	0.000952834683182468	0.00131176213379974	0.00175400131550099	0.0013383041774209	0.00590214247771941	0.0304903172641121	0.269220966782771	0.156772575250836	0.00117233294255569	0.00133971291866029	1.65737410071942	0.0923076923076923	0	0.108818011257036	1.70983213429257	0.0956284153005464	0.0105263157894737	0.383605507524816	0.400376825247292	0.0868200836820084	0.162
"GAPT"	0.0963594592206415	0.00390337310354986	0.407336827060505	0.419035126074916	0.00321566907841848	0.0675843609597553	0.252729740895945	0.0725175113308612	0.53258006966273	0.64757525083612	0.00293083235638921	0.00287081339712919	2.09352517985611	0.0884615384615385	0	0.0656660412757974	0.00559552358113509	0.0163934426229508	0.0315789473684211	0	0.000942063118228921	0	0
"DNASE1L3"	0.00136962092427322	0.000589188392988658	0.000952834683182468	0.00116601078559977	0.000584667105166996	0.000621355510945416	0.00153455704420705	0.00288421920065925	0.0320278650921757	0.478678929765886	0.00117233294255569	0.000191387559808612	1.35611510791367	0.0153846153846154	0	0.0356472795497186	0.220623501199041	0.745901639344262	0	0.0172910662824208	0.120113047574187	0.0104602510460251	0.122666666666667
"SMPD3"	0.0132985773614916	0.00463985859478568	0.0164363982848976	0.00546567555749891	0.00263100197325148	0.0144823630628047	0.00424954258395798	0.0259579728059332	0.0112989550590434	0.0706521739130435	0.0304806565064478	0.00325358851674641	1.56474820143885	0.05	0.0120481927710843	0.0300187617260788	0.0279776179056755	0.0273224043715847	0	2.26577009285943	0.155440414507772	0.0407949790794979	0.0153333333333333
"FAM129C"	0.00901298930812053	0.00316688761231404	0.00524059075750357	0.00495554583879901	0.00401958634802309	0.00387152279896759	0.0161718703889512	0.0234857849196539	0.595446436156656	0.0175585284280936	0.0041031652989449	0.00535885167464115	1.5431654676259	0.0423076923076923	0.00401606425702811	0.026266416510319	0	0	0	0.00448286903618316	0.00141309467734338	0.00209205020920502	0
"VEGFB"	0.119201201731908	0.190749742230078	0.0204859456884231	0.0542923772044891	0.146166776291749	0.1344995698308	0.0256152983533023	0.0898228265348166	0.319089287231331	0.287207357859532	0.107268464243845	0.179904306220096	1.84622302158273	0.280769230769231	0.144578313253012	0.281425891181989	0.518784972022382	0.360655737704918	0.0947368421052632	0.0179314761447326	0.671219971738106	0.75	1.61133333333333
"PTCRA"	0.00141380224441106	0.000368242745617911	0.00404954740352549	0.0010202594373998	0.000730833881458744	0.000812541822005544	0.00159357846898424	0.502266172229089	0.00110440914110951	0.00250836120401338	0	0.000574162679425837	1.36241007194245	0.00384615384615385	0	0	0.00479616306954436	0.00273224043715847	0	0	0.00141309467734338	0.00313807531380753	0
"RNASE6"	0.15463462048246	0.0173810575931654	0.169128156264888	0.931569742020114	0.00562742088723233	0.137319567918937	0.456235613527711	0.107540173053152	0.263953784725172	1.77633779264214	0.00586166471277843	0.00593301435406699	2.14838129496403	1.12692307692308	0.0200803212851406	0.202626641651032	0.0143884892086331	1.5	0	0.00672430355427474	0.00518134715025907	0.00104602510460251	0.00333333333333333
"CCDC186"	0.383803128037466	0.334364413021064	0.303954263935207	0.259510275470048	0.23401300884309	0.393318038428449	0.160302189694859	0.249278945199835	0.365729334805879	0.509615384615385	0.339390386869871	0.25799043062201	2.60071942446043	0.846153846153846	0.289156626506024	0.609756097560976	0.486011191047162	0.16120218579235	0.0421052631578947	2.47774575728466	1.28638718794159	0.222803347280335	0.351333333333333
"OFD1"	0.327560307501988	0.321623214022684	0.116484040019057	0.10013117621338	0.24446393334795	0.350062135551095	0.0812134804934191	0.278121137206428	0.479993203636055	0.533862876254181	0.285463071512309	0.281913875598086	2.36420863309353	0.315384615384615	0.389558232931727	0.560975609756098	0.557953637090328	0.333333333333333	0.0842105263157895	0.741274415626001	0.765426283560999	0.27510460251046	0.32
"RTKN2"	0.0336661659450384	0.115701870673148	0.0014292520247737	0.00204051887479959	0.0351531096981656	0.0533409807857757	0.00749572094670365	0.100123609394314	0.0220881828221901	0.0117056856187291	1.33939038686987	0.0197129186602871	0.00989208633093525	0.0192307692307692	0.0763052208835341	0.183864915572233	0.035171862509992	0.0710382513661202	0.0105263157894737	0.0121677873839257	0.0588789448893076	0.0198744769874477	0.02
"MALAT1"	241.61230891579	244.383267049639	213.403763696999	129.031846669582	249.256303442228	252.645349392983	83.1337425485451	155.689328388958	268.429360292244	302.439799331104	254.406213364596	266.953492822966	317.265287769784	282.9	239.859437751004	184.091932457786	17.814548361311	109.355191256831	1.62105263157895	131.798270893372	28.2355157795572	14.081589958159	1.324
"ARID5B"	0.296810108686048	0.670938282515834	0.167698904240114	0.0381139775542924	0.292041219030914	0.354602810438773	0.0734816738476067	0.981870622167285	0.788293263104239	0.262541806020067	0.962485345838218	0.10200956937799	0.133093525179856	0.696153846153846	0.558232931726908	0.896810506566604	8.45563549160672	1.15846994535519	0.694736842105263	11.9135446685879	4.97220913801225	3.72907949790795	2.76733333333333
"AES"	2.09613855261995	2.80902931212255	1.00929013816103	0.929164844774814	2.10735949718629	2.21374629576522	0.579649412736823	0.905644829007004	2.29632146801461	2.063127090301	2.48358733880422	2.37186602870813	2.68345323741007	2.70769230769231	2.51004016064257	5.56848030018762	0.0423661071143086	0.103825136612022	0	0.0918988152417547	0.060292039566651	0.0543933054393305	0.00133333333333333
"SEPT6"	0.882831138994433	1.09029312122551	0.631252977608385	0.343025797988631	1.12614192793978	0.853742472039002	0.20362391548132	0.618046971569839	1.13541755160989	1.66011705685619	1.25029308323564	1.38296650717703	2.31025179856115	1.90769230769231	1.21686746987952	2.8968105065666	0.035171862509992	0.046448087431694	0.0105263157894737	0.00960614793467819	0.00894959962317475	0.00209205020920502	0
"EPB41"	0.605195723248211	0.72676388275151	0.196045736064793	0.286984404605743	0.672294087553899	0.644489054583692	0.209053886560822	0.544293366295838	0.597230481692295	0.764214046822743	0.933177022274326	0.717703349282297	0.501798561151079	0.853846153846154	0.694779116465863	1.15572232645403	0.869704236610711	0.382513661202186	0.105263157894737	0.037463976945245	1.2802637776731	0.26673640167364	0.211333333333333
"C12orf57"	1.18423610497482	1.90904404183238	1.17698904240114	1.22584171403585	1.95943871957904	1.51314405888538	0.648350351177477	0.954676555418212	1.2314161923371	1.3804347826087	1.91324736225088	2.4311961722488	2.70953237410072	1.43076923076923	1.72289156626506	2.39587242026266	2.37729816147082	0.647540983606557	0.463157894736842	0.336215177713737	4.65190767781441	5.16213389121339	4.93466666666667
"CDKN1B"	0.414641689493682	0.76520842539402	0.481896141019533	0.323276490307535	0.475042022948184	0.516585412484466	0.202502508410553	0.454882571075402	0.467929657633166	0.772157190635452	0.776670574443142	0.46755980861244	0.450539568345324	0.784615384615385	0.634538152610442	0.765478424015009	1.31414868105516	0.439890710382514	0.0526315789473684	0.162984309958373	0.662270372114932	0.72071129707113	0.485333333333333
"SOD1"	0.873641424405761	1.40735012520253	1.96379228203907	0.593353738522081	0.999269166118541	1.00028677946659	0.326801628991324	0.993819530284302	0.951405997791182	1.72826086956522	1.27432590855803	1.06966507177033	1.28507194244604	1.32692307692308	1.26907630522088	3.20262664165103	3.15267785771383	1.49453551912568	0.642105263157895	0.547230227345501	2.92699010833726	3.31066945606695	2.86733333333333
"WHSC1L1"	0.620924273217284	0.913831197525409	0.551453072891853	0.59911091677598	0.675582840020463	0.687888347194341	0.393200731865667	0.359291306139267	1.06422563928298	0.841137123745819	0.981242672919109	0.498181818181818	0.815647482014389	1.18076923076923	1.03212851405622	1.40712945590994	0.00799360511590727	0.00819672131147541	0	0	0	0	0
"TRAF3IP3"	1.01877706105858	1.20525850640742	0.816102906145784	0.586503425156683	1.24234451509172	0.964343752987286	0.367467390662811	0.641532756489493	0.971880044176366	0.958612040133779	1.24091441969519	1.32210526315789	0.758992805755396	2.45384615384615	1.20080321285141	1.69981238273921	0.00639488409272582	0.087431693989071	0.0736842105263158	0.0112071725904579	0.0334432406971267	0.00418410041841004	0.00733333333333333
"SELL"	0.931518953786339	1.01524524966858	0.36303001429252	1.22292668707186	1.50851421471899	0.757336774686932	0.9932715575754	0.643180881747013	1.58797043581684	2.18938127090301	1.39214536928488	1.63196172248804	3.41097122302158	0.661538461538462	1.49397590361446	1.81425891181989	0.0423661071143086	0.0300546448087432	0.0105263157894737	0.0032020493115594	0.000471031559114461	0	0.00333333333333333
"AAK1"	1.05164796324114	1.17705111209309	0.544783230109576	0.54795219355779	1.16977271066287	1.10075518592869	0.347636191937673	0.881334981458591	0.412454336929743	0.733695652173913	1.1588511137163	1.26200956937799	0.460431654676259	0.830769230769231	1.04417670682731	1.59287054409006	1.38129496402878	1.15573770491803	0.178947368421053	0.0608389369196286	0.668864813942534	0.883891213389121	0.922
"PSIP1"	0.580675090571706	0.932243334806304	0.391615054787994	0.291867074770442	0.90681868011401	0.688318516394226	0.192232780499321	0.507210548001648	0.775295217058873	0.872909698996655	0.915592028135991	0.962296650717703	0.732913669064748	0.534615384615385	0.911646586345382	2.33020637898687	1.17346123101519	0.215846994535519	0.0315789473684211	0.0246557796990074	0.337729627885068	0.564853556485356	0.672666666666667
"ANKRD12"	1.34359812671203	1.81676240978053	1.27227251071939	0.994169946072001	1.17861580062852	1.44560749450339	0.589328926400283	0.939431396786156	1.69934584997027	2.17767558528428	1.57854630715123	1.14200956937799	3.09262589928058	3.15769230769231	1.93172690763052	1.82551594746717	1.21183053557154	0.800546448087432	0.0210526315789474	1.4018571886007	1.0423928403203	0.774058577405858	0.852
"KIAA1551"	1.05504992489176	1.26712328767123	0.723677941877084	0.739105086722052	0.931301615142878	1.27263167957174	0.4774833264475	0.645241038318912	1.24203551100161	1.02173913043478	1.27432590855803	1.1622966507177	0.959532374100719	1.28846153846154	1.30522088353414	1.54033771106942	0.017585931254996	0.202185792349727	0	1.04226705091258	0.162034856335374	0.0146443514644351	0.000666666666666667
"FOXP1"	0.812671202615534	1.26020032405362	0.923773225345403	0.643419326628771	1.45859826061536	0.813688939871905	0.397627338723957	0.740008240626288	1.629937983179	1.22742474916388	1.26025791324736	1.61722488038278	1.36241007194245	0.576923076923077	1.18473895582329	1.26641651031895	4.83293365307754	0.898907103825137	0.336842105263158	0.181556195965418	0.707018370230805	0.777196652719665	0.731333333333333
"MPHOSPH8"	0.864495891137227	1.02916482545294	0.841353025250119	0.525797988631395	0.973763063655631	0.868511614568397	0.322729150681697	0.602389781623403	1.01826522810296	0.995819397993311	1.02579132473623	1.00459330143541	0.95863309352518	1.21923076923077	0.975903614457831	1.15759849906191	1.39888089528377	0.415300546448087	0.0736842105263158	0.0621197566442523	0.727272727272727	0.942468619246862	1.03333333333333
