"","p_val","avg_log2FC","pct.1","pct.2","p_val_adj","cluster","gene"
"S100A8",0,1.72058284238054,0.999,0.895,0,"0","S100A8"
"S100A12",0,1.64870982031995,0.968,0.605,0,"0","S100A12"
"S100A9",0,1.60806013825121,1,0.957,0,"0","S100A9"
"VCAN",0,1.1636595971535,0.99,0.753,0,"0","VCAN"
"MNDA",0,0.95468632472262,0.976,0.807,0,"0","MNDA"
"RBP7",0,0.893832938786946,0.609,0.325,0,"0","RBP7"
"CYP1B1",0,0.893443721207513,0.58,0.292,0,"0","CYP1B1"
"PLBD1",0,0.871868491047642,0.672,0.452,0,"0","PLBD1"
"MEGF9",0,0.841750459711297,0.737,0.482,0,"0","MEGF9"
"CTSD",0,0.838746916449821,0.927,0.747,0,"0","CTSD"
"LYZ",0,0.809534383708773,1,0.965,0,"0","LYZ"
"CSF3R",0,0.785195311518213,0.845,0.589,0,"0","CSF3R"
"NCF1",0,0.781949528939945,0.866,0.639,0,"0","NCF1"
"CD14",0,0.771974985994283,0.909,0.636,0,"0","CD14"
"RP11-1143G9.4",0,0.771437041603489,0.765,0.559,0,"0","RP11-1143G9.4"
"LRRK2",0,0.768274981626361,0.717,0.499,0,"0","LRRK2"
"PADI4",0,0.756686526898966,0.376,0.118,0,"0","PADI4"
"METTL9",0,0.755015179408471,0.763,0.573,0,"0","METTL9"
"CD36",0,0.747154150404139,0.803,0.574,0,"0","CD36"
"RETN",0,0.730143899039194,0.416,0.248,0,"0","RETN"
"GCA",0,0.718507001679966,0.673,0.481,0,"0","GCA"
"EGR1",0,0.711874908415135,0.577,0.46,0,"0","EGR1"
"SLC2A3",0,0.701331058382103,0.673,0.438,0,"0","SLC2A3"
"VNN2",0,0.690473468709883,0.447,0.209,0,"0","VNN2"
"CDA",0,0.690393297225992,0.589,0.353,0,"0","CDA"
"FCN1",0,0.671439037699502,0.988,0.828,0,"0","FCN1"
"ITGAM",0,0.663319719736219,0.568,0.335,0,"0","ITGAM"
"CES1",0,0.659605282592506,0.333,0.136,0,"0","CES1"
"TSPO",0,0.657288836646287,0.969,0.884,0,"0","TSPO"
"SELL",0,0.64977020099746,0.746,0.533,0,"0","SELL"
"RGS2",0,0.647758450966424,0.843,0.707,0,"0","RGS2"
"PGD",0,0.633892535171225,0.634,0.446,0,"0","PGD"
"TKT",0,0.626192474438091,0.955,0.848,0,"0","TKT"
"CSTA",0,0.617281993405235,0.879,0.73,0,"0","CSTA"
"SERPINB1",0,0.610770974842182,0.849,0.73,0,"0","SERPINB1"
"MGST1",0,0.609453237791705,0.498,0.285,0,"0","MGST1"
"TALDO1",0,0.600350604908665,0.881,0.766,0,"0","TALDO1"
"FPR1",0,0.595167191501883,0.693,0.491,0,"0","FPR1"
"GPX1",0,0.591350911486141,0.968,0.795,0,"0","GPX1"
"FBXL5",0,0.586872214484356,0.7,0.535,0,"0","FBXL5"
"APLP2",0,0.585468345935441,0.905,0.791,0,"0","APLP2"
"BST1",0,0.581772725652249,0.49,0.29,0,"0","BST1"
"RTN3",0,0.579533669335133,0.73,0.581,0,"0","RTN3"
"SLC11A1",0,0.579085815007855,0.726,0.547,0,"0","SLC11A1"
"GAPDH",0,0.576888716714851,0.984,0.945,0,"0","GAPDH"
"IRS2",0,0.571600555660306,0.532,0.358,0,"0","IRS2"
"FOLR3",0,0.568109027413457,0.248,0.103,0,"0","FOLR3"
"MCL1",0,0.566670749900821,0.953,0.876,0,"0","MCL1"
"IL17RA",0,0.561045836651443,0.629,0.464,0,"0","IL17RA"
"NAIP",0,0.560260231599604,0.583,0.411,0,"0","NAIP"
"CKAP4",0,0.560194847407682,0.445,0.263,0,"0","CKAP4"
"NCF2",0,0.556585681978242,0.851,0.702,0,"0","NCF2"
"LTA4H",0,0.553881714081988,0.739,0.615,0,"0","LTA4H"
"FOS",0,0.55005722452232,0.998,0.94,0,"0","FOS"
"HMGB2",0,0.548492758047721,0.641,0.53,0,"0","HMGB2"
"AGTRAP",0,0.54371832858446,0.678,0.518,0,"0","AGTRAP"
"FAM101B",0,0.542785033265063,0.416,0.249,0,"0","FAM101B"
"CYBB",0,0.539794262407782,0.953,0.815,0,"0","CYBB"
"ANXA1",0,0.535873753116537,0.957,0.873,0,"0","ANXA1"
"KCTD12",0,0.535821615876803,0.757,0.601,0,"0","KCTD12"
"DMXL2",0,0.532874441358904,0.69,0.542,0,"0","DMXL2"
"QPCT",0,0.532754602860935,0.36,0.17,0,"0","QPCT"
"CD93",0,0.530194107675736,0.617,0.436,0,"0","CD93"
"MSRB1",0,0.529910662507768,0.466,0.317,0,"0","MSRB1"
"BLVRB",0,0.529886752159055,0.745,0.613,0,"0","BLVRB"
"FOSB",0,0.52449977065264,0.959,0.874,0,"0","FOSB"
"RP11-160E2.6",0,0.524382201142483,0.74,0.609,0,"0","RP11-160E2.6"
"GRN",0,0.521791330683094,0.915,0.807,0,"0","GRN"
"CLEC12A",0,0.516651015185672,0.758,0.607,0,"0","CLEC12A"
"STXBP2",0,0.515501572465274,0.794,0.673,0,"0","STXBP2"
"CDC42EP3",0,0.509295243417174,0.574,0.433,0,"0","CDC42EP3"
"RAB27A",0,0.509020421436182,0.475,0.322,0,"0","RAB27A"
"NRGN",0,0.502665687192462,0.525,0.367,0,"0","NRGN"
"NUP214",0,0.501815523807188,0.692,0.557,0,"0","NUP214"
"FAM198B",0,0.499865103495076,0.438,0.274,0,"0","FAM198B"
"MCEMP1",0,0.497397735259972,0.288,0.117,0,"0","MCEMP1"
"IER2",0,0.494756916646214,0.937,0.874,0,"0","IER2"
"EMB",0,0.492960486651422,0.585,0.437,0,"0","EMB"
"IRAK3",0,0.492255539599646,0.643,0.499,0,"0","IRAK3"
"KLF4",0,0.492047322848326,0.84,0.738,0,"0","KLF4"
"JUN",0,0.485829620278815,0.928,0.867,0,"0","JUN"
"NFE2",0,0.485649935185366,0.31,0.148,0,"0","NFE2"
"DPYD",0,0.483237672126777,0.651,0.51,0,"0","DPYD"
"C14orf2",0,0.481105703837344,0.855,0.732,0,"0","C14orf2"
"SULT1A1",0,0.480974801499647,0.478,0.341,0,"0","SULT1A1"
"SDCBP",0,0.475652908648506,0.843,0.736,0,"0","SDCBP"
"CTSS",0,0.470683593977955,0.998,0.957,0,"0","CTSS"
"EVI2B",0,0.467890514169667,0.895,0.78,0,"0","EVI2B"
"S100A6",0,0.465971132399166,0.998,0.985,0,"0","S100A6"
"CREB5",0,0.460963259039328,0.426,0.282,0,"0","CREB5"
"CXCL8",0,0.459734666838365,0.6,0.465,0,"0","CXCL8"
"VMP1",0,0.456628256857187,0.76,0.68,0,"0","VMP1"
"PRAM1",0,0.456002167296835,0.546,0.415,0,"0","PRAM1"
"SCPEP1",0,0.450958195616418,0.566,0.443,0,"0","SCPEP1"
"TMEM170B",0,0.450634458101026,0.49,0.352,0,"0","TMEM170B"
"RNASE2",0,0.449981993722456,0.293,0.152,0,"0","RNASE2"
"TREM1",0,0.447850594697804,0.49,0.358,0,"0","TREM1"
"MS4A6A",0,0.446088193743198,0.877,0.674,0,"0","MS4A6A"
"GPCPD1",0,0.44328880478311,0.64,0.516,0,"0","GPCPD1"
"PYGL",0,0.441321402836262,0.401,0.265,0,"0","PYGL"
"PKM",0,0.439890396236638,0.811,0.714,0,"0","PKM"
"EVI2A",0,0.437783026524907,0.619,0.496,0,"0","EVI2A"
"AGTPBP1",0,0.436971689777068,0.529,0.407,0,"0","AGTPBP1"
"CD302",0,0.436951148232901,0.665,0.549,0,"0","CD302"
"ASGR1",0,0.43462331140515,0.475,0.342,0,"0","ASGR1"
"AP1S2",0,0.428586942821646,0.898,0.811,0,"0","AP1S2"
"TCEB2",0,0.428286785258616,0.897,0.776,0,"0","TCEB2"
"ALDOA",0,0.428275881544567,0.904,0.8,0,"0","ALDOA"
"MYO1F",0,0.427936687185189,0.818,0.715,0,"0","MYO1F"
"CTB-61M7.2",0,0.426218575520184,0.346,0.198,0,"0","CTB-61M7.2"
"USP15",0,0.425282323475989,0.741,0.665,0,"0","USP15"
"ALDH1A1",0,0.421358031511496,0.319,0.178,0,"0","ALDH1A1"
"CLEC4E",0,0.415357118351066,0.401,0.254,0,"0","CLEC4E"
"MARC1",0,0.413669808611675,0.217,0.076,0,"0","MARC1"
"MPEG1",0,0.413300910793308,0.838,0.711,0,"0","MPEG1"
"STEAP4",0,0.412541011685115,0.221,0.101,0,"0","STEAP4"
"CEBPD",0,0.410435365198266,0.847,0.718,0,"0","CEBPD"
"OGFRL1",0,0.408063537498206,0.741,0.647,0,"0","OGFRL1"
"CTSA",0,0.401029293403513,0.503,0.394,0,"0","CTSA"
"CRISPLD2",0,0.396802553237501,0.277,0.14,0,"0","CRISPLD2"
"GLRX",0,0.395256645791137,0.723,0.628,0,"0","GLRX"
"KCNE3",0,0.385364208843887,0.405,0.289,0,"0","KCNE3"
"JAML",0,0.381742715814155,0.776,0.666,0,"0","JAML"
"GAS7",0,0.380903600669717,0.527,0.414,0,"0","GAS7"
"F5",0,0.378420414854967,0.212,0.079,0,"0","F5"
"PGAM1",0,0.375827742447201,0.651,0.597,0,"0","PGAM1"
"PLP2",0,0.374767546704526,0.648,0.554,0,"0","PLP2"
"NCOA4",0,0.373525061184762,0.678,0.61,0,"0","NCOA4"
"GLIPR2",0,0.373128751127965,0.629,0.541,0,"0","GLIPR2"
"VSTM1",0,0.371137418754259,0.243,0.134,0,"0","VSTM1"
"DUSP1",0,0.370640780152462,0.987,0.934,0,"0","DUSP1"
"HIF1A",0,0.369543486223933,0.7,0.606,0,"0","HIF1A"
"RAB11FIP1",0,0.369455037856769,0.681,0.609,0,"0","RAB11FIP1"
"PLXDC2",0,0.369080740152111,0.594,0.496,0,"0","PLXDC2"
"CAPG",0,0.368123729763332,0.646,0.538,0,"0","CAPG"
"VIM",0,0.367080602894467,0.995,0.979,0,"0","VIM"
"GLIPR1",0,0.363048011381816,0.776,0.704,0,"0","GLIPR1"
"BRI3",0,0.361995724247098,0.935,0.872,0,"0","BRI3"
"RAB3D",0,0.360792736525581,0.367,0.257,0,"0","RAB3D"
"LAMTOR1",0,0.358603306252527,0.722,0.666,0,"0","LAMTOR1"
"ATP6V0D1",0,0.350982342472442,0.656,0.593,0,"0","ATP6V0D1"
"RNF130",0,0.350357535897697,0.746,0.671,0,"0","RNF130"
"LRP1",0,0.349496622097839,0.603,0.499,0,"0","LRP1"
"ALDH2",0,0.348737162320055,0.616,0.522,0,"0","ALDH2"
"CR1",0,0.347472563497976,0.234,0.124,0,"0","CR1"
"S100A4",0,0.346954731374997,0.998,0.975,0,"0","S100A4"
"CRTAP",0,0.345818959262663,0.585,0.491,0,"0","CRTAP"
"DAZAP2",0,0.329273589612377,0.864,0.805,0,"0","DAZAP2"
"FGR",0,0.326881960679444,0.771,0.667,0,"0","FGR"
"CLEC7A",0,0.32521974768533,0.804,0.699,0,"0","CLEC7A"
"ATP5E",0,0.324189532520051,0.992,0.877,0,"0","ATP5E"
"CAST",0,0.323280877217042,0.877,0.818,0,"0","CAST"
"TNFSF13B",0,0.322106486806725,0.724,0.635,0,"0","TNFSF13B"
"LAPTM5",0,0.321387330415209,0.968,0.897,0,"0","LAPTM5"
"SOD2",0,0.320513577463669,0.838,0.742,0,"0","SOD2"
"NLRP12",0,0.316757425389948,0.225,0.118,0,"0","NLRP12"
"ITGB2",0,0.309499018004606,0.91,0.836,0,"0","ITGB2"
"SKAP2",2.81590025376933e-299,0.348182253651601,0.645,0.568,7.93774122535037e-295,"0","SKAP2"
"ANPEP",1.96724338816289e-297,0.381717146670801,0.385,0.275,5.54546238689238e-293,"0","ANPEP"
"RP6-159A1.4",2.1864380489103e-297,0.348581342902267,0.269,0.166,6.16335021607325e-293,"0","RP6-159A1.4"
"CTD-3252C9.4",3.95525022769926e-296,0.430644082855821,0.623,0.518,1.11494548668614e-291,"0","CTD-3252C9.4"
"MARCH1",3.50829128211224e-292,0.357717015718585,0.617,0.531,9.8895222951462e-288,"0","MARCH1"
"OSCAR",1.70442911524532e-287,0.373053784726305,0.391,0.29,4.80461523296503e-283,"0","OSCAR"
"PSTPIP1",7.62959504100069e-286,0.365511750869727,0.421,0.322,2.15070654610768e-281,"0","PSTPIP1"
"TIMP2",6.6797229841054e-276,0.320610946501138,0.596,0.521,1.88294711198947e-271,"0","TIMP2"
"RAB31",1.33960837670827e-269,0.319988639521944,0.645,0.582,3.77622205310294e-265,"0","RAB31"
"ACSL1",4.37908612628843e-268,0.337021959849263,0.375,0.268,1.23442058813945e-263,"0","ACSL1"
"RNASE6",4.19344330187662e-267,0.315823730341543,0.521,0.415,1.182089732366e-262,"0","RNASE6"
"FES",3.9850101737539e-264,0.353248526582408,0.398,0.305,1.12333451787949e-259,"0","FES"
"TMEM91",4.43213157079833e-261,0.321817287462312,0.25,0.155,1.24937356849234e-256,"0","TMEM91"
"NCF4",1.06372383959088e-260,0.343498619566118,0.411,0.318,2.99853113142273e-256,"0","NCF4"
"ACAP2",3.77813782249081e-260,0.311445717419413,0.694,0.639,1.06501927078193e-255,"0","ACAP2"
"LILRB3",2.5083490809548e-259,0.337319294501224,0.57,0.485,7.07078522430348e-255,"0","LILRB3"
"C4orf48",6.86477046438513e-258,0.316951629928079,0.65,0.6,1.93511014620552e-253,"0","C4orf48"
"PICALM",1.4744172967503e-257,0.310942634180572,0.607,0.546,4.15623491780941e-253,"0","PICALM"
"CPD",1.6495665494507e-250,0.343641601367575,0.35,0.255,4.64996314624656e-246,"0","CPD"
"HEBP2",8.60225337127174e-249,0.325205360022481,0.559,0.494,2.42488920282779e-244,"0","HEBP2"
"CD55",4.52222785548534e-246,0.317983426579663,0.623,0.565,1.27477081018276e-241,"0","CD55"
"CARS2",1.14685299598938e-245,0.361604097229434,0.399,0.314,3.23286391039445e-241,"0","CARS2"
"ICAM3",5.98172485559462e-244,0.317340765784158,0.605,0.535,1.68618841954357e-239,"0","ICAM3"
"LTB4R",6.4485835226665e-244,0.315015801158306,0.268,0.175,1.81779120920446e-239,"0","LTB4R"
"SMARCD3",1.26312453029257e-243,0.302262070223489,0.261,0.167,3.56062173844174e-239,"0","SMARCD3"
"LBR",2.11071187526209e-243,0.350282749299992,0.498,0.425,5.94988570517631e-239,"0","LBR"
"UBE2D1",6.07312411084181e-242,0.337084996072455,0.504,0.428,1.7119529556052e-237,"0","UBE2D1"
"TLR2",8.18004521663499e-242,0.325901379227456,0.442,0.349,2.30587294611724e-237,"0","TLR2"
"FAM200B",2.18611078372952e-239,0.351153420813345,0.401,0.314,6.16242768825516e-235,"0","FAM200B"
"TFEC",1.93048154590376e-236,0.334836670320411,0.385,0.29,5.44183442974811e-232,"0","TFEC"
"C19orf38",2.58755533177814e-236,0.317844903991332,0.519,0.439,7.2940597247494e-232,"0","C19orf38"
"MYADM",1.9266364821674e-235,0.320224587712103,0.66,0.59,5.43099557958168e-231,"0","MYADM"
"SLC24A4",3.99890150286055e-231,0.335443672631156,0.363,0.269,1.12725034464136e-226,"0","SLC24A4"
"LAT2",8.21493857470672e-231,0.325200187972715,0.435,0.352,2.31570903482408e-226,"0","LAT2"
"RAB32",1.44802698911331e-225,0.305203677099259,0.557,0.494,4.08184327961151e-221,"0","RAB32"
"HSD17B11",4.65235208910689e-225,0.311539138238883,0.57,0.51,1.31145153039834e-220,"0","HSD17B11"
"SIRPB1",6.18344152895608e-222,0.323144748372325,0.345,0.254,1.74305033259743e-217,"0","SIRPB1"
"NFAM1",4.42021876626565e-220,0.32192397239658,0.372,0.283,1.24601546802262e-215,"0","NFAM1"
"KLF6",4.9786606959663e-214,0.31829214498968,0.921,0.895,1.40343466358594e-209,"0","KLF6"
"GTF2I",1.90525219666535e-213,0.306378688593199,0.572,0.517,5.37071541717996e-209,"0","GTF2I"
"SLC25A37",6.27396125717052e-201,0.308688425913568,0.418,0.337,1.7685669387838e-196,"0","SLC25A37"
"CCDC69",1.4451555640475e-197,0.300546336533988,0.528,0.467,4.0737490194935e-193,"0","CCDC69"
"PDXK",4.29275717484782e-195,0.308463580668828,0.409,0.334,1.21008532001785e-190,"0","PDXK"
"MBOAT7",1.17402432252293e-194,0.317408926720383,0.43,0.356,3.30945716275987e-190,"0","MBOAT7"
"FAR1",4.04940172409065e-194,0.314856130906479,0.448,0.38,1.14148585200391e-189,"0","FAR1"
"PTAFR",1.20660284268523e-193,0.300832295790085,0.347,0.26,3.40129275324539e-189,"0","PTAFR"
"AGO4",3.46349849497547e-192,0.303365977156201,0.369,0.291,9.76325590748635e-188,"0","AGO4"
"KIAA0319L",5.77704595259569e-192,0.312420716882335,0.285,0.204,1.6284914835772e-187,"0","KIAA0319L"
"C20orf24",4.09326040810048e-191,0.302776438153657,0.499,0.437,1.15384917643944e-186,"0","C20orf24"
"SHKBP1",6.52860553345144e-190,0.306219700180358,0.484,0.429,1.84034861382463e-185,"0","SHKBP1"
"ENTPD1",2.71036042380669e-187,0.316115779311496,0.391,0.315,7.64023499866868e-183,"0","ENTPD1"
"AGFG1",4.99888523426927e-186,0.326812738852081,0.471,0.412,1.40913575868816e-181,"0","AGFG1"
"LINC00936",2.67297845359527e-184,0.313583057629788,0.715,0.636,7.53485896283971e-180,"0","LINC00936"
"CCNL1",1.95473355448465e-178,0.300866150018655,0.885,0.855,5.51019841673679e-174,"0","CCNL1"
"MAPK14",1.25087786924967e-176,0.311214116988992,0.357,0.287,3.5260996256279e-172,"0","MAPK14"
"CCPG1",1.61642505891563e-169,0.305371149843599,0.401,0.335,4.55654059857728e-165,"0","CCPG1"
"THBS1",2.42051874394802e-164,0.335043238617077,0.236,0.153,6.82320028731507e-160,"0","THBS1"
"RGS18",2.27699338002541e-163,0.309031624335806,0.406,0.336,6.41861663895363e-159,"0","RGS18"
"CH17-373J23.1",7.96506234600028e-154,0.392880552397913,0.452,0.382,2.24527142471402e-149,"0","CH17-373J23.1"
"WDR74",2.77918682671778e-135,0.41803344248395,0.468,0.42,7.83424974583474e-131,"0","WDR74"
"RNU12",7.23462639426169e-101,0.333058719396796,0.305,0.248,2.03936883427843e-96,"0","RNU12"
"LGALS2",0,0.912635189235413,0.889,0.533,0,"1","LGALS2"
"CPVL",0,0.705114904707973,0.896,0.587,0,"1","CPVL"
"YBX3",0,0.584506970504413,0.84,0.61,0,"1","YBX3"
"GPX11",0,0.561239599416604,0.988,0.801,0,"1","GPX1"
"MS4A6A1",0,0.534363794109653,0.94,0.674,0,"1","MS4A6A"
"HLA-DMA",0,0.529237080257788,0.842,0.564,0,"1","HLA-DMA"
"HLA-DMB",0,0.523454856405027,0.782,0.513,0,"1","HLA-DMB"
"KLF10",0,0.52139050361907,0.805,0.568,0,"1","KLF10"
"FGL2",0,0.51912176214153,0.978,0.813,0,"1","FGL2"
"AP1S21",0,0.481355837587394,0.955,0.805,0,"1","AP1S2"
"DUSP6",0,0.466151827857141,0.75,0.544,0,"1","DUSP6"
"PID1",0,0.46583403620384,0.417,0.17,0,"1","PID1"
"FCN11",0,0.449227926358386,0.995,0.836,0,"1","FCN1"
"NEAT1",0,0.448544086232533,0.998,0.973,0,"1","NEAT1"
"CD4",0,0.435882267755776,0.746,0.515,0,"1","CD4"
"LIPA",0,0.434906750454368,0.497,0.293,0,"1","LIPA"
"CECR1",0,0.429776604694422,0.787,0.554,0,"1","CECR1"
"KCTD121",0,0.424247294449362,0.823,0.597,0,"1","KCTD12"
"LYZ1",0,0.414252833556053,1,0.967,0,"1","LYZ"
"PSAP",0,0.401069957344361,0.998,0.941,0,"1","PSAP"
"LGALS3",0,0.400122371591402,0.88,0.7,0,"1","LGALS3"
"CTSS1",0,0.392308729533749,0.999,0.959,0,"1","CTSS"
"PPT1",0,0.390251579221511,0.777,0.572,0,"1","PPT1"
"DPYSL2",0,0.389744635334376,0.739,0.546,0,"1","DPYSL2"
"SAMHD1",0,0.385794142918931,0.945,0.783,0,"1","SAMHD1"
"MPEG11",0,0.385466948350048,0.903,0.706,0,"1","MPEG1"
"CFP",0,0.385417435074948,0.821,0.636,0,"1","CFP"
"S100A10",0,0.382813835812188,0.987,0.921,0,"1","S100A10"
"RP11-160E2.61",0,0.382287105464978,0.792,0.606,0,"1","RP11-160E2.6"
"AHNAK",0,0.380268486890751,0.955,0.849,0,"1","AHNAK"
"DOK2",0,0.379781154738319,0.667,0.464,0,"1","DOK2"
"IGSF6",0,0.37916470990118,0.755,0.554,0,"1","IGSF6"
"ID2",0,0.374069163609431,0.851,0.713,0,"1","ID2"
"TNFAIP2",0,0.371706841480896,0.82,0.622,0,"1","TNFAIP2"
"AOAH",0,0.369542512319553,0.67,0.451,0,"1","AOAH"
"LRP11",0,0.368337845115641,0.71,0.485,0,"1","LRP1"
"SLC7A7",0,0.364506176366596,0.699,0.482,0,"1","SLC7A7"
"CRTAP1",0,0.364282782262239,0.684,0.478,0,"1","CRTAP"
"CPPED1",0,0.36161128335808,0.729,0.532,0,"1","CPPED1"
"LY86",0,0.361189965739104,0.653,0.437,0,"1","LY86"
"SERPINA1",0,0.351515295946564,0.948,0.743,0,"1","SERPINA1"
"CYBB1",0,0.351009814995345,0.976,0.818,0,"1","CYBB"
"NPC2",0,0.348705502191355,0.925,0.77,0,"1","NPC2"
"FCGRT",0,0.339365493378899,0.875,0.699,0,"1","FCGRT"
"CD361",0,0.338471669931067,0.811,0.585,0,"1","CD36"
"ZFP36",0,0.336472552021359,0.95,0.845,0,"1","ZFP36"
"ZNF385A",0,0.333238332258271,0.612,0.417,0,"1","ZNF385A"
"VAMP8",0,0.332983180240584,0.907,0.753,0,"1","VAMP8"
"SECTM1",0,0.331550601658913,0.459,0.269,0,"1","SECTM1"
"C1orf162",0,0.326714280016246,0.894,0.718,0,"1","C1orf162"
"CD300E",0,0.325577425401002,0.635,0.424,0,"1","CD300E"
"CDKN1A",0,0.321576229625895,0.566,0.38,0,"1","CDKN1A"
"KLF41",0,0.321514701231141,0.89,0.734,0,"1","KLF4"
"CLEC7A1",0,0.320381643899559,0.879,0.69,0,"1","CLEC7A"
"MARCO",0,0.317822433113844,0.279,0.133,0,"1","MARCO"
"AIF1",0,0.316684284079867,0.997,0.892,0,"1","AIF1"
"CTD-3252C9.41",0,0.316652819671532,0.693,0.511,0,"1","CTD-3252C9.4"
"CLEC4A",0,0.315091936369618,0.568,0.386,0,"1","CLEC4A"
"AHR",0,0.314239358132779,0.603,0.438,0,"1","AHR"
"TYROBP",0,0.308677864879779,0.999,0.953,0,"1","TYROBP"
"FYB",0,0.306912892815146,0.942,0.763,0,"1","FYB"
"SH3BGRL3",0,0.306561231494148,0.999,0.972,0,"1","SH3BGRL3"
"PLEKHO1",0,0.30650816133888,0.792,0.632,0,"1","PLEKHO1"
"TNFRSF1B",0,0.306267708179889,0.915,0.743,0,"1","TNFRSF1B"
"BLVRB1",0,0.304025465078122,0.796,0.61,0,"1","BLVRB"
"ZFP36L1",1.1987080660154e-305,0.303106203961142,0.871,0.736,3.3790381672908e-301,"1","ZFP36L1"
"IER21",8.12904938444363e-292,0.302143839881825,0.964,0.873,2.29149773098082e-287,"1","IER2"
"TAGLN2",6.86500098246664e-287,0.320386134156855,0.871,0.741,1.93517512694752e-282,"1","TAGLN2"
"CCL3",1.88209544767404e-284,0.345085040681222,0.458,0.299,5.30543885744835e-280,"1","CCL3"
"CH17-373J23.11",2.39089244066415e-265,0.333298795164658,0.524,0.372,6.73968670098818e-261,"1","CH17-373J23.1"
"MS4A1",0,2.37249932842263,0.895,0.022,0,"10","MS4A1"
"CD79A",0,2.24282686631191,0.889,0.035,0,"10","CD79A"
"IGHM",0,1.96834314354612,0.743,0.031,0,"10","IGHM"
"IGHD",0,1.84451642928298,0.675,0.012,0,"10","IGHD"
"BANK1",0,1.63286219239165,0.783,0.042,0,"10","BANK1"
"RALGPS2",0,1.56044370705856,0.771,0.077,0,"10","RALGPS2"
"LTB",0,1.49126973052536,0.918,0.345,0,"10","LTB"
"CD79B",0,1.46223648317139,0.783,0.112,0,"10","CD79B"
"IGKC",0,1.31529787040878,0.736,0.172,0,"10","IGKC"
"LINC00926",0,1.19297863993971,0.623,0.018,0,"10","LINC00926"
"IGLC2",0,1.18537198322473,0.461,0.065,0,"10","IGLC2"
"CD69",0,1.10103001057009,0.66,0.18,0,"10","CD69"
"TNFRSF13C",0,1.07867478105509,0.573,0.012,0,"10","TNFRSF13C"
"TCL1A",0,0.919618122241458,0.396,0.013,0,"10","TCL1A"
"CD37",0,0.915521529718172,0.966,0.828,0,"10","CD37"
"CD22",0,0.870243353169988,0.503,0.017,0,"10","CD22"
"CXCR4",0,0.841536228328199,0.877,0.481,0,"10","CXCR4"
"FCER2",0,0.825270078683016,0.428,0.019,0,"10","FCER2"
"VPREB3",0,0.817946485541993,0.426,0.005,0,"10","VPREB3"
"IKZF3",0,0.795040759829219,0.551,0.085,0,"10","IKZF3"
"FCRL1",0,0.771641738596705,0.419,0.005,0,"10","FCRL1"
"FCMR",0,0.771189017236583,0.499,0.063,0,"10","FCMR"
"AFF3",0,0.743024232251232,0.474,0.058,0,"10","AFF3"
"PAX5",0,0.716145007864825,0.423,0.004,0,"10","PAX5"
"FAM129C",0,0.701800826307364,0.429,0.021,0,"10","FAM129C"
"COBLL1",0,0.660920565001945,0.395,0.02,0,"10","COBLL1"
"ADAM28",0,0.660136098465119,0.458,0.067,0,"10","ADAM28"
"RPS5",0,0.659550758533545,0.993,0.934,0,"10","RPS5"
"PLPP5",0,0.656533387019355,0.431,0.078,0,"10","PLPP5"
"STRBP",0,0.633454406809092,0.426,0.057,0,"10","STRBP"
"SWAP70",0,0.606600377998257,0.586,0.209,0,"10","SWAP70"
"RPSA",0,0.598722183697273,0.991,0.929,0,"10","RPSA"
"P2RX5",0,0.595931726530301,0.362,0.017,0,"10","P2RX5"
"ISG20",0,0.590758887585749,0.596,0.204,0,"10","ISG20"
"STK17A",0,0.587105018164616,0.562,0.181,0,"10","STK17A"
"CLEC2D",0,0.574183792366381,0.552,0.182,0,"10","CLEC2D"
"RPS27",0,0.573076814910282,1,0.997,0,"10","RPS27"
"LBH",0,0.557461820723787,0.455,0.094,0,"10","LBH"
"BCL7A",0,0.554735876694894,0.357,0.048,0,"10","BCL7A"
"BLK",0,0.55164391575441,0.343,0.009,0,"10","BLK"
"ETS1",0,0.549990526041128,0.592,0.196,0,"10","ETS1"
"FCRL2",0,0.526156967640112,0.295,0.005,0,"10","FCRL2"
"TTN",0,0.525275990334919,0.281,0.04,0,"10","TTN"
"TMEM156",0,0.523160848231729,0.342,0.035,0,"10","TMEM156"
"ARID5B",0,0.513415749244411,0.434,0.112,0,"10","ARID5B"
"IGLC3",0,0.509516670322632,0.295,0.031,0,"10","IGLC3"
"FCRL5",0,0.50846611251931,0.233,0.005,0,"10","FCRL5"
"RP11-231C14.7",0,0.504738725381864,0.33,0.051,0,"10","RP11-231C14.7"
"SEL1L3",0,0.496594894817419,0.375,0.057,0,"10","SEL1L3"
"KIAA0125",0,0.495961730305273,0.264,0.009,0,"10","KIAA0125"
"RP11-693J15.5",0,0.488722514440413,0.28,0.004,0,"10","RP11-693J15.5"
"ZCCHC7",0,0.48380292335228,0.501,0.171,0,"10","ZCCHC7"
"TSTD1",0,0.476968319160577,0.539,0.202,0,"10","TSTD1"
"BCL11A",0,0.469281758916833,0.493,0.157,0,"10","BCL11A"
"TCF4",0,0.460724570883226,0.542,0.16,0,"10","TCF4"
"BACH2",0,0.459398734114494,0.289,0.025,0,"10","BACH2"
"TPD52",0,0.457138360591509,0.336,0.043,0,"10","TPD52"
"PCDH9",0,0.453229091869947,0.209,0.006,0,"10","PCDH9"
"RPL18A",0,0.452297324314957,0.999,0.991,0,"10","RPL18A"
"SLC38A1",0,0.452232418462136,0.493,0.154,0,"10","SLC38A1"
"SPIB",0,0.443630638912341,0.333,0.042,0,"10","SPIB"
"RPS23",0,0.440607637444148,1,0.994,0,"10","RPS23"
"PPM1K",0,0.439073215793313,0.48,0.151,0,"10","PPM1K"
"CD24",0,0.438451361224496,0.271,0.02,0,"10","CD24"
"RPS8",0,0.435538099941625,0.999,0.992,0,"10","RPS8"
"SP140",0,0.432751830172488,0.367,0.09,0,"10","SP140"
"EBF1",0,0.421576662195423,0.238,0.007,0,"10","EBF1"
"RPS27A",0,0.417239516468861,1,0.995,0,"10","RPS27A"
"TRAF5",0,0.416385233693625,0.345,0.073,0,"10","TRAF5"
"PDLIM1",0,0.413562309036947,0.314,0.044,0,"10","PDLIM1"
"GNG7",0,0.410969030925784,0.315,0.056,0,"10","GNG7"
"RHOH",0,0.399743982060796,0.341,0.07,0,"10","RHOH"
"FCRLA",0,0.399237157864836,0.24,0.003,0,"10","FCRLA"
"HLA-DOB",0,0.398064473778045,0.286,0.03,0,"10","HLA-DOB"
"CDCA7L",0,0.396486048261642,0.27,0.029,0,"10","CDCA7L"
"BCL2",0,0.390899242139554,0.371,0.104,0,"10","BCL2"
"RPL30",0,0.389795614139521,1,0.995,0,"10","RPL30"
"RPL13",0,0.38938101855732,1,0.998,0,"10","RPL13"
"CHD7",0,0.389026947013474,0.31,0.057,0,"10","CHD7"
"IFT57",0,0.388716756591725,0.371,0.114,0,"10","IFT57"
"FCRL3",0,0.381883740200689,0.23,0.016,0,"10","FCRL3"
"PARP15",0,0.38080064265312,0.297,0.044,0,"10","PARP15"
"PKIG",0,0.380094654705697,0.256,0.015,0,"10","PKIG"
"POU2AF1",0,0.376495698906988,0.233,0.005,0,"10","POU2AF1"
"RAB30",0,0.374777128271189,0.247,0.032,0,"10","RAB30"
"OSBPL10",0,0.362204632014784,0.239,0.014,0,"10","OSBPL10"
"CD40",0,0.347568085738054,0.313,0.08,0,"10","CD40"
"TLR10",0,0.341466346380728,0.216,0.02,0,"10","TLR10"
"BLNK",0,0.333866178495564,0.248,0.028,0,"10","BLNK"
"P2RY10",0,0.325874936612382,0.265,0.048,0,"10","P2RY10"
"CPNE5",0,0.325138931315794,0.252,0.045,0,"10","CPNE5"
"CD19",0,0.309628302550953,0.204,0.005,0,"10","CD19"
"RPS18",4.14288410008039e-306,0.42393580032993,0.999,0.996,1.16783759897166e-301,"10","RPS18"
"RPS12",4.04807274991615e-294,0.386260936114748,1,0.997,1.14111122747386e-289,"10","RPS12"
"RPL11",7.68213491892032e-292,0.351249458562282,1,0.995,2.16551701229445e-287,"10","RPL11"
"RPL32",3.13430719303136e-290,0.370168352253267,1,0.996,8.83529854643611e-286,"10","RPL32"
"IL4R",2.80089685393602e-286,0.574989180163165,0.461,0.178,7.89544814156025e-282,"10","IL4R"
"HVCN1",5.47150713769069e-281,0.501015328003906,0.579,0.247,1.54236314704363e-276,"10","HVCN1"
"RPL12",7.83353461431758e-274,0.381776276898099,0.999,0.988,2.20819507242998e-269,"10","RPL12"
"ZCCHC11",2.59943892882714e-266,0.408237364075338,0.504,0.199,7.32755839647083e-262,"10","ZCCHC11"
"EBLN3",2.82554453907235e-266,0.420022936509499,0.537,0.221,7.96492750119104e-262,"10","EBLN3"
"EAF2",2.87937618201509e-265,0.367606405147778,0.398,0.139,8.11667351948235e-261,"10","EAF2"
"RPL3",4.97282702144183e-265,0.388780629666824,0.999,0.983,1.40179020907424e-260,"10","RPL3"
"SPTBN1",1.00134501507874e-262,0.312850022927204,0.334,0.105,2.82269146300547e-258,"10","SPTBN1"
"ARHGAP24",4.60424280238828e-254,0.309354970341722,0.344,0.11,1.29789000356523e-249,"10","ARHGAP24"
"GABPB1-AS1",3.19954491951705e-246,0.550865342226987,0.594,0.28,9.01919717362661e-242,"10","GABPB1-AS1"
"RPS15A",1.8167926703981e-243,0.391794720055626,0.999,0.991,5.12135685858521e-239,"10","RPS15A"
"RPL18",1.18332902941061e-241,0.337295201778793,0.998,0.988,3.33568620100557e-237,"10","RPL18"
"MEF2C",2.24765146814243e-239,0.619885210811527,0.84,0.533,6.33590472354668e-235,"10","MEF2C"
"KIAA0040",2.99125745530912e-236,0.321212971951189,0.372,0.131,8.43205564077088e-232,"10","KIAA0040"
"EEF1B2",6.80813326699136e-236,0.473417749724999,0.981,0.902,1.91914468663219e-231,"10","EEF1B2"
"CD52",4.17294435394538e-233,0.547422807703199,0.98,0.814,1.17631128393366e-228,"10","CD52"
"RPL10",8.24409049801367e-228,0.313110910974594,1,0.998,2.32392667048507e-223,"10","RPL10"
"RPS4X",6.30207540549061e-227,0.365144917206637,0.998,0.984,1.77649203605375e-222,"10","RPS4X"
"BTG1",1.58612921540937e-226,0.480856535455659,0.983,0.917,4.47113964531747e-222,"10","BTG1"
"ST6GAL1",4.65896040615403e-220,0.303809065433755,0.363,0.132,1.31331434889076e-215,"10","ST6GAL1"
"SMC6",4.54567424614197e-218,0.30048936379101,0.327,0.112,1.28138011324496e-213,"10","SMC6"
"RPS6",1.45210137652176e-217,0.332614325453767,1,0.989,4.09332857027719e-213,"10","RPS6"
"RPL23A",6.92130369548936e-217,0.364444212296079,0.998,0.98,1.95104629872149e-212,"10","RPL23A"
"CD81",6.43181066678737e-215,0.389638340613978,0.626,0.308,1.81306310886069e-210,"10","CD81"
"PARP1",4.39200198807981e-214,0.374135361533816,0.515,0.233,1.23806144041982e-209,"10","PARP1"
"RPS29",1.86023179184281e-209,0.346956534662908,0.999,0.991,5.24380739802571e-205,"10","RPS29"
"PRDM2",9.36278486332762e-206,0.461641948574291,0.655,0.344,2.63927542512342e-201,"10","PRDM2"
"FAM65B",2.25532949638125e-204,0.515003457627537,0.912,0.656,6.3575483173491e-200,"10","FAM65B"
"FOXP1",1.5416406375344e-203,0.505015487271644,0.778,0.471,4.34573079314573e-199,"10","FOXP1"
"RPL10A",5.75241032068425e-203,0.370929523878248,0.993,0.961,1.62154694529768e-198,"10","RPL10A"
"RPS21",3.4218505938896e-199,0.391918392581355,0.992,0.97,9.6458546391154e-195,"10","RPS21"
"ODC1",6.48907009119929e-199,0.346026419476668,0.463,0.201,1.82920396800817e-194,"10","ODC1"
"EZR",1.08694175834405e-197,0.470346827448989,0.784,0.48,3.06398012259603e-193,"10","EZR"
"MALAT1",4.06848017503396e-197,0.433704631151317,0.999,0.99,1.14686387654032e-192,"10","MALAT1"
"RPL34",2.27655674564229e-195,0.318879158575085,1,0.996,6.41738581029106e-191,"10","RPL34"
"RPS3",4.14721602149344e-195,0.326002758316972,0.999,0.987,1.16905872429879e-190,"10","RPS3"
"RPS3A",9.90648164438406e-194,0.311140066584051,1,0.992,2.79253811073542e-189,"10","RPS3A"
"RPS19",7.23085112243674e-192,0.323047935164622,0.999,0.993,2.03830462290369e-187,"10","RPS19"
"PNISR",5.82175201286888e-190,0.477238167188313,0.911,0.701,1.64109367490761e-185,"10","PNISR"
"RPL5",3.60449489666991e-189,0.330012146550261,0.995,0.971,1.01607106642228e-184,"10","RPL5"
"TBC1D10C",9.43014792875324e-188,0.315573829013307,0.52,0.239,2.65826439963625e-183,"10","TBC1D10C"
"RPL39",5.92222621761241e-187,0.343118281334459,0.999,0.994,1.66941634848276e-182,"10","RPL39"
"CXXC5",2.26485746897794e-186,0.332852067025562,0.478,0.213,6.38440671930192e-182,"10","CXXC5"
"TXNIP",7.62468127371396e-184,0.478693997688231,0.992,0.938,2.14932140424723e-179,"10","TXNIP"
"RPS25",1.71228357924034e-183,0.314447344084088,0.998,0.983,4.8267561815206e-179,"10","RPS25"
"PDE7A",1.29864117745118e-181,0.309323842032991,0.368,0.149,3.66073961511714e-177,"10","PDE7A"
"EVL",1.45262074257265e-174,0.365044659672184,0.621,0.324,4.09479261123805e-170,"10","EVL"
"TMEM243",1.87816597742199e-173,0.31193246351143,0.478,0.222,5.29436207375484e-169,"10","TMEM243"
"RPL14",1.15611334908174e-168,0.303534717323144,0.996,0.979,3.25896791972653e-164,"10","RPL14"
"IL2RG",5.45572876449688e-167,0.33325291814751,0.61,0.316,1.53791538142402e-162,"10","IL2RG"
"WHSC1L1",2.43931096495553e-166,0.379055940376939,0.693,0.389,6.87617367911315e-162,"10","WHSC1L1"
"SNHG7",3.97781655973844e-162,0.33598269803989,0.536,0.272,1.12130671002467e-157,"10","SNHG7"
"ADK",7.93084818954071e-162,0.310835269209987,0.411,0.183,2.23562679614963e-157,"10","ADK"
"GLTSCR2",1.22964415541163e-159,0.421058769167618,0.886,0.644,3.46624390968985e-155,"10","GLTSCR2"
"RPL35",1.70192186607408e-158,0.301479134704374,0.994,0.973,4.79754754827623e-154,"10","RPL35"
"DDX24",2.71227431351985e-158,0.38846253609889,0.773,0.485,7.6456300623811e-154,"10","DDX24"
"DGKD",3.55704382405509e-158,0.302887453576931,0.463,0.216,1.00269508356289e-153,"10","DGKD"
"SP100",1.20981884486088e-154,0.403383350358614,0.776,0.499,3.41035834177834e-150,"10","SP100"
"TSC22D3",2.49847081120396e-149,0.438456827173144,0.956,0.816,7.04293936970285e-145,"10","TSC22D3"
"STX7",3.7769827982753e-148,0.419628527221144,0.68,0.412,1.06469368100582e-143,"10","STX7"
"HIST1H4C",1.31832656816616e-144,0.319423698711173,0.563,0.304,3.71623076300358e-140,"10","HIST1H4C"
"SEPT6",4.28449017729438e-144,0.320584063424433,0.62,0.344,1.20775493607751e-139,"10","SEPT6"
"KLF2",1.20311206109501e-143,0.409275677050008,0.966,0.796,3.39145258902074e-139,"10","KLF2"
"AES",3.8344008399739e-141,0.409757975230456,0.826,0.592,1.08087925278024e-136,"10","AES"
"SF1",1.33264738854376e-137,0.398382809209627,0.871,0.673,3.75659972356602e-133,"10","SF1"
"RPS10",2.89802157321889e-136,0.374283304076702,0.984,0.931,8.16923301274673e-132,"10","RPS10"
"ATF7IP",4.00631012967229e-134,0.345238409741208,0.636,0.366,1.12933876245332e-129,"10","ATF7IP"
"PLEKHA2",3.57035179678381e-133,0.309531070291989,0.56,0.304,1.00644646799539e-128,"10","PLEKHA2"
"MBD4",5.81658485075293e-133,0.301034925503795,0.588,0.323,1.63963710357874e-128,"10","MBD4"
"ARGLU1",3.07816359183255e-129,0.347127350423525,0.881,0.658,8.67703534901676e-125,"10","ARGLU1"
"HMGN1",9.26632311723727e-129,0.310251097413268,0.81,0.516,2.61208382351802e-124,"10","HMGN1"
"SEC62",1.79924192930508e-125,0.358250412315183,0.792,0.539,5.07188307451809e-121,"10","SEC62"
"ATM",1.23104025574633e-124,0.334129956241457,0.732,0.469,3.47017937692333e-120,"10","ATM"
"CIRBP",5.90888335734146e-121,0.343654215486969,0.884,0.681,1.66565512960098e-116,"10","CIRBP"
"SMIM14",2.869766103937e-120,0.306915380521534,0.568,0.324,8.08958367038801e-116,"10","SMIM14"
"MGEA5",2.79517498440519e-118,0.309884995888547,0.712,0.442,7.87931876353978e-114,"10","MGEA5"
"TAF1D",4.18119153036411e-117,0.309083633288109,0.657,0.398,1.17863608049434e-112,"10","TAF1D"
"KMT2A",5.67965518063369e-117,0.308945414637765,0.615,0.365,1.60103799886883e-112,"10","KMT2A"
"FAM107B",1.7484519408773e-115,0.313620274440658,0.715,0.455,4.92871117613902e-111,"10","FAM107B"
"TNRC6B",3.98145613366459e-112,0.322973186805039,0.777,0.527,1.12233266951871e-107,"10","TNRC6B"
"PNN",7.2430393898462e-112,0.327386886128954,0.794,0.546,2.04174037360375e-107,"10","PNN"
"SRSF7",1.3841051695494e-105,0.310841625882975,0.847,0.629,3.90165406244281e-101,"10","SRSF7"
"PRKCB",1.24231395712234e-104,0.335270001332211,0.836,0.616,3.50195881373217e-100,"10","PRKCB"
"HSP90AB1",2.29864779314243e-101,0.302203780632941,0.924,0.763,6.47965826408919e-97,"10","HSP90AB1"
"JUND",1.95419332285196e-80,0.31270359138469,0.992,0.951,5.50867555778738e-76,"10","JUND"
"RNASE1",0,4.32713523751135,0.647,0.018,0,"11","RNASE1"
"HSPA1A",0,3.94805986395806,0.721,0.282,0,"11","HSPA1A"
"CXCL3",0,3.24809663302936,0.444,0.022,0,"11","CXCL3"
"C1QA",0,3.22725933263183,0.629,0.052,0,"11","C1QA"
"HSPA1B",0,3.16821480597644,0.487,0.062,0,"11","HSPA1B"
"SELENOP",0,3.1451734973396,0.339,0.002,0,"11","SELENOP"
"ATP5F1E",0,3.13746455247362,0.931,0.047,0,"11","ATP5F1E"
"C1QB",0,3.11172409932338,0.53,0.017,0,"11","C1QB"
"MTRNR2L12",0,2.95650826596613,0.616,0.334,0,"11","MTRNR2L12"
"CCL2",0,2.89657085020102,0.329,0.011,0,"11","CCL2"
"CXCL2",0,2.81281191264873,0.467,0.075,0,"11","CXCL2"
"CRCT1",0,2.75230690356986,0.348,0.035,0,"11","CRCT1"
"SPRR2E",0,2.70325747442802,0.362,0.035,0,"11","SPRR2E"
"C1QC",0,2.67042789039298,0.593,0.006,0,"11","C1QC"
"GPR183",0,2.65399314721647,0.668,0.26,0,"11","GPR183"
"MRC1",0,2.63551920930544,0.64,0.019,0,"11","MRC1"
"MMP9",0,2.62345965013555,0.5,0.01,0,"11","MMP9"
"LCE3D",0,2.61022545434034,0.349,0.035,0,"11","LCE3D"
"SPRR2G",0,2.53081362543654,0.317,0.033,0,"11","SPRR2G"
"CCL3L1",0,2.51654358634648,0.204,0.002,0,"11","CCL3L1"
"INSIG1",0,2.49208105842147,0.575,0.222,0,"11","INSIG1"
"S100A7",0,2.47012981411789,0.537,0.036,0,"11","S100A7"
"LGMN",0,2.45824467116187,0.488,0.039,0,"11","LGMN"
"RACK1",0,2.45257172996023,0.881,0.046,0,"11","RACK1"
"CTSL",0,2.25050220002402,0.512,0.096,0,"11","CTSL"
"CTSB",0,2.24481146403492,0.885,0.709,0,"11","CTSB"
"SLPI",0,2.22545352432873,0.307,0.034,0,"11","SLPI"
"ATP5MG",0,2.21430035697134,0.834,0.043,0,"11","ATP5MG"
"CNFN",0,2.20202844408392,0.35,0.06,0,"11","CNFN"
"HSPB1",0,2.19877997971907,0.642,0.191,0,"11","HSPB1"
"HSPH1",0,2.19850768680913,0.496,0.194,0,"11","HSPH1"
"DAB2",0,2.10233755525117,0.533,0.067,0,"11","DAB2"
"PLTP",0,2.09006668793008,0.275,0.007,0,"11","PLTP"
"ELOB",0,2.0838262836615,0.743,0.041,0,"11","ELOB"
"SPRR2D",0,2.08096215331562,0.275,0.029,0,"11","SPRR2D"
"C15orf48",0,2.07553648600524,0.439,0.041,0,"11","C15orf48"
"LMNA",0,2.069379721604,0.716,0.152,0,"11","LMNA"
"FABP5",0,2.04042485348187,0.456,0.169,0,"11","FABP5"
"FTL",0,1.99266379448948,0.999,0.999,0,"11","FTL"
"HSPA6",0,1.99124298782688,0.39,0.099,0,"11","HSPA6"
"ATP5MC2",0,1.95085021175624,0.749,0.042,0,"11","ATP5MC2"
"FPR3",0,1.93294606308126,0.567,0.024,0,"11","FPR3"
"ZNF331",0,1.90367370909252,0.396,0.103,0,"11","ZNF331"
"MAF",0,1.87579609687885,0.48,0.074,0,"11","MAF"
"ATP5MPL",0,1.86355353349682,0.684,0.039,0,"11","ATP5MPL"
"ACP5",0,1.81868868562853,0.417,0.103,0,"11","ACP5"
"HLA-DQA1",0,1.81773413973337,0.749,0.417,0,"11","HLA-DQA1"
"STAB1",0,1.81104024493245,0.545,0.217,0,"11","STAB1"
"KRTDAP",0,1.81100997404155,0.429,0.029,0,"11","KRTDAP"
"ATP5MF",0,1.80992771091858,0.687,0.039,0,"11","ATP5MF"
"SBSN",0,1.79941159252827,0.351,0.032,0,"11","SBSN"
"ATP5ME",0,1.78641453810141,0.678,0.038,0,"11","ATP5ME"
"SPRR2A",0,1.77019023799412,0.285,0.03,0,"11","SPRR2A"
"FTH1",0,1.76961006836048,0.997,0.999,0,"11","FTH1"
"HLA-DRA",0,1.75438392981542,0.985,0.958,0,"11","HLA-DRA"
"H3-3B",0,1.73840331341849,0.237,0.003,0,"11","H3-3B"
"GPNMB",0,1.73119156854727,0.33,0.015,0,"11","GPNMB"
"SPRR1B",0,1.7237828072523,0.27,0.028,0,"11","SPRR1B"
"ATP5MD",0,1.71775317059286,0.668,0.04,0,"11","ATP5MD"
"HLA-DPB1",0,1.71229567791369,0.916,0.772,0,"11","HLA-DPB1"
"ABCA1",0,1.69890008175476,0.485,0.088,0,"11","ABCA1"
"APOE",0,1.69608891181207,0.235,0.014,0,"11","APOE"
"RPL17",0,1.68882708609498,0.803,0.554,0,"11","RPL17"
"DOCK4",0,1.68694291508375,0.359,0.026,0,"11","DOCK4"
"SELENOK",0,1.67903538034143,0.546,0.034,0,"11","SELENOK"
"FYB1",0,1.67690201754801,0.53,0.014,0,"11","FYB1"
"EEF1G",0,1.67314574765305,0.353,0.072,0,"11","EEF1G"
"ATP13A3",0,1.65835512373089,0.528,0.21,0,"11","ATP13A3"
"CREM",0,1.61225401123064,0.521,0.115,0,"11","CREM"
"AC020656.1",0,1.5938687882144,0.258,0.025,0,"11","AC020656.1"
"KRT14",0,1.59322664279996,0.359,0.012,0,"11","KRT14"
"IL1R2",0,1.58792071563583,0.316,0.027,0,"11","IL1R2"
"NME2",0,1.5712645019022,0.327,0.064,0,"11","NME2"
"RGL1",0,1.50963877569136,0.444,0.024,0,"11","RGL1"
"MTRNR2L10",0,1.50830634671039,0.3,0.034,0,"11","MTRNR2L10"
"ATP5PF",0,1.50412304661464,0.603,0.036,0,"11","ATP5PF"
"NRP1",0,1.50175287723565,0.435,0.025,0,"11","NRP1"
"KRT17",0,1.49394910318522,0.307,0.029,0,"11","KRT17"
"ATP5MC3",0,1.49212932230281,0.586,0.035,0,"11","ATP5MC3"
"AC004086.1",0,1.486020670064,0.236,0.003,0,"11","AC004086.1"
"CD63",0,1.46109902918481,0.887,0.685,0,"11","CD63"
"FCGR2B",0,1.4584182996528,0.499,0.085,0,"11","FCGR2B"
"HLA-DRB1",0,1.45284990800698,0.93,0.869,0,"11","HLA-DRB1"
"ATP5F1D",0,1.44885864454902,0.597,0.037,0,"11","ATP5F1D"
"PMP22",0,1.4444492589892,0.403,0.021,0,"11","PMP22"
"PI3",0,1.44311345719219,0.254,0.024,0,"11","PI3"
"FOLR2",0,1.41392658403095,0.259,0.049,0,"11","FOLR2"
"ADA2",0,1.4067817543008,0.479,0.004,0,"11","ADA2"
"NFE2L2",0,1.40402692242704,0.66,0.401,0,"11","NFE2L2"
"RNASEK",0,1.39891460563123,0.539,0.205,0,"11","RNASEK"
"EMP1",0,1.39339099677644,0.374,0.04,0,"11","EMP1"
"LRMDA",0,1.37870959556987,0.311,0.004,0,"11","LRMDA"
"SEM1",0,1.37282124680744,0.572,0.036,0,"11","SEM1"
"GSN",0,1.36537742123841,0.654,0.263,0,"11","GSN"
"TRIR",0,1.36484964244964,0.603,0.039,0,"11","TRIR"
"CTSZ",0,1.35939226363187,0.891,0.745,0,"11","CTSZ"
"FMNL2",0,1.33632268457719,0.246,0.041,0,"11","FMNL2"
"NOP53",0,1.33261355761137,0.574,0.038,0,"11","NOP53"
"THBD",0,1.33210116964801,0.347,0.051,0,"11","THBD"
"COPS9",0,1.32089397422616,0.537,0.036,0,"11","COPS9"
"MMP14",0,1.32079036281384,0.372,0.017,0,"11","MMP14"
"SPRR2B",0,1.31769396674482,0.2,0.026,0,"11","SPRR2B"
"MIF",0,1.29988422897575,0.617,0.294,0,"11","MIF"
"SLCO2B1",0,1.29548625407232,0.346,0.005,0,"11","SLCO2B1"
"ATP5IF1",0,1.28914207730388,0.514,0.029,0,"11","ATP5IF1"
"CD74",0,1.28610219318564,0.99,0.968,0,"11","CD74"
"SELENOH",0,1.27993895109883,0.489,0.031,0,"11","SELENOH"
"CLEC10A",0,1.27791023899881,0.454,0.11,0,"11","CLEC10A"
"ARHGAP18",0,1.27227277305148,0.53,0.142,0,"11","ARHGAP18"
"BCAT1",0,1.26326344454981,0.344,0.081,0,"11","BCAT1"
"ELOC",0,1.25642497463017,0.475,0.033,0,"11","ELOC"
"ATP5PD",0,1.25594192717037,0.504,0.033,0,"11","ATP5PD"
"GK",0,1.25479595280937,0.403,0.138,0,"11","GK"
"SLC7A11",0,1.24913079761411,0.285,0.033,0,"11","SLC7A11"
"ATP5F1B",0,1.23350237736251,0.517,0.032,0,"11","ATP5F1B"
"ATP5PO",0,1.21753002821219,0.512,0.035,0,"11","ATP5PO"
"ALCAM",0,1.20501974167956,0.417,0.148,0,"11","ALCAM"
"ATP1B1",0,1.1908927982086,0.352,0.052,0,"11","ATP1B1"
"MMP19",0,1.18743490611036,0.245,0.007,0,"11","MMP19"
"ELL2",0,1.13882707332064,0.384,0.098,0,"11","ELL2"
"CD9",0,1.12903614385835,0.413,0.084,0,"11","CD9"
"MS4A4A",0,1.12342883777881,0.295,0.08,0,"11","MS4A4A"
"NR4A3",0,1.1098821171676,0.271,0.062,0,"11","NR4A3"
"ABL2",0,1.10792249977623,0.384,0.089,0,"11","ABL2"
"LILRB5",0,1.10437794737966,0.219,0.004,0,"11","LILRB5"
"DMKN",0,1.10041521810486,0.316,0.024,0,"11","DMKN"
"CALHM6",0,1.09778625809787,0.277,0.005,0,"11","CALHM6"
"ADAM9",0,1.08532346357354,0.454,0.147,0,"11","ADAM9"
"SELENOW",0,1.07608871620732,0.441,0.035,0,"11","SELENOW"
"VMO1",0,1.06965820149415,0.31,0.06,0,"11","VMO1"
"ENG",0,1.06495170433271,0.411,0.116,0,"11","ENG"
"SELENOF",0,1.06448569221925,0.447,0.026,0,"11","SELENOF"
"SELENOT",0,1.05843971940906,0.411,0.033,0,"11","SELENOT"
"S100A2",0,1.03986098057312,0.262,0.019,0,"11","S100A2"
"ATP6V0C",0,1.03627138613642,0.225,0.017,0,"11","ATP6V0C"
"VSIG4",0,1.0357123190119,0.268,0.018,0,"11","VSIG4"
"SDC2",0,1.03557988651691,0.295,0.017,0,"11","SDC2"
"ATP5PB",0,1.03557575075115,0.433,0.02,0,"11","ATP5PB"
"JPT1",0,1.02941876561746,0.45,0.036,0,"11","JPT1"
"MYO1E",0,1.02312838149246,0.263,0.055,0,"11","MYO1E"
"NRP2",0,1.02262275070561,0.333,0.047,0,"11","NRP2"
"KRT1",0,1.02106127992603,0.249,0.009,0,"11","KRT1"
"ATP5F1C",0,1.01553580459949,0.439,0.028,0,"11","ATP5F1C"
"COLEC12",0,1.00043567567935,0.226,0.014,0,"11","COLEC12"
"SLC16A10",0,0.998045487519413,0.254,0.012,0,"11","SLC16A10"
"REX1BD",0,0.996917648241985,0.418,0.026,0,"11","REX1BD"
"CD59",0,0.994777876865544,0.392,0.082,0,"11","CD59"
"CKS2",0,0.992233294767946,0.363,0.08,0,"11","CKS2"
"ERBIN",0,0.988484773962522,0.365,0.01,0,"11","ERBIN"
"IFI27",0,0.98691059926215,0.246,0.025,0,"11","IFI27"
"RAB5IF",0,0.985452858184396,0.392,0.026,0,"11","RAB5IF"
"PAPSS2",0,0.976838329101448,0.281,0.055,0,"11","PAPSS2"
"ID3",0,0.969876199086126,0.294,0.046,0,"11","ID3"
"PHLDA2",0,0.96744708716782,0.378,0.089,0,"11","PHLDA2"
"PTMS",0,0.95806493382908,0.53,0.164,0,"11","PTMS"
"CD209",0,0.950939592830921,0.2,0.006,0,"11","CD209"
"SEPTIN7",0,0.948994115575633,0.331,0.005,0,"11","SEPTIN7"
"ATP5F1A",0,0.946340551771733,0.416,0.029,0,"11","ATP5F1A"
"KRT16",0,0.941682189039464,0.235,0.016,0,"11","KRT16"
"TENT2",0,0.922009446825856,0.303,0.015,0,"11","TENT2"
"SNX8",0,0.916600287562484,0.352,0.078,0,"11","SNX8"
"SEPTIN6",0,0.912291778854448,0.271,0.003,0,"11","SEPTIN6"
"CEMIP2",0,0.910603540451029,0.267,0.005,0,"11","CEMIP2"
"SEPTIN2",0,0.907987132079042,0.308,0.004,0,"11","SEPTIN2"
"AC020916.1",0,0.903618674951342,0.206,0.01,0,"11","AC020916.1"
"MICOS10",0,0.895080598337391,0.298,0.004,0,"11","MICOS10"
"SMIM25",0,0.893451586401835,0.239,0.002,0,"11","SMIM25"
"RTRAF",0,0.891627912148125,0.417,0.033,0,"11","RTRAF"
"SPRED1",0,0.888443009464403,0.313,0.057,0,"11","SPRED1"
"GRK3",0,0.886509569509248,0.341,0.025,0,"11","GRK3"
"TENT5A",0,0.886375009974098,0.244,0.007,0,"11","TENT5A"
"PEAK1",0,0.883474283976528,0.251,0.057,0,"11","PEAK1"
"IRAK2",0,0.882274161754848,0.202,0.014,0,"11","IRAK2"
"PLAU",0,0.877642742141435,0.243,0.008,0,"11","PLAU"
"SEMA6B",0,0.875455407064063,0.262,0.035,0,"11","SEMA6B"
"GPR137B",0,0.865956267754809,0.339,0.085,0,"11","GPR137B"
"VSIR",0,0.865351873062645,0.283,0.015,0,"11","VSIR"
"NECTIN2",0,0.861946770415649,0.354,0.021,0,"11","NECTIN2"
"IL1R1",0,0.859310218752974,0.265,0.031,0,"11","IL1R1"
"GRK2",0,0.856851220234143,0.341,0.014,0,"11","GRK2"
"STMP1",0,0.84678322410203,0.346,0.033,0,"11","STMP1"
"BAG3",0,0.840723429238316,0.206,0.034,0,"11","BAG3"
"SELENOS",0,0.83927062870369,0.367,0.032,0,"11","SELENOS"
"GAS6",0,0.83484250044114,0.303,0.063,0,"11","GAS6"
"MB21D2",0,0.828277299061192,0.229,0.02,0,"11","MB21D2"
"NORAD",0,0.826513243648451,0.268,0.018,0,"11","NORAD"
"SEPTIN9",0,0.818046903159953,0.267,0.003,0,"11","SEPTIN9"
"PERP",0,0.815418937392029,0.213,0.031,0,"11","PERP"
"CYTOR",0,0.813165326252712,0.254,0.014,0,"11","CYTOR"
"IL10",0,0.810373289749126,0.204,0.01,0,"11","IL10"
"A2M",0,0.809535985656458,0.24,0.014,0,"11","A2M"
"PKIB",0,0.809329325639602,0.235,0.03,0,"11","PKIB"
"ABHD12",0,0.801141068879373,0.374,0.102,0,"11","ABHD12"
"PDE4DIP",0,0.797564628534024,0.356,0.115,0,"11","PDE4DIP"
"MSR1",0,0.797206314025805,0.275,0.053,0,"11","MSR1"
"ATP5MC1",0,0.792636207065701,0.341,0.022,0,"11","ATP5MC1"
"WASHC4",0,0.79041442933512,0.313,0.014,0,"11","WASHC4"
"SMIM26",0,0.784710786280992,0.328,0.025,0,"11","SMIM26"
"FRMD4A",0,0.77145641506284,0.231,0.006,0,"11","FRMD4A"
"RTF2",0,0.766433604118267,0.345,0.024,0,"11","RTF2"
"CTTNBP2NL",0,0.765930019257637,0.284,0.066,0,"11","CTTNBP2NL"
"TUT7",0,0.765612609947699,0.292,0.011,0,"11","TUT7"
"SFN",0,0.763987434776247,0.252,0.013,0,"11","SFN"
"COP1",0,0.755735471738067,0.286,0.011,0,"11","COP1"
"NBDY",0,0.750735315906,0.317,0.023,0,"11","NBDY"
"PCNX1",0,0.749630298518916,0.29,0.01,0,"11","PCNX1"
"KRT6A",0,0.738471686506746,0.202,0.012,0,"11","KRT6A"
"CRYBG1",0,0.731824492654723,0.274,0.014,0,"11","CRYBG1"
"CLEC5A",0,0.72602399026225,0.216,0.03,0,"11","CLEC5A"
"RBIS",0,0.724402528619641,0.26,0.003,0,"11","RBIS"
"OTULINL",0,0.722731671193762,0.257,0.007,0,"11","OTULINL"
"NDUFAF8",0,0.720042653391307,0.293,0.024,0,"11","NDUFAF8"
"SLAMF8",0,0.708931523652394,0.265,0.016,0,"11","SLAMF8"
"KRT5",0,0.703195176040299,0.203,0.009,0,"11","KRT5"
"ANKH",0,0.700436675426815,0.258,0.06,0,"11","ANKH"
"RAB13",0,0.694163676960988,0.355,0.11,0,"11","RAB13"
"MOB3B",0,0.692667587931545,0.243,0.034,0,"11","MOB3B"
"NSD3",0,0.690541869562457,0.304,0.026,0,"11","NSD3"
"METTL26",0,0.688082929366361,0.29,0.023,0,"11","METTL26"
"OGA",0,0.685464850666411,0.293,0.025,0,"11","OGA"
"TXN",0,0.680899765382522,0.785,0.582,0,"11","TXN"
"SQOR",0,0.680688728984486,0.293,0.018,0,"11","SQOR"
"IL4I1",0,0.665317906843109,0.237,0.039,0,"11","IL4I1"
"ME1",0,0.656320743104943,0.2,0.022,0,"11","ME1"
"CERT1",0,0.636845378315428,0.211,0.002,0,"11","CERT1"
"LHFPL2",0,0.632881508821289,0.243,0.043,0,"11","LHFPL2"
"MMP24OS",0,0.632202933279477,0.257,0.021,0,"11","MMP24OS"
"NIPSNAP2",0,0.631048336984208,0.257,0.014,0,"11","NIPSNAP2"
"PPARD",0,0.630441354885761,0.254,0.045,0,"11","PPARD"
"AVPI1",0,0.619617104642345,0.243,0.038,0,"11","AVPI1"
"NIBAN1",0,0.612142467815079,0.202,0.003,0,"11","NIBAN1"
"SMIM30",0,0.611310936415975,0.238,0.013,0,"11","SMIM30"
"MCUB",0,0.608919599050219,0.257,0.01,0,"11","MCUB"
"SERPINF1",0,0.607382903689935,0.291,0.072,0,"11","SERPINF1"
"CENPX",0,0.604427668773306,0.257,0.022,0,"11","CENPX"
"SLC39A8",0,0.594968129513678,0.214,0.028,0,"11","SLC39A8"
"CYBC1",0,0.590177966737008,0.25,0.018,0,"11","CYBC1"
"CIAO2B",0,0.58783525999738,0.233,0.003,0,"11","CIAO2B"
"SEPHS2",0,0.570916708750043,0.251,0.048,0,"11","SEPHS2"
"MCRIP1",0,0.568232223565165,0.245,0.019,0,"11","MCRIP1"
"BUD23",0,0.568158556728336,0.254,0.015,0,"11","BUD23"
"MICOS13",0,0.558763810594289,0.211,0.003,0,"11","MICOS13"
"MESD",0,0.545492228749416,0.219,0.02,0,"11","MESD"
"TENT4B",0,0.544477147011923,0.202,0.008,0,"11","TENT4B"
"PAXX",0,0.54309619799226,0.238,0.024,0,"11","PAXX"
"UFD1",0,0.525691638463253,0.24,0.021,0,"11","UFD1"
"SPART",0,0.509972043675093,0.203,0.015,0,"11","SPART"
"GALM",0,0.496303090421683,0.227,0.046,0,"11","GALM"
"PLPBP",0,0.462222525300813,0.206,0.012,0,"11","PLPBP"
"FSCN1",0,0.313503281359226,0.274,0.058,0,"11","FSCN1"
"MTRNR2L1",8.51991764950846e-308,1.40430025491385,0.21,0.044,2.40167958621994e-303,"11","MTRNR2L1"
"PHLDA1",2.64181949817684e-305,0.753246879779026,0.233,0.054,7.44702498341069e-301,"11","PHLDA1"
"NPC21",1.12983253098845e-301,1.18758439307619,0.888,0.792,3.18488492160333e-297,"11","NPC2"
"FRMD4B",1.35609363398381e-301,1.21359029269942,0.431,0.166,3.82269234483697e-297,"11","FRMD4B"
"MYO1C",6.81641155432931e-298,0.410087878891282,0.203,0.042,1.92147825304989e-293,"11","MYO1C"
"RGS1",3.60099409088651e-297,1.8282396239545,0.426,0.166,1.01508422428e-292,"11","RGS1"
"MGAT5",1.55967108526381e-291,0.827324998179434,0.259,0.067,4.39655682225015e-287,"11","MGAT5"
"SLC25A19",9.89319097480562e-285,0.554970496584733,0.248,0.063,2.78879160388796e-280,"11","SLC25A19"
"EPB41L3",1.00451077838549e-280,1.00575149676961,0.515,0.242,2.83161543319084e-276,"11","EPB41L3"
"SNX9",5.93791537903756e-279,0.969745615429837,0.355,0.122,1.6738389661969e-274,"11","SNX9"
"SPATS2L",9.62600866175307e-275,0.677904232988221,0.29,0.085,2.71347558166157e-270,"11","SPATS2L"
"BTG3",1.53145808100764e-274,0.52741580825917,0.29,0.083,4.31702718455245e-270,"11","BTG3"
"FNIP2",3.42603675839974e-272,1.36842695391218,0.414,0.168,9.65765501825301e-268,"11","FNIP2"
"PDE4A",1.38695911463389e-270,0.905951216114264,0.373,0.137,3.90969904824149e-266,"11","PDE4A"
"LARP1B",2.84219144159232e-267,2.73423376258226,0.302,0.1,8.0118534547046e-263,"11","LARP1B"
"CPM",2.56740933431247e-263,0.821105415569901,0.343,0.116,7.23727017249342e-259,"11","CPM"
"CALR",2.74475046067603e-263,1.05707435318586,0.759,0.577,7.73717707359966e-259,"11","CALR"
"LACC1",8.03980788633303e-262,0.786308694106943,0.269,0.078,2.26634144507842e-257,"11","LACC1"
"NDRG2",2.12582166742796e-261,0.506105668734223,0.216,0.052,5.99247869831268e-257,"11","NDRG2"
"RALA",9.77770782496666e-261,1.05293303383168,0.444,0.194,2.75623805877985e-256,"11","RALA"
"FCER1A",1.16372777138513e-258,1.27517664412817,0.267,0.076,3.28043221475755e-254,"11","FCER1A"
"TSPAN33",8.08062121326348e-255,0.55086136676394,0.298,0.091,2.27784631380684e-250,"11","TSPAN33"
"PRDX1",1.37686413349353e-253,1.15990706893597,0.75,0.589,3.8812423059049e-249,"11","PRDX1"
"ZC3H12A",3.71236538539358e-247,0.576194819140683,0.28,0.085,1.0464786784886e-242,"11","ZC3H12A"
"AGAP3",4.55387693627043e-246,0.788520337933436,0.345,0.123,1.28369236956527e-241,"11","AGAP3"
"TUBB6",2.4739243066115e-244,0.517567609751902,0.267,0.078,6.97374522790717e-240,"11","TUBB6"
"F13A1",1.90860351932629e-243,2.47499536713103,0.469,0.238,5.38016246062886e-239,"11","F13A1"
"DNAJB1",5.1397911607872e-233,2.33239332941165,0.546,0.313,1.44885573031431e-228,"11","DNAJB1"
"BIRC3",1.28693550004073e-228,1.16023241589804,0.512,0.256,3.6277424810648e-224,"11","BIRC3"
"ZFP36L11",1.91798698214558e-226,1.05051512731638,0.891,0.754,5.40661350397018e-222,"11","ZFP36L1"
"NFKBID",2.37087653086314e-225,1.09243539588963,0.412,0.184,6.68326385285011e-221,"11","NFKBID"
"PFKFB3",4.00170897787556e-225,0.983295619441467,0.418,0.183,1.12804174377334e-220,"11","PFKFB3"
"MITF",1.36831685807584e-221,0.498766529130695,0.22,0.06,3.85714839122998e-217,"11","MITF"
"PLAUR",4.8396508759069e-221,1.39570724660611,0.65,0.45,1.3642491854094e-216,"11","PLAUR"
"GLA",4.68427373891895e-220,0.688781287414004,0.309,0.109,1.32044992426386e-215,"11","GLA"
"PRDM1",1.11138767978255e-219,0.716249948670691,0.303,0.104,3.13289073053903e-215,"11","PRDM1"
"CLIC2",5.31434156216916e-218,0.489548694943577,0.227,0.064,1.49805974295986e-213,"11","CLIC2"
"ARHGAP10",2.02816324197703e-214,0.616327186614431,0.26,0.082,5.71718936280905e-210,"11","ARHGAP10"
"HLA-DPA1",2.48027390904059e-214,1.47982750948228,0.883,0.81,6.99164412219452e-210,"11","HLA-DPA1"
"SAMSN1",1.07114277264811e-213,1.17235828090804,0.556,0.324,3.01944436181777e-209,"11","SAMSN1"
"DOCK7",1.22040658681407e-212,0.454873383489907,0.218,0.06,3.44020412757019e-208,"11","DOCK7"
"ITGAV",1.79341872628857e-210,0.489114452045955,0.251,0.077,5.05546804753486e-206,"11","ITGAV"
"HSPE1",4.9116908550616e-208,1.05240287573472,0.585,0.367,1.38455653513332e-203,"11","HSPE1"
"IER3",3.62271959493468e-207,1.6845186749573,0.734,0.522,1.02120842661614e-202,"11","IER3"
"SOCS3",5.5211198694145e-206,1.01571731572565,0.513,0.277,1.55634847998925e-201,"11","SOCS3"
"TPRA1",5.18057185200955e-203,0.491333792485776,0.27,0.089,1.46035139936297e-198,"11","TPRA1"
"ATP1B3",9.58813298470929e-203,1.72203604791482,0.64,0.464,2.7027988070597e-198,"11","ATP1B3"
"DNAJB6",1.1585745937614e-201,0.994757388390982,0.678,0.508,3.26590592235402e-197,"11","DNAJB6"
"TRAF1",1.25912923905742e-200,0.628263729635966,0.222,0.065,3.54935941197895e-196,"11","TRAF1"
"SLC11A2",1.02579975388776e-196,0.578879036264405,0.297,0.106,2.89162692623419e-192,"11","SLC11A2"
"GLUL",2.50786295010532e-193,1.25249918179017,0.711,0.559,7.06941487005189e-189,"11","GLUL"
"ARID5B1",8.08165430138073e-191,0.678769722822873,0.306,0.115,2.27813753101621e-186,"11","ARID5B"
"PSMA6",3.282850807579e-186,0.658262836608636,0.3,0.114,9.25402814148446e-182,"11","PSMA6"
"ATP8B4",4.59810738360486e-185,0.637903365256002,0.244,0.08,1.29616049036437e-180,"11","ATP8B4"
"HLA-DQA2",3.68612975080059e-182,0.945369464978115,0.34,0.139,1.03908311545318e-177,"11","HLA-DQA2"
"FUCA1",1.57069640648521e-181,1.44225356194397,0.311,0.129,4.42763610024115e-177,"11","FUCA1"
"STMN1",5.76989681517667e-181,0.500348507193248,0.259,0.088,1.62647621323015e-176,"11","STMN1"
"RBPJ",7.84461492672457e-181,1.20503609725859,0.68,0.519,2.21131850169439e-176,"11","RBPJ"
"HSP90AA1",1.57064288123333e-180,1.89178289479332,0.887,0.878,4.42748521790862e-176,"11","HSP90AA1"
"PLIN2",6.48712080234563e-180,1.42378225734313,0.503,0.296,1.82865448297321e-175,"11","PLIN2"
"B3GNT5",1.87660303602236e-177,0.488164602010255,0.227,0.071,5.28995629824344e-173,"11","B3GNT5"
"LPXN",8.74171646206168e-176,0.834557013005874,0.434,0.222,2.46420245349057e-171,"11","LPXN"
"ICAM1",6.94169745216548e-175,0.980852223598777,0.427,0.213,1.95679509479093e-170,"11","ICAM1"
"RBM47",4.27248658937984e-174,1.45963341116423,0.556,0.359,1.20437124468028e-169,"11","RBM47"
"RALGDS",1.09706131170567e-173,0.531189013759673,0.287,0.107,3.09250613156711e-169,"11","RALGDS"
"CISD2",6.07157579365041e-173,0.679285780851851,0.371,0.168,1.71151650047211e-168,"11","CISD2"
"TUBA1C",6.50249952521305e-173,0.690048786703723,0.428,0.212,1.83298959116231e-168,"11","TUBA1C"
"TGFBI",4.98037025652117e-172,1.25317236273615,0.716,0.563,1.40391657161075e-167,"11","TGFBI"
"ATP6V1C1",1.37456673087885e-170,0.57546573856879,0.371,0.165,3.8747661576744e-166,"11","ATP6V1C1"
"ANXA5",1.42040064521937e-170,0.701765162074019,0.852,0.789,4.00396737880888e-166,"11","ANXA5"
"MAFF",6.07790625019768e-169,0.687227071024228,0.346,0.149,1.71330099286822e-164,"11","MAFF"
"ARHGAP31",8.6608006263614e-169,0.577334920333539,0.26,0.094,2.44139308856502e-164,"11","ARHGAP31"
"MGLL",5.3397642912052e-160,0.515574738196012,0.233,0.08,1.50522615604783e-155,"11","MGLL"
"BASP1",9.56339696457274e-160,0.948604245632235,0.538,0.326,2.69582597034341e-155,"11","BASP1"
"VOPP1",4.9662953135065e-159,0.699678771745537,0.43,0.221,1.39994898592435e-154,"11","VOPP1"
"RHEB",1.252296788715e-157,0.743748491332042,0.497,0.292,3.53009941770871e-153,"11","RHEB"
"RAPGEF1",4.51866045323226e-157,1.06971361092977,0.473,0.279,1.27376519516164e-152,"11","RAPGEF1"
"AMPD3",5.6925743170293e-157,0.551648343801548,0.213,0.07,1.60467977422739e-152,"11","AMPD3"
"FCGR2A",2.02188856475137e-153,1.01782270337803,0.668,0.516,5.69950167517763e-149,"11","FCGR2A"
"CD83",2.68136165461026e-151,1.69509926616583,0.583,0.431,7.55849036818087e-147,"11","CD83"
"HLA-DQB1",3.05549976866621e-151,1.33343025249148,0.765,0.673,8.61314829789319e-147,"11","HLA-DQB1"
"GNA15",2.03051569726333e-150,0.516699519805553,0.373,0.174,5.72382069901559e-146,"11","GNA15"
"HLA-DMA1",2.79362174087652e-149,0.808615617258795,0.747,0.604,7.87494032535682e-145,"11","HLA-DMA"
"CIITA",5.905004391706e-149,0.777884789138591,0.406,0.213,1.664561687978e-144,"11","CIITA"
"LDLRAD4",1.97491642133082e-148,0.689719602128803,0.286,0.119,5.56709190008945e-144,"11","LDLRAD4"
"GPR132",4.02836367470013e-148,0.608760332355092,0.231,0.084,1.13555543626122e-143,"11","GPR132"
"MAN2B1",1.6353934241975e-147,0.480351006168334,0.249,0.093,4.61001052347034e-143,"11","MAN2B1"
"RAB7A",4.53641163327015e-146,1.12163393659437,0.681,0.57,1.27876907530252e-141,"11","RAB7A"
"FCHO2",5.68239275940167e-143,0.570098465045574,0.272,0.109,1.60180969494774e-138,"11","FCHO2"
"SRC",1.01407290030293e-142,0.407413441934896,0.23,0.083,2.85857009866392e-138,"11","SRC"
"CD811",1.74901106823563e-142,0.756526768388372,0.51,0.311,4.93028730024943e-138,"11","CD81"
"EIF4A3",1.60572246124352e-140,0.978804255493877,0.446,0.252,4.52637104599936e-136,"11","EIF4A3"
"CLN8",6.9334723161135e-140,0.633953034946868,0.306,0.134,1.95447651118923e-135,"11","CLN8"
"PLA2G7",4.93983467444605e-139,0.921751260641213,0.267,0.114,1.3924899963796e-134,"11","PLA2G7"
"RAB1A",5.84834421510805e-139,0.725518283518279,0.536,0.353,1.64858975079681e-134,"11","RAB1A"
"ANXA2",2.18917980120264e-138,0.649172355238936,0.853,0.801,6.17107894161011e-134,"11","ANXA2"
"ARL4C",2.70290758126746e-136,0.908407026264104,0.623,0.424,7.61922618083485e-132,"11","ARL4C"
"TCF41",6.31401039526914e-135,0.539088100180504,0.351,0.166,1.77985639032242e-130,"11","TCF4"
"RASGEF1B",2.3029890866223e-134,0.867191835296236,0.408,0.221,6.4918959362796e-130,"11","RASGEF1B"
"SPAG9",2.65154439593965e-134,1.24520391526295,0.532,0.373,7.47443849771428e-130,"11","SPAG9"
"ASPH",1.00641367021212e-133,0.569505006355346,0.295,0.129,2.83697949496095e-129,"11","ASPH"
"GNA13",1.46962777053859e-133,0.980049645824417,0.498,0.324,4.14273372237122e-129,"11","GNA13"
"RAP2A",1.79002567516938e-133,0.549760281447181,0.324,0.151,5.04590337573497e-129,"11","RAP2A"
"HIP1",4.34242652392054e-133,0.832667535990708,0.292,0.13,1.22408661282796e-128,"11","HIP1"
"CD401",8.84073860420233e-133,0.450433436554054,0.223,0.083,2.4921158051386e-128,"11","CD40"
"ABCC1",2.40427666432416e-132,0.444599094783591,0.243,0.095,6.77741548906338e-128,"11","ABCC1"
"TTYH3",3.70019623757882e-132,0.750355146172349,0.436,0.248,1.04304831741109e-127,"11","TTYH3"
"DRAM1",4.79191144904892e-132,0.564273616763579,0.272,0.114,1.3507919183724e-127,"11","DRAM1"
"CXCL16",1.15677957032207e-131,0.724781727602065,0.476,0.282,3.26084593078089e-127,"11","CXCL16"
"VEGFA",1.38791639806608e-131,0.828559512675284,0.36,0.184,3.91239753450848e-127,"11","VEGFA"
"AREG",3.14736093217299e-131,1.82195478804218,0.228,0.087,8.87209573170244e-127,"11","AREG"
"CSF1R",5.13870085927464e-131,0.793245193012399,0.58,0.386,1.44854838522093e-126,"11","CSF1R"
"MKNK1",4.10265291969498e-130,0.57090974634504,0.364,0.181,1.15649683153282e-125,"11","MKNK1"
"PID11",6.2370797876985e-130,1.36068004600548,0.374,0.204,1.75817042135433e-125,"11","PID1"
"TNS3",1.90384413144327e-128,0.557198370207972,0.286,0.126,5.36674622212544e-124,"11","TNS3"
"RIN2",6.31094311768809e-127,0.618472002291842,0.295,0.132,1.7789917554451e-122,"11","RIN2"
"IDH1",3.23159191535268e-126,0.658572849208138,0.3,0.139,9.10953445018767e-122,"11","IDH1"
"RNF145",3.83591613485621e-126,0.609396671399776,0.449,0.258,1.08130639925462e-121,"11","RNF145"
"TUBB",3.24761566697745e-125,0.749600052383855,0.616,0.453,9.15470380364274e-121,"11","TUBB"
"IL1RN",7.19321945917778e-125,1.04840864600714,0.344,0.177,2.02769663334763e-120,"11","IL1RN"
"SH3BP5",8.64987293905266e-125,0.924673428658543,0.434,0.259,2.43831268278956e-120,"11","SH3BP5"
"CDKN1A1",1.63421051438237e-124,0.697305302239094,0.602,0.404,4.60667601899247e-120,"11","CDKN1A"
"LIMS1",6.2766208264592e-124,0.780927535056164,0.606,0.466,1.76931664477058e-119,"11","LIMS1"
"DDAH2",1.61021554350368e-123,0.565629389886099,0.397,0.213,4.53903659558252e-119,"11","DDAH2"
"SQSTM1",8.31347026547748e-123,0.895331614767013,0.687,0.596,2.34348413313545e-118,"11","SQSTM1"
"SGK1",1.5407028408635e-122,1.17229844250087,0.549,0.374,4.34308723811013e-118,"11","SGK1"
"NFKB1",1.2425307515585e-121,1.72182384226262,0.5,0.35,3.50256993556824e-117,"11","NFKB1"
"GNA12",2.76887501582041e-121,0.471314306256906,0.284,0.128,7.80518178209614e-117,"11","GNA12"
"TPM4",1.68796294300719e-120,0.702620872384627,0.664,0.529,4.75819874004298e-116,"11","TPM4"
"CTSC",3.0272546583959e-120,1.48610737342576,0.656,0.531,8.53352815655219e-116,"11","CTSC"
"DSE",1.63157241372168e-119,0.653560459370135,0.437,0.254,4.59923947704005e-115,"11","DSE"
"KRT10",2.87976493750681e-119,0.937982425905452,0.594,0.445,8.11776938233795e-115,"11","KRT10"
"PLD3",5.91376977735882e-119,1.00916063855368,0.496,0.341,1.66703256253968e-114,"11","PLD3"
"ZNF710",2.10959948989489e-118,0.555306866291597,0.233,0.096,5.94675000206469e-114,"11","ZNF710"
"LRCH1",3.93108468045848e-118,0.471157633417094,0.204,0.077,1.10813346057444e-113,"11","LRCH1"
"TMEM106A",3.97168314920174e-118,0.349698270441351,0.208,0.078,1.11957776292848e-113,"11","TMEM106A"
"GPX4",1.0499459198716e-117,0.65409781440966,0.839,0.792,2.95969255352604e-113,"11","GPX4"
"CD163",1.44325030858816e-117,1.27643561742286,0.441,0.288,4.06837829487916e-113,"11","CD163"
"CXCL81",7.72211764034936e-117,2.01556896920136,0.632,0.489,2.17678774163808e-112,"11","CXCL8"
"PEA15",3.66418257067449e-116,0.625219572923982,0.47,0.284,1.03289642484743e-111,"11","PEA15"
"ARL8B",8.41005849698634e-115,0.753454576837216,0.487,0.324,2.37071138971548e-110,"11","ARL8B"
"LPAR6",1.82294239917397e-113,0.721408683478961,0.451,0.27,5.13869232903152e-109,"11","LPAR6"
"LITAF",5.78395864568405e-113,0.8293109823701,0.663,0.549,1.63044010263188e-108,"11","LITAF"
"TUBA1B",5.82676402818293e-113,0.961045580496531,0.697,0.607,1.64250651190449e-108,"11","TUBA1B"
"CYSTM1",7.1853390772801e-113,0.477534023807477,0.339,0.169,2.02547523249449e-108,"11","CYSTM1"
"AP2A2",1.39664610720028e-112,0.717451016102926,0.353,0.187,3.93700571158687e-108,"11","AP2A2"
"LUZP1",2.34434217954511e-112,0.5288919447939,0.274,0.125,6.60846616991971e-108,"11","LUZP1"
"DYNLL1",3.28297310052e-112,0.625017554837187,0.759,0.642,9.25437287305583e-108,"11","DYNLL1"
"EPB41L2",1.23285885402218e-111,0.56468650975409,0.225,0.092,3.47530582360312e-107,"11","EPB41L2"
"RB1",1.59394970586491e-111,0.682138039844994,0.524,0.345,4.49318482586261e-107,"11","RB1"
"ATF3",2.26751116545549e-110,1.28690945312468,0.428,0.266,6.39188722430248e-106,"11","ATF3"
"SLC23A2",2.32572834238004e-110,0.341797668117693,0.209,0.081,6.55599562433509e-106,"11","SLC23A2"
"APMAP",4.01460209847024e-110,0.507000356879029,0.326,0.164,1.13167618553778e-105,"11","APMAP"
"CAMTA1",1.48638678974637e-109,0.563135864234402,0.486,0.305,4.18997572161603e-105,"11","CAMTA1"
"ATOX1",2.90982113029297e-109,0.758298357091002,0.618,0.481,8.20249478418285e-105,"11","ATOX1"
"GADD45B",3.28245953270669e-109,1.1470279389991,0.674,0.565,9.25292517674689e-105,"11","GADD45B"
"ETV3",6.255490003754e-107,0.682014142477649,0.308,0.157,1.76336007715822e-102,"11","ETV3"
"NINJ1",8.35575288079992e-107,0.77010242662522,0.594,0.457,2.35540317956869e-102,"11","NINJ1"
"CSTB",8.23363064873095e-106,1.35019365518076,0.694,0.699,2.32097814357077e-101,"11","CSTB"
"SERPINB9",8.6597641965503e-106,1.41289133581696,0.42,0.276,2.44110092936556e-101,"11","SERPINB9"
"IGFLR1",1.76126828723246e-105,0.415952272208803,0.235,0.1,4.96483917487957e-101,"11","IGFLR1"
"KPNA2",1.84837509146522e-105,0.37899589538762,0.244,0.106,5.2103845453313e-101,"11","KPNA2"
"MAP3K13",1.26184981077671e-104,0.330896698124607,0.317,0.153,3.55702843159847e-100,"11","MAP3K13"
"RAB20",2.98112561744177e-104,0.431925567207838,0.227,0.094,8.40349500300661e-100,"11","RAB20"
"NPL",3.1071929388166e-104,0.691492884978285,0.345,0.188,8.7588661752301e-100,"11","NPL"
"HLA-DOA",9.37102891835401e-104,0.464230719714574,0.211,0.087,2.64159934179481e-99,"11","HLA-DOA"
"ABR",9.4362042294857e-104,0.641938952668628,0.347,0.188,2.65997161024972e-99,"11","ABR"
"SYPL1",4.27711364729105e-103,2.46936996717867,0.39,0.251,1.20567556603487e-98,"11","SYPL1"
"ARID1B",2.92540275495196e-102,0.658498710469789,0.395,0.232,8.24641782593407e-98,"11","ARID1B"
"GPAT3",1.59511646140929e-99,1.50693233552129,0.288,0.149,4.49647379306664e-95,"11","GPAT3"
"MS4A7",1.96935778167711e-99,0.798541171346236,0.67,0.51,5.55142265076961e-95,"11","MS4A7"
"PIK3R5",1.74689858242235e-98,0.664124268743416,0.339,0.185,4.92433241399037e-94,"11","PIK3R5"
"TXNRD1",9.03690512988648e-98,0.889288182381341,0.393,0.241,2.5474131870637e-93,"11","TXNRD1"
"ZFAND3",3.27413939304593e-97,1.20113137374244,0.39,0.249,9.22947153505718e-93,"11","ZFAND3"
"XYLT1",3.83961067926544e-97,0.942586518238761,0.224,0.102,1.08234785437814e-92,"11","XYLT1"
"CLIC4",5.1648137271352e-97,0.473407230332793,0.275,0.132,1.45590934154214e-92,"11","CLIC4"
"TNFAIP8",2.13630077924544e-96,0.935057196411707,0.508,0.373,6.02201826661498e-92,"11","TNFAIP8"
"OSBPL1A",1.46642297625597e-95,0.372575867072045,0.209,0.086,4.13369972776795e-91,"11","OSBPL1A"
"DBI",2.49800034902103e-95,0.587899672467805,0.746,0.662,7.04161318385537e-91,"11","DBI"
"BRAF",3.08185819860029e-95,0.559807481425637,0.281,0.14,8.68745007603435e-91,"11","BRAF"
"TRAF3",3.54195936612387e-92,0.532258323417771,0.28,0.141,9.98442925716657e-88,"11","TRAF3"
"C20orf194",1.66514986266184e-91,0.472657688695861,0.215,0.093,4.69389094785747e-87,"11","C20orf194"
"CHST11",1.19796456106955e-90,0.918696195932888,0.355,0.213,3.37694230119897e-86,"11","CHST11"
"NCEH1",1.25698149169362e-90,0.401267119171923,0.236,0.107,3.54330512693513e-86,"11","NCEH1"
"DUSP5",1.88715913845914e-90,0.422039903010579,0.265,0.126,5.31971289540247e-86,"11","DUSP5"
"ATP6V1H",4.58575681195725e-90,0.480778235601751,0.295,0.154,1.29267898772263e-85,"11","ATP6V1H"
"ATF5",3.32302402808648e-88,0.594438111676064,0.31,0.167,9.36727243277297e-84,"11","ATF5"
"UBAC2",3.39801927542533e-88,0.667401318126635,0.383,0.235,9.57867653549645e-84,"11","UBAC2"
"SMURF2",4.25143681424967e-88,0.471555004409974,0.244,0.115,1.19843752356884e-83,"11","SMURF2"
"PLBD2",2.09317330375639e-87,0.342416015814361,0.216,0.095,5.90044622595889e-83,"11","PLBD2"
"SGK3",3.22451817289151e-87,0.455905776865254,0.351,0.198,9.08959427756388e-83,"11","SGK3"
"KIF1B",4.39792684094925e-87,0.572109535657351,0.33,0.183,1.23973159719518e-82,"11","KIF1B"
"ACSL3",6.44099780363086e-87,0.604272659202522,0.314,0.171,1.8156528708655e-82,"11","ACSL3"
"ARHGEF10L",9.9783619475255e-87,0.453446519443119,0.213,0.095,2.81280044938796e-82,"11","ARHGEF10L"
"TCF12",1.22422202523693e-86,0.622116922731189,0.297,0.161,3.45095946694039e-82,"11","TCF12"
"ALOX5AP",1.63835430974922e-86,0.809082616247303,0.422,0.263,4.61835696375207e-82,"11","ALOX5AP"
"MXD1",1.14782390617095e-85,1.03766701687191,0.528,0.406,3.23560080910529e-81,"11","MXD1"
"AFF1",1.28791060038738e-85,0.946791207931255,0.339,0.2,3.63049119143198e-81,"11","AFF1"
"ST3GAL6",2.96749705314295e-85,0.578886956321847,0.235,0.111,8.36507744310465e-81,"11","ST3GAL6"
"MANF",3.07848419744935e-85,0.395062987431822,0.304,0.161,8.67793910418998e-81,"11","MANF"
"MT1X",5.74831655172313e-85,1.2683345387621,0.316,0.175,1.62039295276523e-80,"11","MT1X"
"HSPA8",3.37299960302509e-84,0.731702227684869,0.739,0.673,9.50814858096744e-80,"11","HSPA8"
"KYNU",1.18743717329614e-83,1.09919904342851,0.434,0.302,3.34726664780449e-79,"11","KYNU"
"SGPL1",6.31627553299476e-83,0.444929310498586,0.247,0.121,1.78049490999589e-78,"11","SGPL1"
"TRIO",7.04521491682302e-82,0.587340423092962,0.276,0.148,1.98597563290324e-77,"11","TRIO"
"UGCG",7.82095710340286e-82,0.329966238809604,0.257,0.126,2.20464959787823e-77,"11","UGCG"
"PDE4B",1.43197374218049e-81,1.0205218410467,0.355,0.227,4.03659078183259e-77,"11","PDE4B"
"ETS2",1.86457381160804e-81,0.740817890990321,0.476,0.339,5.25604711754191e-77,"11","ETS2"
"ATXN1",2.13125371669917e-80,0.775234570082648,0.396,0.254,6.00779110200328e-76,"11","ATXN1"
"VEGFB",4.90400628834774e-80,0.319532370156876,0.216,0.099,1.38239033262234e-75,"11","VEGFB"
"EIF4E",7.89511226092372e-80,0.624848407767042,0.377,0.231,2.22555319523179e-75,"11","EIF4E"
"BHLHE40",2.91859086529895e-79,0.713370692546145,0.397,0.253,8.22721579019121e-75,"11","BHLHE40"
"LDHA",3.20121730838823e-79,0.679125214267073,0.667,0.589,9.02391147061557e-75,"11","LDHA"
"EDEM1",1.03011982897641e-78,0.702118559572404,0.355,0.22,2.9038047859016e-74,"11","EDEM1"
"HAVCR2",2.30905498955681e-78,0.425509398859481,0.293,0.156,6.50899511006169e-74,"11","HAVCR2"
"ELMO1",3.4711044372979e-78,0.662253811935154,0.35,0.216,9.78469629829906e-74,"11","ELMO1"
"ZBTB20",2.97860823672956e-77,0.46450683036069,0.254,0.129,8.39639875851696e-73,"11","ZBTB20"
"CORO1C",4.99468109640443e-77,0.561928981033208,0.465,0.327,1.40795065426544e-72,"11","CORO1C"
"C3AR1",9.01243565201897e-77,0.455846587905594,0.251,0.127,2.54051548594763e-72,"11","C3AR1"
"SLC43A3",2.64822891876403e-76,0.354888150009751,0.276,0.144,7.46509249910391e-72,"11","SLC43A3"
"NFKBIE",1.22368662178894e-75,0.367926969132731,0.263,0.135,3.44945021816084e-71,"11","NFKBIE"
"SH3GL1",1.25586436420419e-75,0.313344199967293,0.251,0.125,3.54015605625519e-71,"11","SH3GL1"
"PLEKHB2",2.02370824894324e-75,0.499925227836984,0.533,0.398,5.70463118294609e-71,"11","PLEKHB2"
"MT-ND6",5.37753759046378e-75,0.894999881704512,0.416,0.29,1.51587407137584e-70,"11","MT-ND6"
"DDIT4",4.2546967012086e-74,0.733428808988472,0.389,0.248,1.19935645310369e-69,"11","DDIT4"
"GNPDA1",4.74945911306071e-74,0.433049625518671,0.247,0.126,1.33882502938068e-69,"11","GNPDA1"
"SIPA1L1",5.63301484702922e-74,1.21400020859286,0.349,0.228,1.58789055522907e-69,"11","SIPA1L1"
"TMSB4X",8.27307159388483e-74,0.486901441546157,0.998,0.999,2.33209615160019e-69,"11","TMSB4X"
"UBAP1",1.14238331298827e-73,0.416870916994237,0.264,0.139,3.22026432098265e-69,"11","UBAP1"
"RPS27L",1.6599204929073e-73,0.641968703327595,0.641,0.549,4.67914987745639e-69,"11","RPS27L"
"ARL6IP1",1.83749219112836e-73,0.607391541836947,0.504,0.369,5.17970673757172e-69,"11","ARL6IP1"
"RGS10",2.09634918267396e-73,0.56027087255747,0.631,0.516,5.90939871103964e-69,"11","RGS10"
"GADD45A",2.34095728686901e-73,0.353765660408205,0.238,0.116,6.59892449595506e-69,"11","GADD45A"
"TFPT",2.58507377770046e-73,0.310614385471316,0.22,0.105,7.28706447195983e-69,"11","TFPT"
"FNDC3B",3.43348645670953e-73,0.885086309597063,0.432,0.298,9.67865497281849e-69,"11","FNDC3B"
"CREG1",1.07311194324595e-72,0.683070971013051,0.508,0.385,3.024995256816e-68,"11","CREG1"
"STIP1",3.0845120375227e-72,0.448426785484631,0.315,0.18,8.69493098257275e-68,"11","STIP1"
"MAFB",1.6683037460582e-71,0.77483868623363,0.584,0.463,4.70278142976346e-67,"11","MAFB"
"HSPD1",3.90317465126957e-71,1.50008924765711,0.504,0.405,1.10026590244638e-66,"11","HSPD1"
"UBB",5.42841801104938e-71,0.549523589211146,0.819,0.771,1.53021675313471e-66,"11","UBB"
"PRKCA",9.58500246059711e-71,0.451630793423721,0.208,0.1,2.70191634361772e-66,"11","PRKCA"
"TIPARP",3.95943788971957e-70,0.648673652307996,0.359,0.226,1.11612594673305e-65,"11","TIPARP"
"CCDC88A",7.26207946608197e-70,0.543992047845838,0.627,0.518,2.04710758069385e-65,"11","CCDC88A"
"NABP1",1.6771626041018e-69,0.596922094354853,0.473,0.33,4.72775366470258e-65,"11","NABP1"
"PCBD1",2.09300615012952e-69,0.37509948047792,0.262,0.141,5.8999750366001e-65,"11","PCBD1"
"SDF2L1",4.45208734296487e-69,0.541991835783256,0.371,0.239,1.25499890110837e-64,"11","SDF2L1"
"CST3",5.17180851353497e-69,1.01655172941133,0.964,0.952,1.45788110188037e-64,"11","CST3"
"ZNF267",5.39922541816364e-69,0.539893240589638,0.379,0.245,1.52198765312615e-64,"11","ZNF267"
"AP1B1",1.14774689015091e-68,0.5369301395636,0.378,0.24,3.23538370864639e-64,"11","AP1B1"
"PLEKHO2",1.46988466360916e-68,0.465554996389593,0.324,0.189,4.14345787824786e-64,"11","PLEKHO2"
"CRK",3.70883390373148e-68,0.382073089681489,0.324,0.189,1.04548318912287e-63,"11","CRK"
"SEC24D",4.45798481111114e-68,0.325745829735105,0.251,0.13,1.25666133840412e-63,"11","SEC24D"
"PACSIN2",5.03574831078831e-68,0.457847417243702,0.319,0.188,1.41952709132812e-63,"11","PACSIN2"
"MAFG",6.82216453800408e-68,0.386477707349359,0.317,0.184,1.92309996161797e-63,"11","MAFG"
"OXSR1",8.19234771592702e-68,0.54371019337169,0.326,0.198,2.30934089764267e-63,"11","OXSR1"
"CTNND1",9.27411263305898e-68,0.414191243351228,0.275,0.151,2.61427961013299e-63,"11","CTNND1"
"AKR1B1",1.43159132549094e-67,0.605887973399889,0.277,0.157,4.03551278742641e-63,"11","AKR1B1"
"CD58",4.08431302873102e-67,0.706916856528827,0.338,0.213,1.15132699966899e-62,"11","CD58"
"BCL21",2.77456413983667e-66,0.545168759040201,0.216,0.108,7.8212188537856e-62,"11","BCL2"
"RAB311",2.83037249670468e-66,0.526714127896319,0.682,0.592,7.97853703096083e-62,"11","RAB31"
"SLC5A3",5.74363778988287e-66,0.576786032777758,0.236,0.125,1.61907405659008e-61,"11","SLC5A3"
"NFAT5",7.15389122810254e-65,0.738621143883922,0.355,0.232,2.01661039828983e-60,"11","NFAT5"
"IFITM3",7.5030259667492e-65,0.497828740893399,0.637,0.49,2.11502798976693e-60,"11","IFITM3"
"HMOX1",7.79092868438282e-65,1.54629145332103,0.48,0.37,2.19618488684067e-60,"11","HMOX1"
"UBE2E2",2.09443355011511e-64,0.584041965957743,0.314,0.193,5.90399873441949e-60,"11","UBE2E2"
"CALU",3.46512254252076e-64,0.421983169784893,0.302,0.176,9.76783393511177e-60,"11","CALU"
"SDCBP1",4.22401221116315e-64,0.514802822481379,0.78,0.757,1.19070680220478e-59,"11","SDCBP"
"STX4",5.02623221625747e-64,0.391393626371585,0.33,0.197,1.41684459944082e-59,"11","STX4"
"PTGS2",8.4660028678305e-64,1.38093192132993,0.292,0.177,2.38648154841274e-59,"11","PTGS2"
"CRIP1",4.88562297246041e-63,0.868928971578484,0.573,0.452,1.37720825970687e-58,"11","CRIP1"
"RLF",1.46512847366044e-62,0.441381718308834,0.285,0.165,4.13005065440142e-58,"11","RLF"
"FCGRT1",3.65585527686942e-62,0.656226935761231,0.781,0.725,1.03054904399672e-57,"11","FCGRT"
"ANKHD1",4.06451842686245e-62,0.353905419153796,0.228,0.118,1.14574709934826e-57,"11","ANKHD1"
"NENF",4.37796790555527e-62,0.510040304529698,0.402,0.273,1.23410537289698e-57,"11","NENF"
"KRTCAP2",1.56503518229281e-61,0.473599907633546,0.429,0.299,4.41167767536521e-57,"11","KRTCAP2"
"HIVEP1",1.68371275075286e-61,0.447689270277019,0.245,0.135,4.74621787309723e-57,"11","HIVEP1"
"DENND1B",1.95988088118039e-61,0.370310778419365,0.243,0.132,5.5247082159594e-57,"11","DENND1B"
"MAPK6",2.91088151095827e-61,0.429870252985834,0.29,0.167,8.20548389124027e-57,"11","MAPK6"
"CYFIP1",9.25879561916422e-61,0.461041172350585,0.388,0.258,2.6099618970862e-56,"11","CYFIP1"
"CAMK1D",1.45939036015674e-60,0.721172173654851,0.308,0.195,4.11387548624582e-56,"11","CAMK1D"
"TFRC",2.59594462119052e-60,0.88359239220862,0.33,0.213,7.31770829267396e-56,"11","TFRC"
"MRPL18",3.40675572885515e-60,0.419567321268099,0.334,0.208,9.60330372406978e-56,"11","MRPL18"
"CST7",2.07348947354685e-59,0.306412326820932,0.305,0.17,5.84495947698123e-55,"11","CST7"
"DUSP3",2.29712807617333e-59,0.412200333594417,0.339,0.21,6.47537433392501e-55,"11","DUSP3"
"RGCC",8.37893837722518e-59,0.647834361370334,0.309,0.189,2.36193893915601e-54,"11","RGCC"
"DIP2B",2.91346766193629e-58,0.400036439311561,0.251,0.139,8.21277399223222e-54,"11","DIP2B"
"RAC1",3.20575391278166e-58,0.316764891084016,0.861,0.833,9.03669970474023e-54,"11","RAC1"
"NUP98",4.85701309520682e-58,0.421919609555515,0.28,0.166,1.36914342140785e-53,"11","NUP98"
"ETV6",1.4023730068581e-57,0.789155669367967,0.437,0.332,3.95314926903229e-53,"11","ETV6"
"G3BP1",8.48935438971287e-57,0.496639354267277,0.453,0.33,2.39306410891616e-52,"11","G3BP1"
"MAP2K1",1.010202009903e-56,0.706183841712129,0.39,0.281,2.84765844571556e-52,"11","MAP2K1"
"CHSY1",1.20564067531719e-56,0.468743605891479,0.242,0.135,3.39858049965164e-52,"11","CHSY1"
"SAT1",1.43780340673365e-56,0.795477389289903,0.964,0.96,4.05302402324149e-52,"11","SAT1"
"RAPGEF2",2.08452211160966e-56,0.490554606102099,0.25,0.142,5.87605938041648e-52,"11","RAPGEF2"
"MAN1A1",5.01077055623054e-56,0.851922849027743,0.292,0.18,1.41248611209583e-51,"11","MAN1A1"
"ZSWIM6",6.29629260851011e-56,0.894876611714705,0.38,0.275,1.77486192341291e-51,"11","ZSWIM6"
"FCER1G",8.77673967531438e-56,0.385376846088799,0.916,0.873,2.47407514707437e-51,"11","FCER1G"
"SGMS1",9.68605354034199e-56,0.375547356479739,0.236,0.129,2.730401632487e-51,"11","SGMS1"
"CLTC",9.38733966300039e-55,0.563654796489197,0.561,0.464,2.64619717760318e-50,"11","CLTC"
"RUNX1",1.38551661148907e-54,0.574886174875273,0.432,0.316,3.90563277612654e-50,"11","RUNX1"
"MPHOSPH6",9.8680359318392e-54,0.312960326346537,0.245,0.138,2.78170064882615e-49,"11","MPHOSPH6"
"MAPKAPK2",1.47627923452945e-53,0.43329127578915,0.397,0.275,4.16148353421506e-49,"11","MAPKAPK2"
"SNX29",1.66140913928269e-53,0.554530994032979,0.311,0.2,4.68334622272397e-49,"11","SNX29"
"PTPRJ",2.7029584694243e-53,0.988691944941357,0.393,0.295,7.61936962946017e-49,"11","PTPRJ"
"PPP2CB",3.12254238326583e-53,0.334676324201759,0.276,0.163,8.80213472418806e-49,"11","PPP2CB"
"ZMIZ2",5.71880462676312e-53,0.304473192208261,0.242,0.136,1.61207383623826e-48,"11","ZMIZ2"
"ATP2C1",1.1093077452305e-52,0.394000553068298,0.232,0.129,3.12702760303026e-48,"11","ATP2C1"
"RTN4",2.17070419142041e-52,0.462567254651641,0.733,0.693,6.11899804519498e-48,"11","RTN4"
"PITPNA",2.44247869193168e-52,0.408593243686529,0.353,0.236,6.88510318468621e-48,"11","PITPNA"
"ARL5B",2.5367788320819e-52,0.549151291283433,0.324,0.208,7.15092584975568e-48,"11","ARL5B"
"SPPL3",6.4338631297157e-52,0.591473181840272,0.306,0.198,1.81364167763556e-47,"11","SPPL3"
"AHSA1",7.69465766966467e-52,0.318915999005154,0.297,0.182,2.16904705050177e-47,"11","AHSA1"
"FOXK2",7.91699445917655e-52,0.355795729788535,0.2,0.105,2.23172156809728e-47,"11","FOXK2"
"LAIR1",8.09614301289318e-52,0.439787538953836,0.315,0.202,2.28222175390446e-47,"11","LAIR1"
"SRGN",1.61522966178319e-51,0.670286628152641,0.913,0.958,4.55317089360063e-47,"11","SRGN"
"UBE2V1",1.73717173085961e-51,0.319623429683587,0.222,0.122,4.89691339212014e-47,"11","UBE2V1"
"ST3GAL1",8.01564536187343e-51,0.401138057654299,0.307,0.196,2.2595302710585e-46,"11","ST3GAL1"
"UBE2E1",9.51482059108501e-51,0.442944901216535,0.378,0.261,2.68213277642095e-46,"11","UBE2E1"
"DUSP2",2.57472043025836e-50,0.931658487900202,0.374,0.269,7.2578794208553e-46,"11","DUSP2"
"THBS11",3.04855166538839e-50,1.25818360457699,0.271,0.168,8.59356228956333e-46,"11","THBS1"
"MORF4L2",4.26311784009304e-50,0.369407807600527,0.366,0.244,1.20173028794383e-45,"11","MORF4L2"
"WWP1",5.53610189675219e-50,0.638015855399649,0.298,0.191,1.56057176367548e-45,"11","WWP1"
"SLC4A7",1.74283640828181e-49,0.380165522386496,0.286,0.175,4.91288155130558e-45,"11","SLC4A7"
"EZR1",2.18377877351312e-49,0.760781386945935,0.563,0.486,6.15585398465613e-45,"11","EZR"
"RAP1B",2.62150986590962e-49,0.474845150973955,0.641,0.584,7.38977416101262e-45,"11","RAP1B"
"TGIF1",3.42366668558349e-49,0.367317826046983,0.31,0.196,9.65097401999129e-45,"11","TGIF1"
"MAML2",7.13121564147073e-49,0.876070550654716,0.284,0.184,2.01021837717418e-44,"11","MAML2"
"TCEAL4",8.7284528295888e-49,0.324489818746808,0.277,0.165,2.46046356813279e-44,"11","TCEAL4"
"MARCKS",1.26884959311068e-48,0.677306093264669,0.686,0.63,3.57676011801971e-44,"11","MARCKS"
"ATP6V1B2",3.38156044041619e-48,0.503945958453134,0.525,0.428,9.53228072548921e-44,"11","ATP6V1B2"
"PPIF",3.44995395178811e-48,0.505922522752911,0.401,0.286,9.72507519469551e-44,"11","PPIF"
"PTPN12",3.85638171760977e-48,0.48156515566824,0.496,0.39,1.08707544237702e-43,"11","PTPN12"
"BMP2K",6.3967825439395e-48,0.402592940668463,0.382,0.265,1.8031890313111e-43,"11","BMP2K"
"GOLIM4",7.15676847515628e-48,0.330834393093424,0.229,0.129,2.0174214654618e-43,"11","GOLIM4"
"CFLAR",1.32989509530555e-47,0.641211601545417,0.639,0.602,3.7488412841568e-43,"11","CFLAR"
"RREB1",1.64851668391111e-47,0.449596716185904,0.354,0.241,4.64700368027703e-43,"11","RREB1"
"CD84",1.88510935712183e-47,0.570770699908984,0.339,0.237,5.31393476679073e-43,"11","CD84"
"CTNNA1",1.98781932646971e-47,0.455991787965264,0.471,0.368,5.60346389938546e-43,"11","CTNNA1"
"PDXK1",3.77528557253675e-47,0.415012162100765,0.457,0.346,1.06421525004238e-42,"11","PDXK"
"TSC22D2",1.28935800229992e-46,0.660058033239257,0.281,0.182,3.63457127268325e-42,"11","TSC22D2"
"TNFRSF1A",4.40569050879445e-46,0.454406420715508,0.413,0.3,1.24192009752407e-41,"11","TNFRSF1A"
"GABARAP",5.29663232095627e-46,0.639842287606473,0.548,0.455,1.49306768495436e-41,"11","GABARAP"
"SLC3A2",6.0086616500345e-46,0.452438007861456,0.44,0.334,1.69378163252823e-41,"11","SLC3A2"
"S100A11",9.19709294687277e-46,0.400471557756567,0.947,0.949,2.59256853079397e-41,"11","S100A11"
"ERN1",9.86556023166337e-46,0.591845140155181,0.255,0.16,2.78100277370359e-41,"11","ERN1"
"ELL",1.47343722062947e-45,0.329808496928933,0.227,0.13,4.15347218123241e-41,"11","ELL"
"RANBP2",2.01240510862363e-45,0.761645498191979,0.407,0.303,5.67276876069916e-41,"11","RANBP2"
"YWHAG",3.74624372076269e-45,0.346357594382921,0.414,0.297,1.0560286424458e-40,"11","YWHAG"
"FNBP1",7.53928810140885e-45,0.851501554029293,0.615,0.572,2.12524992290614e-40,"11","FNBP1"
"ESYT2",7.5967519938573e-45,0.562378370447459,0.3,0.2,2.14144841954843e-40,"11","ESYT2"
"PDK4",1.23092486131878e-44,0.875094754217257,0.307,0.21,3.46985409157152e-40,"11","PDK4"
"HEXB",1.44438320761241e-44,0.406797201451808,0.444,0.334,4.07157182393863e-40,"11","HEXB"
"PTPN1",1.99406468651421e-44,0.659727639792961,0.384,0.294,5.6210689448149e-40,"11","PTPN1"
"GLS",4.17108233691909e-44,0.538236938631651,0.453,0.353,1.17578639995412e-39,"11","GLS"
"ASAP1",4.95412475871287e-44,0.762229227790128,0.465,0.382,1.39651822823357e-39,"11","ASAP1"
"NR4A1",1.01079822414554e-43,0.695029939015128,0.367,0.27,2.84933911404387e-39,"11","NR4A1"
"CREBL2",2.79604613664402e-43,0.359860451888325,0.276,0.174,7.88177445458583e-39,"11","CREBL2"
"BANP",2.91605491486597e-43,0.33882771366541,0.224,0.132,8.22006719951567e-39,"11","BANP"
"ATP2A2",3.09100389222585e-43,0.462955569364217,0.371,0.261,8.71323087179546e-39,"11","ATP2A2"
"NQO2",5.28116655804875e-43,0.40921630551066,0.348,0.242,1.48870804104836e-38,"11","NQO2"
"CLTA",5.33925063631371e-43,0.462675329453014,0.645,0.583,1.50508136187047e-38,"11","CLTA"
"SIRPA",6.2229858560372e-43,0.345619627859642,0.43,0.314,1.75419748295833e-38,"11","SIRPA"
"TRPS1",1.43405033890552e-42,0.683415243059913,0.365,0.268,4.04244450034078e-38,"11","TRPS1"
"PFDN2",1.46412380062113e-42,0.409372143562754,0.482,0.386,4.12721858157091e-38,"11","PFDN2"
"UBE2H",1.89796230759542e-42,0.43346472446251,0.327,0.225,5.35016594888072e-38,"11","UBE2H"
"RAB10",2.6799400853424e-42,0.512071914674523,0.557,0.483,7.55448310657168e-38,"11","RAB10"
"PKM1",3.30546804332602e-42,0.508231656575039,0.743,0.734,9.31778386733173e-38,"11","PKM"
"TRAK1",5.4915217023543e-42,0.483576655415521,0.257,0.164,1.54800505267665e-37,"11","TRAK1"
"FCHSD2",8.92790912624673e-42,0.689467530044933,0.296,0.203,2.51668830359769e-37,"11","FCHSD2"
"CHORDC1",3.20728076952543e-41,0.372088637785949,0.289,0.188,9.04100376121523e-37,"11","CHORDC1"
"USP12",3.29621281951383e-41,0.494870790098343,0.324,0.225,9.29169431692752e-37,"11","USP12"
"CCL4",7.75592720306123e-41,1.56724535544515,0.226,0.138,2.18631831927093e-36,"11","CCL4"
"FOXO3",8.56797698862399e-41,0.807092239357825,0.384,0.3,2.41522703332322e-36,"11","FOXO3"
"HSP90AB11",9.08928517759627e-41,0.642370472349255,0.79,0.767,2.56217859871261e-36,"11","HSP90AB1"
"ADAP2",1.16810196028866e-40,0.542647447237239,0.368,0.272,3.29276261585771e-36,"11","ADAP2"
"TMEM70",1.27771667578851e-40,0.350625686747456,0.265,0.167,3.60175553738022e-36,"11","TMEM70"
"AFF4",1.37185602106746e-40,0.631836582354126,0.418,0.331,3.86712493778706e-36,"11","AFF4"
"LCORL",1.65158004588748e-40,0.335221365446327,0.229,0.136,4.65563899135221e-36,"11","LCORL"
"PLSCR1",1.65840719207426e-40,0.424625939998068,0.498,0.399,4.67488403373813e-36,"11","PLSCR1"
"TGFBR1",7.43955393562997e-40,0.305614018625082,0.248,0.153,2.09713585891473e-35,"11","TGFBR1"
"FNDC3A",8.8104064809183e-40,0.416205131354837,0.292,0.193,2.48356548290606e-35,"11","FNDC3A"
"LAMP1",1.14807375155366e-39,0.661927891462343,0.509,0.468,3.23630509825462e-35,"11","LAMP1"
"RDX",2.29672688621999e-39,0.336279591713428,0.31,0.207,6.47424341956554e-35,"11","RDX"
"ARIH1",3.38059609682502e-39,0.712195638595076,0.367,0.278,9.52956233734005e-35,"11","ARIH1"
"MGAT1",6.04761495544852e-39,0.466707025895555,0.571,0.513,1.70476217979138e-34,"11","MGAT1"
"SNRPG",6.35665091962887e-39,0.445146406928369,0.542,0.463,1.79187632773418e-34,"11","SNRPG"
"ST8SIA4",7.69797103408215e-39,0.462987802216883,0.371,0.276,2.16998105479742e-34,"11","ST8SIA4"
"PLEKHM2",8.70543901247653e-39,0.341015867352347,0.303,0.203,2.45397620322701e-34,"11","PLEKHM2"
"NISCH",8.71409343202868e-39,0.444260925834938,0.251,0.159,2.45641579755456e-34,"11","NISCH"
"GPBP1",1.2058039707611e-38,0.679600375172894,0.537,0.482,3.39904081317845e-34,"11","GPBP1"
"CEP170",1.57265702106993e-38,0.451278966587618,0.383,0.283,4.43316287669402e-34,"11","CEP170"
"STAG1",1.20922827962116e-37,0.407444532458057,0.283,0.19,3.40869359742409e-33,"11","STAG1"
"TP53BP2",4.45413569973299e-37,0.32509204763779,0.242,0.152,1.25557631239773e-32,"11","TP53BP2"
"LPP",5.38893340558989e-37,0.48061572255052,0.435,0.345,1.51908643770174e-32,"11","LPP"
"PEBP1",6.49004557439957e-37,0.381586509810584,0.453,0.349,1.82947894696749e-32,"11","PEBP1"
"MRPS6",9.72233382714751e-37,0.582172802207654,0.361,0.279,2.74062868253461e-32,"11","MRPS6"
"P4HA1",1.79410503260431e-36,0.722329242460267,0.276,0.185,5.0574026764083e-32,"11","P4HA1"
"YWHAH",2.49652289348257e-36,0.608787818428282,0.47,0.383,7.03744838443803e-32,"11","YWHAH"
"RANBP9",3.83541310711602e-36,0.354088719736534,0.219,0.134,1.08116460076494e-31,"11","RANBP9"
"ATG7",4.52052442701227e-36,0.434246401889022,0.275,0.183,1.27429063073049e-31,"11","ATG7"
"TIMP1",7.90131539127641e-36,0.802150621997844,0.697,0.69,2.22730179564691e-31,"11","TIMP1"
"G0S2",8.31408854680135e-36,1.88352661259598,0.286,0.204,2.34365842045783e-31,"11","G0S2"
"RNASE61",1.37327303813378e-35,0.445385854516543,0.531,0.434,3.87111936719531e-31,"11","RNASE6"
"DNM2",1.76489822830238e-35,0.353338402145717,0.383,0.282,4.97507161576159e-31,"11","DNM2"
"MTRNR2L8",2.47130782218773e-35,1.79265490992524,0.385,0.357,6.966369619965e-31,"11","MTRNR2L8"
"IL13RA1",5.34768043880349e-35,0.364667785285092,0.478,0.368,1.50745763889431e-30,"11","IL13RA1"
"MPP1",7.48162619602531e-35,0.421011905708011,0.373,0.281,2.10899560839757e-30,"11","MPP1"
"EREG",1.93392872911585e-34,1.50017633077225,0.241,0.157,5.45155169450468e-30,"11","EREG"
"POMP",2.29035642168045e-34,0.419981363453657,0.66,0.631,6.45628571707503e-30,"11","POMP"
"MGST3",3.19645652667503e-34,0.485118614105684,0.5,0.425,9.01049130304425e-30,"11","MGST3"
"IL7R",6.49988964091005e-34,0.493747485727329,0.338,0.225,1.83225389087613e-29,"11","IL7R"
"CCR1",7.70986077435373e-34,0.46995582852991,0.338,0.25,2.17333265368257e-29,"11","CCR1"
"SCARB2",9.06312646948306e-34,0.41175330420218,0.344,0.255,2.55480472048258e-29,"11","SCARB2"
"VMP11",1.02267559045756e-33,0.521479526907874,0.712,0.696,2.88282022194081e-29,"11","VMP1"
"AKR1A1",1.09330139205223e-33,0.377804400604015,0.45,0.364,3.08190729405602e-29,"11","AKR1A1"
"ARF4",2.43310303262131e-33,0.359640930068391,0.434,0.343,6.85867413865621e-29,"11","ARF4"
"ATXN2",4.03987934942384e-33,0.31594107912563,0.307,0.213,1.13880158980909e-28,"11","ATXN2"
"BCAS2",4.86910014917058e-33,0.630335945415235,0.286,0.199,1.3725506410497e-28,"11","BCAS2"
"DYNC1H1",7.12409090728163e-33,0.474877222066085,0.484,0.406,2.00820998585362e-28,"11","DYNC1H1"
"EIF4A1",1.63391680145771e-32,0.64794559171589,0.612,0.57,4.60584807162915e-28,"11","EIF4A1"
"ZNF609",1.73846240167796e-32,0.362058243579353,0.242,0.161,4.90055166408999e-28,"11","ZNF609"
"REV3L",2.37746768632184e-32,0.534586486222095,0.264,0.18,6.70184366097263e-28,"11","REV3L"
"SOD21",2.75224192351311e-32,1.12355584233583,0.746,0.762,7.75829475819111e-28,"11","SOD2"
"ANPEP1",3.54652120532496e-32,0.494473147479887,0.387,0.295,9.99728862569053e-28,"11","ANPEP"
"LGALS31",3.62217881932221e-32,0.554395410569177,0.737,0.729,1.02105598737874e-27,"11","LGALS3"
"DUSP23",3.75433619573185e-32,0.370042698626306,0.334,0.245,1.05830983021485e-27,"11","DUSP23"
"SYNGR2",1.0616506505033e-31,0.355179638187802,0.566,0.487,2.99268701870375e-27,"11","SYNGR2"
"CAPG1",1.39712901374028e-31,0.515561102967331,0.597,0.559,3.93836697683248e-27,"11","CAPG"
"NTAN1",2.71156757187933e-31,0.433402241556743,0.242,0.167,7.64363782837064e-27,"11","NTAN1"
"DENND4C",3.01164481385829e-31,0.300857396922985,0.2,0.122,8.48952556578513e-27,"11","DENND4C"
"B4GALT5",3.0198808025196e-31,0.383165285052531,0.259,0.177,8.51274199422249e-27,"11","B4GALT5"
"ATP6V1F",3.46762955598552e-31,0.491737104774418,0.677,0.666,9.77490095536758e-27,"11","ATP6V1F"
"ACOT9",1.00279148062599e-30,0.35939532563359,0.296,0.211,2.82676890473662e-26,"11","ACOT9"
"BAZ1A",1.33707264350082e-30,0.513923660075742,0.523,0.47,3.76907407476446e-26,"11","BAZ1A"
"TBC1D14",1.52788398634699e-30,0.333660560104234,0.242,0.161,4.30695216911353e-26,"11","TBC1D14"
"ADIPOR1",1.86587845962595e-30,0.321376044728086,0.369,0.278,5.25972478983959e-26,"11","ADIPOR1"
"IFI30",2.19366606877374e-30,1.06223160095566,0.412,0.368,6.18372528126631e-26,"11","IFI30"
"PPP6R3",2.47534924327081e-30,0.482932133020677,0.333,0.252,6.97776198185607e-26,"11","PPP6R3"
"TMEM176A",2.87391585940601e-30,0.465350464972104,0.376,0.288,8.10128141607961e-26,"11","TMEM176A"
"TOP1",9.43574391947498e-30,0.441356629438273,0.507,0.438,2.6598418534608e-25,"11","TOP1"
"DAPK1",1.46324336149896e-29,0.403564458404771,0.299,0.214,4.12473671172942e-25,"11","DAPK1"
"NDUFA13",1.78693657298332e-29,0.354179266341743,0.628,0.576,5.03719550558269e-25,"11","NDUFA13"
"YWHAE",2.67628485112703e-29,0.321187496188647,0.663,0.611,7.54417936684199e-25,"11","YWHAE"
"AP2S1",3.78352291921551e-29,0.413400075400092,0.741,0.749,1.06653727569766e-24,"11","AP2S1"
"SERF2",6.94468672970063e-29,0.356372841855021,0.959,0.964,1.95763774223531e-24,"11","SERF2"
"DOCK10",8.84388306738017e-29,0.332335855403575,0.348,0.263,2.4930021978638e-24,"11","DOCK10"
"TOB2",9.62073231933755e-29,0.31887834792738,0.247,0.166,2.71198823349806e-24,"11","TOB2"
"C1orf122",1.82679186173418e-28,0.3749987209034,0.298,0.217,5.14954357904248e-24,"11","C1orf122"
"CCDC107",2.13264919180513e-28,0.351757517749966,0.291,0.211,6.01172480677949e-24,"11","CCDC107"
"RAP1A",2.42471968734546e-28,0.349794987747842,0.622,0.573,6.83504232665813e-24,"11","RAP1A"
"ASXL1",3.16298629222138e-28,0.331524713022042,0.26,0.178,8.91614205914285e-24,"11","ASXL1"
"PIM3",4.17518701452095e-28,0.384880167563869,0.458,0.386,1.17694346752331e-23,"11","PIM3"
"OGDH",4.7392996530082e-28,0.452766572044058,0.291,0.214,1.33596117918648e-23,"11","OGDH"
"ATP6V0E1",4.94331079447355e-28,0.335994436297877,0.744,0.751,1.39346987985415e-23,"11","ATP6V0E1"
"PLXND1",5.29743186544506e-28,0.416406331538921,0.305,0.223,1.49329306855031e-23,"11","PLXND1"
"TMBIM6",8.98789835294444e-28,0.314844962082932,0.79,0.79,2.53359866671151e-23,"11","TMBIM6"
"TMEM176B",1.92869044641296e-27,0.48508287370486,0.455,0.377,5.43678549939349e-23,"11","TMEM176B"
"VAMP81",3.96825876305708e-27,0.330720493627829,0.793,0.777,1.11861246271816e-22,"11","VAMP8"
"TAB2",9.11637812929958e-27,0.32610760634563,0.335,0.251,2.56981583086826e-22,"11","TAB2"
"MYO5A",9.76151558434895e-27,0.441645989624623,0.361,0.28,2.75167362807213e-22,"11","MYO5A"
"TCP1",1.46309941486928e-26,0.351670699955232,0.378,0.296,4.12433094057501e-22,"11","TCP1"
"ZFAND6",3.8521043219859e-26,0.322971863202946,0.445,0.368,1.0858696873246e-21,"11","ZFAND6"
"CPEB4",8.55895536456545e-26,0.444343367789612,0.407,0.329,2.41268392771735e-21,"11","CPEB4"
"B4GALT1",1.16535621084698e-25,0.488145292181938,0.41,0.347,3.28502262275656e-21,"11","B4GALT1"
"RPS19BP1",2.61441343772128e-25,0.376440695624585,0.459,0.399,7.36977003959252e-21,"11","RPS19BP1"
"MFSD1",3.13101702964581e-25,0.455334576503963,0.502,0.434,8.82602390486857e-21,"11","MFSD1"
"MTSS1",4.17975796178568e-25,0.518050697894583,0.333,0.259,1.17823197184777e-20,"11","MTSS1"
"RTN1",5.42903462477674e-25,0.373415729575437,0.225,0.155,1.53039057037831e-20,"11","RTN1"
"ERC1",1.26645967867088e-24,0.322917086702849,0.222,0.152,3.57002318820533e-20,"11","ERC1"
"FBXO11",1.34027955820817e-24,0.565110822823142,0.341,0.272,3.77811404663302e-20,"11","FBXO11"
"TDP2",2.72909398193924e-24,0.329147882884547,0.212,0.146,7.69304302568852e-20,"11","TDP2"
"RERE",3.03328071831413e-24,0.45530536985529,0.303,0.235,8.55051501685571e-20,"11","RERE"
"ARHGAP5",5.09950015792188e-24,0.30692810961667,0.223,0.153,1.4374980995166e-19,"11","ARHGAP5"
"SUSD6",6.15541583721014e-24,0.301541747226703,0.294,0.215,1.73515017035117e-19,"11","SUSD6"
"SH2B3",7.39796665310542e-24,0.42419597956679,0.419,0.356,2.08541281984389e-19,"11","SH2B3"
"SLC6A6",8.00246923509432e-24,0.396748018351946,0.399,0.329,2.25581605268074e-19,"11","SLC6A6"
"UBL5",8.48969296472868e-24,0.384221734018418,0.764,0.781,2.39315954982737e-19,"11","UBL5"
"GM2A",1.33244935255667e-23,0.466589045121478,0.307,0.239,3.756041479922e-19,"11","GM2A"
"ARFGAP3",1.59217662030301e-23,0.350270732891401,0.339,0.263,4.48818667497215e-19,"11","ARFGAP3"
"TSPAN4",1.63772771338167e-23,0.354129351857557,0.229,0.158,4.61659065125159e-19,"11","TSPAN4"
"SFT2D1",2.00276155744758e-23,0.319446502985932,0.405,0.325,5.64558455428898e-19,"11","SFT2D1"
"PSME4",2.13278748414763e-23,0.377163949447932,0.286,0.212,6.01211463906374e-19,"11","PSME4"
"AGO2",2.92283005752658e-23,0.332090270187728,0.292,0.217,8.23916564916167e-19,"11","AGO2"
"ANKRD17",3.74618147889389e-23,0.301656689977419,0.295,0.219,1.0560110970854e-18,"11","ANKRD17"
"PRNP",5.68175886840581e-23,0.571950770432211,0.434,0.372,1.60163100741491e-18,"11","PRNP"
"ATF6",8.68811279016873e-23,0.532952349432341,0.357,0.284,2.44909211442066e-18,"11","ATF6"
"GNAQ",9.78254506484318e-23,0.539429965881821,0.533,0.507,2.75760162832864e-18,"11","GNAQ"
"HLA-DMB1",1.01732848452379e-22,0.454648464117466,0.586,0.555,2.8677472650241e-18,"11","HLA-DMB"
"SIK3",1.02432397074926e-22,1.11086458950527,0.317,0.27,2.88746684114509e-18,"11","SIK3"
"DNMT1",1.54090167883504e-22,0.333062011002183,0.33,0.256,4.34364774246809e-18,"11","DNMT1"
"ZMIZ1",1.66695599849195e-22,0.303207470914905,0.355,0.279,4.69898226414895e-18,"11","ZMIZ1"
"UGP2",2.22248640293424e-22,0.325510387985745,0.372,0.299,6.26496692123133e-18,"11","UGP2"
"MAP3K8",2.29961475882924e-22,0.58286084207031,0.473,0.427,6.48238404366375e-18,"11","MAP3K8"
"TXNDC17",3.65207701825893e-22,0.348444417212014,0.431,0.374,1.02948399067701e-17,"11","TXNDC17"
"COX17",3.88083436541476e-22,0.381492239197037,0.491,0.429,1.09396839926677e-17,"11","COX17"
"ABHD3",5.87969377718644e-22,0.494352275392094,0.216,0.151,1.65742687885109e-17,"11","ABHD3"
"NDUFV2",6.40566825237706e-22,0.359892929209948,0.474,0.421,1.80569382366257e-17,"11","NDUFV2"
"CYCS",7.66696257321923e-22,0.613894263507227,0.509,0.465,2.16124007976477e-17,"11","CYCS"
"MT2A",7.98477103004214e-22,1.29058559445993,0.543,0.509,2.25082710565858e-17,"11","MT2A"
"SPIDR",1.64394750574995e-21,0.403054333519424,0.244,0.18,4.63412362395854e-17,"11","SPIDR"
"LY96",2.51852806092897e-21,0.361371149416454,0.463,0.396,7.09947875095268e-17,"11","LY96"
"SPINT2",3.74517112502394e-21,0.315609076354348,0.366,0.292,1.055726288433e-16,"11","SPINT2"
"PDIA4",8.28150949724868e-21,0.354381522270624,0.293,0.223,2.33447471217943e-16,"11","PDIA4"
"LRRFIP2",9.27893293962841e-21,0.444439835702781,0.348,0.284,2.61563840635185e-16,"11","LRRFIP2"
"EHD4",1.20305695188758e-20,0.303989994726476,0.263,0.195,3.39129724167591e-16,"11","EHD4"
"SRGAP2",1.53520216779696e-20,0.338786472954161,0.293,0.227,4.32758139080286e-16,"11","SRGAP2"
"SYAP1",1.84262860290182e-20,0.466657628190695,0.384,0.319,5.19418576871994e-16,"11","SYAP1"
"ZNF706",1.94182588498579e-20,0.312683827631804,0.537,0.49,5.47381298718644e-16,"11","ZNF706"
"NCF41",2.19806584366792e-20,0.425167863174222,0.399,0.335,6.1961278067155e-16,"11","NCF4"
"ATP1A1",2.88327286373431e-20,0.384848495397841,0.466,0.419,8.12765787558065e-16,"11","ATP1A1"
"YTHDF3",4.19900288693002e-20,0.359015683679882,0.353,0.283,1.1836569237967e-15,"11","YTHDF3"
"RAB8B",1.86856487912949e-19,0.454202313833482,0.445,0.394,5.26729753777812e-15,"11","RAB8B"
"SESTD1",4.03001548068723e-19,0.33291882632816,0.259,0.193,1.13602106385092e-14,"11","SESTD1"
"TACC1",1.14667397104421e-18,0.421224013877485,0.508,0.475,3.23235925697651e-14,"11","TACC1"
"CD141",6.92447972350117e-18,0.628504569066366,0.692,0.692,1.95194158925774e-13,"11","CD14"
"ATP6AP1",8.38123431268007e-18,0.319191536759508,0.431,0.37,2.36258614040139e-13,"11","ATP6AP1"
"MAML3",9.7240807557757e-18,0.42503321857295,0.201,0.148,2.74112112424561e-13,"11","MAML3"
"REL",1.04890040276425e-17,0.917385830558105,0.581,0.617,2.95674534535215e-13,"11","REL"
"ITPR2",1.29227512861388e-17,0.405580053709568,0.342,0.282,3.64279436004967e-13,"11","ITPR2"
"P4HB",5.33654457311117e-17,0.346738170558873,0.537,0.51,1.50431854971431e-12,"11","P4HB"
"MCTP1",9.03541830869924e-17,0.908094205376895,0.328,0.296,2.54699406703923e-12,"11","MCTP1"
"RNF24",9.70144045555523e-17,0.301314547868072,0.242,0.182,2.73473905001646e-12,"11","RNF24"
"PICALM1",1.88808396189448e-16,0.486907572870059,0.565,0.558,5.32231988018435e-12,"11","PICALM"
"IVNS1ABP",3.56830051627056e-16,0.32686017236105,0.416,0.358,1.00586823253151e-11,"11","IVNS1ABP"
"QKI",4.1768701464086e-16,0.500148489953315,0.663,0.696,1.17741792557112e-11,"11","QKI"
"GATAD2A",4.32863279662525e-16,0.363984158785181,0.305,0.248,1.22019829904069e-11,"11","GATAD2A"
"ZFAND2A",5.8715758775343e-16,0.60039209430142,0.241,0.185,1.65513852411814e-11,"11","ZFAND2A"
"RYBP",2.46366956638104e-15,0.356425862397224,0.339,0.277,6.9448381406715e-11,"11","RYBP"
"RAB5C",3.84638215930815e-15,0.311666311092381,0.562,0.537,1.08425666688737e-10,"11","RAB5C"
"RIPK2",5.09794207803864e-15,0.378931873897024,0.296,0.245,1.43705889237831e-10,"11","RIPK2"
"CYTH1",2.07339058222712e-14,0.689426407411081,0.475,0.468,5.84468071224002e-10,"11","CYTH1"
"ACER3",2.47019710783835e-14,0.339303938898503,0.32,0.261,6.96323862728553e-10,"11","ACER3"
"JARID2",3.32971262529824e-14,0.818570504972546,0.407,0.38,9.38612691945321e-10,"11","JARID2"
"GNAS",3.39766208755603e-14,0.315005652121727,0.783,0.81,9.57766965861169e-10,"11","GNAS"
"RUNX3",3.70658577304671e-14,0.38284314592047,0.339,0.286,1.04484946356414e-09,"11","RUNX3"
"UQCRQ",4.07431420269192e-14,0.32467144963091,0.624,0.618,1.14850843059683e-09,"11","UQCRQ"
"HPCAL1",5.35278367445224e-14,0.312155478546395,0.292,0.238,1.50889618999134e-09,"11","HPCAL1"
"MYO9B",9.16521977695618e-14,0.52785320731464,0.483,0.472,2.58358380292618e-09,"11","MYO9B"
"TAOK3",1.1470191067852e-13,0.498134991614146,0.547,0.541,3.2333321601168e-09,"11","TAOK3"
"MFSD12",1.22982924033518e-13,0.333820601977418,0.27,0.219,3.46676564558083e-09,"11","MFSD12"
"TNFAIP3",2.49497543967377e-13,1.01292232580851,0.489,0.489,7.03308626689639e-09,"11","TNFAIP3"
"RNF144B",5.58958184795362e-13,0.601553139323718,0.328,0.292,1.57564722711964e-08,"11","RNF144B"
"HSPA9",8.87710271722444e-13,0.3953480603471,0.413,0.372,2.5023664849584e-08,"11","HSPA9"
"ABI1",1.71261686431049e-12,0.303428435115987,0.425,0.383,4.82769567880484e-08,"11","ABI1"
"METRNL",1.924934661625e-12,0.353159229215289,0.454,0.424,5.42619831765472e-08,"11","METRNL"
"HIF1A1",2.58239020578427e-12,0.38223986544623,0.629,0.625,7.27949975108528e-08,"11","HIF1A"
"LIPA1",3.1421411687811e-12,0.61509919071087,0.349,0.325,8.85738174067704e-08,"11","LIPA"
"CEBPB",3.19698751314833e-12,0.468179493953008,0.71,0.767,9.01198810081383e-08,"11","CEBPB"
"RCOR1",3.5459540926193e-12,0.497186085386873,0.333,0.299,9.99568999168454e-08,"11","RCOR1"
"IL1B",6.62959276789864e-12,1.79919078150337,0.416,0.405,1.86881590534295e-07,"11","IL1B"
"FOSL2",6.73968607645687e-12,0.391363377367421,0.434,0.406,1.89985010809243e-07,"11","FOSL2"
"KDM6B",7.24115817702462e-12,0.560298951051678,0.389,0.376,2.04121007852147e-07,"11","KDM6B"
"SLC2A31",8.43428563052005e-12,0.694454287125535,0.513,0.485,2.3775407763873e-07,"11","SLC2A3"
"EMILIN2",1.48130195789879e-11,0.319929351095493,0.503,0.476,4.17564208912091e-07,"11","EMILIN2"
"PEPD",6.89183210691905e-11,0.313003563443856,0.297,0.253,1.94273855261941e-06,"11","PEPD"
"IFNGR1",7.82423306666012e-11,0.310555890032522,0.53,0.503,2.20557305916082e-06,"11","IFNGR1"
"SERINC5",7.9133005587593e-11,0.398348236655718,0.271,0.228,2.23068029450866e-06,"11","SERINC5"
"FAM49A",9.72306294954471e-11,0.454071260711356,0.394,0.384,2.74083421484716e-06,"11","FAM49A"
"COPA",1.15098263778342e-10,0.300780285363779,0.44,0.412,3.24450495764768e-06,"11","COPA"
"FOXN3",1.24953871359608e-10,0.416077815061237,0.466,0.456,3.52232467975599e-06,"11","FOXN3"
"NR4A2",1.49306392731485e-10,1.07649916241608,0.443,0.474,4.20879790470782e-06,"11","NR4A2"
"C5AR1",1.56866517216084e-10,0.644070855687454,0.522,0.524,4.42191025380418e-06,"11","C5AR1"
"SEC61G",2.62988573185533e-10,0.342088155401225,0.61,0.626,7.41338488952699e-06,"11","SEC61G"
"UVRAG",1.69168642718629e-09,0.328141994727618,0.295,0.262,4.76869486959543e-05,"11","UVRAG"
"HERPUD1",8.16118117406003e-09,0.385458101595439,0.614,0.621,0.000230055536115578,"11","HERPUD1"
"CD44",8.50150175214433e-09,0.601102417703455,0.79,0.85,0.000239648832891196,"11","CD44"
"KMT2E",1.00647233740246e-08,0.356551748970312,0.547,0.55,0.000283714487190379,"11","KMT2E"
"DENND5A",6.57666809007792e-08,0.350936782702835,0.302,0.272,0.00185389696791206,"11","DENND5A"
"WSB1",1.14429006472777e-07,0.379686009031315,0.623,0.632,0.0032256392634611,"11","WSB1"
"CHD2",1.19062747328177e-07,0.44546111871616,0.416,0.414,0.00335625978443397,"11","CHD2"
"HLA-DRB5",6.43149646979171e-07,0.663738620729702,0.498,0.489,0.0181297453986959,"11","HLA-DRB5"
"PLEK",7.12224929876288e-07,0.3208302414088,0.593,0.716,0.0200769085482827,"11","PLEK"
"MEF2A",1.01384151322048e-06,0.315049677478108,0.414,0.393,0.0285791784161722,"11","MEF2A"
"TIAM1",1.85476416556619e-06,0.456907902622271,0.26,0.234,0.0522839470631453,"11","TIAM1"
"UBC",5.03603722561547e-06,0.44352472004237,0.928,0.958,0.141960853352875,"11","UBC"
"MANBA",5.22692179404153e-06,0.321399432478103,0.33,0.309,0.147341698452237,"11","MANBA"
"SLC8A1",5.69127290630384e-06,0.419574765865966,0.372,0.361,0.160431291955799,"11","SLC8A1"
"INTS6",9.33319245893764e-06,0.528376074352852,0.346,0.324,0.263093362224993,"11","INTS6"
"EHD1",1.21741974715007e-05,0.41263802858082,0.247,0.226,0.343178452524133,"11","EHD1"
"ZMYM2",2.77238202831121e-05,0.34622273176289,0.354,0.343,0.781506769960648,"11","ZMYM2"
"SEMA4A",6.24989406588243e-05,0.312693910796463,0.285,0.26,1,"11","SEMA4A"
"PTGES3",8.3303996143571e-05,0.370928859799933,0.64,0.673,1,"11","PTGES3"
"SLC20A1",0.000107165454128212,0.465996094275674,0.303,0.282,1,"11","SLC20A1"
"PELI1",0.000438519205625529,0.533895880503102,0.307,0.295,1,"11","PELI1"
"GADD45GIP1",0.000803438212337254,0.310565373230518,0.371,0.394,1,"11","GADD45GIP1"
"CTSD1",0.00105837345690803,0.833508089324641,0.66,0.787,1,"11","CTSD"
"BCL2A1",0.00108221822272525,0.80474635078386,0.405,0.432,1,"11","BCL2A1"
"MAP4K4",0.00178444390864019,0.934497355674567,0.357,0.432,1,"11","MAP4K4"
"CMIP",0.0019245782315205,0.317187610360328,0.432,0.446,1,"11","CMIP"
"NFKBIA",0.00554672462748283,0.831870001010297,0.801,0.9,1,"11","NFKBIA"
"THBS12",0,2.30869217917663,0.631,0.16,0,"12","THBS1"
"G0S21",0,1.93927626841799,0.655,0.196,0,"12","G0S2"
"EREG1",0,1.7721552441929,0.514,0.151,0,"12","EREG"
"NAMPT",0,1.42161097914706,0.985,0.794,0,"12","NAMPT"
"GPR1831",0,1.39348497190404,0.662,0.262,0,"12","GPR183"
"PTGS21",0,1.3137501672573,0.489,0.173,0,"12","PTGS2"
"HBEGF",0,1.28941219667438,0.672,0.244,0,"12","HBEGF"
"PLAUR1",0,1.189114670581,0.774,0.448,0,"12","PLAUR"
"SAMSN11",0,1.13942625346546,0.663,0.322,0,"12","SAMSN1"
"HIF1A2",0,1.08282784167372,0.885,0.62,0,"12","HIF1A"
"SRGN1",0,1.02893820933747,0.996,0.956,0,"12","SRGN"
"GRASP",0,0.847362064110319,0.497,0.177,0,"12","GRASP"
"PFKFB31",0,0.838515357500825,0.495,0.183,0,"12","PFKFB3"
"OSM",0,0.751067760219782,0.334,0.076,0,"12","OSM"
"FTH11",0,0.645692294533299,1,0.999,0,"12","FTH1"
"CDKN1A2",7.8157091136393e-308,0.886198829063576,0.762,0.401,2.20317024204378e-303,"12","CDKN1A"
"IL1B1",1.3073250004016e-295,1.52862858950193,0.748,0.398,3.68521844363208e-291,"12","IL1B"
"PDE4B1",4.11392581716691e-293,0.954771746230352,0.536,0.223,1.15967454860118e-288,"12","PDE4B"
"BCL2A11",6.0719161804227e-292,1.20431936920068,0.755,0.424,1.71161245209936e-287,"12","BCL2A1"
"NLRP3",5.16559835075413e-273,0.879830656979569,0.618,0.287,1.45613051909408e-268,"12","NLRP3"
"CTB-61M7.21",1.14108068484059e-258,0.780063016461596,0.527,0.222,3.21659234249714e-254,"12","CTB-61M7.2"
"IER31",1.31842832201736e-256,1.13493689939089,0.832,0.521,3.71651759693474e-252,"12","IER3"
"SLC2A32",1.71118520733843e-256,1.01775677363374,0.793,0.479,4.8236599809663e-252,"12","SLC2A3"
"NR4A21",2.95310937594757e-253,0.861888491083069,0.783,0.466,8.32452001985861e-249,"12","NR4A2"
"GABARAPL1",6.60358460156967e-252,0.845676773251849,0.701,0.395,1.86148446333648e-247,"12","GABARAPL1"
"MAP3K81",6.03780844037712e-250,0.928839525202333,0.715,0.422,1.70199782125791e-245,"12","MAP3K8"
"CEBPD1",1.81843347576095e-248,0.868859928567877,0.909,0.74,5.12598212482254e-244,"12","CEBPD"
"NEAT11",3.84057814108544e-248,0.665664307421247,0.984,0.977,1.08262057219058e-243,"12","NEAT1"
"FOSL21",6.12537098526322e-247,0.861758349055762,0.694,0.4,1.72668082703585e-242,"12","FOSL2"
"CXCL82",3.7773349189335e-246,1.74167268032515,0.79,0.486,1.06479294029816e-241,"12","CXCL8"
"CEBPB1",1.37420794478798e-245,0.868136117351582,0.933,0.761,3.87375477556284e-241,"12","CEBPB"
"OLR1",9.56440329465189e-243,0.788612923302573,0.211,0.047,2.69610964472942e-238,"12","OLR1"
"MXD11",7.80837118692338e-242,0.970874976077569,0.7,0.403,2.20110175388183e-237,"12","MXD1"
"SGK11",5.48221643167473e-233,0.875690320655601,0.681,0.372,1.54538198992479e-228,"12","SGK1"
"ATF31",7.08283016885726e-231,0.770641925989331,0.558,0.264,1.99657899629917e-226,"12","ATF3"
"VEGFA1",2.86344136541145e-228,0.794195066598745,0.45,0.182,8.07175486495833e-224,"12","VEGFA"
"AREG1",1.93714496634626e-225,1.30190235807741,0.287,0.087,5.46061794563346e-221,"12","AREG"
"PPIF1",1.61618056126582e-220,0.907467237925072,0.563,0.283,4.55585138415223e-216,"12","PPIF"
"NR4A11",1.70274245557472e-215,0.750241007497518,0.555,0.267,4.79986070801958e-211,"12","NR4A1"
"THBD1",5.49470492457114e-209,0.566290720303701,0.218,0.055,1.54890237118736e-204,"12","THBD"
"SLC25A371",2.00102913414798e-208,0.895594232854416,0.619,0.347,5.64070102624974e-204,"12","SLC25A37"
"RNF144B1",5.52195849199284e-207,0.765232909571556,0.563,0.287,1.55658487930786e-202,"12","RNF144B"
"MCL11",3.49145679311708e-205,0.594650277282412,0.971,0.89,9.84206755411773e-201,"12","MCL1"
"SOD22",2.71576347668185e-203,1.22462082985415,0.926,0.758,7.65546566441847e-199,"12","SOD2"
"LAPTM51",1.07833219084724e-201,0.514932788713424,0.973,0.91,3.03971061277927e-197,"12","LAPTM5"
"JARID21",1.31879738142837e-199,0.706370311551613,0.65,0.375,3.71755793850842e-195,"12","JARID2"
"IVNS1ABP1",1.53565905210955e-197,0.809123620373418,0.627,0.354,4.32886930199161e-193,"12","IVNS1ABP"
"ACSL11",4.71970014696844e-196,0.756304168341418,0.562,0.284,1.33043627442893e-191,"12","ACSL1"
"ATP13A31",6.81201757067324e-189,0.843850603208379,0.461,0.213,1.92023963299708e-184,"12","ATP13A3"
"DUSP11",8.02329686789344e-188,0.534439770603768,0.986,0.944,2.26168715409048e-183,"12","DUSP1"
"CXCL21",8.04548328946654e-178,1.37175033200869,0.258,0.081,2.26794128446772e-173,"12","CXCL2"
"ELL21",1.68951487660678e-175,0.615796033964766,0.29,0.101,4.76257348566686e-171,"12","ELL2"
"CTNNB1",5.54064517762238e-175,0.704466767024979,0.734,0.498,1.56185246911997e-170,"12","CTNNB1"
"SOCS31",7.00170753141915e-175,0.670487086579304,0.542,0.277,1.97371133603174e-170,"12","SOCS3"
"TNFAIP31",3.61290819501147e-173,0.959670396784078,0.729,0.483,1.01844269109178e-168,"12","TNFAIP3"
"RILPL2",4.06765656588911e-173,0.708342074883852,0.766,0.544,1.14663170935848e-168,"12","RILPL2"
"GNA131",2.81887790805664e-169,0.652763603473851,0.572,0.323,7.94613493502087e-165,"12","GNA13"
"PHACTR1",1.08700987624429e-162,0.714498494200642,0.585,0.329,3.06417214014504e-158,"12","PHACTR1"
"DUSP21",3.79590327982833e-160,0.626450313011734,0.523,0.266,1.07002717555081e-155,"12","DUSP2"
"NFIL3",8.97645310766022e-160,0.610021997629498,0.512,0.269,2.53037236651834e-155,"12","NFIL3"
"SAT11",2.94039284905528e-159,0.635634591578111,0.995,0.959,8.28867340220192e-155,"12","SAT1"
"LYZ2",6.03306236820974e-158,0.480811960825731,0.982,0.972,1.70065995097464e-153,"12","LYZ"
"METRNL1",9.84070416095218e-157,0.621358960984801,0.657,0.42,2.77399609593081e-152,"12","METRNL"
"IRS21",5.40623501980938e-156,0.728312188121014,0.637,0.389,1.52396358973407e-151,"12","IRS2"
"ABCA11",6.3213759642088e-151,0.578606645521883,0.267,0.094,1.78193267055082e-146,"12","ABCA1"
"EAF1",3.09922252052193e-149,0.515311269970236,0.406,0.187,8.73639836309926e-145,"12","EAF1"
"JDP2",3.91052189559515e-149,0.607222922900852,0.533,0.299,1.10233701714932e-144,"12","JDP2"
"KDM6B1",4.43507770208455e-149,0.664732198995457,0.611,0.371,1.25020405344061e-144,"12","KDM6B"
"BCL3",3.97181795031919e-148,0.576741853517766,0.447,0.225,1.11961576201548e-143,"12","BCL3"
"NINJ11",1.25709936604929e-146,0.631023114207413,0.689,0.456,3.54363740295635e-142,"12","NINJ1"
"RAB201",3.11726769522456e-144,0.404406067566914,0.263,0.094,8.78726590606852e-140,"12","RAB20"
"PER1",6.74337336986845e-144,0.588017623710282,0.586,0.349,1.90088951923222e-139,"12","PER1"
"C5AR11",1.14252433865241e-143,0.868799003728533,0.743,0.519,3.22066185822729e-139,"12","C5AR1"
"RAB312",3.31012445395715e-142,0.601176886476285,0.786,0.59,9.3309098232598e-138,"12","RAB31"
"CD831",1.35378529109141e-135,0.634685385747609,0.683,0.43,3.81618535705756e-131,"12","CD83"
"PTPRE",5.06427659451877e-135,0.540320714725486,0.82,0.619,1.4275689292289e-130,"12","PTPRE"
"FCAR",4.20958908399637e-134,0.421351513132726,0.334,0.14,1.18664106688774e-129,"12","FCAR"
"RASGEF1B1",1.10372018979943e-133,0.583175439307036,0.437,0.221,3.11127684302562e-129,"12","RASGEF1B"
"CSRNP1",2.74279594119902e-128,0.536586535984949,0.518,0.298,7.73166747864592e-124,"12","CSRNP1"
"B3GNT51",7.77464996514118e-128,0.393756193645421,0.214,0.072,2.19159607867365e-123,"12","B3GNT5"
"SLC11A11",4.83089477793878e-124,0.577349578341257,0.787,0.579,1.36178092895316e-119,"12","SLC11A1"
"ID21",5.06667926356715e-124,0.63270413847394,0.867,0.731,1.42824621760694e-119,"12","ID2"
"TRIB1",9.33956998480101e-124,0.562290277634614,0.479,0.262,2.63273138301556e-119,"12","TRIB1"
"CD441",9.51173347367893e-124,0.518709943912338,0.951,0.846,2.68126254889535e-119,"12","CD44"
"AQP9",1.08446312618612e-123,0.792484191488152,0.339,0.151,3.05699310640606e-119,"12","AQP9"
"RIPK21",5.33830001485153e-123,0.547421526229993,0.449,0.242,1.5048133911865e-118,"12","RIPK2"
"CD551",3.48396557543291e-122,0.600302851112087,0.766,0.573,9.82095056058784e-118,"12","CD55"
"UBE2D3",3.93330481471479e-121,0.445618691582413,0.923,0.823,1.10875929421995e-116,"12","UBE2D3"
"CLEC7A2",1.02039822555885e-119,0.518817754478942,0.868,0.717,2.87640055802783e-115,"12","CLEC7A"
"LUCAT1",1.03976285902177e-119,0.453673837641757,0.244,0.092,2.93098752329646e-115,"12","LUCAT1"
"TNFRSF1B1",6.08041125397019e-119,0.471452029051894,0.924,0.767,1.71400712838166e-114,"12","TNFRSF1B"
"FAM49A1",3.40367144222839e-115,0.570520882672588,0.581,0.38,9.59460942849762e-111,"12","FAM49A"
"NFE2L21",8.41430508020548e-115,0.675007530324102,0.609,0.404,2.37190845905912e-110,"12","NFE2L2"
"TREM11",2.21302144574658e-114,0.529136190672156,0.609,0.38,6.23828615341504e-110,"12","TREM1"
"TMEM170B1",3.78939379783799e-113,0.54115652810559,0.587,0.376,1.06819221767255e-108,"12","TMEM170B"
"ICAM11",1.41980788125638e-111,0.624721365699978,0.407,0.214,4.00229643647361e-107,"12","ICAM1"
"ETS21",2.58784331398224e-109,0.630097692812213,0.54,0.338,7.29487151778453e-105,"12","ETS2"
"IRF2BP2",9.15687266227759e-108,0.534633509424767,0.767,0.589,2.58123083476943e-103,"12","IRF2BP2"
"LINC009361",8.71710720002909e-106,0.511004414192224,0.826,0.649,2.4572653486162e-101,"12","LINC00936"
"NFKBIA1",9.8841057451952e-106,0.623970658865863,0.963,0.895,2.78623056851308e-101,"12","NFKBIA"
"TLE3",9.20716984366784e-105,0.505513955231892,0.538,0.337,2.59540910723153e-100,"12","TLE3"
"GPX12",1.13181366932328e-103,0.427085788310169,0.912,0.828,3.19046955245539e-99,"12","GPX1"
"ATP2B1",7.38471856223446e-103,0.632440526295621,0.742,0.574,2.08167831550827e-98,"12","ATP2B1"
"MAFB1",1.26535517283355e-101,0.624997956268181,0.663,0.462,3.5669096967005e-97,"12","MAFB"
"ZFP361",3.11871552951483e-101,0.439709973370575,0.953,0.859,8.79134720614935e-97,"12","ZFP36"
"ICOSLG",2.95125374684055e-100,0.349999275316892,0.243,0.101,8.31928918696881e-96,"12","ICOSLG"
"UPP1",2.55062647654677e-98,0.55652182527169,0.611,0.432,7.1899609747377e-94,"12","UPP1"
"SLA",3.00071617673949e-98,0.537503458562865,0.51,0.32,8.45871883061095e-94,"12","SLA"
"ID1",1.21302068310588e-97,0.481109520490399,0.383,0.198,3.41938400360718e-93,"12","ID1"
"GPCPD11",2.18780454531e-97,0.484984839888656,0.727,0.537,6.16720223277436e-93,"12","GPCPD1"
"ASAH1",4.97105277144714e-96,0.423805038087853,0.864,0.727,1.40129006574323e-91,"12","ASAH1"
"SLC16A6",3.56719249137215e-95,0.397007312843103,0.294,0.137,1.0055558913929e-90,"12","SLC16A6"
"SCO2",2.72839549977428e-94,0.479229317118004,0.676,0.49,7.69107407431372e-90,"12","SCO2"
"SLC43A2",7.22715153063662e-94,0.491703808114833,0.602,0.417,2.03726174497116e-89,"12","SLC43A2"
"SKIL",1.87403445510646e-91,0.480712491571609,0.509,0.324,5.28271572549959e-87,"12","SKIL"
"FCGR2A1",4.15179481143967e-90,0.433264605544057,0.718,0.515,1.17034943939673e-85,"12","FCGR2A"
"CCL31",6.12036156661798e-90,0.63839166840559,0.532,0.32,1.72526872201394e-85,"12","CCL3"
"CHD1",2.75200588393918e-88,0.45411437432045,0.671,0.498,7.75762938623615e-84,"12","CHD1"
"VCAN1",2.20047588893491e-87,0.406842523475838,0.94,0.799,6.20292148331862e-83,"12","VCAN"
"FPR11",1.01111141982201e-86,0.445724029895635,0.733,0.528,2.85022198133628e-82,"12","FPR1"
"ARID5A",6.48361151987728e-86,0.398450228003635,0.372,0.208,1.82766525133821e-81,"12","ARID5A"
"CHMP1B",1.22833167907532e-85,0.517163157565136,0.727,0.573,3.46254417014542e-81,"12","CHMP1B"
"CTSB1",2.83470590391845e-85,0.415001952687642,0.849,0.711,7.99075247255571e-81,"12","CTSB"
"RGCC1",4.15712157150425e-85,0.524630945088388,0.353,0.188,1.17185099979133e-80,"12","RGCC"
"ANPEP2",5.836301835612e-85,0.448507988284826,0.479,0.293,1.64519512444067e-80,"12","ANPEP"
"KLF42",1.11112634247902e-84,0.412071724771494,0.889,0.756,3.13215404681411e-80,"12","KLF4"
"SDCBP2",1.80582742863338e-84,0.41683880624276,0.887,0.755,5.09044693857465e-80,"12","SDCBP"
"PNRC1",2.70566410888199e-84,0.457192598876156,0.975,0.892,7.62699655652744e-80,"12","PNRC1"
"B4GALT51",2.32462468840035e-83,0.490977562145195,0.328,0.176,6.55288453413175e-79,"12","B4GALT5"
"IRAK31",6.90961624282628e-83,0.4215704056021,0.71,0.525,1.9477517226903e-78,"12","IRAK3"
"RGS21",7.7496193493891e-82,0.475697827885039,0.869,0.732,2.18454019839929e-77,"12","RGS2"
"GLUL1",6.13069253872917e-81,0.478843067288222,0.732,0.56,1.72818091974237e-76,"12","GLUL"
"PIM31",1.20988957844914e-79,0.467885409426104,0.56,0.384,3.41055773269028e-75,"12","PIM3"
"RUNX11",3.2782160853278e-79,0.417295784707247,0.488,0.315,9.24096332293054e-75,"12","RUNX1"
"MT2A1",6.50941048485844e-78,0.943697136758068,0.653,0.507,1.83493772157675e-73,"12","MT2A"
"PDE4D",7.76237769673131e-78,0.304411515722605,0.21,0.091,2.18813664893159e-73,"12","PDE4D"
"ZNF3311",1.23555625949824e-77,0.57168567976129,0.233,0.107,3.48290953989959e-73,"12","ZNF331"
"PURB",1.54621558113295e-77,0.404933389111092,0.429,0.262,4.35862710165567e-73,"12","PURB"
"CD300E1",2.06449389140602e-75,0.415880855498081,0.633,0.453,5.81960183048444e-71,"12","CD300E"
"CSF3R1",4.68398854087072e-75,0.360396316141333,0.816,0.637,1.32036952978605e-70,"12","CSF3R"
"IFNGR11",2.70983391565916e-74,0.400008458529652,0.664,0.5,7.6387508248516e-70,"12","IFNGR1"
"PLK3",6.79644896254806e-74,0.387340591894213,0.48,0.306,1.91585099805267e-69,"12","PLK3"
"LITAF1",7.45598326817182e-74,0.56896301579046,0.698,0.548,2.10176712346495e-69,"12","LITAF"
"FOXO31",6.32472109672784e-73,0.436036218730839,0.467,0.298,1.78287562995661e-68,"12","FOXO3"
"APLP21",7.75957464758863e-73,0.335630247079566,0.913,0.812,2.18734649740876e-68,"12","APLP2"
"PELI11",1.02217373372062e-72,0.41788917731479,0.461,0.291,2.88140553798505e-68,"12","PELI1"
"REL1",2.07941219301891e-72,0.429987639688265,0.762,0.613,5.86165503090101e-68,"12","REL"
"CTD-3252C9.42",1.58074576519003e-71,0.492544020838008,0.701,0.536,4.45596423749417e-67,"12","CTD-3252C9.4"
"ODF3B",8.74399505950828e-71,0.398810548564979,0.486,0.321,2.46484476732479e-66,"12","ODF3B"
"DENND3",2.23115810782006e-69,0.358141039719838,0.446,0.283,6.28941159013397e-65,"12","DENND3"
"CD931",2.65315445362915e-69,0.410495967906643,0.649,0.469,7.47897708933521e-65,"12","CD93"
"MAPK61",5.94623832502772e-69,0.358248993416601,0.307,0.167,1.67618512144206e-64,"12","MAPK6"
"YBX31",8.6895384285945e-69,0.419737199661718,0.784,0.643,2.4494939876365e-64,"12","YBX3"
"SPAG91",3.14930055245648e-68,0.50455972023023,0.531,0.374,8.87756332731958e-64,"12","SPAG9"
"JMJD1C",3.60618956468898e-68,0.385412821708165,0.769,0.618,1.01654877639018e-63,"12","JMJD1C"
"PLSCR11",5.07501078668337e-68,0.393734846351284,0.565,0.398,1.43059479065818e-63,"12","PLSCR1"
"PPP1R15B",6.87910813662269e-68,0.423242863405488,0.584,0.417,1.93915179263257e-63,"12","PPP1R15B"
"GZF1",1.03626060616564e-67,0.328507995206548,0.235,0.114,2.92111502272032e-63,"12","GZF1"
"DDIT41",3.38102019719256e-67,0.460402235613683,0.405,0.248,9.53075783386609e-63,"12","DDIT4"
"PCBP1",4.34670285287749e-67,0.335621956093307,0.912,0.826,1.22529206719764e-62,"12","PCBP1"
"CLEC4E1",7.66842944019952e-67,0.309603954603714,0.46,0.28,2.16165357489784e-62,"12","CLEC4E"
"ETF1",2.4323275943724e-66,0.406508217384345,0.514,0.362,6.85648825577637e-62,"12","ETF1"
"STX11",2.97725143966462e-66,0.37059808022605,0.569,0.404,8.39257408327059e-62,"12","STX11"
"BASP11",3.32354424401444e-66,0.638629027650586,0.497,0.328,9.36873886945231e-62,"12","BASP1"
"NDEL1",3.57825973122022e-66,0.344036714606526,0.294,0.161,1.00867563563367e-61,"12","NDEL1"
"ZEB2",4.78339645874246e-66,0.402621825349903,0.9,0.808,1.34839162775491e-61,"12","ZEB2"
"PPP1CB",5.29471854654964e-66,0.397652850902274,0.747,0.618,1.49252821108688e-61,"12","PPP1CB"
"SPATA13",6.59024142060741e-66,0.368853676999902,0.332,0.191,1.85772315405502e-61,"12","SPATA13"
"QKI1",7.3446205368653e-65,0.343615762223389,0.813,0.693,2.07037508313696e-60,"12","QKI"
"FOSB1",8.04302894864924e-65,0.313916563514045,0.955,0.89,2.26724943033473e-60,"12","FOSB"
"ZFP36L12",8.78418434218276e-65,0.46985524413106,0.869,0.755,2.4761737242179e-60,"12","ZFP36L1"
"TNFAIP21",1.09495098048604e-64,0.435839656130723,0.782,0.651,3.08655731889209e-60,"12","TNFAIP2"
"ARL5B1",1.08467092038048e-63,0.476605195387446,0.349,0.207,3.05757885746054e-59,"12","ARL5B"
"SMAD3",2.1820869778596e-63,0.318401206313268,0.273,0.145,6.15108498188844e-59,"12","SMAD3"
"RASSF5",8.25813149531305e-63,0.346418595373691,0.57,0.412,2.3278846872138e-58,"12","RASSF5"
"CARD19",2.83102518783654e-62,0.377418602061306,0.455,0.307,7.98037690199243e-58,"12","CARD19"
"UBALD2",6.68253526336622e-62,0.364878606079611,0.598,0.448,1.8837398653903e-57,"12","UBALD2"
"ATP1B31",1.04236524713054e-61,0.558238454891124,0.606,0.465,2.93832339513627e-57,"12","ATP1B3"
"VAPA",1.89806710382373e-61,0.383322840979981,0.757,0.65,5.35046135896872e-57,"12","VAPA"
"MEF2D",2.26503801910077e-61,0.312959323204729,0.391,0.243,6.38491567204317e-57,"12","MEF2D"
"MIDN",5.07163017092685e-61,0.365279079295201,0.779,0.647,1.42964182888257e-56,"12","MIDN"
"BTG11",2.94967509128602e-60,0.360807301036616,0.964,0.918,8.31483911482616e-56,"12","BTG1"
"BNIP3L",1.38532038036711e-59,0.378547926592044,0.724,0.589,3.90507962021684e-55,"12","BNIP3L"
"SH3BP51",3.2560497134728e-59,0.434733764813374,0.405,0.26,9.17847853730849e-55,"12","SH3BP5"
"IL1RN1",2.38763866488706e-58,0.707907617184853,0.309,0.178,6.73051463245014e-54,"12","IL1RN"
"CHSY11",2.48444925208664e-58,0.348250926459787,0.254,0.135,7.00341399670702e-54,"12","CHSY1"
"ZBTB43",6.50276770845266e-58,0.353230244902183,0.321,0.191,1.83306518933572e-53,"12","ZBTB43"
"CKAP41",7.99776689033844e-58,0.337316851383679,0.455,0.297,2.2544905087175e-53,"12","CKAP4"
"CXCL161",1.68042015899062e-57,0.345964305393538,0.436,0.284,4.73693638617867e-53,"12","CXCL16"
"GRINA",2.92966277846433e-57,0.337816063986695,0.641,0.494,8.2584264062131e-53,"12","GRINA"
"ZFAND5",3.35926335119196e-57,0.333682520753384,0.821,0.704,9.46942746067503e-53,"12","ZFAND5"
"PLEK1",8.58646508931076e-57,0.565244257986468,0.819,0.71,2.42043864402581e-52,"12","PLEK"
"MIR22HG",1.03064206874312e-56,0.344019176345689,0.376,0.238,2.90527692757998e-52,"12","MIR22HG"
"TLR21",2.63793515143309e-56,0.397053751956821,0.511,0.365,7.43607539837473e-52,"12","TLR2"
"AGFG11",2.907731194518e-54,0.356325020956811,0.56,0.421,8.19660346422679e-50,"12","AGFG1"
"NRIP1",1.06697942000345e-52,0.361520412775616,0.441,0.304,3.00770828704772e-48,"12","NRIP1"
"RAB1A1",3.57663877576406e-52,0.369887377708402,0.488,0.355,1.00821870450013e-47,"12","RAB1A"
"ANKRD28",8.6700626334202e-52,0.327431742493283,0.393,0.252,2.44400395573482e-47,"12","ANKRD28"
"LDLR",8.98767813608336e-52,0.311764839389673,0.24,0.129,2.53353658978054e-47,"12","LDLR"
"MAP3K2",2.64503916625431e-51,0.32449390995312,0.655,0.524,7.45610090575428e-47,"12","MAP3K2"
"BCL6",1.26198529648712e-50,0.334414494088809,0.405,0.266,3.55741035226753e-46,"12","BCL6"
"ITGAX",1.86043453429354e-49,0.352822384786426,0.563,0.414,5.24437890872005e-45,"12","ITGAX"
"PLIN21",2.10144968943361e-49,0.604000007618492,0.429,0.298,5.9237765295444e-45,"12","PLIN2"
"YPEL5",2.41117991754357e-49,0.357076799430758,0.756,0.648,6.79687506956356e-45,"12","YPEL5"
"INSIG11",4.04099729490551e-49,0.701371198996148,0.353,0.229,1.13911672746091e-44,"12","INSIG1"
"DNAJB61",5.38227255603906e-49,0.368887056359002,0.639,0.51,1.51720881082185e-44,"12","DNAJB6"
"ARL4C1",2.44852912672718e-48,0.391302050105831,0.572,0.426,6.90215875533124e-44,"12","ARL4C"
"EPB41L31",3.05189661345021e-48,0.365043104465871,0.374,0.247,8.6029913636548e-44,"12","EPB41L3"
"ZFHX3",3.60825061195722e-48,0.303203465038258,0.503,0.36,1.01712976500462e-43,"12","ZFHX3"
"NXT1",3.67338564999266e-48,0.310169722049448,0.325,0.207,1.03549068087643e-43,"12","NXT1"
"KLF9",3.99960557258446e-48,0.312660510294494,0.343,0.22,1.12744881485583e-43,"12","KLF9"
"CXCR41",1.29917799771724e-47,0.46271009160458,0.638,0.488,3.66225285776513e-43,"12","CXCR4"
"NFKBID1",6.43248877845206e-47,0.345182803234046,0.304,0.188,1.81325426175785e-42,"12","NFKBID"
"TIMP11",1.88962445792808e-46,0.482986309523949,0.81,0.688,5.32666238445347e-42,"12","TIMP1"
"MAP2K3",1.56389527862716e-45,0.362534165215279,0.593,0.466,4.40846440092211e-41,"12","MAP2K3"
"PTK2B",3.4314974297502e-44,0.345136809711996,0.501,0.374,9.67304810472285e-40,"12","PTK2B"
"SIRPA1",3.5190234096084e-44,0.313800159398433,0.443,0.314,9.91977508934511e-40,"12","SIRPA"
"ZNF281",4.75884245842327e-44,0.346672531435802,0.33,0.216,1.34147010060494e-39,"12","ZNF281"
"KLF61",7.46218666766316e-44,0.311744255565603,0.937,0.9,2.10351579974757e-39,"12","KLF6"
"OTUD1",2.07095014210724e-43,0.341512679885003,0.417,0.293,5.8378013555861e-39,"12","OTUD1"
"BHLHE401",2.64262442777979e-43,0.34642771834661,0.374,0.254,7.44929399946845e-39,"12","BHLHE40"
"PPP1R15A",2.20406984038665e-42,0.337662787325229,0.864,0.784,6.21305247306592e-38,"12","PPP1R15A"
"LPCAT1",8.86023057820074e-42,0.306311096745748,0.308,0.196,2.49761039768901e-37,"12","LPCAT1"
"AZIN1",1.00916286333121e-41,0.354995057566803,0.439,0.32,2.84472919544435e-37,"12","AZIN1"
"RANBP21",2.7379197130813e-41,0.390369357090873,0.42,0.303,7.71792187920487e-37,"12","RANBP2"
"WTAP",4.93778474513077e-41,0.378610011428921,0.553,0.443,1.39191214180491e-36,"12","WTAP"
"KYNU1",1.09707708704176e-39,0.364056074032794,0.423,0.303,3.09255060066202e-35,"12","KYNU"
"CPD1",2.04539296462082e-39,0.347633353884364,0.394,0.272,5.76575822796964e-35,"12","CPD"
"AHR1",6.134621209642e-39,0.303195010608424,0.585,0.461,1.72928837278598e-34,"12","AHR"
"MAFF1",3.27083222825765e-38,0.334418768119731,0.251,0.151,9.22014896823549e-34,"12","MAFF"
"GK1",6.52350496240856e-38,0.592148977741179,0.237,0.143,1.83891081385335e-33,"12","GK"
"RNF149",8.53352393220363e-38,0.338165561446366,0.679,0.561,2.40551506124888e-33,"12","RNF149"
"DSE1",1.71490641016595e-34,0.327843096133134,0.36,0.256,4.83414967961679e-30,"12","DSE"
"EHD11",1.3362220924469e-33,0.419200771996705,0.322,0.224,3.76667645639856e-29,"12","EHD1"
"EIF4E1",2.05085675010896e-33,0.31880967600624,0.33,0.233,5.78116009288214e-29,"12","EIF4E"
"SYAP11",7.1508833851568e-33,0.357019564749738,0.421,0.318,2.01576251744185e-28,"12","SYAP1"
"LMNA1",1.3140074010813e-30,0.386011545571681,0.257,0.164,3.70405546290806e-26,"12","LMNA"
"SIPA1L11",3.75608718322359e-30,0.326945152716813,0.327,0.229,1.0588034160789e-25,"12","SIPA1L1"
"TFRC1",2.91638365936011e-27,0.348196417350042,0.301,0.214,8.2209938973702e-23,"12","TFRC"
"TAGAP",8.50545238798282e-27,0.315931405947051,0.402,0.302,2.39760197364848e-22,"12","TAGAP"
"PNPLA8",8.72903017804736e-27,0.308278162257432,0.463,0.368,2.46062631688977e-22,"12","PNPLA8"
"SERPINB91",4.97012877185071e-18,0.473030854338197,0.351,0.279,1.401029599497e-13,"12","SERPINB9"
"FNDC3B1",2.03126524926959e-14,0.33213867298852,0.369,0.3,5.72593361116604e-10,"12","FNDC3B"
"NFKB11",6.53269827781493e-14,0.385525205137445,0.416,0.352,1.84150231753325e-09,"12","NFKB1"
"FCGR3A",0,2.0103770694945,0.957,0.217,0,"13","FCGR3A"
"CDKN1C",0,1.80273082692568,0.868,0.132,0,"13","CDKN1C"
"LYPD2",0,1.3591426373373,0.316,0.031,0,"13","LYPD2"
"IL7R1",0,1.16956949104914,0.694,0.219,0,"13","IL7R"
"TCF7L2",0,1.13994379822029,0.815,0.207,0,"13","TCF7L2"
"RHOC",0,1.11649131342981,0.803,0.253,0,"13","RHOC"
"IFITM31",0,1.10054027545226,0.906,0.486,0,"13","IFITM3"
"IFITM2",0,1.09662555030793,0.969,0.715,0,"13","IFITM2"
"HES4",0,1.07550579793305,0.685,0.123,0,"13","HES4"
"MS4A71",0,1.05494744581043,0.907,0.507,0,"13","MS4A7"
"LTB1",0,1.04860082009896,0.82,0.351,0,"13","LTB"
"LINC01272",0,1.03097053934338,0.867,0.375,0,"13","LINC01272"
"IL32",0,1.00554688848189,0.782,0.244,0,"13","IL32"
"LST1",0,0.991174702290314,0.989,0.889,0,"13","LST1"
"CD3D",0,0.919781608757544,0.715,0.185,0,"13","CD3D"
"CD3E",0,0.885244212491887,0.703,0.168,0,"13","CD3E"
"NAP1L1",0,0.885152577803207,0.966,0.828,0,"13","NAP1L1"
"MTSS11",0,0.88356982979447,0.772,0.251,0,"13","MTSS1"
"EVL1",0,0.880068716066711,0.818,0.323,0,"13","EVL"
"GZMA",0,0.857331437807192,0.471,0.124,0,"13","GZMA"
"CD3G",0,0.850804800637507,0.651,0.142,0,"13","CD3G"
"TRBC2",0,0.845865392067046,0.673,0.182,0,"13","TRBC2"
"TRAC",0,0.821298056614208,0.625,0.156,0,"13","TRAC"
"SPN",0,0.816328352317738,0.813,0.389,0,"13","SPN"
"RPS191",0,0.80430714669379,1,0.993,0,"13","RPS19"
"ETS11",0,0.79820873315538,0.72,0.197,0,"13","ETS1"
"SYNE2",0,0.735694623306455,0.63,0.156,0,"13","SYNE2"
"TRBC1",0,0.728417524228381,0.505,0.134,0,"13","TRBC1"
"PAG1",0,0.704797446003289,0.727,0.298,0,"13","PAG1"
"CKB",0,0.668572894287564,0.373,0.052,0,"13","CKB"
"TCF7",0,0.647219399540503,0.525,0.135,0,"13","TCF7"
"CD691",0,0.644566102895348,0.58,0.186,0,"13","CD69"
"CTSW",0,0.642906869745214,0.439,0.111,0,"13","CTSW"
"SIGLEC10",0,0.640192371379644,0.619,0.187,0,"13","SIGLEC10"
"CD2",0,0.636058437499468,0.571,0.157,0,"13","CD2"
"CD79B1",0,0.610278082960726,0.537,0.122,0,"13","CD79B"
"GZMM",0,0.598510629448474,0.492,0.114,0,"13","GZMM"
"CD7",0,0.551569803535973,0.528,0.149,0,"13","CD7"
"CD247",0,0.535669457964509,0.486,0.113,0,"13","CD247"
"BCL11B",0,0.528568380823988,0.447,0.099,0,"13","BCL11B"
"LCK",0,0.49672985494216,0.478,0.11,0,"13","LCK"
"RORA",0,0.495615737849446,0.457,0.111,0,"13","RORA"
"LBH1",0,0.450284285966206,0.4,0.098,0,"13","LBH"
"LEF1",0,0.41030599905798,0.305,0.061,0,"13","LEF1"
"LINC00861",0,0.407061973155838,0.367,0.078,0,"13","LINC00861"
"SPOCK2",0,0.392253587947319,0.405,0.099,0,"13","SPOCK2"
"CTSL1",0,0.389554113856262,0.409,0.101,0,"13","CTSL"
"ADA",0,0.38750082420074,0.367,0.087,0,"13","ADA"
"SKAP1",0,0.379011145874364,0.381,0.082,0,"13","SKAP1"
"PTP4A3",0,0.35746472779981,0.287,0.051,0,"13","PTP4A3"
"NEURL1",0,0.348160803093349,0.294,0.054,0,"13","NEURL1"
"SAMD3",0,0.347979458576339,0.317,0.069,0,"13","SAMD3"
"CAMK4",0,0.340796034893646,0.287,0.06,0,"13","CAMK4"
"CD96",0,0.333089306299391,0.319,0.072,0,"13","CD96"
"KLRD1",4.06240827587546e-307,0.562420602142483,0.336,0.08,1.14515226888653e-302,"13","KLRD1"
"RRAS",5.0821252059425e-303,0.627867734678943,0.654,0.257,1.43260027430313e-298,"13","RRAS"
"RASGRP1",1.78737188116423e-301,0.355062233339139,0.352,0.087,5.03842259581385e-297,"13","RASGRP1"
"TC2N",1.22737104481483e-299,0.340093644940166,0.292,0.065,3.45983623822852e-295,"13","TC2N"
"CYFIP2",1.19482357634406e-295,0.48205945080987,0.542,0.183,3.36808817935627e-291,"13","CYFIP2"
"MAL",1.03410941725306e-289,0.322335605181436,0.247,0.049,2.91505103629464e-285,"13","MAL"
"LAT",2.05224665418552e-288,0.337376774216241,0.388,0.105,5.78507809348357e-284,"13","LAT"
"C1QA1",5.94762270682194e-287,0.47666067047657,0.284,0.062,1.67657536482604e-282,"13","C1QA"
"ABI3",5.3511263394535e-285,0.532396895395755,0.616,0.23,1.50842900382855e-280,"13","ABI3"
"CCL5",1.79145483646776e-283,1.20405579299098,0.593,0.241,5.04993203851896e-279,"13","CCL5"
"CD27",3.12832603217069e-282,0.339347142895638,0.289,0.066,8.81843825208596e-278,"13","CD27"
"PYHIN1",4.03357384501923e-279,0.327064428489803,0.283,0.063,1.13702413117247e-274,"13","PYHIN1"
"NKG7",6.81491841383081e-279,1.24110492750738,0.651,0.291,1.92105735167477e-274,"13","NKG7"
"ITM2A",8.36059086315454e-270,0.330923061411532,0.303,0.073,2.35676695841463e-265,"13","ITM2A"
"SYTL1",5.40196629746182e-263,0.471786076655251,0.548,0.197,1.52276027959151e-258,"13","SYTL1"
"PIK3IP1",1.19494040476427e-257,0.445291305538666,0.514,0.18,3.36841750699001e-253,"13","PIK3IP1"
"RPS271",4.69410205460016e-250,0.46887165697845,1,0.997,1.32322042817124e-245,"13","RPS27"
"DRAP1",1.86284620503318e-248,0.692347728140236,0.879,0.581,5.25117716736802e-244,"13","DRAP1"
"PRF1",1.97936985259103e-248,0.522460829034632,0.318,0.083,5.57964567746886e-244,"13","PRF1"
"MALAT11",3.32537600164001e-248,0.637472587320881,1,0.99,9.37390241102301e-244,"13","MALAT1"
"CLEC2D1",6.87279439071141e-248,0.426358575118366,0.518,0.185,1.93737201079764e-243,"13","CLEC2D"
"TSTD11",2.60913705534046e-247,0.453566617547871,0.547,0.205,7.35489644529923e-243,"13","TSTD1"
"MS4A4A1",2.69815764564916e-246,0.327446410478093,0.314,0.081,7.6058365873204e-242,"13","MS4A4A"
"SLFN5",3.45657979838035e-246,0.49770702834265,0.563,0.217,9.74375279365436e-242,"13","SLFN5"
"FGFBP2",1.66051289440382e-245,0.637601726084239,0.298,0.076,4.68081979803492e-241,"13","FGFBP2"
"OXNAD1",3.8277956577481e-244,0.341778230745294,0.302,0.078,1.07901731796261e-239,"13","OXNAD1"
"B2M",1.31345257209284e-243,0.316138644145346,1,1,3.70249145547252e-239,"13","B2M"
"CD8B",1.18325874130737e-241,0.42936312343834,0.245,0.055,3.33548806587135e-237,"13","CD8B"
"FAM110A",2.62669923836476e-237,0.434902236727643,0.5,0.178,7.40440248302643e-233,"13","FAM110A"
"AIF11",4.35132545950066e-233,0.564929150165834,0.995,0.907,1.22659513377864e-228,"13","AIF1"
"LY6E",1.26874770356536e-231,0.686104204911473,0.852,0.485,3.5764729015804e-227,"13","LY6E"
"KLRB1",3.95447781257375e-230,0.631209328249088,0.331,0.095,1.11472775058641e-225,"13","KLRB1"
"TBC1D10C1",8.94700562624718e-230,0.455386659705344,0.589,0.239,2.52207141598282e-225,"13","TBC1D10C"
"GZMH",3.2980874351678e-229,0.668752098031165,0.323,0.092,9.29697867099451e-225,"13","GZMH"
"CSF1R1",4.66100650359449e-228,0.603255119098181,0.765,0.383,1.31389112329825e-223,"13","CSF1R"
"PHTF2",1.08075596800022e-225,0.380939661523453,0.457,0.157,3.04654299819583e-221,"13","PHTF2"
"BATF3",1.95654661364232e-225,0.380838301541715,0.364,0.111,5.51530924919632e-221,"13","BATF3"
"PPM1N",1.67106069507125e-224,0.339314784284738,0.255,0.062,4.71055299333634e-220,"13","PPM1N"
"SOD1",3.88966204926809e-222,0.62197781213096,0.827,0.487,1.09645683506818e-217,"13","SOD1"
"ZNF703",7.8163466802659e-221,0.357988591505496,0.387,0.12,2.20334996570015e-216,"13","ZNF703"
"HLA-E",1.66168152279298e-219,0.492520561186349,0.989,0.944,4.68411404460114e-215,"13","HLA-E"
"ITGAL",2.90007232125902e-218,0.583687176974552,0.771,0.401,8.17501386639706e-214,"13","ITGAL"
"ICAM2",1.29140983943319e-217,0.43552862741042,0.57,0.228,3.64035519637822e-213,"13","ICAM2"
"RPS31",9.14077525555289e-215,0.421197135435428,1,0.987,2.5766931367878e-210,"13","RPS3"
"CD8A",4.23257684686029e-212,0.301394343985864,0.236,0.056,1.19312108736145e-207,"13","CD8A"
"NACA",2.6241384908107e-211,0.424164728279962,0.994,0.975,7.39718399174628e-207,"13","NACA"
"PTPRC",1.10492132163253e-209,0.532179882886224,0.987,0.928,3.11466271354994e-205,"13","PTPRC"
"IL2RG1",1.51340107160444e-204,0.464251962726646,0.68,0.317,4.26612628074576e-200,"13","IL2RG"
"RPS121",2.78353816713793e-204,0.401389576190972,1,0.997,7.84651573934511e-200,"13","RPS12"
"CALM1",4.01080043352587e-204,0.531583317195987,0.976,0.877,1.13060453420661e-199,"13","CALM1"
"HOPX",2.70947744645323e-202,0.375709613671776,0.308,0.09,7.63774597380701e-198,"13","HOPX"
"CHST2",3.83320328580733e-201,0.357564530475185,0.335,0.105,1.08054167423623e-196,"13","CHST2"
"ISG201",4.74462823689871e-201,0.340601512264706,0.529,0.208,1.33746325369938e-196,"13","ISG20"
"GIMAP7",5.43923716009232e-200,0.50746336403628,0.688,0.325,1.53326656305842e-195,"13","GIMAP7"
"PLAC8",5.54708327052223e-200,0.605837040143527,0.81,0.449,1.56366730312751e-195,"13","PLAC8"
"RARRES3",9.51844128188636e-199,0.510985174446321,0.681,0.329,2.68315341295095e-194,"13","RARRES3"
"LYN",1.19383042974118e-198,0.603093515579443,0.926,0.734,3.36528859839742e-194,"13","LYN"
"CD521",2.69990975929443e-197,0.620382489105227,0.976,0.816,7.61077562047507e-193,"13","CD52"
"RP11-362F19.1",1.56562051263623e-196,0.301835697305487,0.293,0.083,4.41332766307026e-192,"13","RP11-362F19.1"
"RPL141",7.13620859566433e-196,0.402109047928418,0.997,0.979,2.01162584103182e-191,"13","RPL14"
"FAM26F",7.62589514461047e-196,0.608171783492962,0.74,0.388,2.14966358231425e-191,"13","FAM26F"
"TRGC2",1.17140616131898e-195,0.306502880612265,0.209,0.048,3.30207682814207e-191,"13","TRGC2"
"SLC38A11",1.46121375903666e-193,0.31916510774943,0.435,0.157,4.11901546534845e-189,"13","SLC38A1"
"SLC44A2",5.2411449828638e-193,0.338099083701519,0.437,0.157,1.47742635921948e-188,"13","SLC44A2"
"RPL101",4.73448460652522e-192,0.347663793445976,1,0.998,1.33460386573339e-187,"13","RPL10"
"KLF3",5.31392243281341e-191,0.561124769833773,0.811,0.482,1.49794159458577e-186,"13","KLF3"
"STK17A1",1.55693705082628e-190,0.350968389905084,0.478,0.186,4.3888498525742e-186,"13","STK17A"
"RPS27A1",2.03714404612571e-189,0.364564070493619,0.999,0.995,5.74250535162376e-185,"13","RPS27A"
"CDH23",2.94571570339168e-188,0.338521571050483,0.364,0.12,8.30367799629079e-184,"13","CDH23"
"PHF19",5.57291862146462e-188,0.334714396976877,0.395,0.137,1.57095003020466e-183,"13","PHF19"
"LRRC25",3.95972458828773e-186,0.53944049893625,0.784,0.436,1.11620676419243e-181,"13","LRRC25"
"HMOX11",4.93708355434946e-183,0.533855329455807,0.713,0.366,1.39171448313557e-178,"13","HMOX1"
"CST71",1.32785782721505e-180,0.426476010050426,0.443,0.168,3.7430984291365e-176,"13","CST7"
"CX3CR1",4.55974361362433e-180,0.515004339426483,0.568,0.255,1.28534612724456e-175,"13","CX3CR1"
"KLF21",1.09761529663776e-176,0.546883437278298,0.957,0.797,3.09406775969218e-172,"13","KLF2"
"GBP4",4.21395893556421e-174,0.375189899333821,0.489,0.198,1.1878728843462e-169,"13","GBP4"
"SEPT61",6.60587618175383e-174,0.459180431833955,0.686,0.345,1.86213043687459e-169,"13","SEPT6"
"TMC6",1.95526517408975e-172,0.412531708214992,0.625,0.294,5.51169699924161e-168,"13","TMC6"
"RUNX31",6.9477204682307e-172,0.446559426178346,0.597,0.281,1.95849292278955e-167,"13","RUNX3"
"LEPROTL1",1.04809715445463e-171,0.455581598663663,0.697,0.363,2.95448106869216e-167,"13","LEPROTL1"
"C5orf56",6.85784481721709e-170,0.301759066109184,0.378,0.134,1.93315787552533e-165,"13","C5orf56"
"SPON2",3.70197081851714e-169,0.330456024536598,0.224,0.06,1.0435485540318e-164,"13","SPON2"
"RPL301",4.42971356812468e-169,0.342400105339532,0.999,0.995,1.24869195771867e-164,"13","RPL30"
"FCER1G1",1.09123457834794e-166,0.535984617691257,0.974,0.872,3.076081152905e-162,"13","FCER1G"
"PECAM1",8.82809992899641e-166,0.588419231314968,0.878,0.607,2.4885530889848e-161,"13","PECAM1"
"CCDC88C",4.6728934628748e-165,0.374503386796519,0.534,0.233,1.31724193824978e-160,"13","CCDC88C"
"CIRBP1",1.37589978317351e-164,0.513149937684013,0.91,0.682,3.87852389878781e-160,"13","CIRBP"
"RPS4X1",4.11145001118036e-164,0.377138598733805,0.998,0.984,1.15897664365163e-159,"13","RPS4X"
"SLC2A6",7.83393962189011e-164,0.404264805341458,0.534,0.234,2.2083092400146e-159,"13","SLC2A6"
"BIN2",9.75108367243448e-162,0.494449948330914,0.82,0.502,2.74873297642256e-157,"13","BIN2"
"SIDT2",1.50172537023974e-161,0.351744951307211,0.453,0.182,4.2332136461688e-157,"13","SIDT2"
"CTSC1",1.63110740013893e-161,0.475685051905024,0.824,0.529,4.59792865025162e-157,"13","CTSC"
"GNLY",2.57690961869586e-160,1.33727344179973,0.525,0.268,7.26405052414177e-156,"13","GNLY"
"ITGA4",2.66578831410061e-159,0.512812221050434,0.786,0.464,7.5145906786182e-155,"13","ITGA4"
"RPSA1",1.03465116600206e-156,0.426201629261587,0.985,0.93,2.9165781718432e-152,"13","RPSA"
"ARAP2",4.61027251034459e-155,0.409127252648748,0.561,0.259,1.29958971794104e-150,"13","ARAP2"
"PIK3R1",1.16055982668391e-154,0.480971902352701,0.685,0.364,3.27150209543928e-150,"13","PIK3R1"
"CD47",8.63260448626084e-154,0.441886405428689,0.719,0.4,2.43344487863207e-149,"13","CD47"
"UNC119",9.28964419408602e-154,0.41675014461725,0.586,0.281,2.61865780187091e-149,"13","UNC119"
"UTRN",1.81402039681503e-153,0.521953341405221,0.851,0.548,5.11354209658188e-149,"13","UTRN"
"LILRB1",3.17912811226226e-151,0.445034050711984,0.692,0.362,8.96164423565607e-147,"13","LILRB1"
"EML4",1.35577202696234e-150,0.384757779798267,0.579,0.278,3.82178576680413e-146,"13","EML4"
"WARS",6.60292810670806e-150,0.518147156932671,0.821,0.512,1.86129940399994e-145,"13","WARS"
"LILRB2",1.63254232739769e-147,0.513959666559282,0.833,0.534,4.60197356670135e-143,"13","LILRB2"
"RPL31",9.96754553444945e-147,0.338849203703269,0.997,0.984,2.80975141070595e-142,"13","RPL3"
"GNG2",1.18616843379609e-145,0.409835521109899,0.654,0.34,3.34369019802779e-141,"13","GNG2"
"RPS291",1.60947801695399e-144,0.352060881884069,0.999,0.991,4.53695758199161e-140,"13","RPS29"
"DDX241",7.41673255120884e-144,0.448210374919125,0.795,0.487,2.09070273886026e-139,"13","DDX24"
"COTL1",2.96215048968415e-141,0.395595912164271,0.987,0.927,8.35000601537064e-137,"13","COTL1"
"BTN3A2",1.44435265598419e-140,0.334090250399421,0.521,0.241,4.07148570195383e-136,"13","BTN3A2"
"SAT12",1.54302475715036e-140,0.373556903063295,0.993,0.959,4.34963248793116e-136,"13","SAT1"
"RPS251",1.01730362437856e-138,0.338364274636239,0.997,0.983,2.86767718676074e-134,"13","RPS25"
"ITGB1",5.3027417813785e-137,0.5235245668601,0.829,0.563,1.49478988075279e-132,"13","ITGB1"
"RPS51",8.25601002803027e-137,0.390901743198631,0.989,0.935,2.32728666680145e-132,"13","RPS5"
"TMPO",1.43036133753515e-136,0.456999029900655,0.77,0.469,4.03204557437783e-132,"13","TMPO"
"HN1",4.5562521366145e-136,0.40208334569698,0.729,0.404,1.28436191479026e-131,"13","HN1"
"RPS15A1",5.54139606943554e-134,0.330108439488354,0.998,0.991,1.56206413801319e-129,"13","RPS15A"
"RNASET2",8.46920538149457e-133,0.460854380732175,0.909,0.691,2.38738430498951e-128,"13","RNASET2"
"TSPAN14",1.16697949940655e-132,0.397057024664153,0.656,0.35,3.28959851087713e-128,"13","TSPAN14"
"C9orf78",2.05625123429465e-132,0.438440839660059,0.761,0.464,5.7963666043532e-128,"13","C9orf78"
"CLEC2B",1.03316095422613e-131,0.419548747285801,0.793,0.475,2.91237741386803e-127,"13","CLEC2B"
"EEF1B21",1.15822316408897e-131,0.406610804379931,0.982,0.902,3.26491527725041e-127,"13","EEF1B2"
"KCNQ1OT1",1.72678439445701e-131,0.346237579865488,0.324,0.124,4.86763252953487e-127,"13","KCNQ1OT1"
"S1PR4",1.87982546135667e-130,0.36110418435539,0.591,0.299,5.29903999301833e-126,"13","S1PR4"
"CYTIP",2.08340193542706e-130,0.427817465318582,0.763,0.455,5.87290171577535e-126,"13","CYTIP"
"LNPEP",3.55849020097861e-130,0.423217849429317,0.71,0.407,1.00310280275386e-125,"13","LNPEP"
"RHOF",4.2569362181286e-130,0.327386829619567,0.457,0.202,1.19998775052827e-125,"13","RHOF"
"BID",2.22517732200329e-128,0.43013046454045,0.791,0.489,6.27255235299507e-124,"13","BID"
"APOBEC3G",1.23707566612091e-127,0.306534447068257,0.405,0.174,3.48719259522823e-123,"13","APOBEC3G"
"PCGF5",1.30134335141269e-127,0.351150556104365,0.607,0.317,3.66835677329724e-123,"13","PCGF5"
"PTGES31",4.82699422934357e-124,0.466744937648612,0.872,0.668,1.36068140330966e-119,"13","PTGES3"
"MPHOSPH8",7.06222656753412e-124,0.38185511390787,0.706,0.408,1.99077104712219e-119,"13","MPHOSPH8"
"HLA-C",3.88349177182324e-122,0.35038039744353,0.997,0.968,1.09471749555925e-117,"13","HLA-C"
"MBD2",9.20949783984123e-122,0.424902603279939,0.835,0.577,2.59606534607285e-117,"13","MBD2"
"SYNE1",1.02828198615852e-121,0.310431490848467,0.43,0.192,2.89862409078226e-117,"13","SYNE1"
"YBX1",1.20914867103333e-121,0.364674692751253,0.97,0.9,3.40846918877584e-117,"13","YBX1"
"NAAA",3.49065385240718e-121,0.393860509694799,0.709,0.413,9.8398041445506e-117,"13","NAAA"
"CD48",6.71338996767335e-121,0.422867944845323,0.941,0.778,1.89243749798744e-116,"13","CD48"
"RAP1B1",8.68605039919446e-121,0.454733794407935,0.829,0.581,2.44851074702893e-116,"13","RAP1B"
"LDHB",1.59814601309459e-120,0.446897028182217,0.72,0.436,4.50501379631233e-116,"13","LDHB"
"MTPN",2.18213729776098e-120,0.454590771423508,0.899,0.735,6.15122682865842e-116,"13","MTPN"
"RAC2",2.48493266890512e-120,0.421599058373659,0.885,0.649,7.00477670037664e-116,"13","RAC2"
"ATM1",2.44376879669311e-119,0.43121408528871,0.76,0.471,6.8887398609982e-115,"13","ATM"
"PSIP1",3.4566325700319e-119,0.339712546150511,0.566,0.289,9.74390155166292e-115,"13","PSIP1"
"DSTN",1.64613380197586e-118,0.364661906140479,0.701,0.397,4.64028657438975e-114,"13","DSTN"
"TRAF3IP3",1.9964377866919e-117,0.398957251409582,0.719,0.427,5.62775847690579e-113,"13","TRAF3IP3"
"CFD",4.47552508800214e-117,0.484554105056525,0.911,0.681,1.26160576705692e-112,"13","CFD"
"NKTR",2.22458734100404e-116,0.44371480022711,0.8,0.529,6.27088925555628e-112,"13","NKTR"
"RCAN3",4.21295396273741e-116,0.314304840431822,0.383,0.169,1.18758959255605e-111,"13","RCAN3"
"FAM65B1",2.36809574028068e-115,0.427228016598619,0.898,0.658,6.67542508227721e-111,"13","FAM65B"
"NOSIP",1.2826047433656e-114,0.367968030322252,0.561,0.295,3.61553451107329e-110,"13","NOSIP"
"SRSF71",6.90603450400719e-114,0.398222818223198,0.889,0.63,1.94674206633459e-109,"13","SRSF7"
"TXNIP1",3.86033185143148e-112,0.366074851617236,0.996,0.939,1.08818894560002e-107,"13","TXNIP"
"RPL10A1",3.92543321714656e-110,0.325042053213369,0.994,0.961,1.10654036958144e-105,"13","RPL10A"
"OAS1",1.20328426705271e-109,0.3010600146848,0.486,0.233,3.39193802039488e-105,"13","OAS1"
"POU2F2",2.13281107990293e-109,0.45531908410545,0.902,0.661,6.01218115313836e-105,"13","POU2F2"
"FAM107B1",2.14804057585284e-109,0.355029059168147,0.745,0.456,6.05511157927158e-105,"13","FAM107B"
"WASF2",6.94860258731777e-109,0.392186613673308,0.859,0.631,1.95874158333901e-104,"13","WASF2"
"CD812",1.07842840739437e-108,0.332440679754869,0.581,0.311,3.03998183760399e-104,"13","CD81"
"SUN2",2.95023768082795e-108,0.314732733576356,0.637,0.348,8.31642499848591e-104,"13","SUN2"
"SARAF",2.05193029240947e-106,0.41786582085614,0.902,0.733,5.78418630127306e-102,"13","SARAF"
"LYAR",1.14214413679407e-105,0.318802741124675,0.43,0.206,3.21959010720881e-101,"13","LYAR"
"TESC",4.78775512780415e-105,0.331663743294751,0.54,0.276,1.34962029297671e-100,"13","TESC"
"GCC2",4.89006515546828e-105,0.312200911553513,0.626,0.346,1.37846046667495e-100,"13","GCC2"
"AES1",1.65777324636717e-103,0.365608699945646,0.849,0.593,4.67309700418441e-99,"13","AES"
"ARHGDIB",3.73855920210982e-103,0.364395225132482,0.959,0.863,1.05386245348274e-98,"13","ARHGDIB"
"TNFRSF1B2",7.17475215791941e-102,0.387739030049305,0.925,0.767,2.0224908857959e-97,"13","TNFRSF1B"
"SNHG8",4.65770549144657e-101,0.3582240027566,0.738,0.465,1.31296060098388e-96,"13","SNHG8"
"GLTSCR21",1.23804180396858e-100,0.389755652967622,0.882,0.646,3.48991604120704e-96,"13","GLTSCR2"
"SEPT9",3.02898638124628e-100,0.3564267950542,0.816,0.551,8.53840971009513e-96,"13","SEPT9"
"SEPT7",7.08136577174767e-98,0.366608057399091,0.875,0.646,1.99616619739795e-93,"13","SEPT7"
"PTPN6",9.54185503329978e-98,0.38155432225518,0.827,0.58,2.68975351533688e-93,"13","PTPN6"
"IKZF1",1.6433640824847e-97,0.371548518717655,0.75,0.489,4.63247901211612e-93,"13","IKZF1"
"PPP2R5C",1.05634376448887e-96,0.346122374169239,0.781,0.516,2.97772743771767e-92,"13","PPP2R5C"
"TSC22D31",4.36395116042264e-95,0.383952947667406,0.955,0.817,1.23015419261154e-90,"13","TSC22D3"
"RABGAP1L",4.96670959466583e-93,0.309048616710901,0.646,0.375,1.40006576764035e-88,"13","RABGAP1L"
"HSPA81",7.84463010944905e-92,0.339451328490223,0.882,0.671,2.21132278155259e-87,"13","HSPA8"
"PPDPF",1.46060028233974e-91,0.364213458965027,0.854,0.628,4.11728613588749e-87,"13","PPDPF"
"C1orf56",3.11601202753434e-89,0.313789887902928,0.454,0.234,8.78372630441655e-85,"13","C1orf56"
"ADGRE5",7.51224857604231e-89,0.345294833118582,0.839,0.593,2.11762775110057e-84,"13","ADGRE5"
"VAMP5",1.84408542773653e-88,0.349842520855341,0.715,0.454,5.19829241224649e-84,"13","VAMP5"
"FOXP11",4.99322569069127e-88,0.328011937624551,0.751,0.474,1.40754038994896e-83,"13","FOXP1"
"SELPLG",2.34397749863922e-87,0.333213839318446,0.721,0.46,6.60743817091409e-83,"13","SELPLG"
"PSMB9",2.69942294485252e-87,0.339729919787342,0.829,0.593,7.60940333924477e-83,"13","PSMB9"
"TIMP12",2.94946317866887e-86,0.428791482019519,0.879,0.686,8.31424175434969e-82,"13","TIMP1"
"RGS19",9.56015996099127e-86,0.330323127102916,0.727,0.473,2.69491349140383e-81,"13","RGS19"
"ARL6IP5",2.26599535094904e-85,0.332817289649219,0.898,0.724,6.38761429479026e-81,"13","ARL6IP5"
"PKN1",6.01487196544086e-83,0.300807243535772,0.682,0.421,1.69553225833812e-78,"13","PKN1"
"EZR2",8.8288519098004e-83,0.304781800854113,0.751,0.483,2.48876506485364e-78,"13","EZR"
"JAK1",3.63478301669996e-82,0.348756071503325,0.854,0.646,1.02460898457755e-77,"13","JAK1"
"CHCHD10",8.00641371101384e-81,0.308468847764581,0.757,0.501,2.25692796099769e-76,"13","CHCHD10"
"PRMT2",1.20733504093671e-78,0.300796486499401,0.675,0.426,3.40335674689649e-74,"13","PRMT2"
"MACF1",3.43812761141948e-78,0.315220946717885,0.711,0.468,9.69173792383037e-74,"13","MACF1"
"ZBTB7A",3.60056246155329e-78,0.318508160591498,0.764,0.52,1.01496255228726e-73,"13","ZBTB7A"
"SRSF5",1.40070517885837e-76,0.303896105912002,0.964,0.869,3.94844782868387e-72,"13","SRSF5"
"ABRACL",6.31030532302601e-76,0.310894353721319,0.741,0.497,1.7788119675078e-71,"13","ABRACL"
"NDUFA4",2.80370260191891e-75,0.31943354745889,0.908,0.73,7.90335726454922e-71,"13","NDUFA4"
"HSP90AB12",2.84062901681599e-74,0.304453600628541,0.92,0.765,8.00744913550259e-70,"13","HSP90AB1"
"MSN",4.65200457158277e-72,0.306404301458699,0.924,0.814,1.31135356868347e-67,"13","MSN"
"PTGDS",0,4.42632697771553,0.438,0.022,0,"14","PTGDS"
"GZMB",0,4.04045037152605,0.923,0.097,0,"14","GZMB"
"TCF42",0,3.37954077125489,0.941,0.157,0,"14","TCF4"
"JCHAIN",0,3.23304525814479,0.927,0.032,0,"14","JCHAIN"
"PPP1R14B",0,3.19188972913744,0.936,0.319,0,"14","PPP1R14B"
"CCDC50",0,3.17560495299149,0.92,0.217,0,"14","CCDC50"
"UGCG1",0,3.13287553106162,0.92,0.115,0,"14","UGCG"
"C12orf75",0,2.95342627911423,0.906,0.111,0,"14","C12orf75"
"ITM2C",0,2.92452153410595,0.901,0.063,0,"14","ITM2C"
"IRF8",0,2.86779001937695,0.925,0.299,0,"14","IRF8"
"PLD4",0,2.84115238630719,0.893,0.089,0,"14","PLD4"
"LILRA4",0,2.6195627938879,0.855,0.007,0,"14","LILRA4"
"IRF7",0,2.60198121471462,0.899,0.255,0,"14","IRF7"
"ALOX5AP1",0,2.59481943286161,0.921,0.255,0,"14","ALOX5AP"
"CLIC3",0,2.57577255703199,0.815,0.052,0,"14","CLIC3"
"MZB1",0,2.47854215658804,0.835,0.017,0,"14","MZB1"
"TPM2",0,2.41215867356263,0.747,0.013,0,"14","TPM2"
"SERPINF11",0,2.40670228057159,0.856,0.064,0,"14","SERPINF1"
"APP",0,2.33531602759957,0.892,0.26,0,"14","APP"
"PLAC81",0,2.31422830914454,0.948,0.447,0,"14","PLAC8"
"TCL1A1",0,2.29090877604773,0.391,0.017,0,"14","TCL1A"
"IL3RA",0,2.26393093747374,0.841,0.052,0,"14","IL3RA"
"PTPRS",0,2.24605960399109,0.806,0.004,0,"14","PTPRS"
"BCL11A1",0,2.12530827310498,0.85,0.153,0,"14","BCL11A"
"SCT",0,2.00296146095583,0.688,0.001,0,"14","SCT"
"SPIB1",0,1.9740439542748,0.769,0.037,0,"14","SPIB"
"STMN11",0,1.94035867831053,0.786,0.079,0,"14","STMN1"
"CLEC4C",0,1.9179912720153,0.752,0.004,0,"14","CLEC4C"
"DERL3",0,1.89514481961289,0.733,0.009,0,"14","DERL3"
"IRF4",0,1.82478899595466,0.667,0.072,0,"14","IRF4"
"SEC61B",0,1.8014744919052,0.946,0.693,0,"14","SEC61B"
"GPR1832",0,1.79573635395794,0.811,0.261,0,"14","GPR183"
"SMPD3",0,1.78793090920988,0.674,0.012,0,"14","SMPD3"
"SPCS1",0,1.78563523402879,0.917,0.559,0,"14","SPCS1"
"OFD1",0,1.78316449220469,0.74,0.143,0,"14","OFD1"
"TSPAN13",0,1.77917542842597,0.726,0.033,0,"14","TSPAN13"
"HSP90B1",0,1.74626595411576,0.928,0.671,0,"14","HSP90B1"
"CYB561A3",0,1.72588901835372,0.795,0.184,0,"14","CYB561A3"
"CCDC186",0,1.70466046983251,0.783,0.221,0,"14","CCDC186"
"VIMP",0,1.68940760936194,0.813,0.308,0,"14","VIMP"
"VEGFB1",0,1.67609491967222,0.753,0.09,0,"14","VEGFB"
"DNASE1L3",0,1.6549802384492,0.65,0.009,0,"14","DNASE1L3"
"FAM129C1",0,1.6427330518883,0.69,0.02,0,"14","FAM129C"
"PTCRA",0,1.64070424827027,0.627,0.002,0,"14","PTCRA"
"MAPKAPK21",0,1.62953889878356,0.807,0.268,0,"14","MAPKAPK2"
"CD2AP",0,1.51127466693361,0.734,0.131,0,"14","CD2AP"
"NUCB2",0,1.49507435375825,0.729,0.158,0,"14","NUCB2"
"SOX4",0,1.48944510593077,0.669,0.289,0,"14","SOX4"
"COBLL11",0,1.46266942459506,0.614,0.02,0,"14","COBLL1"
"LTB2",0,1.44794853115907,0.758,0.353,0,"14","LTB"
"PPM1K1",0,1.44414326878057,0.727,0.15,0,"14","PPM1K"
"RRBP1",0,1.42547698011962,0.792,0.327,0,"14","RRBP1"
"MAP1A",0,1.40511531780129,0.599,0.003,0,"14","MAP1A"
"RUNX2",0,1.38818081450592,0.67,0.081,0,"14","RUNX2"
"PPIB",0,1.37284155717537,0.901,0.637,0,"14","PPIB"
"SLC15A4",0,1.35747909678239,0.694,0.176,0,"14","SLC15A4"
"LRRC26",0,1.33786947566822,0.559,0.001,0,"14","LRRC26"
"PARK7",0,1.3268658438182,0.909,0.636,0,"14","PARK7"
"LINC00996",0,1.32591533694952,0.486,0.003,0,"14","LINC00996"
"TRAF4",0,1.30443753338869,0.584,0.04,0,"14","TRAF4"
"GAPT",0,1.29908961089715,0.742,0.27,0,"14","GAPT"
"SSR4",0,1.29737537840545,0.931,0.75,0,"14","SSR4"
"HERPUD11",0,1.29394789092448,0.886,0.616,0,"14","HERPUD1"
"BLNK1",0,1.26750458482319,0.587,0.024,0,"14","BLNK"
"SLC38A12",0,1.25037590929909,0.682,0.153,0,"14","SLC38A1"
"ZFAT",0,1.2493869034307,0.56,0.033,0,"14","ZFAT"
"SEL1L31",0,1.23645944202265,0.602,0.056,0,"14","SEL1L3"
"PHB",0,1.21581651525408,0.716,0.251,0,"14","PHB"
"RP11-117D22.2",0,1.21156735639839,0.524,0.016,0,"14","RP11-117D22.2"
"PTMS1",0,1.20250549335205,0.684,0.164,0,"14","PTMS"
"LAMP5",0,1.19644948191634,0.499,0.009,0,"14","LAMP5"
"DAB21",0,1.19128654967529,0.607,0.07,0,"14","DAB2"
"RGS11",0,1.18032929574281,0.579,0.165,0,"14","RGS1"
"C1orf186",0,1.16504586350374,0.551,0.004,0,"14","C1orf186"
"FCHSD21",0,1.14926858351907,0.664,0.197,0,"14","FCHSD2"
"SCN9A",0,1.13464429686554,0.526,0.015,0,"14","SCN9A"
"ZDHHC17",0,1.13337344558852,0.635,0.148,0,"14","ZDHHC17"
"SRP14",0,1.12848442012498,0.944,0.848,0,"14","SRP14"
"P2RY14",0,1.12792092523312,0.504,0.02,0,"14","P2RY14"
"FAM213A",0,1.12009080656381,0.499,0.025,0,"14","FAM213A"
"ERP29",0,1.10893691865177,0.901,0.704,0,"14","ERP29"
"C9orf142",0,1.10206644575738,0.73,0.323,0,"14","C9orf142"
"DDX242",0,1.09548272114291,0.825,0.487,0,"14","DDX24"
"FKBP2",0,1.0952370460587,0.758,0.356,0,"14","FKBP2"
"GAS61",0,1.08878159166426,0.559,0.06,0,"14","GAS6"
"C12orf45",0,1.08306816392178,0.588,0.131,0,"14","C12orf45"
"HMGN11",0,1.07317118110051,0.868,0.518,0,"14","HMGN1"
"DCK",0,1.07171783345252,0.651,0.201,0,"14","DCK"
"BCL7A1",0,1.07123496651795,0.541,0.047,0,"14","BCL7A"
"TSPYL2",0,1.06358282622376,0.516,0.145,0,"14","TSPYL2"
"MYBL2",0,1.04465329913292,0.404,0.002,0,"14","MYBL2"
"CXXC51",0,1.04315178060555,0.66,0.212,0,"14","CXXC5"
"NPC22",0,1.03941301040704,0.915,0.792,0,"14","NPC2"
"SFT2D2",0,1.02421267138069,0.757,0.388,0,"14","SFT2D2"
"LDLRAD41",0,1.02411007447418,0.452,0.118,0,"14","LDLRAD4"
"PACSIN1",0,1.0178853804959,0.469,0.002,0,"14","PACSIN1"
"HINT1",0,1.01169001492758,0.926,0.772,0,"14","HINT1"
"CIB2",0,1.01123872310938,0.452,0.008,0,"14","CIB2"
"SVIP",0,0.991891234485342,0.571,0.133,0,"14","SVIP"
"IDH3A",0,0.983901287461,0.577,0.151,0,"14","IDH3A"
"SEPT62",0,0.977861736646664,0.739,0.345,0,"14","SEPT6"
"GNAS1",0,0.977141850467327,0.93,0.807,0,"14","GNAS"
"SNRPN",0,0.976300574648198,0.58,0.136,0,"14","SNRPN"
"TNFRSF21",0,0.974181911924914,0.489,0.012,0,"14","TNFRSF21"
"RPLP0",0,0.969313157511228,0.978,0.939,0,"14","RPLP0"
"HIGD1A",0,0.967642871851875,0.592,0.172,0,"14","HIGD1A"
"CD741",0,0.960721740166011,0.995,0.968,0,"14","CD74"
"AFF31",0,0.959597887534814,0.508,0.062,0,"14","AFF3"
"OPN3",0,0.958881114579895,0.586,0.167,0,"14","OPN3"
"EPHB1",0,0.957440549499566,0.429,0.002,0,"14","EPHB1"
"GNG71",0,0.951307312789877,0.516,0.055,0,"14","GNG7"
"SLAMF7",0,0.950797406250233,0.516,0.093,0,"14","SLAMF7"
"ABHD15",0,0.945000895020965,0.483,0.048,0,"14","ABHD15"
"COMMD6",0,0.944024382035804,0.921,0.792,0,"14","COMMD6"
"SCAMP5",0,0.942534386198908,0.423,0.003,0,"14","SCAMP5"
"RNASET21",0,0.934440220762553,0.907,0.691,0,"14","RNASET2"
"LMAN1",0,0.931740543558058,0.594,0.174,0,"14","LMAN1"
"MDFIC",0,0.927748320016648,0.654,0.25,0,"14","MDFIC"
"ERN11",0,0.921027677994363,0.544,0.155,0,"14","ERN1"
"MYL12A",0,0.919245676684868,0.946,0.855,0,"14","MYL12A"
"PHEX",0,0.91834649239988,0.414,0.001,0,"14","PHEX"
"DUSP51",0,0.907675958418516,0.569,0.121,0,"14","DUSP5"
"STRBP1",0,0.895751322916502,0.468,0.059,0,"14","STRBP"
"EEF1B22",0,0.894769176592584,0.971,0.903,0,"14","EEF1B2"
"TMEM109",0,0.889052817250168,0.56,0.155,0,"14","TMEM109"
"ST6GALNAC4",0,0.885604171735088,0.48,0.053,0,"14","ST6GALNAC4"
"FAM60A",0,0.877328945471251,0.554,0.166,0,"14","FAM60A"
"FLNB",0,0.874634090753989,0.456,0.049,0,"14","FLNB"
"NGLY1",0,0.874549688370048,0.584,0.19,0,"14","NGLY1"
"LILRB4",0,0.874218562240907,0.612,0.196,0,"14","LILRB4"
"ODC11",0,0.866719746691094,0.6,0.201,0,"14","ODC1"
"IGHM1",0,0.86392862725529,0.531,0.041,0,"14","IGHM"
"SMC61",0,0.863462504457589,0.484,0.112,0,"14","SMC6"
"CLN81",0,0.86220340582728,0.505,0.132,0,"14","CLN8"
"ZCCHC111",0,0.860180935167005,0.605,0.2,0,"14","ZCCHC11"
"PLA2G16",0,0.859468353270973,0.569,0.16,0,"14","PLA2G16"
"CXCR3",0,0.856802220616388,0.415,0.014,0,"14","CXCR3"
"SEC11C",0,0.845790972061005,0.601,0.238,0,"14","SEC11C"
"NRP11",0,0.833543678059569,0.439,0.028,0,"14","NRP1"
"LGMN1",0,0.832826059912543,0.483,0.043,0,"14","LGMN"
"SMIM5",0,0.832436772202484,0.373,0.005,0,"14","SMIM5"
"NPC1",0,0.826550996185055,0.451,0.069,0,"14","NPC1"
"CDYL",0,0.824452362642968,0.568,0.193,0,"14","CDYL"
"N4BP2",0,0.823774211891819,0.517,0.159,0,"14","N4BP2"
"CBFA2T3",0,0.821655105122968,0.523,0.146,0,"14","CBFA2T3"
"RPS52",0,0.818037522782155,0.978,0.935,0,"14","RPS5"
"RPS231",0,0.817812183444474,0.996,0.994,0,"14","RPS23"
"RPL33",0,0.816063855071219,0.994,0.984,0,"14","RPL3"
"GPM6B",0,0.815771952136529,0.355,0.011,0,"14","GPM6B"
"PMEPA1",0,0.815438960670939,0.358,0.014,0,"14","PMEPA1"
"SNRNP25",0,0.812628667301763,0.511,0.151,0,"14","SNRNP25"
"AHI1",0,0.810324674535557,0.434,0.06,0,"14","AHI1"
"RPSA2",0,0.807739690707564,0.976,0.93,0,"14","RPSA"
"RASD1",0,0.805614162708386,0.253,0.015,0,"14","RASD1"
"RPS4X2",0,0.804990614598952,0.994,0.984,0,"14","RPS4X"
"RPS3A1",0,0.799993968420706,0.995,0.992,0,"14","RPS3A"
"SLC7A5",0,0.783503247875869,0.4,0.048,0,"14","SLC7A5"
"NEK8",0,0.783438622340131,0.35,0.027,0,"14","NEK8"
"KRT51",0,0.781015537036476,0.215,0.01,0,"14","KRT5"
"CYP46A1",0,0.78028026870845,0.318,0.003,0,"14","CYP46A1"
"ASPH1",0,0.776885362544009,0.459,0.127,0,"14","ASPH"
"WDFY4",0,0.765673619653934,0.486,0.109,0,"14","WDFY4"
"DAAM1",0,0.764277019745957,0.465,0.114,0,"14","DAAM1"
"EGLN3",0,0.756349927852897,0.318,0.011,0,"14","EGLN3"
"RUBCN",0,0.752417240918873,0.456,0.137,0,"14","RUBCN"
"PFKFB2",0,0.736310613706438,0.375,0.035,0,"14","PFKFB2"
"RPS81",0,0.732713516356301,0.998,0.992,0,"14","RPS8"
"FMNL3",0,0.729602325218879,0.396,0.048,0,"14","FMNL3"
"GGA2",0,0.728191263399316,0.541,0.187,0,"14","GGA2"
"PLXNA4",0,0.723011350206982,0.334,0.002,0,"14","PLXNA4"
"RPL10A2",0,0.719386779663183,0.982,0.961,0,"14","RPL10A"
"IGKC1",0,0.719242797782373,0.923,0.174,0,"14","IGKC"
"MCOLN2",0,0.716373363434446,0.371,0.042,0,"14","MCOLN2"
"MIF4GD",0,0.710586772388631,0.51,0.165,0,"14","MIF4GD"
"TP53I13",0,0.707561018306562,0.446,0.114,0,"14","TP53I13"
"RP1-244F24.1",0,0.705488388317528,0.329,0.006,0,"14","RP1-244F24.1"
"FAM214A",0,0.700242194092511,0.454,0.127,0,"14","FAM214A"
"PPP1R14A",0,0.699664897245395,0.251,0.028,0,"14","PPP1R14A"
"TBC1D4",0,0.689809460584991,0.428,0.093,0,"14","TBC1D4"
"ZNRF2",0,0.687622538342055,0.48,0.151,0,"14","ZNRF2"
"GPATCH11",0,0.685182945041815,0.436,0.103,0,"14","GPATCH11"
"RP1-313I6.12",0,0.683407116182129,0.393,0.104,0,"14","RP1-313I6.12"
"RPS122",0,0.673952492263938,0.999,0.997,0,"14","RPS12"
"AC023590.1",0,0.673633315857028,0.338,0.009,0,"14","AC023590.1"
"SEPT11",0,0.670732153853572,0.413,0.104,0,"14","SEPT11"
"CDCA7L1",0,0.669630508551354,0.36,0.029,0,"14","CDCA7L"
"ATP13A2",0,0.662566809264236,0.393,0.065,0,"14","ATP13A2"
"IL18R1",0,0.65963582026158,0.338,0.026,0,"14","IL18R1"
"CARD11",0,0.658953064722518,0.346,0.028,0,"14","CARD11"
"RPL23A1",0,0.646351571557083,0.986,0.98,0,"14","RPL23A"
"MDN1",0,0.645484410095276,0.391,0.083,0,"14","MDN1"
"AEBP1",0,0.641542711461384,0.317,0.006,0,"14","AEBP1"
"ASIP",0,0.639114916305744,0.303,0.001,0,"14","ASIP"
"TMIGD2",0,0.637138429290817,0.323,0.02,0,"14","TMIGD2"
"RPS27A2",0,0.637058990343218,0.997,0.995,0,"14","RPS27A"
"PPM1J",0,0.633840904753248,0.328,0.005,0,"14","PPM1J"
"TXN1",0,0.632151683845756,0.886,0.582,0,"14","TXN"
"PROC",0,0.626221159706656,0.293,0.001,0,"14","PROC"
"SIDT1",0,0.624207414451651,0.335,0.028,0,"14","SIDT1"
"POLB",0,0.6183126474397,0.398,0.094,0,"14","POLB"
"TMEM8B",0,0.613421467168217,0.342,0.042,0,"14","TMEM8B"
"RPS272",0,0.606400868429089,0.998,0.997,0,"14","RPS27"
"ADA1",0,0.604752739447621,0.403,0.087,0,"14","ADA"
"MARCH9",0,0.600921181392249,0.385,0.074,0,"14","MARCH9"
"RPL6",0,0.60006821176993,0.991,0.974,0,"14","RPL6"
"HYOU1",0,0.600067158396351,0.397,0.089,0,"14","HYOU1"
"SETBP1",0,0.582619479248901,0.316,0.038,0,"14","SETBP1"
"KCTD5",0,0.580516619979036,0.365,0.084,0,"14","KCTD5"
"SIT1",0,0.569683933178339,0.271,0.03,0,"14","SIT1"
"RP11-356I2.4",0,0.56418123292,0.326,0.053,0,"14","RP11-356I2.4"
"ZDHHC4",0,0.563053280954572,0.393,0.104,0,"14","ZDHHC4"
"RPS181",0,0.562022608649333,0.998,0.996,0,"14","RPS18"
"CUEDC1",0,0.561913055608216,0.315,0.063,0,"14","CUEDC1"
"RP11-73G16.2",0,0.560934432259703,0.267,0,0,"14","RP11-73G16.2"
"KIAA0226L",0,0.558522205607365,0.311,0.024,0,"14","KIAA0226L"
"RPS7",0,0.555989466831235,0.991,0.983,0,"14","RPS7"
"RP11-214O1.3",0,0.552773476876504,0.243,0.01,0,"14","RP11-214O1.3"
"SPNS3",0,0.550818494820472,0.311,0.047,0,"14","SPNS3"
"NOTCH4",0,0.548499443008756,0.272,0.032,0,"14","NOTCH4"
"CUX2",0,0.545963598249557,0.267,0.001,0,"14","CUX2"
"LHFPL21",0,0.53604455843636,0.308,0.044,0,"14","LHFPL2"
"ST3GAL4",0,0.531918111118254,0.287,0.043,0,"14","ST3GAL4"
"SLC35F3",0,0.529279763973201,0.26,0.005,0,"14","SLC35F3"
"OCIAD2",0,0.523179051890134,0.385,0.097,0,"14","OCIAD2"
"SHD",0,0.520362412220057,0.24,0,0,"14","SHD"
"FLT3",0,0.520029665915365,0.319,0.069,0,"14","FLT3"
"SLC9A7",0,0.51898144582522,0.303,0.046,0,"14","SLC9A7"
"DACH1",0,0.489071444032106,0.242,0.011,0,"14","DACH1"
"FZD3",0,0.488289271564154,0.257,0.015,0,"14","FZD3"
"SLC2A1",0,0.47915562786373,0.27,0.04,0,"14","SLC2A1"
"KCNK17",0,0.477214868892751,0.218,0.001,0,"14","KCNK17"
"MYO1E1",0,0.465611933412329,0.284,0.056,0,"14","MYO1E"
"GRAMD1B",0,0.46179846106661,0.26,0.041,0,"14","GRAMD1B"
"SLA2",0,0.459489159424936,0.256,0.02,0,"14","SLA2"
"TEX2",0,0.456275952653104,0.27,0.035,0,"14","TEX2"
"ADGRG5",0,0.454291765328984,0.25,0.01,0,"14","ADGRG5"
"CCDC189",0,0.440993161662589,0.234,0.019,0,"14","CCDC189"
"DAPK2",0,0.422780177215664,0.22,0.009,0,"14","DAPK2"
"HLTF",0,0.422765575209085,0.27,0.043,0,"14","HLTF"
"RP4-647C14.2",0,0.410048112388431,0.215,0.006,0,"14","RP4-647C14.2"
"LY9",0,0.40681528789381,0.249,0.04,0,"14","LY9"
"FCER1A1",0,0.40577755577625,0.386,0.075,0,"14","FCER1A"
"HS3ST3B1",0,0.392957305534709,0.203,0.011,0,"14","HS3ST3B1"
"SLC7A111",0,0.369660321041861,0.246,0.036,0,"14","SLC7A11"
"GPX7",0,0.367507688023084,0.212,0.018,0,"14","GPX7"
"YPEL1",0,0.357214815367284,0.216,0.034,0,"14","YPEL1"
"CRIM1",0,0.352885301443239,0.203,0.019,0,"14","CRIM1"
"MAGED1",0,0.339322844804373,0.205,0.025,0,"14","MAGED1"
"PEBP11",8.71439379249355e-307,0.857403566359944,0.727,0.344,2.45650046616601e-302,"14","PEBP1"
"TARBP1",1.90046052883771e-305,0.521787100953528,0.331,0.077,5.35720818474063e-301,"14","TARBP1"
"RPS61",7.5510720961822e-305,0.529237475867364,0.994,0.99,2.1285717131928e-300,"14","RPS6"
"CHD9",4.22721337152545e-304,0.913591837036942,0.719,0.341,1.19160917729931e-299,"14","CHD9"
"MAP2K6",2.72688537857707e-303,0.427920138522269,0.284,0.058,7.6868171936709e-299,"14","MAP2K6"
"B4GALT11",1.05732240741057e-301,0.95246225052386,0.723,0.342,2.98048613424967e-297,"14","B4GALT1"
"OSTC",4.6568132943603e-301,0.933984101865056,0.767,0.419,1.31270909954723e-296,"14","OSTC"
"TMED10",1.41076019702625e-299,0.933262051150911,0.795,0.456,3.9767919193973e-295,"14","TMED10"
"RPL7A",3.10057955474765e-299,0.551706378980786,0.992,0.984,8.74022370687815e-295,"14","RPL7A"
"MLEC",1.01898189627133e-295,0.843895446339159,0.612,0.252,2.87240806739924e-291,"14","MLEC"
"PDIA41",1.65175102976424e-295,0.773059404610341,0.574,0.218,4.65612097780242e-291,"14","PDIA4"
"SNX91",1.84472636142617e-295,0.621575571851345,0.421,0.122,5.20009914022423e-291,"14","SNX9"
"CEP128",7.25456406252617e-294,0.356663770244329,0.2,0.032,2.0449890635855e-289,"14","CEP128"
"ST14",1.72390255321036e-293,0.513916998614942,0.368,0.095,4.85950890724468e-289,"14","ST14"
"MANF1",8.23152453906855e-291,0.708306812937821,0.482,0.159,2.32038445231803e-286,"14","MANF"
"RNASE62",2.09921446257607e-288,0.936408340846143,0.787,0.431,5.91747564855568e-284,"14","RNASE6"
"DDIT42",9.63103151713174e-287,1.0173998075185,0.602,0.246,2.71489147436427e-282,"14","DDIT4"
"RPL51",1.53186117560936e-286,0.57828436392708,0.982,0.971,4.31816346792524e-282,"14","RPL5"
"MYL6B",4.99703071076819e-284,0.447432323980246,0.278,0.06,1.40861298705844e-279,"14","MYL6B"
"RPL37",9.85348098210987e-283,0.530358848106702,0.994,0.992,2.77759775404695e-278,"14","RPL37"
"SRSF72",7.94150976736891e-281,1.00373886281876,0.885,0.631,2.23863218832362e-276,"14","SRSF7"
"ZDHHC14",8.25706456783163e-281,0.384259444865968,0.215,0.038,2.32758393102606e-276,"14","ZDHHC14"
"HIST1H1D",1.85142286940084e-279,1.1442388067139,0.584,0.234,5.21897592655403e-275,"14","HIST1H1D"
"NACA1",7.07978860616897e-278,0.601874766591321,0.984,0.975,1.99572161019297e-273,"14","NACA"
"PLP21",1.04712753424308e-277,1.01356613503135,0.83,0.568,2.95174780627782e-273,"14","PLP2"
"ARL4C2",4.02959209181306e-276,0.946035832339286,0.806,0.422,1.13590171476118e-271,"14","ARL4C"
"ZEB1",6.72996205911511e-272,0.38109416153761,0.24,0.048,1.89710900484396e-267,"14","ZEB1"
"AC006129.2",1.0601407641455e-271,0.369558911767197,0.239,0.047,2.98843080004975e-267,"14","AC006129.2"
"RPS11",2.35492110535994e-271,0.553136042916369,0.994,0.989,6.63828710389915e-267,"14","RPS11"
"DCPS",2.83382134305111e-270,0.498005062413711,0.358,0.096,7.98825898392678e-266,"14","DCPS"
"ABI2",5.03174620858593e-266,0.517746719652405,0.333,0.087,1.41839893873829e-261,"14","ABI2"
"VAMP82",2.41130741072064e-265,0.862458016233873,0.895,0.775,6.7972344600804e-261,"14","VAMP8"
"RPL351",1.06920099364433e-264,0.533020096007855,0.99,0.973,3.01397068098401e-260,"14","RPL35"
"TLR7",1.71444078329687e-261,0.499211138602729,0.331,0.085,4.83283712403554e-257,"14","TLR7"
"TAGLN21",1.71397933353602e-260,0.861154786857404,0.924,0.759,4.83153634330469e-256,"14","TAGLN2"
"RPS192",2.31365821576698e-260,0.474374964671327,0.997,0.993,6.52197114442555e-256,"14","RPS19"
"CDK2AP2",7.95856526227261e-260,0.818125089645492,0.62,0.279,2.24343996178202e-255,"14","CDK2AP2"
"CSNK1E",1.06243750076125e-259,0.601160186846804,0.391,0.117,2.9949050708959e-255,"14","CSNK1E"
"NREP",1.58990057702487e-259,0.487070700139912,0.307,0.075,4.4817707365754e-255,"14","NREP"
"UCP2",3.0671248495801e-259,0.922044079275277,0.85,0.601,8.64591823848135e-255,"14","UCP2"
"RPL37A",7.58966702927278e-259,0.516606924121164,0.995,0.987,2.1394512388817e-254,"14","RPL37A"
"MTMR1",2.31200091078923e-258,0.404411150408484,0.264,0.058,6.51729936742376e-254,"14","MTMR1"
"CTSC2",2.83614365343805e-258,0.970056351319055,0.818,0.529,7.99480534467653e-254,"14","CTSC"
"A1BG",9.68160053867982e-257,0.790815363454105,0.625,0.278,2.72914637584846e-252,"14","A1BG"
"SEC61G1",5.27770011867655e-256,0.953315343596253,0.851,0.622,1.48773088645373e-251,"14","SEC61G"
"SNHG71",1.56492515937223e-255,0.766077510909219,0.618,0.273,4.41136753175437e-251,"14","SNHG7"
"LINC-PINT",5.07140547375501e-255,0.628119971126912,0.436,0.14,1.4295784889968e-250,"14","LINC-PINT"
"CYBA",2.8382401473269e-254,0.631400307580555,0.972,0.955,8.0007151512998e-250,"14","CYBA"
"UBE2J1",1.10900884335188e-253,0.878102008226379,0.765,0.44,3.12618502852461e-249,"14","UBE2J1"
"LDHB1",1.76840959233107e-252,0.806537345057745,0.776,0.436,4.98496979982206e-248,"14","LDHB"
"MALAT12",3.11551782897705e-251,0.654789477231116,0.999,0.99,8.78233320810339e-247,"14","MALAT1"
"SPCS2",4.80989337343525e-250,0.841930740071947,0.779,0.466,1.35586084303766e-245,"14","SPCS2"
"SLC12A2",2.19448880309061e-249,0.373405587541763,0.23,0.047,6.18604448703211e-245,"14","SLC12A2"
"EIF4A31",4.70775264739318e-249,0.731396599803761,0.592,0.25,1.32706839377366e-244,"14","EIF4A3"
"NME4",4.75460167005929e-248,0.539569376431027,0.388,0.118,1.34027466477301e-243,"14","NME4"
"TMEM19",7.48540575401932e-248,0.493103650368982,0.337,0.092,2.11006102800051e-243,"14","TMEM19"
"RPS20",3.56748770026516e-245,0.633460384521823,0.985,0.96,1.00563910782775e-240,"14","RPS20"
"RPS2",7.9760340875613e-244,0.439672604382503,0.998,0.994,2.24836424894265e-239,"14","RPS2"
"DSTN1",1.25003609177808e-243,0.903457106058698,0.729,0.397,3.52372673911324e-239,"14","DSTN"
"FUT7",1.74494232579554e-243,0.46697509160453,0.273,0.065,4.91881792218505e-239,"14","FUT7"
"CD320",8.52828560518859e-243,0.341953058580166,0.222,0.045,2.40403842924661e-238,"14","CD320"
"TSPAN3",1.7698854192178e-242,0.553942113665932,0.444,0.15,4.98913000823305e-238,"14","TSPAN3"
"LAIR11",3.54978584512697e-242,0.670361694150004,0.521,0.199,1.00064913188284e-237,"14","LAIR1"
"NPM1",4.73415139692474e-241,0.755122164221926,0.927,0.786,1.33450993727912e-236,"14","NPM1"
"ST3GAL2",1.0941278132298e-239,0.535927587885386,0.394,0.123,3.08423689271349e-235,"14","ST3GAL2"
"RPL131",1.71431990031791e-239,0.389099974619539,0.998,0.998,4.83249636700615e-235,"14","RPL13"
"ANKRD12",6.76614494253459e-239,0.897736123777632,0.833,0.567,1.90730859785108e-234,"14","ANKRD12"
"RPL102",1.84843036603941e-238,0.426109814421496,0.998,0.998,5.2105403588285e-234,"14","RPL10"
"SPINT21",1.97470349574264e-234,0.70398835448132,0.633,0.288,5.56649168414894e-230,"14","SPINT2"
"CYFIP21",4.71659856478215e-232,0.611844457468766,0.496,0.185,1.32956196942644e-227,"14","CYFIP2"
"NOP56",7.09474413714466e-231,0.682684628589063,0.559,0.237,1.99993742481971e-226,"14","NOP56"
"CMKLR1",5.66298349007264e-230,0.343716324880249,0.216,0.044,1.59633841601658e-225,"14","CMKLR1"
"ATP2A3",2.94450674249732e-229,0.489831847353687,0.374,0.112,8.30027005642569e-225,"14","ATP2A3"
"TRAM1",4.90638660370637e-229,0.844929947736766,0.802,0.528,1.38306131971879e-224,"14","TRAM1"
"ZNF789",1.85404283038628e-228,0.335815560546346,0.2,0.039,5.22636133457588e-224,"14","ZNF789"
"RPL111",1.01806476616715e-227,0.404763367558574,0.998,0.995,2.86982276934859e-223,"14","RPL11"
"MNAT1",4.40863754611041e-227,0.425745415496434,0.295,0.077,1.24275083787306e-222,"14","MNAT1"
"ZNF22",4.21804469109442e-226,0.545047797274479,0.427,0.148,1.1890246179726e-221,"14","ZNF22"
"PARP10",6.85150015913995e-226,0.539582769945101,0.4,0.131,1.93136937985996e-221,"14","PARP10"
"N4BP2L1",1.63890665525364e-224,0.679439617780773,0.545,0.23,4.61991397049448e-220,"14","N4BP2L1"
"RPS28",2.60018108438236e-224,0.479285923528872,0.996,0.989,7.32965045876544e-220,"14","RPS28"
"PPM1G",2.08634697734487e-223,0.777513949648942,0.694,0.374,5.88120349443744e-219,"14","PPM1G"
"ADAM19",4.50303050700593e-222,0.456228047436314,0.311,0.085,1.2693592696199e-217,"14","ADAM19"
"SELL1",5.68175102611462e-222,0.808015004868148,0.861,0.572,1.60162879675145e-217,"14","SELL"
"CD164",9.9154948920693e-222,0.864501437382287,0.845,0.629,2.79507885512541e-217,"14","CD164"
"XBP1",1.02229490035559e-220,0.796849011770723,0.708,0.381,2.88174709461237e-216,"14","XBP1"
"RPL19",2.18098319312434e-220,0.412934702533304,0.996,0.995,6.14797352309819e-216,"14","RPL19"
"PRMT7",4.3956907166611e-219,0.364334070438314,0.223,0.048,1.2391012561196e-214,"14","PRMT7"
"ATG101",9.40018492262924e-215,0.66147601402805,0.456,0.174,2.64981812783996e-210,"14","ATG101"
"PHACTR11",1.54975569982129e-214,0.702556737029671,0.682,0.329,4.36860634222624e-210,"14","PHACTR1"
"CSF2RB",2.43822081675272e-214,0.711071911760458,0.544,0.232,6.87310066034424e-210,"14","CSF2RB"
"RPS32",7.37704670658592e-214,0.464641947538936,0.991,0.988,2.0795156961195e-209,"14","RPS3"
"KIF20B",7.54337854709927e-214,0.440359024209327,0.293,0.079,2.12640297864181e-209,"14","KIF20B"
"SLC1A5",2.93224179533043e-212,0.546590063748682,0.411,0.142,8.26569639685694e-208,"14","SLC1A5"
"PPP1R16B",2.63331701087563e-211,0.319440775766203,0.209,0.045,7.42305732195731e-207,"14","PPP1R16B"
"LINC01420",3.1863179721151e-210,0.602927556151033,0.526,0.217,8.98191173159525e-206,"14","LINC01420"
"RPL9",1.33908151528378e-207,0.405803189104002,0.989,0.986,3.77473688343344e-203,"14","RPL9"
"OGT",8.32331586328853e-207,0.779268398884604,0.699,0.378,2.3462595087024e-202,"14","OGT"
"USF2",1.29563052199269e-206,0.721323710698416,0.693,0.384,3.65225287844519e-202,"14","USF2"
"SLC39A10",1.02663379396103e-202,0.536574091547114,0.418,0.149,2.89397800179673e-198,"14","SLC39A10"
"RPL21",4.00292372605907e-202,0.379578486933505,0.996,0.991,1.12838416913879e-197,"14","RPL21"
"SDHAF3",3.78139740460081e-200,0.422645060911003,0.296,0.084,1.06593811438292e-195,"14","SDHAF3"
"MAP4K1",9.11346234267973e-200,0.388551927876491,0.287,0.08,2.56899389977799e-195,"14","MAP4K1"
"RPS252",9.34039361931919e-200,0.418597345542233,0.99,0.983,2.63296355734989e-195,"14","RPS25"
"RPS292",2.20854904253325e-198,0.43955747721171,0.996,0.991,6.22567889599697e-194,"14","RPS29"
"BEX4",8.3553175502952e-198,0.502578191124462,0.402,0.143,2.35528046425271e-193,"14","BEX4"
"PNN1",1.20504590569069e-196,0.782123811785569,0.811,0.548,3.39690390355148e-192,"14","PNN"
"CHAF1A",1.56638791565048e-196,0.376389648012659,0.262,0.068,4.41549089542715e-192,"14","CHAF1A"
"ETS12",4.05003856020106e-196,0.480390411206366,0.519,0.201,1.14166536973508e-191,"14","ETS1"
"SIVA1",4.32342514314648e-196,0.732934367898524,0.706,0.407,1.21873031360156e-191,"14","SIVA1"
"GSN1",6.24143239121486e-196,0.531173886520182,0.599,0.267,1.75939737675956e-191,"14","GSN"
"REPIN1",6.93941144148322e-196,0.555152244260614,0.454,0.174,1.95615069123971e-191,"14","REPIN1"
"CBX4",1.08561025048694e-195,0.674003461268762,0.515,0.221,3.06022673509763e-191,"14","CBX4"
"CLCN5",8.34800712216202e-195,0.432489941228155,0.305,0.089,2.35321972766625e-190,"14","CLCN5"
"UBB1",9.56664089137717e-195,0.663924083716899,0.903,0.77,2.69674040087031e-190,"14","UBB"
"DHRS7",1.36137993216054e-193,0.702909078596097,0.702,0.398,3.83759389076736e-189,"14","DHRS7"
"HSP90AB13",1.7845655879528e-193,0.693015129453335,0.915,0.765,5.03051193588015e-189,"14","HSP90AB1"
"ANKRD36C",1.14633144282909e-192,0.465868679592254,0.308,0.092,3.23139370419093e-188,"14","ANKRD36C"
"RPL27A",8.09863147218947e-190,0.413741533053941,0.993,0.987,2.28292322569549e-185,"14","RPL27A"
"IFIT2",2.85098908816169e-189,0.502735206269613,0.345,0.109,8.03665314061899e-185,"14","IFIT2"
"SRPRA",1.26128850036031e-188,0.622313825839528,0.542,0.246,3.55544615366567e-184,"14","SRPRA"
"RPS211",5.5119436853999e-188,0.505839268022469,0.979,0.971,1.55376180547738e-183,"14","RPS21"
"PNISR1",7.70888122090295e-188,0.707265627298658,0.887,0.703,2.17305652736033e-183,"14","PNISR"
"RPS6KA4",1.15896461646946e-187,0.625151916255233,0.559,0.256,3.26700535736576e-183,"14","RPS6KA4"
"TP53I11",1.282578885843e-185,0.336591434337479,0.235,0.059,3.61546162130282e-181,"14","TP53I11"
"RPS15A2",1.36178444758743e-185,0.442164753893706,0.995,0.991,3.83873417930422e-181,"14","RPS15A"
"CAPN15",2.09334253611364e-184,0.398482245244397,0.273,0.077,5.90092327505073e-180,"14","CAPN15"
"TMED9",4.5733158657161e-184,0.678697774507483,0.609,0.315,1.28917200938671e-179,"14","TMED9"
"RPL23",3.67444321269222e-183,0.467934231201626,0.989,0.976,1.03578879722581e-178,"14","RPL23"
"RPS16",4.99745582295567e-183,0.378375429471859,0.992,0.988,1.40873282193297e-178,"14","RPS16"
"PLEK2",2.52346342500495e-182,0.819635784073223,0.87,0.71,7.11339104874646e-178,"14","PLEK"
"CIRBP2",6.09874111650422e-182,0.692183696226549,0.872,0.683,1.71917413333138e-177,"14","CIRBP"
"CYSLTR1",6.81225233775339e-182,0.567931839359744,0.474,0.194,1.9203058114893e-177,"14","CYSLTR1"
"SUSD1",2.51686549281481e-181,0.560096755930015,0.36,0.126,7.09479213769568e-177,"14","SUSD1"
"CNP",5.59348122413804e-181,0.456158188176917,0.351,0.119,1.57674642227227e-176,"14","CNP"
"ALCAM1",1.58138029925918e-179,0.503642583359262,0.404,0.151,4.4577529255817e-175,"14","ALCAM"
"TNNI2",1.55238277687372e-176,0.52824884550078,0.323,0.106,4.37601180972933e-172,"14","TNNI2"
"MGST2",2.80113423527111e-176,0.579761397881195,0.506,0.221,7.89611729580574e-172,"14","MGST2"
"HINT2",1.41162991036092e-175,0.5321440181017,0.454,0.188,3.97924355431639e-171,"14","HINT2"
"NUDT1",2.14109440245289e-175,0.598213186711243,0.537,0.25,6.03553101107444e-171,"14","NUDT1"
"HIST1H1C",3.45512446772216e-175,0.746449365258533,0.501,0.226,9.739650362062e-171,"14","HIST1H1C"
"IVD",1.02290556941563e-174,0.452275173947966,0.363,0.128,2.88346850962571e-170,"14","IVD"
"DHTKD1",1.87199481722234e-174,0.378415454793835,0.271,0.078,5.27696619026806e-170,"14","DHTKD1"
"RAP1GDS1",2.12383670728748e-174,0.501763538390471,0.426,0.167,5.98688329417269e-170,"14","RAP1GDS1"
"HLA-DOA1",2.26760189279424e-173,0.394036411724337,0.285,0.086,6.39214297559769e-169,"14","HLA-DOA"
"SMARCB1",3.01510345802157e-173,0.506988396554912,0.425,0.17,8.499275137817e-169,"14","SMARCB1"
"ZDHHC21",3.90189526214237e-173,0.402271446817642,0.268,0.078,1.09990525544531e-168,"14","ZDHHC21"
"NCL",6.82483965678999e-172,0.702535215667262,0.89,0.74,1.92385405085253e-167,"14","NCL"
"EIF2AK4",9.24187390549202e-172,0.606448814318817,0.513,0.233,2.60519183521915e-167,"14","EIF2AK4"
"CREB3L2",5.54214990670383e-171,0.495277694973492,0.4,0.151,1.56227663720074e-166,"14","CREB3L2"
"DDB1",9.25035330297134e-171,0.56399561844246,0.489,0.217,2.60758209257459e-166,"14","DDB1"
"RNASEH2B",4.61703771884055e-170,0.606596441028514,0.537,0.256,1.30149676256396e-165,"14","RNASEH2B"
"RPL24",5.6363053736919e-170,0.404692299872032,0.983,0.974,1.58881812179001e-165,"14","RPL24"
"UNC93B1",3.69366205783646e-169,0.71212675624702,0.692,0.405,1.04120639748352e-164,"14","UNC93B1"
"SLC20A11",4.17614972421314e-168,0.668522153830637,0.568,0.277,1.17721484575844e-163,"14","SLC20A1"
"MEF2C1",7.51452728350632e-168,0.733077214930714,0.808,0.537,2.1182700959476e-163,"14","MEF2C"
"PTPRE1",8.40401644316357e-168,0.744145349518353,0.835,0.619,2.36900819516338e-163,"14","PTPRE"
"TM9SF2",8.71528618947991e-168,0.659550773390183,0.718,0.438,2.45675202395249e-163,"14","TM9SF2"
"RPL302",3.80884638643055e-167,0.352887296443527,0.997,0.995,1.07367570787091e-162,"14","RPL30"
"PPIA",2.73436839202752e-166,0.565564558398659,0.938,0.869,7.70791106028637e-162,"14","PPIA"
"RPL15",2.89070839025944e-166,0.370028536550783,0.989,0.988,8.14861788130234e-162,"14","RPL15"
"CERS6",2.59257276639845e-165,0.567036993907428,0.516,0.236,7.3082033712006e-161,"14","CERS6"
"NHP2",2.93251726418177e-165,0.614741166924261,0.616,0.327,8.26647291600199e-161,"14","NHP2"
"FEZ2",4.61608108084818e-165,0.547601190487157,0.497,0.224,1.30122709588029e-160,"14","FEZ2"
"RMDN3",1.83588478702589e-164,0.304309174924394,0.235,0.063,5.17517562614729e-160,"14","RMDN3"
"USP24",9.61195070322286e-164,0.503174195555776,0.419,0.167,2.70951278373149e-159,"14","USP24"
"HLA-DQA11",1.89565276537403e-163,0.354693872491715,0.773,0.42,5.34365558031287e-159,"14","HLA-DQA1"
"TCF3",4.29580113943397e-163,0.369388523650648,0.278,0.086,1.21094338319504e-158,"14","TCF3"
"ALG2",4.16702885836149e-161,0.437969498833964,0.308,0.102,1.17464376488352e-156,"14","ALG2"
"OST4",8.28558317545422e-161,0.593840018145755,0.896,0.781,2.33562304132879e-156,"14","OST4"
"CHCHD2",3.4445493893973e-160,0.617019042265569,0.906,0.815,9.70984027377205e-156,"14","CHCHD2"
"HIST1H4C1",3.57950815736648e-160,0.670892646807546,0.587,0.306,1.00902755448004e-155,"14","HIST1H4C"
"RPS101",4.19379676183496e-160,0.588319685477024,0.966,0.932,1.18218936919366e-155,"14","RPS10"
"ERO1B",5.45137083748714e-160,0.421412818844617,0.3,0.098,1.53668692537925e-155,"14","ERO1B"
"CCDC88A1",5.51045418411969e-160,0.722953114725051,0.773,0.516,1.5533419299615e-155,"14","CCDC88A"
"NFX1",1.15618202749752e-159,0.440979654000504,0.331,0.116,3.25916151731277e-155,"14","NFX1"
"SUB1",3.4434674029019e-159,0.5898542347304,0.904,0.787,9.70679026204017e-155,"14","SUB1"
"STT3A",3.58756733928133e-159,0.389043461261205,0.293,0.094,1.01129935727001e-154,"14","STT3A"
"ARHGAP51",1.12620415102679e-158,0.487044941056759,0.389,0.151,3.17465688132942e-154,"14","ARHGAP5"
"MGAT4A",3.5774321007066e-157,0.491468852751407,0.473,0.203,1.00844233486818e-152,"14","MGAT4A"
"RPL22",9.65199714852921e-157,0.405132064186914,0.981,0.968,2.7208014761989e-152,"14","RPL22"
"TATDN3",1.1871848533999e-156,0.396202285556842,0.298,0.098,3.34655538324897e-152,"14","TATDN3"
"QDPR",1.23111203899287e-156,0.388753763962115,0.293,0.096,3.47038172671701e-152,"14","QDPR"
"RNF5",2.80213657789186e-156,0.487649492208063,0.407,0.166,7.89894279941937e-152,"14","RNF5"
"SPCS3",3.95274301288658e-156,0.688584272742635,0.794,0.581,1.1142387279026e-151,"14","SPCS3"
"MAN1A11",8.66002717456882e-156,0.50245677256271,0.428,0.178,2.44117506023921e-151,"14","MAN1A1"
"SEPT1",1.31587989090323e-153,0.426736924930327,0.39,0.153,3.70933382446711e-149,"14","SEPT1"
"SCRN1",1.67573851414653e-153,0.408901188119705,0.287,0.093,4.72373929752765e-149,"14","SCRN1"
"TRIM22",4.09645307316423e-153,0.61798749390653,0.68,0.396,1.15474915679426e-148,"14","TRIM22"
"BIN1",2.90025049323467e-152,0.431055507133334,0.343,0.126,8.1755161153792e-148,"14","BIN1"
"RPL181",5.18507474877364e-152,0.341027423194165,0.989,0.989,1.4616207209318e-147,"14","RPL18"
"TUBB61",1.91115496363807e-150,0.340140426354313,0.259,0.079,5.38735472699934e-146,"14","TUBB6"
"TTC3",6.8170953346249e-150,0.697634808030778,0.715,0.452,1.92167100387741e-145,"14","TTC3"
"DAD1",2.8440341392044e-148,0.601515033789233,0.703,0.446,8.01704783500329e-144,"14","DAD1"
"IL2RG2",3.7175580520007e-148,0.580800063288516,0.6,0.319,1.04794243927848e-143,"14","IL2RG"
"CPNE3",3.91527412834098e-148,0.571235686669177,0.631,0.349,1.10367662403804e-143,"14","CPNE3"
"ZRANB2",3.16945451759385e-147,0.628903675691364,0.672,0.405,8.93437533964529e-143,"14","ZRANB2"
"APEX1",6.01251216684939e-147,0.614591482014003,0.651,0.38,1.69486705471318e-142,"14","APEX1"
"H3F3B",8.74081709125491e-145,0.474675257914259,0.979,0.962,2.46394892985385e-140,"14","H3F3B"
"ZNF428",5.67330237609378e-144,0.460080518996967,0.428,0.186,1.59924720679707e-139,"14","ZNF428"
"CALR1",1.05999774065342e-142,0.606373983252998,0.82,0.577,2.98802763112791e-138,"14","CALR"
"MRPL36",2.8504951535912e-142,0.489060717068318,0.402,0.173,8.03526078845822e-138,"14","MRPL36"
"SLC39A6",3.87637523659311e-142,0.452635378450791,0.332,0.125,1.09271141544323e-137,"14","SLC39A6"
"HLA-DPA11",1.30184935135208e-141,0.324086966320822,0.959,0.809,3.66978313652638e-137,"14","HLA-DPA1"
"KRR1",1.31426459591966e-140,0.465634323850936,0.454,0.203,3.70478046943793e-136,"14","KRR1"
"PDIA6",3.32367033329353e-140,0.58475470142009,0.697,0.429,9.36909430252112e-136,"14","PDIA6"
"EIF4ENIF1",1.4163351729155e-139,0.308224597251379,0.232,0.069,3.9925072189315e-135,"14","EIF4ENIF1"
"USP11",3.12436826440208e-139,0.311409289607399,0.222,0.065,8.80728170052302e-135,"14","USP11"
"RPL13A",3.23803112322125e-139,0.412089002441327,0.996,0.991,9.12768593324839e-135,"14","RPL13A"
"EMC7",1.03873066612323e-138,0.486089427762567,0.484,0.23,2.92807787473477e-134,"14","EMC7"
"PDCD4",2.00666148264313e-138,0.600046351249582,0.689,0.434,5.65657805342272e-134,"14","PDCD4"
"SSR3",6.28870328063905e-138,0.598367776371708,0.757,0.527,1.77272256777934e-133,"14","SSR3"
"GTF3A",8.94006817431701e-138,0.600409491409177,0.772,0.537,2.52011581765822e-133,"14","GTF3A"
"LINC00909",8.56334132905449e-137,0.327337692469511,0.248,0.078,2.41392028724717e-132,"14","LINC00909"
"TMEM63A",9.3353558487394e-137,0.37115083710512,0.294,0.103,2.63154346020115e-132,"14","TMEM63A"
"TMEM38B",2.25936386440445e-136,0.302493430324547,0.217,0.063,6.36892079736972e-132,"14","TMEM38B"
"AES2",2.36734935711339e-136,0.589510853265013,0.811,0.595,6.67332110276692e-132,"14","AES"
"MYO9A",3.28213273276241e-136,0.462644199989245,0.331,0.126,9.25200396038395e-132,"14","MYO9A"
"HNRNPA1",6.27509303718542e-136,0.498114828046855,0.939,0.871,1.7688859762522e-131,"14","HNRNPA1"
"CFAP97",8.53032941343609e-136,0.42481744333309,0.375,0.153,2.4046145583535e-131,"14","CFAP97"
"CD41",9.87634920929528e-136,0.67746487456978,0.765,0.548,2.78404407860825e-131,"14","CD4"
"SCARB21",1.39049800894423e-135,0.522328626732478,0.514,0.253,3.91967483741289e-131,"14","SCARB2"
"PRMT9",2.79224137604205e-135,0.490539572434392,0.323,0.122,7.87104921492495e-131,"14","PRMT9"
"TULP4",4.40497904835527e-135,0.462103412450764,0.352,0.14,1.24171954394087e-130,"14","TULP4"
"UBE2E3",8.8150961056317e-135,0.572211339713313,0.501,0.253,2.48488744121652e-130,"14","UBE2E3"
"ATXN7L3B",3.36518109502017e-134,0.625530155599731,0.571,0.315,9.48610898875235e-130,"14","ATXN7L3B"
"TFDP2",1.18469453051396e-133,0.327884588955581,0.273,0.093,3.33953541206579e-129,"14","TFDP2"
"TSTD12",1.88610184221337e-133,0.450227821902088,0.451,0.207,5.31673248301528e-129,"14","TSTD1"
"AHCY",3.01167531276066e-133,0.378416902715456,0.3,0.109,8.48961153914102e-129,"14","AHCY"
"C11orf58",1.242256779045e-132,0.558657429520094,0.812,0.595,3.50179763444995e-128,"14","C11orf58"
"PDIA3",1.62803560359284e-132,0.614137814220126,0.792,0.598,4.58926956296787e-128,"14","PDIA3"
"DDAH21",3.73467345461304e-132,0.476858540428953,0.458,0.214,1.05276710012087e-127,"14","DDAH2"
"CCDC57",1.72789915522956e-131,0.436087124580562,0.419,0.185,4.87077492867662e-127,"14","CCDC57"
"GCC21",4.31247518549645e-131,0.58334134923853,0.608,0.347,1.21564363003959e-126,"14","GCC2"
"TMED2",6.43767411749671e-131,0.577622104166716,0.657,0.402,1.81471595698115e-126,"14","TMED2"
"RPN2",9.50136033729231e-131,0.560838246941342,0.685,0.428,2.67833846547933e-126,"14","RPN2"
"ATP8A1",1.43216517391225e-130,0.342922801981195,0.27,0.091,4.03713040874123e-126,"14","ATP8A1"
"RPL27",1.52012280412308e-130,0.349721415727316,0.984,0.97,4.28507417254255e-126,"14","RPL27"
"PAIP1",3.50581128677308e-130,0.44215968820204,0.388,0.168,9.88253143628464e-126,"14","PAIP1"
"CHST12",3.80980177333684e-130,0.370231941008989,0.272,0.094,1.07394502188592e-125,"14","CHST12"
"ZBTB10",1.11011834621456e-129,0.416988712906962,0.354,0.142,3.12931260614422e-125,"14","ZBTB10"
"MTURN",5.24704167908757e-129,0.358414018519165,0.266,0.091,1.47908857891799e-124,"14","MTURN"
"SMIM141",6.14553488320184e-128,0.563387091355377,0.585,0.326,1.73236482822577e-123,"14","SMIM14"
"VPS36",8.6815742568022e-128,0.527413975824232,0.551,0.295,2.44724896724997e-123,"14","VPS36"
"ARGLU11",1.34362819663029e-127,0.545690712485555,0.851,0.661,3.78755352348113e-123,"14","ARGLU1"
"GNL3",2.10079576611415e-126,0.416592631656119,0.373,0.158,5.92193318509918e-122,"14","GNL3"
"STX71",4.63859501258168e-126,0.60812954395753,0.667,0.415,1.30757354809665e-121,"14","STX7"
"S100PBP",2.7193155275788e-125,0.387572614688151,0.305,0.114,7.66547854069188e-121,"14","S100PBP"
"SEP15",3.05547033636829e-125,0.545172246680001,0.689,0.441,8.61306533118856e-121,"14","SEP15"
"PPP1R2",4.12374248834465e-124,0.561543909916332,0.715,0.477,1.16244177003947e-119,"14","PPP1R2"
"HLA-DMA2",9.89008517057121e-124,0.546931235314731,0.823,0.604,2.78791610873232e-119,"14","HLA-DMA"
"ERCC1",9.91593443980998e-124,0.521242173342033,0.542,0.289,2.79520275923804e-119,"14","ERCC1"
"SLC44A21",1.40913417416397e-123,0.40157964173221,0.378,0.158,3.97220832355082e-119,"14","SLC44A2"
"HSPA5",2.76989661284376e-122,0.58194726693637,0.786,0.563,7.80806156194528e-118,"14","HSPA5"
"LUC7L3",3.92501254053097e-122,0.56894364735313,0.765,0.531,1.10642178505028e-117,"14","LUC7L3"
"AGPAT5",4.13487679429468e-122,0.306798171062558,0.222,0.07,1.16558041954373e-117,"14","AGPAT5"
"C1orf228",1.43778053702968e-121,0.435742127813757,0.362,0.15,4.05295955583296e-117,"14","C1orf228"
"ANKRD11",2.21365433256738e-121,0.63555516845751,0.742,0.511,6.24007019807417e-117,"14","ANKRD11"
"C1QBP",3.54784639854811e-121,0.484964916867153,0.594,0.343,1.00010242128673e-116,"14","C1QBP"
"AKAP9",5.21962672365601e-121,0.623171789791003,0.725,0.493,1.47136057713139e-116,"14","AKAP9"
"PARVB",1.23786463200193e-120,0.446878223384149,0.393,0.175,3.48941661115025e-116,"14","PARVB"
"ARPC5L",1.90346658574616e-120,0.464909386382714,0.486,0.247,5.36568195855984e-116,"14","ARPC5L"
"SMIM3",5.2769264711382e-120,0.377005903643155,0.276,0.099,1.48751280294915e-115,"14","SMIM3"
"PRKRA",8.11577602925084e-120,0.367072976376038,0.349,0.145,2.28775610488552e-115,"14","PRKRA"
"ANAPC16",1.07416463739064e-119,0.531320471423066,0.769,0.552,3.02796269634047e-115,"14","ANAPC16"
"SNHG81",2.29226922910372e-119,0.54225040890698,0.715,0.466,6.46167772992047e-115,"14","SNHG8"
"RPL142",1.1315104519761e-118,0.339538912948657,0.987,0.979,3.18961481307543e-114,"14","RPL14"
"NUCKS1",2.23234810589706e-118,0.555858583344187,0.735,0.496,6.29276607571321e-114,"14","NUCKS1"
"HPS4",3.31839469259846e-118,0.356735173233069,0.272,0.098,9.35422279896579e-114,"14","HPS4"
"CCS",3.96917655688808e-118,0.425827814442342,0.421,0.196,1.11887117962118e-113,"14","CCS"
"ITGAE",4.66022406359445e-118,0.439244457824107,0.509,0.264,1.31367056128664e-113,"14","ITGAE"
"MYDGF",7.51592630736738e-118,0.567339643196737,0.604,0.361,2.11866446678379e-113,"14","MYDGF"
"KTN1",8.62924738812492e-118,0.590890103318725,0.767,0.563,2.43249854623853e-113,"14","KTN1"
"IGFLR11",1.88936612124189e-117,0.386651281714787,0.272,0.1,5.32593415916877e-113,"14","IGFLR1"
"TMED4",2.45157719153215e-117,0.458827812226507,0.499,0.258,6.91075094520999e-113,"14","TMED4"
"ARHGAP17",4.12780541351031e-116,0.419497974694814,0.41,0.188,1.16358706801442e-111,"14","ARHGAP17"
"RPL22L1",8.11061958605561e-116,0.587511856225328,0.727,0.508,2.28630255511321e-111,"14","RPL22L1"
"LSM5",2.27805428385889e-115,0.514117716033767,0.576,0.331,6.42160722076982e-111,"14","LSM5"
"LIMD1",5.21510312901623e-115,0.365899145674335,0.303,0.118,1.47008542103838e-110,"14","LIMD1"
"C11orf31",2.23703083202304e-114,0.521954336072934,0.734,0.494,6.30596621238975e-110,"14","C11orf31"
"NR3C1",4.23438865851794e-114,0.611760615879473,0.684,0.451,1.19363181894962e-109,"14","NR3C1"
"GABPB1-AS11",1.22984375560267e-113,0.554015671049082,0.53,0.284,3.46680656266836e-109,"14","GABPB1-AS1"
"ERGIC2",8.55465408895408e-113,0.426770347889107,0.381,0.173,2.41147144113527e-108,"14","ERGIC2"
"SEPHS1",7.1740926927281e-112,0.309128304941546,0.217,0.071,2.02230498915312e-107,"14","SEPHS1"
"APBB1IP",3.79593715425443e-111,0.534763677820487,0.695,0.462,1.07003672441278e-106,"14","APBB1IP"
"CCDC14",5.91422137422462e-111,0.347025302358483,0.294,0.114,1.66715986318018e-106,"14","CCDC14"
"CCNB1IP1",9.56269323690584e-111,0.303692592945212,0.259,0.094,2.69562759655139e-106,"14","CCNB1IP1"
"HSPE11",1.03799331346699e-110,0.476876569549545,0.617,0.368,2.92599935133211e-106,"14","HSPE1"
"SGSM3",2.41080278703428e-110,0.333398198154069,0.305,0.121,6.79581197637092e-106,"14","SGSM3"
"CD99",2.4628636767786e-109,0.535865058289706,0.8,0.585,6.94256641847121e-105,"14","CD99"
"YPEL51",4.17864118376993e-109,0.599209714536145,0.82,0.647,1.17791716329291e-104,"14","YPEL5"
"PCM1",7.06217052984577e-109,0.569380785388605,0.633,0.397,1.99075525065823e-104,"14","PCM1"
"MYCL",1.96852979510383e-108,0.32743736294674,0.304,0.119,5.54908863941818e-104,"14","MYCL"
"WBSCR22",2.45663586016148e-108,0.384211675648353,0.414,0.195,6.9250108262092e-104,"14","WBSCR22"
"IFNAR2",1.04370521177817e-107,0.459760602125528,0.489,0.256,2.94210062148149e-103,"14","IFNAR2"
"COMMD3",2.89830355264579e-107,0.436633088522473,0.469,0.242,8.17002788455322e-103,"14","COMMD3"
"MIB2",1.03925062108992e-106,0.371500560140111,0.282,0.111,2.92954357579037e-102,"14","MIB2"
"ATF7IP2",1.06052948630922e-106,0.324430210683986,0.303,0.122,2.98952656895707e-102,"14","ATF7IP2"
"C12orf57",1.73520642630286e-106,0.524615576446156,0.752,0.513,4.89137339510513e-102,"14","C12orf57"
"IRF2BP21",4.38626748104126e-106,0.556762443830802,0.79,0.589,1.23644494023072e-101,"14","IRF2BP2"
"NDUFV21",6.07609988803479e-106,0.487052547604434,0.655,0.418,1.71279179743813e-101,"14","NDUFV2"
"UBE2D2",7.13222076981449e-106,0.526627918244252,0.723,0.518,2.01050171280301e-101,"14","UBE2D2"
"INPP4A",1.16147540668562e-105,0.410765904517006,0.412,0.197,3.2740830239061e-101,"14","INPP4A"
"CANX",1.20250807540351e-105,0.54406591502284,0.805,0.638,3.38975001375496e-101,"14","CANX"
"TBCC",1.9212391894077e-105,0.352689388438832,0.306,0.126,5.41578115102136e-101,"14","TBCC"
"HIVEP11",2.642290133935e-105,0.426577819482624,0.318,0.134,7.44835165854938e-101,"14","HIVEP1"
"LTV1",2.83807143905874e-105,0.341517623628516,0.297,0.119,8.00023957956267e-101,"14","LTV1"
"RBBP7",7.87872660204208e-105,0.395716901806355,0.461,0.237,2.22093424184964e-100,"14","RBBP7"
"UBTF",4.04384541041384e-104,0.447936417342255,0.466,0.242,1.13991958274156e-99,"14","UBTF"
"HNRNPAB",4.21160862083225e-104,0.511736352193776,0.644,0.409,1.1872103541264e-99,"14","HNRNPAB"
"BAG1",4.79946706822224e-104,0.518018060637461,0.625,0.396,1.35292177186117e-99,"14","BAG1"
"GLO1",5.45363035305552e-103,0.429126918222867,0.433,0.22,1.53732386022282e-98,"14","GLO1"
"CXCR42",1.05637154411781e-102,0.76506280855269,0.723,0.487,2.9778057457137e-98,"14","CXCR4"
"FUS",1.68646304049232e-102,0.514662136028132,0.848,0.691,4.7539706648438e-98,"14","FUS"
"TCEA1",1.75707933299335e-102,0.527749843718354,0.712,0.492,4.95303093177495e-98,"14","TCEA1"
"TUBA1B1",1.75948909423128e-102,0.492997412271885,0.803,0.606,4.95982380772857e-98,"14","TUBA1B"
"NOP58",2.59520791831188e-102,0.438495052148183,0.439,0.223,7.31563160092937e-98,"14","NOP58"
"MIA3",7.86216981047447e-102,0.429461854810359,0.484,0.257,2.21626704787465e-97,"14","MIA3"
"SLC7A6",1.6735110234422e-101,0.342897839473376,0.263,0.101,4.71746022398122e-97,"14","SLC7A6"
"AREG2",4.0417860796674e-101,0.594194421111157,0.243,0.088,1.13933907799744e-96,"14","AREG"
"TMEM141",8.80951469806138e-101,0.426204440317477,0.444,0.227,2.48331409823652e-96,"14","TMEM141"
"NRDC",8.2144608841967e-98,0.465960264302908,0.613,0.377,2.31557437864621e-93,"14","NRDC"
"NDUFA41",2.85271378563416e-97,0.441187046465787,0.873,0.731,8.04151489032413e-93,"14","NDUFA4"
"DNAJC7",7.5885163233597e-97,0.508541388141988,0.71,0.501,2.13912686639187e-92,"14","DNAJC7"
"CCDC1071",4.0274779229464e-96,0.36779070564493,0.417,0.209,1.13530575169936e-91,"14","CCDC107"
"SFMBT2",4.87871010867489e-96,0.300567566569935,0.244,0.092,1.37525959253436e-91,"14","SFMBT2"
"NUDT5",4.91560685656766e-96,0.376738067825024,0.365,0.173,1.38566041679786e-91,"14","NUDT5"
"RP11-347P5.1",3.4425139768568e-95,0.315642061426318,0.288,0.117,9.70410264936165e-91,"14","RP11-347P5.1"
"CORO1C1",8.53185431969195e-95,0.47258932302348,0.554,0.326,2.40504441417796e-90,"14","CORO1C"
"UBA5",9.62735546245587e-95,0.300675369106946,0.225,0.082,2.71385523131169e-90,"14","UBA5"
"ANTXR2",1.28870557527609e-94,0.362729736070514,0.404,0.2,3.63273214614578e-90,"14","ANTXR2"
"TM9SF3",1.83127120797182e-94,0.498552402131665,0.647,0.425,5.16217040815175e-90,"14","TM9SF3"
"LINC01089",6.09252530607312e-94,0.30390954904579,0.255,0.1,1.71742195852895e-89,"14","LINC01089"
"SLC3A21",2.16714462920215e-93,0.438282167616088,0.564,0.333,6.10896399525794e-89,"14","SLC3A2"
"TMX3",4.02566597237714e-93,0.359207378622736,0.378,0.181,1.13479498095339e-88,"14","TMX3"
"ACSL31",9.24499474905109e-93,0.34055556332592,0.365,0.171,2.60607156981001e-88,"14","ACSL3"
"SF11",1.09143569714626e-92,0.472796224938855,0.829,0.676,3.07664808668559e-88,"14","SF1"
"CYTH4",1.11672320420381e-92,0.471820374164988,0.617,0.381,3.14793104033013e-88,"14","CYTH4"
"RPL311",1.29957032755906e-92,0.318577758252383,0.965,0.922,3.66335879635622e-88,"14","RPL31"
"SYS1",1.35298208686624e-92,0.342208634282974,0.336,0.153,3.81392120466723e-88,"14","SYS1"
"ABCE1",3.3922263671031e-92,0.386984424654476,0.402,0.202,9.56234690622692e-88,"14","ABCE1"
"PRKCB1",6.60258233818034e-92,0.500298163332562,0.8,0.618,1.86120193530966e-87,"14","PRKCB"
"SFT2D11",3.72922941064189e-91,0.400895450955802,0.551,0.323,1.05123247856584e-86,"14","SFT2D1"
"ARL6IP11",4.45430567887535e-91,0.447594855368143,0.592,0.368,1.25562422781817e-86,"14","ARL6IP1"
"TBL1XR1",5.22666449027649e-91,0.449123836694426,0.575,0.35,1.47334445316404e-86,"14","TBL1XR1"
"STX18",2.12306754643353e-90,0.304637771840853,0.27,0.111,5.98471510664147e-86,"14","STX18"
"CBX5",4.07634969409296e-90,0.384189048632828,0.33,0.153,1.14908221526786e-85,"14","CBX5"
"DTWD1",5.04712471449098e-90,0.313454242963444,0.27,0.111,1.42273398576786e-85,"14","DTWD1"
"TMEM258",6.3386807466495e-90,0.498980314355761,0.816,0.655,1.78681071567303e-85,"14","TMEM258"
"SCAMP4",1.45232365499437e-89,0.357989381224915,0.359,0.17,4.09395515106362e-85,"14","SCAMP4"
"PCMTD1",1.69198748143911e-89,0.446600574478789,0.541,0.324,4.76954351142872e-85,"14","PCMTD1"
"FAM53C",6.81791597373899e-89,0.438646670948019,0.384,0.19,1.92190233383728e-84,"14","FAM53C"
"NFATC2IP",9.48314246078498e-89,0.480015509954254,0.542,0.33,2.67320302827068e-84,"14","NFATC2IP"
"TMA7",1.0586347252935e-88,0.385137353138883,0.916,0.862,2.98418542712986e-84,"14","TMA7"
"TIMM13",1.56880070130775e-88,0.451959407400314,0.605,0.383,4.42229229691642e-84,"14","TIMM13"
"UVRAG1",2.05745063271089e-88,0.413393706654148,0.468,0.259,5.79974758854872e-84,"14","UVRAG"
"ARHGAP181",2.33353519086076e-88,0.300154711405979,0.328,0.149,6.57800234951739e-84,"14","ARHGAP18"
"UBC1",8.61456880536963e-87,0.359421109425479,0.974,0.957,2.42836080054565e-82,"14","UBC"
"HIP11",1.44951078409732e-86,0.346224465832931,0.298,0.131,4.08602594929194e-82,"14","HIP1"
"LARS",2.07436595212154e-86,0.419918955146876,0.529,0.311,5.84743018243541e-82,"14","LARS"
"DDX5",3.31543179944489e-86,0.317138602725735,0.98,0.964,9.34587069945521e-82,"14","DDX5"
"TMEM2431",7.33847702085723e-86,0.382117815445875,0.428,0.225,2.06864328740944e-81,"14","TMEM243"
"NDUFC2",8.41678722213107e-86,0.471476552802085,0.69,0.476,2.37260815004653e-81,"14","NDUFC2"
"SMIM19",1.03466895561831e-85,0.331847008102589,0.361,0.177,2.91662831899244e-81,"14","SMIM19"
"CRYBG3",3.02461107446775e-85,0.374679669839286,0.355,0.17,8.52607615781714e-81,"14","CRYBG3"
"RBM38",3.81478147617559e-85,0.394065821905656,0.34,0.163,1.07534875031914e-80,"14","RBM38"
"ALG5",3.8275103235243e-85,0.334902963970329,0.338,0.16,1.07893688509826e-80,"14","ALG5"
"MDM4",7.15945545715678e-85,0.494579268515034,0.757,0.548,2.01817889881793e-80,"14","MDM4"
"SUPT5H",9.33691666543552e-85,0.433370725687347,0.525,0.309,2.63198343881962e-80,"14","SUPT5H"
"GLRX5",9.57422129689763e-85,0.370314942018774,0.476,0.268,2.69887724138247e-80,"14","GLRX5"
"CCT3",1.53168397059454e-84,0.426585949472566,0.541,0.329,4.31766394470895e-80,"14","CCT3"
"OTUD6B-AS1",1.54977192013248e-84,0.358341815618726,0.414,0.216,4.36865206566146e-80,"14","OTUD6B-AS1"
"ZNF791",2.607678311219e-84,0.367721319012748,0.39,0.197,7.35078439149525e-80,"14","ZNF791"
"IGF2R",1.76091377019508e-83,0.390713590177064,0.453,0.246,4.96383982680292e-79,"14","IGF2R"
"SBDS",1.89977663103961e-83,0.435372969338376,0.517,0.307,5.35528034523757e-79,"14","SBDS"
"ADD1",4.95503212832607e-83,0.38869317294954,0.551,0.334,1.39677400665384e-78,"14","ADD1"
"REXO2",5.36645621139823e-83,0.319903301467903,0.266,0.114,1.51275034143105e-78,"14","REXO2"
"KRT101",9.33244277830014e-83,0.373121911769182,0.656,0.445,2.63072229477503e-78,"14","KRT10"
"PBX3",1.09843833763318e-82,0.323953874211278,0.282,0.123,3.09638782995417e-78,"14","PBX3"
"SCAF11",1.60169611932365e-82,0.479016925561879,0.833,0.677,4.51502119076144e-78,"14","SCAF11"
"DNAJA1",1.77628210491807e-82,0.452884083489065,0.811,0.641,5.00716162555355e-78,"14","DNAJA1"
"GUK1",1.90436911827515e-82,0.506623038787093,0.809,0.682,5.36822610750581e-78,"14","GUK1"
"MESDC2",3.7500245269383e-82,0.354344369795603,0.41,0.212,1.05709441389864e-77,"14","MESDC2"
"HSP90AA11",9.28190319869013e-82,0.408459721090753,0.943,0.877,2.61647569267876e-77,"14","HSP90AA1"
"ATP5G1",3.1537958835139e-81,0.374956522388705,0.586,0.364,8.89023521603732e-77,"14","ATP5G1"
"PHC3",6.09764705135974e-81,0.389463127767127,0.472,0.267,1.7188657273078e-76,"14","PHC3"
"CBX6",6.25363928211233e-81,0.441963463142569,0.525,0.312,1.76283837723465e-76,"14","CBX6"
"ARMCX6",7.366032336933e-81,0.310014846811807,0.259,0.109,2.07641085545804e-76,"14","ARMCX6"
"ITPR21",1.08550281333779e-80,0.375296886871616,0.493,0.28,3.05992388051791e-76,"14","ITPR2"
"NCOA7",1.57533827431163e-80,0.361752866271992,0.376,0.189,4.44072106145706e-76,"14","NCOA7"
"ADI1",2.02123046307156e-80,0.44957289487997,0.551,0.345,5.69764655235241e-76,"14","ADI1"
"R3HDM1",2.24029341195781e-80,0.325674176762388,0.317,0.148,6.31516309896787e-76,"14","R3HDM1"
"TMCO1",4.84287442350682e-80,0.418429896950761,0.573,0.361,1.36515787124234e-75,"14","TMCO1"
"PRMT1",6.85294435057922e-80,0.351838501654006,0.423,0.23,1.93177648298478e-75,"14","PRMT1"
"MTDH",7.70439918820774e-80,0.488261864340667,0.83,0.709,2.17179308716388e-75,"14","MTDH"
"MX1",2.51916145772484e-79,0.470627381609561,0.401,0.212,7.10126423318056e-75,"14","MX1"
"PHYKPL",3.02359095280972e-79,0.384759554289179,0.408,0.22,8.52320053687531e-75,"14","PHYKPL"
"NSMCE3",6.35064060063206e-79,0.346806272154516,0.313,0.149,1.79018207891217e-74,"14","NSMCE3"
"APPL1",7.07034452589799e-79,0.432440308953071,0.546,0.342,1.99305941840538e-74,"14","APPL1"
"TTC14",7.8859895003108e-79,0.402952960519534,0.536,0.323,2.22298158024261e-74,"14","TTC14"
"CDKN2D",9.7393050047422e-79,0.437390186354172,0.71,0.498,2.74541268778678e-74,"14","CDKN2D"
"PHF14",1.0175558370651e-78,0.335236110557088,0.401,0.211,2.86838814910281e-74,"14","PHF14"
"C8orf59",1.44885647929948e-78,0.416622167920223,0.652,0.445,4.08418152949729e-74,"14","C8orf59"
"TCEAL8",3.79896002374864e-78,0.323058265029126,0.325,0.157,1.0708888410945e-73,"14","TCEAL8"
"IRF2BPL",7.8790519900657e-78,0.327741190136919,0.306,0.141,2.22102596547962e-73,"14","IRF2BPL"
"ATP2B4",8.9380852551825e-78,0.343888869563199,0.387,0.2,2.51955685258339e-73,"14","ATP2B4"
"SNHG9",1.07651700243316e-77,0.413468206814434,0.493,0.288,3.03459377815883e-73,"14","SNHG9"
"PRDX6",1.241769079825e-77,0.413798367379257,0.682,0.487,3.50042285911869e-73,"14","PRDX6"
"DDOST",1.51676281918416e-77,0.399738254128895,0.478,0.278,4.27560271099823e-73,"14","DDOST"
"MYL12B",2.50086129726134e-77,0.389975917528077,0.9,0.806,7.04967791085e-73,"14","MYL12B"
"GABARAPL2",2.50624875260578e-77,0.355711110881459,0.7,0.496,7.06486460872043e-73,"14","GABARAPL2"
"SELPLG1",2.63484644967126e-77,0.475314536690078,0.647,0.461,7.4273686569783e-73,"14","SELPLG"
"TTC37",2.76756279460823e-77,0.376970483375057,0.436,0.242,7.80148276172114e-73,"14","TTC37"
"TMED3",4.52834807455116e-77,0.326549786070327,0.32,0.155,1.27649603873523e-72,"14","TMED3"
"H1FX",5.126744252734e-77,0.698860141354602,0.765,0.618,1.44517793740319e-72,"14","H1FX"
"CHML",6.82296592328852e-77,0.353554758119881,0.289,0.132,1.9233258641158e-72,"14","CHML"
"RBBP4",2.54323328537868e-76,0.427094821364211,0.632,0.429,7.16912030815397e-72,"14","RBBP4"
"SULF2",8.17594862088764e-76,0.437747345003943,0.64,0.44,2.30471815674202e-71,"14","SULF2"
"TACC11",9.93882164554036e-76,0.440978566443586,0.668,0.472,2.80165443366137e-71,"14","TACC1"
"MKKS",1.34745494731277e-75,0.319740793835184,0.385,0.2,3.79834075097998e-71,"14","MKKS"
"ACADM",2.68910442590372e-75,0.319696049493108,0.304,0.143,7.58031646618001e-71,"14","ACADM"
"NUDT22",3.22295671552701e-75,0.370452643988214,0.406,0.22,9.08519268539909e-71,"14","NUDT22"
"FKBP3",4.05905558992866e-75,0.360405369084469,0.416,0.231,1.14420718024499e-70,"14","FKBP3"
"UBE2E21",5.45988526381274e-75,0.331102247344618,0.373,0.193,1.53908705701617e-70,"14","UBE2E2"
"OTULIN",8.20779128175478e-75,0.378081753409713,0.409,0.221,2.31369428441385e-70,"14","OTULIN"
"SERBP1",9.74277962630709e-75,0.415957000037841,0.836,0.714,2.74639214885971e-70,"14","SERBP1"
"KMT2B",1.18167915900489e-74,0.33572146344687,0.34,0.169,3.33103538131889e-70,"14","KMT2B"
"MAPRE2",1.82901647970642e-74,0.315575328300661,0.36,0.181,5.15581455464442e-70,"14","MAPRE2"
"POLR2J3",2.18011876280304e-74,0.455285807845098,0.569,0.362,6.1455367804655e-70,"14","POLR2J3"
"CAT",3.83882994248083e-74,0.436186079137454,0.644,0.452,1.08212777248592e-69,"14","CAT"
"RAB4B",4.07684731970921e-74,0.307953647814847,0.365,0.187,1.14922249095283e-69,"14","RAB4B"
"NMT1",5.70109484242023e-74,0.408369817074018,0.522,0.326,1.60708162512984e-69,"14","NMT1"
"LPXN1",2.01026502386119e-73,0.305952921574443,0.414,0.224,5.66673607576232e-69,"14","LPXN"
"MZT2A",2.09779958253198e-73,0.3468735102932,0.474,0.277,5.9134872431994e-69,"14","MZT2A"
"MZT2B",2.854151130675e-73,0.405221272445018,0.772,0.604,8.04556662225976e-69,"14","MZT2B"
"ZDHHC24",5.06590121404422e-73,0.310743233785287,0.268,0.121,1.42802689322693e-68,"14","ZDHHC24"
"DMXL1",6.47765204009399e-73,0.341359680395792,0.416,0.225,1.82598533358209e-68,"14","DMXL1"
"P4HB1",1.21762748805087e-72,0.438970618431019,0.694,0.507,3.43237012606661e-68,"14","P4HB"
"DDX18",2.49377940008428e-72,0.438932775165879,0.637,0.444,7.02971475089758e-68,"14","DDX18"
"UXT",2.69604173816341e-72,0.4157591839898,0.763,0.593,7.59987205570882e-68,"14","UXT"
"KIF5B",4.1825195603163e-72,0.435324572734508,0.697,0.511,1.17901043885756e-67,"14","KIF5B"
"HNRNPA0",5.30330571392496e-72,0.41551986522815,0.635,0.437,1.49494884769831e-67,"14","HNRNPA0"
"SMARCE1",1.30066857224801e-71,0.373811687309366,0.485,0.289,3.66645463830991e-67,"14","SMARCE1"
"ZNF7061",3.71674286297615e-71,0.422405630610122,0.677,0.488,1.04771264564435e-66,"14","ZNF706"
"RABGAP1L1",6.52672517205119e-71,0.406104874852976,0.588,0.377,1.83981855874951e-66,"14","RABGAP1L"
"DNAJB9",6.73795221485914e-71,0.345641486883589,0.297,0.143,1.89936134984664e-66,"14","DNAJB9"
"DNAJB11",7.14481187973317e-71,0.342101587187074,0.416,0.23,2.01405102077798e-66,"14","DNAJB11"
"DNAJC1",7.15565845230323e-71,0.34884142328179,0.398,0.219,2.01710856111976e-66,"14","DNAJC1"
"SEC621",1.20026064899672e-70,0.414627899029524,0.723,0.542,3.38341474345687e-66,"14","SEC62"
"C3orf58",1.33646509438401e-70,0.368111153012376,0.345,0.176,3.7673614545591e-66,"14","C3orf58"
"NUTM2B-AS1",1.34110379650069e-70,0.368414946782396,0.408,0.228,3.78043749195579e-66,"14","NUTM2B-AS1"
"MXD4",1.7633493219324e-70,0.392977110333266,0.555,0.356,4.97070540359525e-66,"14","MXD4"
"COX6C",2.60674932728115e-70,0.380797049009582,0.855,0.737,7.34816567867284e-66,"14","COX6C"
"KRTCAP21",3.72536956273512e-70,0.378921238137657,0.497,0.299,1.0501444260394e-65,"14","KRTCAP2"
"HMGB1",8.69138176831436e-70,0.316116062410661,0.941,0.904,2.45001360667013e-65,"14","HMGB1"
"SET",3.55528116851691e-69,0.37237693762569,0.885,0.78,1.00219820859323e-64,"14","SET"
"SON",4.36745339998669e-69,0.392700503009029,0.867,0.772,1.23114143892225e-64,"14","SON"
"RERE1",6.02351042023164e-69,0.35268857450363,0.418,0.233,1.6979673523591e-64,"14","RERE"
"MLF2",8.46214858363246e-69,0.337349079893183,0.545,0.343,2.38539506424015e-64,"14","MLF2"
"NENF1",1.04368001024576e-68,0.340716800653352,0.461,0.273,2.94202958088177e-64,"14","NENF"
"ZNF326",1.66149998964699e-68,0.329775144793216,0.418,0.231,4.68360232081589e-64,"14","ZNF326"
"AP3S1",1.80288864316191e-68,0.363298998437727,0.519,0.322,5.08216279620911e-64,"14","AP3S1"
"TOMM20",2.31255471198825e-68,0.404471595886168,0.797,0.658,6.51886047762369e-64,"14","TOMM20"
"H2AFV",2.47628814639095e-68,0.372904786074278,0.695,0.503,6.98040865586145e-64,"14","H2AFV"
"ATP5J",2.73576065487045e-68,0.377848085216447,0.728,0.521,7.7118357100143e-64,"14","ATP5J"
"TMEM208",2.75297690420237e-68,0.345481938485138,0.441,0.255,7.76036659525606e-64,"14","TMEM208"
"TGFBI1",5.07665898009147e-68,0.387263125179685,0.75,0.564,1.43105939989798e-63,"14","TGFBI"
"FIP1L1",6.06713356311875e-68,0.326011344246921,0.346,0.182,1.71026428010755e-63,"14","FIP1L1"
"ARMCX3",2.38802248694649e-67,0.302843159637511,0.329,0.166,6.73159658845347e-63,"14","ARMCX3"
"HIST1H1E",2.503258368064e-67,0.420690160474828,0.518,0.32,7.05643501373561e-63,"14","HIST1H1E"
"PTPN11",3.20950826626973e-67,0.384394753291948,0.484,0.293,9.04728285178775e-63,"14","PTPN1"
"ATPIF1",3.3083795267713e-67,0.391487538455733,0.697,0.503,9.32599104801562e-63,"14","ATPIF1"
"SRRM2",1.1692829109533e-66,0.379549280406621,0.88,0.788,3.29609159768626e-62,"14","SRRM2"
"KDELR2",2.61514085194521e-66,0.375442417890471,0.537,0.344,7.37182054754836e-62,"14","KDELR2"
"RNF11",6.04430902955521e-66,0.330049517304136,0.396,0.219,1.70383027234132e-61,"14","RNF11"
"PSENEN",1.23835055477557e-65,0.315262501501373,0.416,0.239,3.49078637885685e-61,"14","PSENEN"
"NASP",1.46395947151285e-65,0.372804426557186,0.501,0.311,4.12675535424757e-61,"14","NASP"
"UFC1",3.31887177328716e-65,0.379081363204876,0.673,0.497,9.35556764171918e-61,"14","UFC1"
"PRPF4B",6.68705249711145e-65,0.39335410829326,0.672,0.484,1.88501322841075e-60,"14","PRPF4B"
"RHOF1",8.39143331038331e-65,0.301079308879898,0.377,0.204,2.36546113586395e-60,"14","RHOF"
"TGFBR2",1.14235016198505e-64,0.365357063839294,0.517,0.326,3.22017087161966e-60,"14","TGFBR2"
"PPP6R1",1.85202657159022e-64,0.358898659628531,0.448,0.266,5.22067770265566e-60,"14","PPP6R1"
"SNX3",2.29905400531028e-64,0.370693227037965,0.801,0.671,6.48080333556916e-60,"14","SNX3"
"RPPH1",3.53591254362025e-64,0.510603911792856,0.288,0.142,9.96738386921112e-60,"14","RPPH1"
"DBI1",3.55434536549187e-64,0.365492043849428,0.821,0.661,1.0019344150785e-59,"14","DBI"
"DNAJC3",5.79562692193115e-64,0.365020828724471,0.521,0.327,1.63372927302317e-59,"14","DNAJC3"
"GALNT2",1.39330535936776e-63,0.337994167214909,0.317,0.165,3.92758847752177e-59,"14","GALNT2"
"TMEM14B",2.20159082475998e-63,0.36000876522314,0.625,0.424,6.2060643759159e-59,"14","TMEM14B"
"MED10",1.17957551298111e-62,0.311037872330596,0.487,0.299,3.32510541354244e-58,"14","MED10"
"LSM3",1.53935464106081e-62,0.31754287243474,0.618,0.423,4.33928679768632e-58,"14","LSM3"
"ARHGAP9",2.25811406850318e-62,0.339855130918481,0.522,0.326,6.3653977477036e-58,"14","ARHGAP9"
"MARCH2",2.33192854826838e-62,0.341608151252329,0.405,0.232,6.57347338471373e-58,"14","MARCH2"
"HNRNPA2B1",6.24688445720946e-62,0.313183785976622,0.945,0.91,1.76093425964277e-57,"14","HNRNPA2B1"
"ARID1B1",8.78732259527556e-62,0.339153024249712,0.408,0.233,2.47705836638223e-57,"14","ARID1B"
"ARID2",1.06370005334018e-61,0.319531205025922,0.361,0.197,2.99846408036064e-57,"14","ARID2"
"MOB1B",2.64780057378455e-61,0.33448502890882,0.38,0.212,7.46388503744126e-57,"14","MOB1B"
"UBXN4",6.29702171479687e-61,0.389353413361004,0.673,0.485,1.77506745118409e-56,"14","UBXN4"
"ATP5G3",1.27413775395825e-60,0.370542591996791,0.76,0.585,3.59166691463292e-56,"14","ATP5G3"
"UBE2S",1.37017878842233e-60,0.373912346805999,0.426,0.253,3.86239698668371e-56,"14","UBE2S"
"FAM96B",5.88706300835746e-60,0.366431349196422,0.604,0.419,1.65950419142588e-55,"14","FAM96B"
"TAX1BP3",6.27121463549198e-60,0.304153923805844,0.275,0.137,1.76779269359883e-55,"14","TAX1BP3"
"MEF2D1",6.36843710436231e-60,0.322197392418193,0.419,0.243,1.79519873534869e-55,"14","MEF2D"
"COX7A2",6.7482501947962e-60,0.345198998515064,0.845,0.72,1.9022642474111e-55,"14","COX7A2"
"HMGN2",3.00596503175915e-59,0.364563518399191,0.862,0.752,8.47351482802586e-55,"14","HMGN2"
"NDUFB8",4.26430671467276e-59,0.341975118070457,0.699,0.518,1.2020654197991e-54,"14","NDUFB8"
"IL16",5.25976838638291e-59,0.325035426087036,0.41,0.24,1.48267611043748e-54,"14","IL16"
"XPA",1.06674628388916e-58,0.316492059459259,0.351,0.193,3.00705109965516e-54,"14","XPA"
"MFSD121",1.19568973920098e-58,0.317122343664497,0.382,0.218,3.37052980583365e-54,"14","MFSD12"
"TMEM59",1.52288583961386e-58,0.353631248936553,0.728,0.567,4.2928628932875e-54,"14","TMEM59"
"PFDN21",8.35107555773289e-58,0.362527712109088,0.564,0.385,2.35408468896932e-53,"14","PFDN2"
"ILF3-AS1",1.26357447802327e-57,0.346311111777378,0.417,0.245,3.56189009609981e-53,"14","ILF3-AS1"
"RANBP1",1.46856915457512e-57,0.324862931996641,0.518,0.337,4.13974958983179e-53,"14","RANBP1"
"ITCH",1.81570873168922e-57,0.310420927980585,0.464,0.284,5.11830134375873e-53,"14","ITCH"
"APRT",3.79481627005222e-57,0.337156611024572,0.813,0.686,1.06972075836502e-52,"14","APRT"
"JTB",4.89278386248775e-57,0.3866978091125,0.742,0.6,1.37922684299667e-52,"14","JTB"
"FNBP4",1.29033592872443e-56,0.350535931748245,0.551,0.377,3.6373279494813e-52,"14","FNBP4"
"USMG5",1.40404979771755e-56,0.357808673607123,0.754,0.586,3.957875974786e-52,"14","USMG5"
"RNMT",2.32089061776578e-56,0.324093770255603,0.585,0.392,6.54235856241996e-52,"14","RNMT"
"COQ7",5.82151850397707e-56,0.358115976612186,0.419,0.247,1.6410278510861e-51,"14","COQ7"
"SUPT16H",8.40520934204876e-56,0.33516216304171,0.464,0.292,2.36934446143012e-51,"14","SUPT16H"
"MRPS10",1.09609834626056e-55,0.304687347706584,0.341,0.189,3.08979162827389e-51,"14","MRPS10"
"CCT2",1.12680312122338e-55,0.307285131409124,0.419,0.253,3.17634531841659e-51,"14","CCT2"
"SLC35E1",1.26190794353777e-55,0.30610928600655,0.349,0.193,3.55719230203862e-51,"14","SLC35E1"
"ARF1",1.27480226721667e-55,0.36733325618975,0.779,0.642,3.59354011105708e-51,"14","ARF1"
"TMX1",2.30190849949468e-55,0.308941540794642,0.485,0.309,6.48884986922555e-51,"14","TMX1"
"ARID3A",3.74290054765658e-55,0.346811495493261,0.426,0.257,1.05508623537891e-50,"14","ARID3A"
"HNRNPM",4.70926811481535e-55,0.393958067632874,0.738,0.603,1.3274955888853e-50,"14","HNRNPM"
"TRMT112",3.69757455688311e-54,0.322699386653584,0.665,0.491,1.04230929183978e-49,"14","TRMT112"
"BDP1",7.84209104259421e-54,0.351282792378157,0.489,0.314,2.21060704399688e-49,"14","BDP1"
"GPX13",1.45209457616642e-53,0.316943304562231,0.914,0.829,4.09330940075552e-49,"14","GPX1"
"SRSF10",3.4017952723161e-53,0.349774121414405,0.65,0.473,9.58932069313185e-49,"14","SRSF10"
"NHLRC3",3.51150510028406e-53,0.30181667893193,0.339,0.188,9.89858172719075e-49,"14","NHLRC3"
"TNRC6B1",3.83423914143818e-53,0.406761965318582,0.694,0.531,1.08083367158001e-48,"14","TNRC6B"
"HMGN3",4.43102513045897e-53,0.331020023460203,0.667,0.484,1.24906167402508e-48,"14","HMGN3"
"SNRPF",5.70660774071213e-53,0.329391962378841,0.622,0.448,1.60863565602934e-48,"14","SNRPF"
"PTRHD1",1.07085009549896e-52,0.331642061961578,0.494,0.326,3.01861933420203e-48,"14","PTRHD1"
"DNAJC4",1.09244836781168e-52,0.302905724269232,0.49,0.317,3.07950270402433e-48,"14","DNAJC4"
"DDX27",2.63940934755922e-52,0.333253967111583,0.433,0.27,7.44023100983468e-48,"14","DDX27"
"DUT",2.75446546333818e-52,0.308694277247966,0.508,0.33,7.76456269460401e-48,"14","DUT"
"TXNL4A",5.85820780835942e-52,0.308021634580326,0.554,0.379,1.65137019909844e-47,"14","TXNL4A"
"CENPC",6.63663454752117e-52,0.302408490541748,0.408,0.245,1.87080091260074e-47,"14","CENPC"
"SNRPB",1.91289990364262e-51,0.331425117002141,0.702,0.538,5.39227353837819e-47,"14","SNRPB"
"SEC63",3.31216437047954e-51,0.355789618340414,0.473,0.307,9.33666014394478e-47,"14","SEC63"
"TRIM44",1.66876553914152e-50,0.370022908673702,0.621,0.453,4.70408317828603e-46,"14","TRIM44"
"C19orf53",2.49744887446895e-50,0.326830047761492,0.747,0.596,7.04005863224054e-46,"14","C19orf53"
"HNRNPA3",3.57612146432194e-50,0.333056394019437,0.871,0.79,1.00807287957771e-45,"14","HNRNPA3"
"DR1",4.9823246518303e-50,0.326352375554145,0.491,0.321,1.40446749610444e-45,"14","DR1"
"PSMA3",6.04145409041576e-50,0.317828941784803,0.476,0.31,1.7030254935473e-45,"14","PSMA3"
"CNPY3",1.25737000537216e-49,0.365596762439411,0.791,0.665,3.54440030814358e-45,"14","CNPY3"
"MPEG12",6.72817216027012e-49,0.357882545978813,0.855,0.735,1.89660445025854e-44,"14","MPEG1"
"NIN",2.4484995253053e-48,0.341868061495842,0.642,0.482,6.90207531188312e-44,"14","NIN"
"PRPF8",4.22673328339678e-48,0.327694872514816,0.483,0.319,1.19147384525672e-43,"14","PRPF8"
"SUMF2",5.62444274857157e-48,0.307601101020683,0.4,0.245,1.58547416639484e-43,"14","SUMF2"
"TRABD",1.07700660129524e-47,0.315689000664585,0.581,0.416,3.03597390839115e-43,"14","TRABD"
"RABAC1",1.41641976863695e-47,0.336338585232457,0.66,0.506,3.99274568581071e-43,"14","RABAC1"
"TAF7",1.93228922752045e-47,0.325016506802435,0.513,0.348,5.44693010345739e-43,"14","TAF7"
"DDX17",4.93849957054232e-47,0.341424853078161,0.865,0.773,1.39211364394018e-42,"14","DDX17"
"RAC21",5.30153287247716e-47,0.316790380467417,0.788,0.651,1.49444910142259e-42,"14","RAC2"
"CCDC12",7.56744710138966e-47,0.318200333394107,0.519,0.358,2.13318766341073e-42,"14","CCDC12"
"EPC1",1.31215615479538e-46,0.302548723555536,0.622,0.457,3.69883698475268e-42,"14","EPC1"
"IQGAP2",1.40739662201636e-46,0.308225104984241,0.665,0.494,3.96731033780191e-42,"14","IQGAP2"
"EID1",8.20142602515117e-46,0.319282550168235,0.77,0.65,2.31189998222986e-41,"14","EID1"
"HNRNPUL1",9.37184573642956e-46,0.306781176853253,0.632,0.467,2.64182959464213e-41,"14","HNRNPUL1"
"SAP18",9.43563444163883e-46,0.320998145194274,0.747,0.611,2.65981099275357e-41,"14","SAP18"
"RAB11FIP11",5.29824338342891e-45,0.415711875810299,0.762,0.622,1.49352182735477e-40,"14","RAB11FIP1"
"URI1",5.43809113426644e-45,0.300843184564614,0.453,0.297,1.53294350983837e-40,"14","URI1"
"SEC31A",7.46682272466918e-45,0.308772343101994,0.559,0.399,2.10482265785699e-40,"14","SEC31A"
"CUX1",9.28562212321208e-45,0.329581328054705,0.633,0.469,2.61752402031225e-40,"14","CUX1"
"SRP72",1.23750461590675e-44,0.30443373387381,0.6,0.441,3.48840176177954e-40,"14","SRP72"
"ZMYM21",1.75983654571031e-44,0.321783453212452,0.503,0.341,4.96080323870281e-40,"14","ZMYM2"
"RAN",2.50042690376477e-43,0.312125714017317,0.687,0.536,7.0484533990225e-39,"14","RAN"
"CDC40",3.35018758671676e-43,0.311419347471255,0.561,0.4,9.44384378819587e-39,"14","CDC40"
"ANAPC5",5.16780759853704e-43,0.307332490541073,0.526,0.368,1.45675328395161e-38,"14","ANAPC5"
"DBNL",6.65805756358524e-43,0.33387763139063,0.654,0.504,1.87683984659904e-38,"14","DBNL"
"SEPT91",8.47911756612141e-43,0.31399163356404,0.712,0.554,2.39017845071397e-38,"14","SEPT9"
"EIF1AX",1.40277943607693e-41,0.310458163154633,0.661,0.515,3.95429495235726e-37,"14","EIF1AX"
"DNAJC8",1.90608456177301e-41,0.303845035299387,0.643,0.493,5.37306177118195e-37,"14","DNAJC8"
"FERMT3",1.09292043771611e-40,0.305328016942127,0.674,0.529,3.08083342187795e-36,"14","FERMT3"
"PRPF38B",2.97447397833245e-40,0.330387374729269,0.659,0.507,8.38474469752134e-36,"14","PRPF38B"
"N4BP2L2",2.24882054761706e-39,0.306567145925009,0.792,0.664,6.33920024167773e-35,"14","N4BP2L2"
"TOP11",2.70507179309181e-39,0.331192467985699,0.585,0.437,7.62532687754651e-35,"14","TOP1"
"UFM1",9.76195849553598e-38,0.321581273434969,0.549,0.403,2.75179848030664e-33,"14","UFM1"
"BRD2",2.80579899425478e-36,0.320036028495535,0.644,0.502,7.90926678490481e-32,"14","BRD2"
"RBM25",6.56858961016901e-36,0.303332345280282,0.763,0.637,1.85161972521054e-31,"14","RBM25"
"BST2",1.46894603926192e-35,0.338201995844952,0.732,0.619,4.14081199007543e-31,"14","BST2"
"GOLGA4",1.61848925376777e-34,0.302983870999128,0.499,0.36,4.56235935744598e-30,"14","GOLGA4"
"XIST",6.71804050244519e-34,0.463925803835631,0.569,0.445,1.89374843723428e-29,"14","XIST"
"FYTTD1",1.85333531893574e-32,0.329257339364698,0.457,0.323,5.22436693054794e-28,"14","FYTTD1"
"PTBP3",5.37257595843753e-32,0.301336836679448,0.743,0.638,1.51447543692395e-27,"14","PTBP3"
"RPL36A",1.38305494059267e-30,0.314126345972347,0.89,0.816,3.89869357203669e-26,"14","RPL36A"
"BTG2",5.43829097435377e-18,0.322469774963689,0.699,0.603,1.53299984276058e-13,"14","BTG2"
"RPL171",3.33408973839559e-16,0.365392318269731,0.677,0.558,9.39846556356333e-12,"14","RPL17"
"LMNA2",0,1.55140782916307,0.606,0.162,0,"15","LMNA"
"CLEC10A1",0,1.23287392965483,0.509,0.114,0,"15","CLEC10A"
"HLA-DRA1",2.94995837421603e-233,1.12331860935135,0.996,0.958,8.31563766107758e-229,"15","HLA-DRA"
"CD742",6.72658840809068e-223,1.0258369579885,1,0.969,1.89615800635668e-218,"15","CD74"
"HLA-DPB11",2.76817094074467e-208,1.36329565297899,0.988,0.774,7.80319706486515e-204,"15","HLA-DPB1"
"FCER1A2",7.97746862177747e-190,0.67548777114749,0.348,0.078,2.24876862979285e-185,"15","FCER1A"
"HLA-DQA12",5.55422599881774e-185,1.19385855260623,0.835,0.422,1.56568076680673e-180,"15","HLA-DQA1"
"HLA-DPA12",6.50215312858217e-165,1.06467897369253,0.976,0.81,1.83289194541603e-160,"15","HLA-DPA1"
"GPR1833",7.57744987603926e-141,1.40349940324313,0.607,0.267,2.13600734555671e-136,"15","GPR183"
"S100A101",9.67441611591901e-133,0.886342004542439,0.937,0.931,2.72712115891641e-128,"15","S100A10"
"HLA-DRB11",6.15607554234102e-132,0.912571611748799,0.946,0.87,1.73533613463051e-127,"15","HLA-DRB1"
"RPS22",1.75399978270566e-109,0.410021799286477,0.991,0.995,4.94434998746898e-105,"15","RPS2"
"FABP51",3.38478041348125e-107,1.16912466678106,0.441,0.173,9.5413575075623e-103,"15","FABP5"
"HLA-DQB11",4.38270726653303e-107,0.963087990022164,0.899,0.673,1.23544135136299e-102,"15","HLA-DQB1"
"F13A11",5.9238536662769e-107,0.619033693142596,0.543,0.241,1.6698751099868e-102,"15","F13A1"
"GSN2",3.13818676388955e-93,0.965285265006801,0.559,0.27,8.84623466872825e-89,"15","GSN"
"HLA-DMA3",2.20150987385437e-92,0.762180442606201,0.823,0.605,6.20583618340808e-88,"15","HLA-DMA"
"ANXA21",2.78931680482824e-89,0.686637672803139,0.887,0.802,7.86280514113032e-85,"15","ANXA2"
"ATP5F1E1",1.21214749706791e-88,1.3802715939606,0.233,0.068,3.41692257948474e-84,"15","ATP5F1E"
"RPL151",2.27520241107695e-86,0.371449981054328,0.976,0.988,6.41356807658482e-82,"15","RPL15"
"PID12",1.86783645065845e-85,0.477587641384819,0.466,0.206,5.26524417076111e-81,"15","PID1"
"RPLP01",5.82513084894522e-85,0.476448437730594,0.923,0.939,1.64204613500917e-80,"15","RPLP0"
"CST31",2.77319301962195e-84,0.604960608429027,0.896,0.953,7.81735380301232e-80,"15","CST3"
"ID11",3.48430884771846e-78,0.606532095758259,0.442,0.2,9.82191821083356e-74,"15","ID1"
"RPS182",8.46332335800935e-75,0.316863295416235,0.985,0.996,2.38572622138926e-70,"15","RPS18"
"ID22",2.83879975221253e-73,0.697055271004456,0.844,0.733,8.00229262151189e-69,"15","ID2"
"VIM1",5.2240552729158e-73,0.562629304414727,0.966,0.982,1.47260894088224e-68,"15","VIM"
"LGALS1",1.25733637564336e-71,0.536885457622215,0.958,0.935,3.54430550930108e-67,"15","LGALS1"
"TXN2",5.66935299456358e-69,1.25814722977037,0.801,0.585,1.59813391563753e-64,"15","TXN"
"RACK11",1.17096471496431e-68,1.35358052532868,0.206,0.066,3.30083243501291e-64,"15","RACK1"
"TMSB10",8.30635498946132e-66,0.344848639519528,0.998,0.997,2.34147840797925e-61,"15","TMSB10"
"RPS82",9.96055358701284e-62,0.323117347793899,0.979,0.992,2.80778045064305e-57,"15","RPS8"
"PPA1",1.25548867625555e-59,0.757793218041689,0.637,0.394,3.53909702949676e-55,"15","PPA1"
"GAPDH1",5.64916553702092e-57,0.375602640735431,0.921,0.953,1.59244327323083e-52,"15","GAPDH"
"RPL352",1.94943172851913e-54,0.316917973565732,0.966,0.974,5.49525309952258e-50,"15","RPL35"
"RGS12",8.47359689802695e-54,0.952347494226568,0.354,0.17,2.38862222958482e-49,"15","RGS1"
"RPL27A1",3.37229477483814e-50,0.304852652436513,0.973,0.987,9.50616174079123e-46,"15","RPL27A"
"IL13RA11",3.6773151154593e-49,0.561552704592781,0.586,0.369,1.03659835789682e-44,"15","IL13RA1"
"GSTP1",7.14122356731547e-48,0.461760616096815,0.902,0.901,2.01303951139056e-43,"15","GSTP1"
"DBI2",1.36358798717614e-47,0.601327316653062,0.801,0.662,3.84381817705083e-43,"15","DBI"
"RPS53",1.60228869268163e-44,0.324276724688692,0.942,0.936,4.51669159580026e-40,"15","RPS5"
"CDKN1A3",2.19512159487929e-43,0.540887983314022,0.622,0.407,6.18782826380523e-39,"15","CDKN1A"
"HLA-DOA2",6.91335330426066e-43,0.355720284195629,0.214,0.089,1.94880516293804e-38,"15","HLA-DOA"
"CIITA1",1.46965636557457e-42,0.596123388864422,0.402,0.216,4.14281432891816e-38,"15","CIITA"
"ACTG1",1.62297301079503e-41,0.337810222824531,0.948,0.956,4.5749986201301e-37,"15","ACTG1"
"CRIP11",3.75268397862485e-41,1.10662467342425,0.638,0.453,1.05784408673456e-36,"15","CRIP1"
"PPIA1",8.42823866555428e-37,0.388256698073989,0.892,0.87,2.3758361974331e-32,"15","PPIA"
"HLA-DMB2",4.13164582674592e-36,0.510518081810221,0.72,0.554,1.16466964210141e-31,"15","HLA-DMB"
"RNASE21",2.04139276694825e-35,0.32113844886433,0.34,0.179,5.75448207075042e-31,"15","RNASE2"
"YBX11",3.25009626475583e-34,0.302221743420429,0.904,0.901,9.16169636072022e-30,"15","YBX1"
"RPL41",8.54789017521655e-33,0.310698125724894,0.991,0.995,2.40956476149179e-28,"15","RPL41"
"LGALS21",1.15111490972585e-32,0.469629030667406,0.728,0.587,3.24487781902619e-28,"15","LGALS2"
"RAB131",9.65488154578321e-32,0.464490279439722,0.238,0.115,2.72161455894083e-27,"15","RAB13"
"CPVL1",2.91593765530812e-31,0.500767178094037,0.753,0.634,8.21973665654806e-27,"15","CPVL"
"IGFBP7",6.77513411650227e-31,0.35800958221683,0.298,0.158,1.90984255610083e-26,"15","IGFBP7"
"RPS17",1.93843603956732e-29,0.330204174864968,0.891,0.941,5.46425735193632e-25,"15","RPS17"
"RPL36A1",1.74408908678689e-27,0.461633511407894,0.887,0.816,4.91641272674357e-23,"15","RPL36A"
"RPL172",1.91058724988989e-26,1.02101777774141,0.714,0.558,5.3857543987146e-22,"15","RPL17"
"ENO1",2.88991929893425e-26,0.386759761620384,0.823,0.803,8.14639351176576e-22,"15","ENO1"
"NR4A12",2.68060438815188e-25,0.420560468643793,0.423,0.271,7.55635570976133e-21,"15","NR4A1"
"DST",2.8952680758097e-24,0.348143928338749,0.261,0.144,8.16147117889995e-20,"15","DST"
"IFI301",4.1201250066143e-24,0.78210070346786,0.522,0.368,1.16142203811451e-19,"15","IFI30"
"LDHA1",4.65243167114661e-24,0.601521804958555,0.715,0.589,1.31147396377952e-19,"15","LDHA"
"HLA-DRB51",5.56190459179984e-24,0.594061535235652,0.567,0.489,1.56784528538246e-19,"15","HLA-DRB5"
"RPL312",5.35651767411365e-22,0.316397476650281,0.913,0.922,1.5099487671559e-17,"15","RPL31"
"PEBP12",6.79598025498552e-22,0.338049261220454,0.504,0.35,1.91571887407787e-17,"15","PEBP1"
"CSTB1",1.21509941320773e-21,0.435285043210741,0.804,0.698,3.42524373589128e-17,"15","CSTB"
"HLA-DQA21",6.10262720009742e-21,0.801726725412113,0.244,0.143,1.72026958143546e-16,"15","HLA-DQA2"
"HINT11",1.80649494236535e-20,0.313905958516026,0.841,0.774,5.09232859303368e-16,"15","HINT1"
"VEGFA2",5.9463609452405e-20,0.372810973169888,0.305,0.187,1.67621968685384e-15,"15","VEGFA"
"PHACTR12",8.08518350750321e-20,0.311687437200593,0.48,0.334,2.27913237893008e-15,"15","PHACTR1"
"NR4A22",1.77206653326574e-19,0.440945981525184,0.612,0.472,4.9952783506228e-15,"15","NR4A2"
"CCDC88A2",1.96175282714831e-19,0.404632474769362,0.643,0.519,5.52998504444836e-15,"15","CCDC88A"
"DPYSL21",3.91066409812266e-19,0.365588259240931,0.694,0.575,1.1023771026198e-14,"15","DPYSL2"
"CAPG2",6.09027744781705e-18,0.31959317296222,0.683,0.559,1.71678830976515e-13,"15","CAPG"
"TAGLN22",6.28657931898808e-18,0.382177808658772,0.784,0.761,1.77212384422955e-13,"15","TAGLN2"
"ATF32",1.60588769048403e-17,0.561730416082125,0.391,0.269,4.52683681070544e-13,"15","ATF3"
"SLC25A3",3.14610775384302e-17,0.302048440427019,0.789,0.746,8.86856314730808e-13,"15","SLC25A3"
"YWHAE1",3.33863219938049e-17,0.346458421981691,0.712,0.611,9.41127030683368e-13,"15","YWHAE"
"CTSZ1",9.94833134161011e-17,0.301475830705328,0.8,0.748,2.80433512188647e-12,"15","CTSZ"
"PTMS2",1.59831946184961e-16,0.511035310992708,0.274,0.172,4.50550273100788e-12,"15","PTMS"
"MS4A6A2",4.41360087395508e-16,0.367714771048744,0.743,0.715,1.2441499503592e-11,"15","MS4A6A"
"DSE2",5.24884818059603e-16,0.375227730764758,0.373,0.257,1.47959781362821e-11,"15","DSE"
"CSF2RA",6.39921171342435e-16,0.338471374096723,0.427,0.292,1.80387378989719e-11,"15","CSF2RA"
"GADD45B1",2.91868091838994e-15,0.54849231008341,0.667,0.567,8.22746964084942e-11,"15","GADD45B"
"DDIT43",9.99866377524186e-15,0.399405656863798,0.361,0.251,2.81852333160293e-10,"15","DDIT4"
"GPX41",1.18270750805345e-14,0.375829543276454,0.868,0.793,3.33393419445187e-10,"15","GPX4"
"TMEM14C",4.59112494263888e-14,0.438667226124481,0.487,0.365,1.29419221008047e-09,"15","TMEM14C"
"PEA151",1.1752420762964e-13,0.334031678069709,0.402,0.287,3.31288988887193e-09,"15","PEA15"
"CTSH",1.33591988698919e-13,0.325321850166663,0.7,0.605,3.76582456943383e-09,"15","CTSH"
"LGALS32",1.73761085467451e-13,0.354204090845063,0.775,0.728,4.89815123824197e-09,"15","LGALS3"
"TIPARP1",2.94628193704973e-13,0.39971617363145,0.322,0.228,8.30527415234948e-09,"15","TIPARP"
"MIF1",5.88954458221981e-13,0.580036852431393,0.406,0.301,1.66020372228194e-08,"15","MIF"
"CD631",6.06737949005304e-13,0.392192464989058,0.779,0.689,1.71033360445105e-08,"15","CD63"
"SEC61B1",1.12625984881929e-12,0.432224992852241,0.787,0.697,3.1748138878367e-08,"15","SEC61B"
"TPM41",6.28475584742125e-12,0.311740685167924,0.637,0.532,1.77160982582958e-07,"15","TPM4"
"HMGN31",4.1130658071057e-10,0.349781980135658,0.587,0.486,1.15943212036502e-05,"15","HMGN3"
"HSPB11",4.12367140881118e-10,1.02349049781259,0.279,0.202,1.16242173342978e-05,"15","HSPB1"
"BHLHE402",6.98572376759222e-10,0.305951579825363,0.351,0.256,1.96920567284657e-05,"15","BHLHE40"
"INSIG12",7.16078448921615e-10,0.633388570055872,0.309,0.231,2.01855353966514e-05,"15","INSIG1"
"TIMP13",1.1772688624035e-09,0.316003316283385,0.763,0.689,3.31860319622924e-05,"15","TIMP1"
"HSP90AB14",1.43473697979336e-09,0.332391894718309,0.819,0.767,4.0443800723395e-05,"15","HSP90AB1"
"EREG2",1.65458376948602e-09,0.417606710411577,0.234,0.158,4.66410618780415e-05,"15","EREG"
"YWHAH1",1.69201197780039e-09,0.325957624330356,0.484,0.385,4.76961256422152e-05,"15","YWHAH"
"DYNLL11",3.80602656899357e-09,0.323559646045749,0.722,0.644,0.00010728808295336,"15","DYNLL1"
"RGS101",7.34284687685121e-09,0.348971436598045,0.617,0.518,0.000206987510611559,"15","RGS10"
"PHPT1",1.00979047644456e-07,0.334009181347169,0.534,0.447,0.00284649837404956,"15","PHPT1"
"MAP3K131",1.03673622876499e-07,0.363739483646706,0.221,0.157,0.00292245575526562,"15","MAP3K13"
"RAN1",1.0397065011923e-07,0.303483674252616,0.634,0.538,0.00293082865621098,"15","RAN"
"CYCS1",2.15095109540166e-07,0.38128603612926,0.557,0.465,0.00606331604282773,"15","CYCS"
"EIF4A11",2.32160382112686e-07,0.40705831612343,0.654,0.57,0.00654436901137451,"15","EIF4A1"
"RASSF4",3.11068550911376e-07,0.30908113972902,0.516,0.42,0.00876871138164077,"15","RASSF4"
"IL1B2",3.87730995885168e-07,0.445059811568933,0.5,0.405,0.010929749043007,"15","IL1B"
"HSPE12",1.29345011639978e-06,0.328481280241284,0.456,0.372,0.0364610653311935,"15","HSPE1"
"KRT102",8.81772914134696e-06,0.491025390462822,0.523,0.448,0.24856296676543,"15","KRT10"
"RNASEK1",1.01029233272379e-05,0.650770121559264,0.265,0.213,0.28479130567151,"15","RNASEK"
"ATP1B32",1.58814930158043e-05,0.466771459990494,0.549,0.467,0.447683406622508,"15","ATP1B3"
"TUBA1B2",0.00014666433533278,0.333932370183239,0.688,0.608,1,"15","TUBA1B"
"BIRC31",0.00015587982360464,0.979969318438833,0.303,0.262,1,"15","BIRC3"
"RPS27L1",0.000233091144079558,0.382486764137612,0.626,0.551,1,"15","RPS27L"
"NFE2L22",0.000525275144789657,0.318111194354502,0.472,0.407,1,"15","NFE2L2"
"DUSP22",0.00106729966625491,0.340877880883823,0.32,0.271,1,"15","DUSP2"
"GLS1",0.00119908089923262,0.340688579791155,0.414,0.355,1,"15","GLS"
"NFKB12",0.00137374385522812,0.300997981593807,0.418,0.353,1,"15","NFKB1"
"SAMSN12",0.00150720184026575,0.344928511439918,0.391,0.329,1,"15","SAMSN1"
"HSPA1A1",0.00197095150407925,1.02278960426026,0.327,0.293,1,"15","HSPA1A"
"FCER1A3",0,2.04562048622308,0.83,0.076,0,"16","FCER1A"
"CLEC10A2",0,1.65621384205912,0.755,0.114,0,"16","CLEC10A"
"CD1C",0,1.37932319092041,0.679,0.07,0,"16","CD1C"
"ENHO",0,1.25170793869318,0.64,0.044,0,"16","ENHO"
"NDRG21",0,0.612135249066606,0.494,0.053,0,"16","NDRG2"
"PKIB1",0,0.428859105495988,0.324,0.034,0,"16","PKIB"
"HLA-DQA13",5.70262337576048e-302,1.99944454747446,0.968,0.422,1.60751250339312e-297,"16","HLA-DQA1"
"SLC38A13",4.03779024053675e-259,0.698247764761533,0.696,0.159,1.13821269090491e-254,"16","SLC38A1"
"CD21",1.52122019529707e-258,0.653030736367421,0.714,0.162,4.2881676085229e-254,"16","CD2"
"HLA-DPB12",4.5013782567867e-250,1.59985554370373,0.995,0.774,1.2688935168056e-245,"16","HLA-DPB1"
"HLA-DRA2",2.94757291829726e-246,1.3502285340093,0.995,0.958,8.30891329938814e-242,"16","HLA-DRA"
"ITGB7",1.77633843039842e-243,0.474507069932732,0.556,0.108,5.00732040145012e-239,"16","ITGB7"
"C10orf128",1.47568807298003e-239,0.326441961363372,0.289,0.034,4.15981710892341e-235,"16","C10orf128"
"FLT31",3.86880730591451e-238,0.455923477068846,0.435,0.071,1.09057809146424e-233,"16","FLT3"
"HLA-DPA13",5.20638486199134e-237,1.51359721537651,0.99,0.811,1.46762782874674e-232,"16","HLA-DPA1"
"HLA-DQB12",2.23238934902202e-223,1.48569309620188,0.98,0.673,6.29288233595817e-219,"16","HLA-DQB1"
"CD743",1.0203629448077e-220,1.09937257271831,0.997,0.969,2.87630110511842e-216,"16","CD74"
"CD3E1",4.40695939984718e-216,0.617151274243433,0.718,0.175,1.24227778522292e-211,"16","CD3E"
"HLA-DOA3",5.22449065993444e-215,0.441761707497476,0.467,0.088,1.47273167212892e-210,"16","HLA-DOA"
"AFF32",3.22533993537006e-212,0.364866570619089,0.403,0.067,9.09191074381465e-208,"16","AFF3"
"HLA-DRB12",4.56375628389855e-211,1.50727171805051,0.993,0.87,1.28647725886816e-206,"16","HLA-DRB1"
"ADAM281",5.72478896796385e-208,0.406359969694025,0.425,0.076,1.61376076217933e-203,"16","ADAM28"
"CD3G1",1.25764412773522e-203,0.522978874071206,0.637,0.149,3.5451730316728e-199,"16","CD3G"
"PLD41",1.14584803977484e-198,0.35526611364274,0.497,0.101,3.23003103932131e-194,"16","PLD4"
"C12orf751",1.60318171764104e-189,0.351429542847379,0.548,0.123,4.51920894385832e-185,"16","C12orf75"
"TRAC1",3.90456836782798e-186,0.569144646244165,0.64,0.162,1.10065877720703e-181,"16","TRAC"
"ATP1B11",7.74389613318648e-178,0.326224914523453,0.341,0.058,2.18292688098394e-173,"16","ATP1B1"
"CD3D1",2.3866989001436e-177,0.587756894503457,0.701,0.192,6.72786552961479e-173,"16","CD3D"
"ARL4C3",6.17393448197436e-176,1.22059453999735,0.904,0.426,1.74037039112375e-171,"16","ARL4C"
"RPS183",2.80240372406977e-172,0.67221882470275,1,0.996,7.89969585778028e-168,"16","RPS18"
"RPS26",3.81009977990404e-171,0.602055183791808,1,0.994,1.07402902695715e-166,"16","RPS2"
"RPS232",4.42912454483133e-170,0.657904507230614,1,0.994,1.2485259179425e-165,"16","RPS23"
"RPL38",3.08962831414491e-167,0.684687586126818,0.998,0.984,8.70935325474309e-163,"16","RPL3"
"GPR1834",8.86700296194317e-167,0.745267030993687,0.78,0.267,2.49951946494216e-162,"16","GPR183"
"RPSA3",3.2837891727218e-166,0.845166505984301,0.983,0.93,9.25667329898547e-162,"16","RPSA"
"RPS33",2.06925678640603e-163,0.667876462720358,0.995,0.988,5.83302795519995e-159,"16","RPS3"
"RPS54",9.93403806035827e-163,0.794445490561096,0.985,0.936,2.80030598883439e-158,"16","RPS5"
"SPATS2L1",3.71648535946474e-159,0.350972349355157,0.415,0.088,1.04764005797952e-154,"16","SPATS2L"
"ETS13",4.15571911879986e-159,0.456779994572301,0.706,0.204,1.17145566239849e-154,"16","ETS1"
"RPL52",2.62653779040265e-158,0.700500395401639,0.988,0.971,7.40394737736603e-154,"16","RPL5"
"RPS62",1.32149853370216e-157,0.605190767625573,0.998,0.99,3.72517221665301e-153,"16","RPS6"
"IL321",3.05123265332791e-157,0.721269678952439,0.78,0.251,8.60111972646604e-153,"16","IL32"
"CLIC21",2.52719210639156e-151,0.316836888740535,0.346,0.066,7.12390182870716e-147,"16","CLIC2"
"CST32",1.33368543790233e-149,0.914205474069332,0.983,0.952,3.75952588090288e-145,"16","CST3"
"RPS4X3",5.11843938735012e-146,0.661019427430604,1,0.984,1.44283687890012e-141,"16","RPS4X"
"RPS71",1.95624399282115e-143,0.593239772443099,0.997,0.983,5.51445619136353e-139,"16","RPS7"
"HLA-DMA4",2.13110050979505e-143,0.939336743861352,0.943,0.605,6.00735922706127e-139,"16","HLA-DMA"
"RPS15",3.83807177053619e-142,0.521035044439671,0.997,0.991,1.08191405139645e-137,"16","RPS15"
"CD692",8.3757080572104e-142,0.491328586870528,0.637,0.19,2.36102834424704e-137,"16","CD69"
"RPL112",1.96995561646635e-141,0.500704321067054,1,0.995,5.553107887257e-137,"16","RPL11"
"TRBC21",8.78218892608966e-141,0.520663506294259,0.63,0.189,2.47561123637541e-136,"16","TRBC2"
"RPL10A3",1.28066999389622e-140,0.649667774069521,0.993,0.961,3.61008064579404e-136,"16","RPL10A"
"BIN11",2.50830379262559e-139,0.445052547509073,0.491,0.127,7.07065756103229e-135,"16","BIN1"
"RPL191",5.45201615102597e-137,0.53198375811441,1,0.995,1.53686883281271e-132,"16","RPL19"
"BCL11B1",5.88353827432527e-137,0.352782459276428,0.437,0.104,1.65851060414955e-132,"16","BCL11B"
"GZMM1",1.68541470376501e-136,0.348490356228578,0.476,0.119,4.75101550844319e-132,"16","GZMM"
"RORA1",6.54022657272296e-136,0.324728792695,0.467,0.115,1.84362446858487e-131,"16","RORA"
"TCF71",6.99617776276275e-135,0.411417146741618,0.521,0.14,1.97215254954519e-130,"16","TCF7"
"EEF1B23",7.20004309924176e-133,0.750258195865941,0.978,0.903,2.02962014924526e-128,"16","EEF1B2"
"SYNE21",4.79638561712807e-132,0.433699234761797,0.571,0.162,1.35205314161223e-127,"16","SYNE2"
"AREG3",6.854294091066e-130,0.758626614534754,0.378,0.089,1.93215696133059e-125,"16","AREG"
"RPS3A2",1.74485350445108e-129,0.55324651933843,1,0.992,4.91856754369716e-125,"16","RPS3A"
"RGS13",2.03591989929175e-129,0.645862932140267,0.558,0.17,5.73905460411352e-125,"16","RGS1"
"RPLP02",2.14553028631656e-128,0.650942885054417,0.987,0.939,6.04803532409776e-124,"16","RPLP0"
"CACNA2D3",2.84895699604757e-127,0.308288569407883,0.366,0.081,8.0309248761585e-123,"16","CACNA2D3"
"RPL152",1.43842193759382e-126,0.494963397848471,1,0.988,4.05476759988323e-122,"16","RPL15"
"IL7R2",2.58541924926474e-126,0.69602274562213,0.674,0.225,7.28803832175237e-122,"16","IL7R"
"RPS27A3",9.343517929862e-122,0.507254264527688,1,0.995,2.6338442692488e-117,"16","RPS27A"
"RPL143",1.37769647539246e-120,0.547160170132018,0.995,0.979,3.88358859448381e-116,"16","RPL14"
"HMGN12",3.59854231429193e-117,0.782605829924848,0.906,0.521,1.01439309297575e-112,"16","HMGN1"
"RPL182",8.63592901208541e-117,0.461626624900262,0.998,0.988,2.43438202921676e-112,"16","RPL18"
"TRBC11",1.7195733773122e-116,0.438701127954846,0.491,0.139,4.84730539330536e-112,"16","TRBC1"
"RPL103",1.13875378932066e-115,0.466235544068214,1,0.998,3.21003305671602e-111,"16","RPL10"
"RPS15A3",1.20299749309669e-115,0.559719794598238,0.995,0.991,3.39112963329027e-111,"16","RPS15A"
"RPL7A1",3.36590789562989e-114,0.497409089053835,0.993,0.984,9.48815776699108e-110,"16","RPL7A"
"RPS83",4.00861163506101e-114,0.548715449317815,1,0.992,1.12998753380735e-109,"16","RPS8"
"FCGR2B1",4.03057721063789e-114,0.361901692156742,0.378,0.094,1.13617940990672e-109,"16","FCGR2B"
"BORCS5",5.45843177246086e-113,0.38423305453736,0.403,0.106,1.53867733233899e-108,"16","BORCS5"
"RPL18A1",2.59842825966538e-112,0.46437356113206,1,0.991,7.32470942117075e-108,"16","RPL18A"
"PEBP13",7.21559898542691e-112,0.556855717181418,0.81,0.348,2.03400519800199e-107,"16","PEBP1"
"RPS123",2.00894303405094e-111,0.472382300275296,1,0.997,5.66300951868619e-107,"16","RPS12"
"RPL353",3.91869516804011e-111,0.506198675270337,0.992,0.974,1.10464098091883e-106,"16","RPL35"
"PPA11",5.84297867759193e-109,0.653715624676157,0.829,0.394,1.64707725942639e-104,"16","PPA1"
"CIITA2",6.47543030205823e-109,0.468120472358899,0.625,0.215,1.8253590478472e-104,"16","CIITA"
"RPL321",1.12309326242958e-108,0.454958189481871,0.998,0.996,3.16588759746273e-104,"16","RPL32"
"PRMT91",2.78014126574745e-107,0.396727386718226,0.439,0.123,7.8369402140155e-103,"16","PRMT9"
"RPL303",3.27828549682113e-107,0.451491157017433,1,0.995,9.24115898698909e-103,"16","RPL30"
"DDIT44",4.73301665085802e-107,0.558844562968813,0.662,0.249,1.33419006371037e-102,"16","DDIT4"
"IL18",5.89690059145733e-106,0.449846186241928,0.523,0.166,1.66227730772591e-101,"16","IL18"
"HINT12",1.41233779236135e-105,0.709774472715083,0.939,0.774,3.98123900288741e-101,"16","HINT1"
"RPS14",1.38477884651228e-104,0.379063004295106,1,0.997,3.90355309043347e-100,"16","RPS14"
"IL2RG3",1.80102518502479e-104,0.53026495463066,0.771,0.321,5.07690989406637e-100,"16","IL2RG"
"RPL132",8.46344263115681e-104,0.395368815725806,1,0.998,2.38575984329679e-99,"16","RPL13"
"C12orf451",2.11096612458082e-102,0.366031177685004,0.462,0.137,5.95060240858086e-98,"16","C12orf45"
"RPL23A2",2.16130657133409e-102,0.503879451462177,0.995,0.98,6.09250709393365e-98,"16","RPL23A"
"FAM162A",2.89780506023999e-102,0.392351634710329,0.571,0.192,8.16862268431051e-98,"16","FAM162A"
"ALCAM2",8.41009575383396e-102,0.366148201978868,0.497,0.153,2.37072189204826e-97,"16","ALCAM"
"MZT2A1",4.0675472501857e-101,0.533706618897163,0.694,0.278,1.14660089435485e-96,"16","MZT2A"
"RPS273",2.67537915713329e-99,0.482682087534529,1,0.997,7.54162630604302e-95,"16","RPS27"
"CD71",1.66394123610636e-98,0.33976810492965,0.499,0.154,4.69048395046022e-94,"16","CD7"
"RPS293",2.53333942873235e-97,0.49179180613674,0.998,0.991,7.14123051565363e-93,"16","RPS29"
"GRASP1",2.59063557785134e-97,0.45087685874934,0.539,0.182,7.30274263040514e-93,"16","GRASP"
"RPL26",8.34974580701142e-97,0.439771730349927,0.998,0.991,2.35370984553845e-92,"16","RPL26"
"RPL36",1.10148787435709e-96,0.476370660536121,0.993,0.982,3.10498416902519e-92,"16","RPL36"
"RPL221",1.42152544709677e-96,0.470183829229129,0.985,0.969,4.00713808282107e-92,"16","RPL22"
"SEPT63",3.68885505719616e-96,0.550226777624741,0.792,0.349,1.03985135207303e-91,"16","SEPT6"
"RPS253",3.03102688525788e-94,0.454132491033838,0.997,0.983,8.54416168685343e-90,"16","RPS25"
"RPL8",5.74125363407821e-93,0.452104566085364,0.997,0.985,1.61840198691031e-88,"16","RPL8"
"GSN3",1.82137879132169e-92,0.406599953717303,0.692,0.27,5.13428467485672e-88,"16","GSN"
"RPL61",2.43122166477697e-92,0.445240874643938,0.993,0.974,6.85337075083981e-88,"16","RPL6"
"RPL27A2",7.82108818604856e-92,0.458548604040479,1,0.987,2.20468654876523e-87,"16","RPL27A"
"CXCR43",5.543496346392e-90,0.708851774619536,0.886,0.489,1.56265618508444e-85,"16","CXCR4"
"RPL121",6.34879846164709e-90,0.422424868634619,0.997,0.988,1.7896627983537e-85,"16","RPL12"
"RPS212",8.84781050934077e-90,0.535311732593533,0.985,0.971,2.49410930447807e-85,"16","RPS21"
"GZMA1",1.43856195310011e-88,0.428847662996607,0.425,0.129,4.05516228959391e-84,"16","GZMA"
"IGFBP71",4.64046377941325e-88,0.371239388351522,0.486,0.158,1.3081003347788e-83,"16","IGFBP7"
"RPS193",2.88302296534209e-87,0.413711534972154,1,0.993,8.12695343700281e-83,"16","RPS19"
"PHACTR13",5.55117628152405e-86,0.608636640079666,0.723,0.332,1.56482108199881e-81,"16","PHACTR1"
"LDHB2",1.91082068466135e-84,0.570634966367007,0.825,0.439,5.38641242799187e-80,"16","LDHB"
"RPS13",1.28791817426827e-83,0.408954367506765,1,0.988,3.63051254144484e-79,"16","RPS13"
"ACTG11",1.32741716723858e-83,0.536869057672456,0.985,0.956,3.74185625272883e-79,"16","ACTG1"
"HIST1H1D1",1.55430937655063e-83,0.475690739233138,0.608,0.238,4.38144270155858e-79,"16","HIST1H1D"
"TMEM1091",3.04111300550354e-82,0.301174302419021,0.474,0.16,8.57259345121392e-78,"16","TMEM109"
"C1QBP1",5.05840487129112e-82,0.472770972450544,0.753,0.345,1.42591374916825e-77,"16","C1QBP"
"RPL371",2.25120028612605e-81,0.418342107362917,0.997,0.992,6.34590848656073e-77,"16","RPL37"
"LINC014201",1.42754623939181e-79,0.365395416157657,0.587,0.22,4.02411009422157e-75,"16","LINC01420"
"HLA-DMB3",2.51459151329018e-79,0.661946104854792,0.889,0.554,7.0883820168137e-75,"16","HLA-DMB"
"ARHGAP52",1.27315267990379e-78,0.326174659186847,0.454,0.153,3.58889008938079e-74,"16","ARHGAP5"
"LMNA3",1.47968157128305e-78,0.571347030965788,0.464,0.164,4.1710743812898e-74,"16","LMNA"
"NPM11",2.31788519494437e-78,0.566702298423674,0.956,0.787,6.53388657602868e-74,"16","NPM1"
"EVL2",1.57139583656461e-76,0.411378214360642,0.748,0.33,4.42960772369198e-72,"16","EVL"
"RPL411",1.42042023123999e-75,0.442951754840813,0.998,0.995,4.00402258984242e-71,"16","RPL41"
"RPL35A",3.04223085255627e-75,0.372977679575262,0.995,0.987,8.57574455027087e-71,"16","RPL35A"
"RPS161",2.26120334524239e-74,0.360419510334771,0.993,0.988,6.37410610990376e-70,"16","RPS16"
"RPL37A1",1.17352207420353e-72,0.379762144672537,0.992,0.987,3.30804137497234e-68,"16","RPL37A"
"RPS24",3.27403993357615e-71,0.342116802196459,1,0.995,9.2291911687578e-67,"16","RPS24"
"ACAP1",1.63590068882787e-70,0.341855491453274,0.632,0.259,4.61144045173689e-66,"16","ACAP1"
"HIST1H4C2",1.45111298403884e-69,0.421454941446169,0.674,0.308,4.09054239070708e-65,"16","HIST1H4C"
"RPL241",1.58853849527157e-69,0.375375512042212,0.995,0.974,4.47793116432103e-65,"16","RPL24"
"LTB3",6.52977457770422e-69,0.487863790631257,0.726,0.358,1.84067815570904e-64,"16","LTB"
"RPL211",8.98125219255681e-69,0.350996173964056,1,0.991,2.53172518055984e-64,"16","RPL21"
"GNB2L1",1.09666776460095e-68,0.429102038410889,0.96,0.899,3.09139676163363e-64,"16","GNB2L1"
"RPL91",6.4352860889706e-68,0.335808978193636,0.998,0.986,1.81404279561992e-63,"16","RPL9"
"SPINT22",1.91471928746632e-67,0.388094716664493,0.661,0.291,5.39740219943881e-63,"16","SPINT2"
"RCAN31",6.82986217421076e-66,0.345235559099898,0.459,0.171,1.92526984828827e-61,"16","RCAN3"
"SRSF73",8.42142828790013e-66,0.572355084305146,0.924,0.633,2.37391642007617e-61,"16","SRSF7"
"MYL12A1",8.46396326014655e-65,0.461919475716323,0.961,0.856,2.38590660340271e-60,"16","MYL12A"
"HLA-DRB52",1.34064349397078e-64,1.26742216211521,0.716,0.488,3.77913994515422e-60,"16","HLA-DRB5"
"MAT2A",6.22143020098975e-64,0.467080771297883,0.699,0.334,1.753758959357e-59,"16","MAT2A"
"DUSP24",7.57742198612331e-64,0.367239325398003,0.612,0.269,2.1359994836683e-59,"16","DUSP2"
"HLA-DQA22",8.02101392339291e-64,0.760220187268981,0.383,0.143,2.26104361486523e-59,"16","HLA-DQA2"
"PRDX2",1.12269486507797e-63,0.308685143790566,0.62,0.266,3.16476455516828e-59,"16","PRDX2"
"RPL29",1.8019920512224e-63,0.338963578611517,0.993,0.987,5.07963539319084e-59,"16","RPL29"
"RPS102",4.75540735063229e-63,0.517249287863192,0.97,0.932,1.34050177806974e-58,"16","RPS10"
"RGS102",3.31128799869796e-62,0.489203354936887,0.857,0.516,9.33418973952969e-58,"16","RGS10"
"CCL51",4.67021406282501e-62,0.558589661093945,0.556,0.246,1.31648664216974e-57,"16","CCL5"
"BTF3",2.75342467918796e-61,0.432136552237419,0.963,0.901,7.76162882816294e-57,"16","BTF3"
"EIF2AK41",3.50565548166653e-61,0.323837774788401,0.568,0.236,9.88209223726978e-57,"16","EIF2AK4"
"RPS111",7.95247883708528e-59,0.400055471398182,0.995,0.989,2.24172425938597e-54,"16","RPS11"
"SNRPF1",1.90664795978063e-58,0.440185394748412,0.792,0.449,5.37464993382561e-54,"16","SNRPF"
"TUBA1B3",5.06552701280533e-58,0.519392216113109,0.899,0.607,1.42792140963969e-53,"16","TUBA1B"
"PIP4K2A",5.33280259533237e-58,0.359345177904017,0.76,0.383,1.50326372359824e-53,"16","PIP4K2A"
"BASP12",1.6210145231152e-57,0.43559958369822,0.666,0.329,4.56947783920945e-53,"16","BASP1"
"RPL4",1.6646065129151e-57,0.382386880320593,0.975,0.932,4.69235929925639e-53,"16","RPL4"
"RPL341",8.20551475998233e-56,0.330061190243686,1,0.996,2.31305255569142e-51,"16","RPL34"
"KLRB11",7.19921797739667e-55,0.441781587435074,0.297,0.098,2.02938755564835e-50,"16","KLRB1"
"TOB1",5.00040256199784e-53,0.385968000600214,0.716,0.366,1.40956347820157e-48,"16","TOB1"
"CCDC6",6.47798209271139e-53,0.307449224938567,0.555,0.243,1.82607837211441e-48,"16","CCDC6"
"NKG71",2.19149597419093e-52,0.521366681566877,0.592,0.296,6.17760800164683e-48,"16","NKG7"
"KCNK6",3.24266098046511e-52,0.337231189669313,0.605,0.275,9.14073703783311e-48,"16","KCNK6"
"PPIA2",5.81359651670987e-52,0.42277818513992,0.961,0.869,1.63879472209535e-47,"16","PPIA"
"SMDT1",8.09644554831254e-51,0.481027176891906,0.857,0.556,2.28230703561382e-46,"16","SMDT1"
"HSPE13",9.27516541898627e-51,0.327287964390563,0.736,0.37,2.61457637995804e-46,"16","HSPE1"
"MZT2B1",1.4084152393752e-50,0.455065113429885,0.874,0.605,3.97018171827475e-46,"16","MZT2B"
"HSP90AB15",3.56192017388574e-50,0.452877190126522,0.941,0.766,1.00406967781665e-45,"16","HSP90AB1"
"APEX11",7.93069745668005e-50,0.395601124939999,0.714,0.382,2.23558430606354e-45,"16","APEX1"
"HNRNPA11",1.90376028398882e-49,0.451691410175221,0.965,0.871,5.36650986453607e-45,"16","HNRNPA1"
"TMEM14C1",6.65632523260628e-48,0.340550086713212,0.708,0.364,1.87635151981938e-43,"16","TMEM14C"
"SNRPD1",1.40132896292556e-47,0.322144760096636,0.721,0.376,3.95020621359086e-43,"16","SNRPD1"
"NDUFA12",6.58259509913144e-47,0.369084691899203,0.765,0.432,1.85556773249416e-42,"16","NDUFA12"
"PRCP",7.0139210445978e-47,0.319037140892422,0.672,0.338,1.97715420326167e-42,"16","PRCP"
"FBL",1.92778288391139e-46,0.317043789953706,0.731,0.381,5.43422717145782e-42,"16","FBL"
"PPM1G1",2.48099401040511e-46,0.322314234754717,0.721,0.377,6.99367401593097e-42,"16","PPM1G"
"OSTC1",2.49520372492093e-45,0.35229971955845,0.755,0.423,7.0337297801796e-41,"16","OSTC"
"HIST1H1E1",3.78115568116613e-45,0.351485026601938,0.632,0.322,1.06586997496392e-40,"16","HIST1H1E"
"RPL36A2",1.12086550954781e-44,0.527995182990823,0.95,0.816,3.15960778486433e-40,"16","RPL36A"
"DDX243",3.35107145616541e-43,0.374662794663337,0.829,0.491,9.44633532778467e-39,"16","DDX24"
"NUCKS11",5.27031965327749e-43,0.356010627639957,0.818,0.498,1.48565040706239e-38,"16","NUCKS1"
"CDC42SE2",5.12805922455245e-42,0.314026803405488,0.808,0.464,1.44554861480909e-37,"16","CDC42SE2"
"NCL1",1.33779270486435e-41,0.440026278916659,0.923,0.742,3.7711038557421e-37,"16","NCL"
"EIF3K",8.34947839532353e-41,0.380208672212567,0.938,0.831,2.35363446485775e-36,"16","EIF3K"
"GZMH1",1.03051084462425e-40,0.309207683210382,0.264,0.095,2.9049070199113e-36,"16","GZMH"
"CPVL2",4.47373435395369e-40,0.454217734907345,0.852,0.634,1.26110097703601e-35,"16","CPVL"
"CALM11",7.80759292330896e-40,0.346159931209625,0.961,0.878,2.20088236915156e-35,"16","CALM1"
"RPL231",7.80883294220849e-40,0.321038219288327,0.992,0.976,2.20123191807915e-35,"16","RPL23"
"PRMT21",3.35168835187259e-39,0.333398252008499,0.753,0.428,9.44807429509363e-35,"16","PRMT2"
"NDUFV22",4.03169849562101e-39,0.328079786798375,0.76,0.42,1.13649548893061e-34,"16","NDUFV2"
"ATP5A1",4.35107608558217e-39,0.377045147398526,0.84,0.551,1.22652483776476e-34,"16","ATP5A1"
"RPL13A1",9.30633022746341e-39,0.34807013778267,1,0.991,2.62336142781966e-34,"16","RPL13A"
"CYCS2",5.85959621080555e-38,0.32724425453755,0.782,0.464,1.65176157586398e-33,"16","CYCS"
"ATP5J1",8.77217883028121e-38,0.333610976422193,0.827,0.522,2.47278949046797e-33,"16","ATP5J"
"ATP5G31",3.08603769370901e-37,0.354591878502341,0.852,0.586,8.69923165479632e-33,"16","ATP5G3"
"NDUFA42",6.53405382309294e-37,0.331980311269211,0.919,0.732,1.84188443219167e-32,"16","NDUFA4"
"UFC11",9.35903747343028e-37,0.308058566114268,0.818,0.498,2.63821907338526e-32,"16","UFC1"
"SLC25A5",1.34698981805238e-35,0.376582702151208,0.894,0.69,3.79702959810785e-31,"16","SLC25A5"
"SLC25A31",5.97828900993779e-35,0.355459605577222,0.919,0.746,1.68521988901136e-30,"16","SLC25A3"
"YBX12",3.04031019056905e-34,0.311058099378656,0.961,0.901,8.57033039619508e-30,"16","YBX1"
"PAK1",5.48122311982256e-34,0.3298591035247,0.751,0.449,1.54510198524678e-29,"16","PAK1"
"SUB11",2.24529332286116e-33,0.330280594257224,0.936,0.788,6.32925734781333e-29,"16","SUB1"
"RPL313",2.29967134339485e-33,0.305513189890746,0.98,0.922,6.48254354989575e-29,"16","RPL31"
"DBI3",2.87033553354338e-32,0.377554203949973,0.887,0.662,8.09118883550543e-28,"16","DBI"
"MAP3K82",5.5415114604228e-32,0.310046071048228,0.711,0.426,1.56209666557858e-27,"16","MAP3K8"
"LDHA2",1.12726192470717e-31,0.307076225548489,0.861,0.589,3.17763863955705e-27,"16","LDHA"
"SNRPD2",1.28793672031728e-31,0.313102262925705,0.891,0.641,3.63056482090238e-27,"16","SNRPD2"
"GNAS2",7.74164788319567e-29,0.310261736864221,0.936,0.808,2.18229312179403e-24,"16","GNAS"
"EIF3F",5.79910473029093e-27,0.306978294467623,0.906,0.72,1.63470963242171e-22,"16","EIF3F"
"SAMHD11",6.47883853267068e-27,0.33686715204844,0.924,0.808,1.82631979397454e-22,"16","SAMHD1"
"COX6C1",2.76065864139194e-24,0.300745976820797,0.914,0.738,7.78202064421974e-20,"16","COX6C"
"GNLY1",1.11952070203693e-22,0.487703889441583,0.449,0.272,3.15581690697191e-18,"16","GNLY"
"S100A102",1.36692193022607e-21,0.325405879895114,0.985,0.931,3.85321622911428e-17,"16","S100A10"
"IGHA1",0,8.0678799336367,0.76,0.068,0,"17","IGHA1"
"JCHAIN1",0,6.74916838361817,0.869,0.045,0,"17","JCHAIN"
"IGHG1",0,5.73311605007119,0.342,0.012,0,"17","IGHG1"
"IGHG3",0,5.33336034919817,0.262,0.013,0,"17","IGHG3"
"IGHG4",0,4.65018469964954,0.221,0.007,0,"17","IGHG4"
"MZB11",0,4.16269723647931,0.798,0.028,0,"17","MZB1"
"IGHA2",0,3.98200539547874,0.369,0.003,0,"17","IGHA2"
"TNFRSF17",0,2.5056220604953,0.71,0.004,0,"17","TNFRSF17"
"AL928768.3",0,2.38195771001255,0.514,0.005,0,"17","AL928768.3"
"DERL31",0,2.29252970784046,0.73,0.019,0,"17","DERL3"
"CD79A1",0,2.28172704538132,0.765,0.055,0,"17","CD79A"
"ITM2C1",0,2.23267328464371,0.743,0.075,0,"17","ITM2C"
"FKBP11",0,2.13306801779286,0.732,0.084,0,"17","FKBP11"
"CD271",0,1.93259024978924,0.705,0.067,0,"17","CD27"
"CD38",0,1.80353204359227,0.645,0.05,0,"17","CD38"
"TXNDC5",0,1.34887643752755,0.582,0.01,0,"17","TXNDC5"
"SEL1L32",0,1.27900786504866,0.653,0.063,0,"17","SEL1L3"
"FAM46C",0,1.25849461724641,0.593,0.038,0,"17","FAM46C"
"TNFRSF13B",0,1.15807896678319,0.601,0.006,0,"17","TNFRSF13B"
"POU2AF11",0,1.08856900306636,0.604,0.009,0,"17","POU2AF1"
"KIAA01251",0,1.06160980169122,0.328,0.015,0,"17","KIAA0125"
"GNG72",0,1.02975501782496,0.585,0.061,0,"17","GNG7"
"COBLL12",0,1.02521562724014,0.511,0.028,0,"17","COBLL1"
"TPD521",0,0.938827195373225,0.574,0.049,0,"17","TPD52"
"AQP3",0,0.899508554078112,0.522,0.038,0,"17","AQP3"
"RP5-887A10.1",0,0.887679060046376,0.352,0.007,0,"17","RP5-887A10.1"
"GLCCI1",0,0.873447444356321,0.495,0.044,0,"17","GLCCI1"
"ZBP1",0,0.798690885507723,0.525,0.049,0,"17","ZBP1"
"TMEM1561",0,0.785476768120115,0.5,0.042,0,"17","TMEM156"
"HRASLS2",0,0.77972854433622,0.391,0.002,0,"17","HRASLS2"
"SPATS2",0,0.770631898551021,0.525,0.053,0,"17","SPATS2"
"CPNE51",0,0.759640694331083,0.519,0.049,0,"17","CPNE5"
"MANEA",0,0.73533126907276,0.511,0.054,0,"17","MANEA"
"FCRL51",0,0.68194265698015,0.423,0.009,0,"17","FCRL5"
"NT5DC2",0,0.557800266433023,0.404,0.03,0,"17","NT5DC2"
"DENND5B",0,0.493577053223938,0.377,0.017,0,"17","DENND5B"
"SSPN",0,0.486726699840891,0.287,0.005,0,"17","SSPN"
"ABCB9",0,0.465654729561188,0.309,0.009,0,"17","ABCB9"
"CCR10",0,0.456432369763314,0.281,0.009,0,"17","CCR10"
"IFNG-AS1",0,0.404514227336897,0.281,0.006,0,"17","IFNG-AS1"
"CHPF",0,0.397284601761174,0.301,0.008,0,"17","CHPF"
"BHLHE41",0,0.388488584381265,0.284,0.005,0,"17","BHLHE41"
"SLC25A4",0,0.361293640639035,0.306,0.017,0,"17","SLC25A4"
"RP11-16E12.2",0,0.358829782877676,0.284,0.002,0,"17","RP11-16E12.2"
"IGF1",0,0.336461272307492,0.208,0.003,0,"17","IGF1"
"GLDC",0,0.334705890117039,0.221,0,0,"17","GLDC"
"COL4A4",0,0.314338069615655,0.254,0.003,0,"17","COL4A4"
"FUT8",7.69479837892004e-296,0.60211390355517,0.47,0.048,2.16908671503377e-291,"17","FUT8"
"CD591",5.42606356030166e-285,1.11431407466844,0.617,0.088,1.52955305701343e-280,"17","CD59"
"BLK1",1.39573726137481e-278,0.32121983241127,0.265,0.017,3.93444376608945e-274,"17","BLK"
"RP11-81H14.2",1.44603627454933e-269,0.348157839419014,0.309,0.023,4.0762316543271e-265,"17","RP11-81H14.2"
"IFI27L1",1.34248767595078e-265,0.386360835259438,0.314,0.024,3.78433850973767e-261,"17","IFI27L1"
"RASGRP3",1.07102709134043e-261,0.534748834630863,0.333,0.028,3.01911826777954e-257,"17","RASGRP3"
"PLPP51",7.84522984818018e-254,0.791118566314668,0.587,0.085,2.21149184190351e-249,"17","PLPP5"
"ISG202",1.07409684138924e-251,2.26295271533246,0.811,0.212,3.02777158619213e-247,"17","ISG20"
"RAB301",3.20817741862907e-250,0.461921661255629,0.374,0.036,9.04353132537348e-246,"17","RAB30"
"SLAMF71",3.60876406262847e-250,1.14412632288471,0.615,0.098,1.01727450161434e-245,"17","SLAMF7"
"BLNK2",1.68186396152897e-227,0.378016714388243,0.344,0.033,4.74100632115401e-223,"17","BLNK"
"IGKC2",7.39701847391605e-223,9.20331642733161,0.732,0.185,2.0851455376122e-218,"17","IGKC"
"IGLC21",9.13167001649309e-223,8.16666439672861,0.505,0.074,2.57412646094924e-218,"17","IGLC2"
"LMAN11",4.29624768475435e-222,1.84995343770186,0.738,0.18,1.2110692598554e-217,"17","LMAN1"
"SEC11C1",5.32559382426434e-221,2.75551907375929,0.79,0.242,1.50123164312187e-216,"17","SEC11C"
"P2RX51",7.41626059930244e-211,0.39399155773263,0.29,0.026,2.09056970033736e-206,"17","P2RX5"
"ATP8B2",7.72064187840302e-203,0.381535993027838,0.342,0.036,2.17637173910303e-198,"17","ATP8B2"
"PRDX4",2.15201001911642e-196,1.15969673785723,0.626,0.126,6.06630104288726e-192,"17","PRDX4"
"MEI1",3.15189130677927e-195,0.42789639617907,0.402,0.05,8.88486640468007e-191,"17","MEI1"
"PRDM11",5.11682723011469e-195,0.988610973502588,0.585,0.107,1.44238242789703e-190,"17","PRDM1"
"GMPPB",2.58354117541314e-187,0.539099850184612,0.418,0.057,7.2827442193721e-183,"17","GMPPB"
"TIFA",4.18705912054924e-186,0.410221547933106,0.402,0.052,1.18029009549162e-181,"17","TIFA"
"ITGB71",5.45981129122901e-184,0.875723411140246,0.574,0.109,1.53906620488454e-179,"17","ITGB7"
"MANF2",2.86588067152904e-183,1.41243488782588,0.672,0.163,8.0786310249732e-179,"17","MANF"
"CRELD2",3.65156070936933e-183,0.947028661289054,0.609,0.124,1.02933844836412e-178,"17","CRELD2"
"PDLIM11",3.7319512014297e-180,0.446291657229552,0.383,0.05,1.05199972417102e-175,"17","PDLIM1"
"IGLC31",3.32720801490124e-179,8.14294078250633,0.317,0.037,9.3790666732051e-175,"17","IGLC3"
"ST6GALNAC41",1.06997423128423e-173,0.443868553776021,0.418,0.06,3.01615036056712e-169,"17","ST6GALNAC4"
"RALGPS21",1.56986807903003e-172,0.768026711837925,0.536,0.094,4.42530112797776e-168,"17","RALGPS2"
"ELL22",2.93616215891098e-169,0.705431712271797,0.552,0.103,8.27674750975416e-165,"17","ELL2"
"ERLEC1",5.42314385188106e-168,1.3375431396946,0.669,0.174,1.52873002040675e-163,"17","ERLEC1"
"PDIA42",3.10599254348651e-166,1.71365979271572,0.721,0.223,8.75548238083413e-162,"17","PDIA4"
"PIM2",4.83184170621947e-166,0.634622553822237,0.497,0.086,1.36204785856621e-161,"17","PIM2"
"CEP97",7.18087633978206e-166,0.339607250574111,0.32,0.038,2.02421723142116e-161,"17","CEP97"
"PDIA5",1.27799514370919e-161,0.305007653804792,0.265,0.027,3.60254051060182e-157,"17","PDIA5"
"COL18A1",2.72364540101003e-157,0.322668976503171,0.249,0.025,7.67768402090716e-153,"17","COL18A1"
"SLAMF1",3.56907514333129e-156,0.311300158778766,0.235,0.023,1.00608659215366e-151,"17","SLAMF1"
"EAF21",5.94382190659908e-152,1.03873837296472,0.607,0.144,1.67550395725121e-147,"17","EAF2"
"SRPRB",4.70776347158353e-145,0.539755335426356,0.497,0.094,1.32707144500468e-140,"17","SRPRB"
"IKZF31",2.44907089849586e-143,0.605220232304427,0.503,0.096,6.90368595576997e-139,"17","IKZF3"
"IRF41",7.58076211982089e-141,1.00195206424868,0.443,0.081,2.13694103395631e-136,"17","IRF4"
"HSP90B11",9.65586001707644e-139,2.90634212001461,0.902,0.675,2.72189038021368e-134,"17","HSP90B1"
"TMEM263",1.60893431812718e-137,0.331353733103615,0.322,0.044,4.53542494936869e-133,"17","TMEM263"
"TRAM2",4.78518200699159e-136,0.443524521978674,0.361,0.055,1.34889495595086e-131,"17","TRAM2"
"PDK1",4.61400519257143e-133,0.641799812510845,0.503,0.102,1.30064192373396e-128,"17","PDK1"
"TXNDC11",2.22622233420736e-127,0.768942931349199,0.59,0.147,6.27549813789712e-123,"17","TXNDC11"
"SUB12",8.75478923480454e-127,1.80512466062695,0.902,0.788,2.46788753739905e-122,"17","SUB1"
"PPIB1",2.84017807431235e-126,2.56472295287352,0.861,0.641,8.00617797367909e-122,"17","PPIB"
"CD79B2",3.17878721390029e-126,0.623199291808529,0.577,0.129,8.96068327726352e-122,"17","CD79B"
"HIBCH",5.00525872152688e-126,0.456112853507003,0.393,0.069,1.41093238101121e-121,"17","HIBCH"
"SDF2L11",9.48405306169451e-125,1.35469264304707,0.689,0.241,2.67345971756107e-120,"17","SDF2L1"
"MAN1A12",4.37598948643596e-123,1.03844455175811,0.631,0.181,1.23354767633143e-118,"17","MAN1A1"
"C15orf57",1.24995158777065e-116,0.572943319393437,0.486,0.107,3.52348853076668e-112,"17","C15orf57"
"EIF2AK3",2.04178865752666e-115,0.326923990567317,0.317,0.049,5.75559804670191e-111,"17","EIF2AK3"
"SPCS21",4.29980608937586e-114,1.64513364451452,0.792,0.47,1.21207233853416e-109,"17","SPCS2"
"NUCB21",8.05180282866762e-114,0.870813126711966,0.607,0.166,2.26972269937312e-109,"17","NUCB2"
"XBP11",9.04037324039901e-114,1.76480222090925,0.776,0.385,2.54839081273608e-109,"17","XBP1"
"SSR41",9.75819729452662e-112,2.25324580115846,0.852,0.753,2.75073823535411e-107,"17","SSR4"
"B4GALT3",1.27778911959577e-110,0.418231194442748,0.445,0.093,3.60195974922852e-106,"17","B4GALT3"
"SP1401",1.16794467619351e-108,0.482089575414506,0.448,0.096,3.29231924772188e-104,"17","SP140"
"HSPA13",6.34431996955811e-108,0.363386300285242,0.41,0.081,1.78840035621873e-103,"17","HSPA13"
"UAP1",2.68296142954669e-107,0.343874632999269,0.328,0.056,7.56299997374917e-103,"17","UAP1"
"TCF31",2.6829903435294e-106,0.472910093771475,0.421,0.088,7.56308147937504e-102,"17","TCF3"
"CHST121",1.01446257543407e-102,0.383339097655851,0.443,0.096,2.8596685538911e-98,"17","CHST12"
"HYOU11",1.70390649743843e-102,0.532369203216715,0.426,0.093,4.80314202562919e-98,"17","HYOU1"
"SETBP11",1.88830753861458e-102,0.351559223683166,0.273,0.042,5.32295012060063e-98,"17","SETBP1"
"ZBTB38",8.83003813701035e-102,0.74705875890339,0.604,0.179,2.48909945044185e-97,"17","ZBTB38"
"DCPS1",1.10144584882595e-100,0.406314301321793,0.445,0.1,3.10486570325548e-96,"17","DCPS"
"CCDC167",1.95641729308242e-99,0.650166932814273,0.475,0.12,5.51494470747002e-95,"17","CCDC167"
"MYDGF1",4.4651445177931e-99,1.50352785804541,0.749,0.364,1.2586795881207e-94,"17","MYDGF"
"TMEM238",1.11235322825559e-98,0.345867719367778,0.383,0.077,3.13561251512968e-94,"17","TMEM238"
"TP53INP1",1.42705156790169e-95,0.798680998075734,0.568,0.167,4.02271566475807e-91,"17","TP53INP1"
"CHD71",1.98660050426489e-93,0.350774396406621,0.331,0.062,5.60002816147229e-89,"17","CHD7"
"SYVN1",4.75479052685288e-93,0.35055707970745,0.358,0.072,1.34032790161456e-88,"17","SYVN1"
"HSH2D",2.19010327206331e-91,0.527264868878197,0.516,0.136,6.17368211361926e-87,"17","HSH2D"
"SPCS11",3.75839976243429e-91,1.42752303552762,0.803,0.565,1.0594553090326e-86,"17","SPCS1"
"C16orf74",4.03304360305717e-91,0.350960689167663,0.363,0.074,1.13687466126579e-86,"17","C16orf74"
"SSR31",8.03094405118303e-91,1.31927770368154,0.806,0.53,2.26384281858799e-86,"17","SSR3"
"CALR2",1.08089430723884e-90,1.48842390401597,0.842,0.58,3.04693296267556e-86,"17","CALR"
"STT3A1",1.41007682066542e-88,0.394172103277016,0.418,0.096,3.97486554977375e-84,"17","STT3A"
"ADAM191",1.44263829251335e-85,0.366334356733223,0.391,0.087,4.06665308276587e-81,"17","ADAM19"
"CLPTM1L",2.01850119860491e-85,0.718311845607257,0.631,0.22,5.68995302874738e-81,"17","CLPTM1L"
"FAM214A1",3.34498200832839e-85,0.550024710739525,0.489,0.131,9.42916978327689e-81,"17","FAM214A"
"PEBP14",4.40566518397433e-80,1.15979900387721,0.74,0.35,1.24191295871052e-75,"17","PEBP1"
"UBE2J11",1.29847748921518e-78,1.25497904318934,0.751,0.444,3.66027819434867e-74,"17","UBE2J1"
"DDOST1",1.46252690941816e-78,0.882549848093271,0.667,0.28,4.12271710495884e-74,"17","DDOST"
"VIMP1",1.18623330660312e-77,1.0470190379123,0.68,0.316,3.34387306798352e-73,"17","VIMP"
"KDM5D",1.36288734257007e-77,0.352184904582214,0.29,0.057,3.84184312997078e-73,"17","KDM5D"
"STRBP2",4.18024486369735e-77,0.329403781042452,0.314,0.066,1.17836922462765e-72,"17","STRBP"
"ALG51",1.06149124715681e-76,0.511975821578308,0.527,0.162,2.99223767661034e-72,"17","ALG5"
"PDIA61",1.42726259859314e-76,1.31966969279,0.74,0.433,4.02331053917421e-72,"17","PDIA6"
"ST6GAL11",3.09719808659233e-76,0.467530083344895,0.484,0.137,8.73069168629511e-72,"17","ST6GAL1"
"C12orf752",5.6879693270233e-76,0.421536910438204,0.459,0.124,1.6033816735946e-71,"17","C12orf75"
"IQCB1",1.94838271603143e-74,0.366766153922016,0.399,0.099,5.49229603822101e-70,"17","IQCB1"
"FKBP21",1.28266937725154e-73,1.11305929274369,0.708,0.362,3.61571670753436e-69,"17","FKBP2"
"HSPA51",2.41667832781299e-72,1.27650078936208,0.822,0.566,6.81237453827203e-68,"17","HSPA5"
"MLEC1",3.22411882162448e-72,0.771851364986388,0.65,0.257,9.08846854627724e-68,"17","MLEC"
"SPTBN11",1.91407255052642e-70,0.568852237050486,0.41,0.11,5.39557911267893e-66,"17","SPTBN1"
"PREB",2.78299369305017e-70,0.348677795792235,0.366,0.089,7.84498092133912e-66,"17","PREB"
"ITM2A1",1.57668299830721e-68,0.35342060626497,0.328,0.077,4.4445117039282e-64,"17","ITM2A"
"MESDC21",1.03833062694148e-66,0.611068307449249,0.587,0.214,2.92695020428534e-62,"17","MESDC2"
"FAM3C",1.64603269530324e-66,0.323368989822833,0.402,0.107,4.64000156479029e-62,"17","FAM3C"
"HERC2",1.09698763689133e-65,0.418634509928324,0.44,0.128,3.09229844963297e-61,"17","HERC2"
"RRBP11",1.9603519749043e-65,1.15869558211181,0.68,0.334,5.52603618205772e-61,"17","RRBP1"
"RABAC11",3.18332225717354e-65,1.03771431716397,0.779,0.508,8.97346711074649e-61,"17","RABAC1"
"SEC61B2",1.93412035520545e-64,1.00661295846933,0.828,0.697,5.45209186928864e-60,"17","SEC61B"
"OCIAD21",2.19401774379696e-64,0.374689870337897,0.38,0.101,6.18471661798926e-60,"17","OCIAD2"
"DNAJB111",7.07102452420586e-64,0.754054500575335,0.587,0.232,1.99325110312839e-59,"17","DNAJB11"
"OSTC2",5.39842403459673e-63,0.981178592595887,0.74,0.424,1.52176175111247e-58,"17","OSTC"
"ACSS1",1.28364710370786e-62,0.303071404952124,0.383,0.103,3.61847282064207e-58,"17","ACSS1"
"GNL31",3.44236312797241e-62,0.466471028667929,0.495,0.16,9.70367742144142e-58,"17","GNL3"
"TXNDC15",8.86163343820987e-61,0.422944999064963,0.459,0.143,2.49800584989698e-56,"17","TXNDC15"
"IGHM2",2.59050916609925e-60,4.74723272077563,0.232,0.049,7.30238628831719e-56,"17","IGHM"
"TMED91",1.7738292906951e-59,0.75883719231047,0.678,0.319,5.00024738754042e-55,"17","TMED9"
"VOPP11",6.85684090991684e-59,0.589511503479847,0.593,0.225,1.93287488409646e-54,"17","VOPP1"
"CASP3",3.43557797425078e-58,0.355354967571462,0.429,0.131,9.68455075161553e-54,"17","CASP3"
"DNAJC11",1.01216156391605e-57,0.564193708868213,0.579,0.221,2.85318223252295e-53,"17","DNAJC1"
"SPCS31",1.7211273419122e-57,1.01314545955608,0.792,0.584,4.85168586411629e-53,"17","SPCS3"
"TMEM2081",2.07393564566681e-57,0.619695527857816,0.631,0.257,5.84621719157018e-53,"17","TMEM208"
"ZCCHC112",2.33427667053833e-57,0.610797757031341,0.568,0.206,6.5800925065805e-53,"17","ZCCHC11"
"CXXC52",4.97267767386349e-57,0.541291166281026,0.585,0.218,1.40174810948538e-52,"17","CXXC5"
"ISOC2",8.77285298883085e-57,0.332056382160589,0.363,0.102,2.47297952902153e-52,"17","ISOC2"
"PARP11",1.24947964018208e-56,0.646658510844014,0.577,0.239,3.52215815770927e-52,"17","PARP1"
"SRP54",1.40187194120902e-56,0.47848409498165,0.566,0.212,3.9517368150741e-52,"17","SRP54"
"KDELR21",1.70809137377664e-56,0.799986018244101,0.68,0.346,4.81493877353896e-52,"17","KDELR2"
"SRPRA1",1.81638310179747e-56,0.562343140965373,0.607,0.25,5.12020232565688e-52,"17","SRPRA"
"EDEM11",3.61745237754562e-55,0.538769156659379,0.582,0.222,1.01972365070633e-50,"17","EDEM1"
"PRDX21",4.30120074728208e-54,0.56325713193582,0.626,0.267,1.21246547865134e-49,"17","PRDX2"
"SLC38A14",9.22406870084078e-54,0.384622584378229,0.478,0.161,2.60017272608001e-49,"17","SLC38A1"
"DNAJB91",2.32327050559513e-52,0.417583895648849,0.434,0.144,6.54906722822211e-48,"17","DNAJB9"
"RPN21",3.3211893341975e-52,0.887988868668089,0.743,0.431,9.36210061416935e-48,"17","RPN2"
"SRM",2.42744456172139e-51,0.628683547824804,0.549,0.225,6.84272347503643e-47,"17","SRM"
"LMAN2",5.48589613248504e-51,0.808086089526019,0.721,0.426,1.54641926078621e-46,"17","LMAN2"
"DAD11",4.23002851810777e-50,0.800392912998287,0.724,0.45,1.1924027389694e-45,"17","DAD1"
"UBE2G1",8.05838676508881e-50,0.446139591579037,0.511,0.196,2.27157864521088e-45,"17","UBE2G1"
"NXPE3",9.89197396008295e-50,0.380775062570426,0.489,0.175,2.78844853960778e-45,"17","NXPE3"
"SIL1",7.61766109950038e-49,0.36727082088922,0.514,0.185,2.14734248733816e-44,"17","SIL1"
"GORASP2",3.94210608039121e-48,0.363461712487359,0.434,0.145,1.11124028300148e-43,"17","GORASP2"
"COMMD31",4.51332561121296e-48,0.455178779514083,0.596,0.245,1.27226135654482e-43,"17","COMMD3"
"SSR2",3.90242680716537e-47,0.844369233416093,0.806,0.643,1.10005509267185e-42,"17","SSR2"
"CISD21",5.01412184175181e-47,0.300402511219244,0.484,0.172,1.41343080597142e-42,"17","CISD2"
"MSI2",5.39599894110438e-46,0.386109353782355,0.415,0.14,1.52107814150791e-41,"17","MSI2"
"SELK",5.82327771241334e-45,0.741854472461327,0.694,0.384,1.6415237543522e-40,"17","SELK"
"USO1",1.29241719744509e-44,0.408107238251572,0.536,0.216,3.64319483787797e-40,"17","USO1"
"SMARCB11",3.2036115993229e-44,0.362582492863742,0.464,0.174,9.03066073733133e-40,"17","SMARCB1"
"ERGIC21",5.41934018847869e-44,0.38088234276205,0.47,0.176,1.52765780573026e-39,"17","ERGIC2"
"ARMCX31",5.86294231655645e-44,0.306206002252482,0.464,0.168,1.6527048096141e-39,"17","ARMCX3"
"DERL1",2.77258531128059e-43,0.387729895147162,0.571,0.243,7.81564073396886e-39,"17","DERL1"
"APOBEC3G1",3.110769570861e-43,0.401245717357269,0.467,0.178,8.76894834330007e-39,"17","APOBEC3G"
"ERN12",9.77501419909768e-43,0.423802954075921,0.44,0.161,2.75547875258365e-38,"17","ERN1"
"TCF43",1.0415589167695e-42,0.339153631190762,0.456,0.169,2.93605043048155e-38,"17","TCF4"
"CNPY2",1.79243648245592e-42,0.421197460663674,0.596,0.264,5.05269920039498e-38,"17","CNPY2"
"SLC35B1",5.01066955679242e-42,0.336510325656585,0.423,0.15,1.41245764136422e-37,"17","SLC35B1"
"HIST1H1C1",3.14276772942818e-41,0.456993583940289,0.546,0.229,8.85914795248511e-37,"17","HIST1H1C"
"TSTD13",2.71155145457185e-40,0.389888053570214,0.519,0.21,7.64359239529258e-36,"17","TSTD1"
"PRMT11",3.03705233501713e-40,0.432888360444915,0.538,0.232,8.56114682717978e-36,"17","PRMT1"
"SYNE22",3.4202812710514e-39,0.320380007294379,0.445,0.164,9.64143087496679e-35,"17","SYNE2"
"NGLY11",4.74422867912193e-39,0.380763361840282,0.489,0.196,1.33735062235768e-34,"17","NGLY1"
"TMED101",7.08711052160034e-39,0.699327029311123,0.724,0.461,1.99778558493392e-34,"17","TMED10"
"FNDC3A1",6.63728382401854e-38,0.370867182130192,0.492,0.195,1.87098393715259e-33,"17","FNDC3A"
"SEC61G2",2.04979558955438e-37,0.841255029865399,0.765,0.625,5.77816878739484e-33,"17","SEC61G"
"NCOA3",2.14394157599887e-37,0.813493165279373,0.656,0.367,6.04355690858322e-33,"17","NCOA3"
"CCNC",3.24888414746092e-37,0.430245321614746,0.481,0.201,9.15827952327759e-33,"17","CCNC"
"HM13",4.60375544234194e-36,0.622546361933687,0.713,0.455,1.29775262164177e-31,"17","HM13"
"MT-ND61",2.45166105202181e-35,0.644392129509252,0.593,0.292,6.91098733954428e-31,"17","MT-ND6"
"IDH2",3.59443647077333e-34,0.439754037018328,0.544,0.25,1.01323569674629e-29,"17","IDH2"
"WBSCR221",3.59991330394211e-34,0.367313387336405,0.473,0.198,1.01477956124824e-29,"17","WBSCR22"
"FDX1",3.76928708797088e-34,0.307848554860035,0.527,0.231,1.06252433722811e-29,"17","FDX1"
"GOLGB1",3.80547981331423e-34,0.600301466333091,0.653,0.356,1.07272670457515e-29,"17","GOLGB1"
"RPS55",1.27500107104651e-33,0.46786398419737,0.962,0.936,3.59410051917302e-29,"17","RPS5"
"SEC61A1",3.34170900961433e-33,0.420294435479709,0.557,0.257,9.41994352720184e-29,"17","SEC61A1"
"GYPC",5.66168234201597e-33,0.42806255072965,0.593,0.279,1.59597163539088e-28,"17","GYPC"
"SAR1B",2.20128394226103e-32,0.342857268136892,0.519,0.23,6.20519930483962e-28,"17","SAR1B"
"DNAJC31",3.7066769340009e-32,0.459115401261814,0.631,0.33,1.04487516092551e-27,"17","DNAJC3"
"ARFGAP31",6.74993805529193e-32,0.421965281977374,0.56,0.264,1.90274003840624e-27,"17","ARFGAP3"
"UBXN41",2.46342822200921e-31,0.561862804642842,0.74,0.488,6.94415781502176e-27,"17","UBXN4"
"BTN3A21",2.51975040650494e-31,0.326445128879809,0.544,0.245,7.10292442089678e-27,"17","BTN3A2"
"RPL310",5.04952548611925e-31,0.415967221345412,0.997,0.984,1.42341073928216e-26,"17","RPL3"
"GLS2",8.76224799638614e-31,0.435906306259281,0.669,0.355,2.46999008770129e-26,"17","GLS"
"TMEM2581",4.68893213337178e-30,0.692667449515357,0.754,0.657,1.32176307907617e-25,"17","TMEM258"
"AP000769.1",1.32312334032979e-29,0.805996621999032,0.459,0.203,3.72975238405565e-25,"17","AP000769.1"
"MZT2A2",7.08194638295594e-29,0.35830756609286,0.56,0.279,1.99632986589145e-24,"17","MZT2A"
"KRTCAP22",1.80144933460502e-28,0.472564302892558,0.593,0.302,5.07810552931809e-24,"17","KRTCAP2"
"HAX1",1.84073012230965e-28,0.356338681248471,0.533,0.257,5.18883414177866e-24,"17","HAX1"
"RARRES31",1.00113104919859e-27,0.619048633216443,0.604,0.335,2.8220883145859e-23,"17","RARRES3"
"SEL1L",1.49831731954143e-27,0.483183495939185,0.566,0.285,4.22360669205534e-23,"17","SEL1L"
"EPRS",4.02194162195329e-27,0.304486074420468,0.541,0.269,1.13374512381241e-22,"17","EPRS"
"SMC4",5.6403640229198e-27,0.304674656152523,0.372,0.151,1.58996221442086e-22,"17","SMC4"
"P4HB2",5.86231709932721e-27,0.530876683653736,0.732,0.51,1.65252856712935e-22,"17","P4HB"
"UPF3A",1.06996844193525e-26,0.365369470284554,0.525,0.251,3.01613404097127e-22,"17","UPF3A"
"ARF41",1.76771885506934e-26,0.431257322354269,0.617,0.344,4.98302268055496e-22,"17","ARF4"
"TMED41",4.2471931314648e-26,0.413336787031687,0.533,0.261,1.19724127182861e-21,"17","TMED4"
"HIPK2",1.2593514024707e-25,0.317417325473161,0.519,0.253,3.54998566842465e-21,"17","HIPK2"
"SEPT64",1.55171097667352e-25,0.464359442264954,0.637,0.351,4.37411807214498e-21,"17","SEPT6"
"IL2RG4",5.02551390985433e-24,0.351047797375799,0.609,0.323,1.41664211604884e-19,"17","IL2RG"
"HDLBP",2.2334246545782e-23,0.448881232231083,0.626,0.37,6.29580075879049e-19,"17","HDLBP"
"KMT2A1",1.90227944819868e-22,0.419031701032225,0.637,0.37,5.36233553652726e-18,"17","KMT2A"
"HIST1H1D2",1.53546488943363e-21,0.399634863276043,0.473,0.239,4.32832197682446e-17,"17","HIST1H1D"
"TMCO11",2.32413288567291e-21,0.383318882719077,0.617,0.364,6.55149819142335e-17,"17","TMCO1"
"RPLP03",3.30479573098994e-21,0.420755947329006,0.943,0.939,9.31588868608754e-17,"17","RPLP0"
"EIF5B",4.50081393769506e-21,0.36061973675999,0.637,0.372,1.26873444089686e-16,"17","EIF5B"
"RPL36AL",6.32782896876809e-21,0.398779327387341,0.888,0.869,1.78375170800604e-16,"17","RPL36AL"
"NDUFV23",2.12410428815914e-20,0.371152679845881,0.678,0.421,5.98763757789179e-16,"17","NDUFV2"
"SEC622",1.30639422520302e-19,0.453780932317911,0.749,0.545,3.68259468142478e-15,"17","SEC62"
"SDF4",2.43439911755051e-19,0.300538524853443,0.536,0.288,6.86232767246314e-15,"17","SDF4"
"CCPG11",2.57933441448339e-19,0.339174240926292,0.601,0.347,7.27088578098723e-15,"17","CCPG1"
"TMEM591",3.99674426270597e-19,0.376646168288278,0.765,0.569,1.12664224021419e-14,"17","TMEM59"
"SND1",1.02291654362249e-18,0.371679033676204,0.525,0.285,2.88349944481744e-14,"17","SND1"
"ZRANB21",4.01270592486372e-18,0.374168435610353,0.667,0.408,1.13114167315983e-13,"17","ZRANB2"
"TRAM11",6.53651583396382e-18,0.424418106202861,0.727,0.533,1.84257844843606e-13,"17","TRAM1"
"HERPUD12",8.95839889665768e-18,0.63000319053854,0.762,0.62,2.52528306497883e-13,"17","HERPUD1"
"OGT1",1.13918300104581e-17,0.356492488069058,0.637,0.383,3.21124296164802e-13,"17","OGT"
"CCND2",2.42453211148218e-17,0.376019753667533,0.284,0.127,6.83451356905712e-13,"17","CCND2"
"TRAF3IP31",3.89813939785178e-17,0.472239738131565,0.65,0.432,1.09884651486044e-12,"17","TRAF3IP3"
"MEF2C2",6.99106449064663e-17,0.444505998369574,0.735,0.541,1.97071116926838e-12,"17","MEF2C"
"GSPT1",1.14958048359499e-16,0.32759893852557,0.53,0.31,3.24055242520591e-12,"17","GSPT1"
"MIF2",1.38423225722504e-16,0.324647479604996,0.525,0.301,3.90201230989166e-12,"17","MIF"
"PDIA31",1.84382244359188e-16,0.515119736324145,0.74,0.601,5.19755108624115e-12,"17","PDIA3"
"CUTA",1.90632213860689e-16,0.337359033181529,0.664,0.458,5.37373147651896e-12,"17","CUTA"
"TMED21",2.14778042661163e-16,0.313544834672283,0.626,0.406,6.05437824457552e-12,"17","TMED2"
"RPL22L11",2.61019230425145e-16,0.416895666706457,0.702,0.511,7.35787108645441e-12,"17","RPL22L1"
"HIST1H4C3",2.72382080690953e-16,0.413951570762434,0.541,0.31,7.67817847259729e-12,"17","HIST1H4C"
"CLINT1",6.60483560884335e-16,0.338213113761385,0.628,0.408,1.86183710977685e-11,"17","CLINT1"
"TMBIM61",1.28475377948113e-15,0.385222928970855,0.798,0.79,3.62159242897937e-11,"17","TMBIM6"
"RPS15A4",3.21431493069778e-15,0.306097055127962,0.995,0.991,9.06083235814396e-11,"17","RPS15A"
"EEF1B24",5.04279847306904e-15,0.361605956855124,0.94,0.904,1.42151446157343e-10,"17","EEF1B2"
"TCEA11",5.07591842447096e-15,0.366309658148303,0.691,0.495,1.43085064467412e-10,"17","TCEA1"
"ITGA41",6.95913643231804e-14,0.493014654208074,0.667,0.47,1.96171096890613e-09,"17","ITGA4"
"STT3B",9.30499210441084e-14,0.306236179978568,0.634,0.418,2.62298422431237e-09,"17","STT3B"
"OST41",1.85592282285028e-13,0.357367379456812,0.814,0.783,5.23166084533266e-09,"17","OST4"
"ATP5J2",6.87171333894143e-13,0.310822324598891,0.713,0.523,1.9370672731142e-08,"17","ATP5J"
"GNAS3",2.59638508943486e-11,0.368260287590637,0.844,0.809,7.31894992860792e-07,"17","GNAS"
"ATRX",2.86544257443931e-11,0.394092827161785,0.724,0.553,8.07739607308697e-07,"17","ATRX"
"SRP721",2.93307553193167e-11,0.31434502660371,0.631,0.443,8.26804661696217e-07,"17","SRP72"
"NOL7",3.15540856256915e-11,0.314937147434935,0.574,0.376,8.89478119702617e-07,"17","NOL7"
"EIF2S2",9.22995461315107e-11,0.314738350406291,0.716,0.562,2.60183190590116e-06,"17","EIF2S2"
"MTDH1",3.30258576758843e-09,0.376393243574782,0.781,0.711,9.30965902025502e-05,"17","MTDH"
"ATP5A11",1.8471442270839e-08,0.301057319978238,0.672,0.552,0.000520691486172681,"17","ATP5A1"
"ATP5G32",1.76403406379071e-06,0.328909941337549,0.724,0.588,0.0497263562241962,"17","ATP5G3"
"C1orf54",0,2.45174652891774,0.834,0.065,0,"18","C1orf54"
"S100B",0,2.41221458047773,0.462,0.045,0,"18","S100B"
"DNASE1L31",0,2.2670018033817,0.673,0.018,0,"18","DNASE1L3"
"WDFY41",0,2.20446716148071,0.828,0.113,0,"18","WDFY4"
"CLEC9A",0,2.17764058423749,0.738,0.002,0,"18","CLEC9A"
"BATF31",0,1.45594786643917,0.755,0.114,0,"18","BATF3"
"CADM1",0,1.45298091817368,0.614,0.006,0,"18","CADM1"
"IDO1",0,1.35543003865004,0.614,0.038,0,"18","IDO1"
"CCSER1",0,1.25865540577453,0.493,0.022,0,"18","CCSER1"
"CLNK",0,1.24978728510799,0.566,0.006,0,"18","CLNK"
"SLAMF72",0,1.20553804312204,0.699,0.098,0,"18","SLAMF7"
"CCND1",0,1.19321475072329,0.493,0.006,0,"18","CCND1"
"NDRG22",0,1.09467790623494,0.645,0.054,0,"18","NDRG2"
"HLA-DOB1",0,0.948117966955999,0.623,0.034,0,"18","HLA-DOB"
"FLT32",0,0.928117397347823,0.62,0.072,0,"18","FLT3"
"RAB7B",0,0.91804691214897,0.346,0.008,0,"18","RAB7B"
"EGLN31",0,0.834404707093025,0.403,0.015,0,"18","EGLN3"
"ENPP1",0,0.817729018790753,0.417,0.001,0,"18","ENPP1"
"SLAMF81",0,0.80518804221426,0.462,0.02,0,"18","SLAMF8"
"XCR1",0,0.750993521961815,0.324,0.001,0,"18","XCR1"
"LGMN2",0,0.678214035184894,0.504,0.049,0,"18","LGMN"
"P2RY141",0,0.652983092740927,0.414,0.027,0,"18","P2RY14"
"TMEM14A",0,0.652520831502694,0.465,0.021,0,"18","TMEM14A"
"FKBP1B",0,0.634370604972895,0.4,0.025,0,"18","FKBP1B"
"NCALD",0,0.597878329066014,0.313,0.018,0,"18","NCALD"
"ZNF366",0,0.557723627401458,0.335,0.017,0,"18","ZNF366"
"TLR101",0,0.508274119919313,0.38,0.024,0,"18","TLR10"
"P2RY6",0,0.423696462951186,0.313,0.018,0,"18","P2RY6"
"PAWR",0,0.412840807390395,0.321,0.013,0,"18","PAWR"
"BTLA",0,0.384827504741745,0.299,0.014,0,"18","BTLA"
"PPM1J1",0,0.351255419124682,0.276,0.01,0,"18","PPM1J"
"CLCN4",0,0.310932974995392,0.206,0.007,0,"18","CLCN4"
"SEPTIN61",6.54299451761291e-307,0.881418241962264,0.206,0.009,1.8444047245699e-302,"18","SEPTIN6"
"ASB2",3.45516877717987e-303,0.301525342929571,0.245,0.013,9.73977526599233e-299,"18","ASB2"
"MTERF2",1.57357261337118e-301,0.352038187421393,0.287,0.018,4.43574383983203e-297,"18","MTERF2"
"SERPINF2",4.0378793136853e-285,0.371585231636145,0.296,0.02,1.13823779973475e-280,"18","SERPINF2"
"NEGR1",9.3755564205064e-280,0.512245965661159,0.285,0.019,2.64287559937655e-275,"18","NEGR1"
"NUBPL",2.28828531478361e-278,0.531708938012482,0.372,0.031,6.45044747384352e-274,"18","NUBPL"
"DPP4",1.77667864676384e-277,0.43913567329714,0.324,0.024,5.0082794373626e-273,"18","DPP4"
"MICOS101",5.93485335674226e-274,0.651197375897328,0.211,0.011,1.67297581273208e-269,"18","MICOS10"
"NET1",2.36495412507275e-272,0.868218289747037,0.496,0.056,6.66656918316758e-268,"18","NET1"
"LIMA1",2.41375102333728e-272,0.661350313743204,0.423,0.042,6.80412275968547e-268,"18","LIMA1"
"GCSAM",7.99105755499252e-266,0.52929963398524,0.332,0.027,2.25259921417684e-261,"18","GCSAM"
"TSPAN331",7.80455551813076e-258,1.01150696991335,0.625,0.094,2.20002615500588e-253,"18","TSPAN33"
"CD592",1.41820970312371e-255,0.876767797794115,0.608,0.088,3.99779133213542e-251,"18","CD59"
"PLEKHA5",2.89251236429268e-244,1.20845501819086,0.423,0.045,8.15370310370464e-240,"18","PLEKHA5"
"TOX",1.57650735698196e-239,0.445194806896966,0.262,0.018,4.44401658859645e-235,"18","TOX"
"HLA-DQA14",1.45759933403955e-238,2.62718480957213,1,0.424,4.10882676272409e-234,"18","HLA-DQA1"
"CLIC22",4.50862832096013e-232,0.696636581124102,0.504,0.066,1.27093723739545e-227,"18","CLIC2"
"SH3BP4",7.08744169122752e-228,0.357145932993095,0.285,0.023,1.99787893834013e-223,"18","SH3BP4"
"TACSTD2",6.1991338615531e-224,0.650594378375693,0.299,0.025,1.7474738442332e-219,"18","TACSTD2"
"SERPINF12",1.02430665452448e-223,0.81388195215372,0.541,0.076,2.88741802843905e-219,"18","SERPINF1"
"PLCD1",4.44288027150302e-218,0.406057619859585,0.293,0.025,1.25240351973399e-213,"18","PLCD1"
"C1orf21",1.75658704110575e-214,0.585565113227804,0.403,0.046,4.95164321017301e-210,"18","C1orf21"
"HLA-DPA14",1.0629045221162e-213,2.79501088612762,1,0.811,2.99622155739336e-209,"18","HLA-DPA1"
"IRF81",4.42031973691005e-212,2.14931693899629,0.896,0.308,1.24604393063757e-207,"18","IRF8"
"HLA-DPB13",2.55202073719992e-211,2.88739171687082,1,0.775,7.19389125609285e-207,"18","HLA-DPB1"
"CD744",1.70860475642559e-205,2.18603102922731,1,0.969,4.8163859478881e-201,"18","CD74"
"HLA-DRA3",9.33694277455833e-202,2.14613548864592,1,0.958,2.63199079872025e-197,"18","HLA-DRA"
"ADAM282",5.76849601139887e-201,0.617646445148509,0.513,0.076,1.62608134065323e-196,"18","ADAM28"
"HLA-DQB13",8.54367845802818e-193,2.264915328158,0.992,0.674,2.40837752053356e-188,"18","HLA-DQB1"
"GNG73",8.8736447455565e-191,0.718485418808763,0.445,0.061,2.50139171732492e-186,"18","GNG7"
"ZEB11",6.3447154833743e-190,0.547318278563293,0.394,0.05,1.78851184760838e-185,"18","ZEB1"
"BASP13",1.54784347594875e-188,1.70814115366252,0.921,0.329,4.36321597435193e-184,"18","BASP1"
"VAC14",9.69111635073088e-188,0.634011680243028,0.456,0.066,2.73182878810753e-183,"18","VAC14"
"MCOLN21",1.0365878084705e-184,0.670065762779565,0.375,0.046,2.92203737329749e-180,"18","MCOLN2"
"PTK2",1.40776589743561e-184,0.626071547696517,0.4,0.052,3.96835128828123e-180,"18","PTK2"
"CPNE31",3.37719612087106e-183,2.15423779064855,0.87,0.352,9.51997814512344e-179,"18","CPNE3"
"PDLIM12",1.65231152557788e-180,0.442993522669666,0.389,0.05,4.6577009594515e-176,"18","PDLIM1"
"NME41",3.55418648953071e-180,0.725605786570376,0.625,0.121,1.00188962953381e-175,"18","NME4"
"SPATS2L2",2.29431263662436e-175,0.794392457197578,0.521,0.088,6.46743789138041e-171,"18","SPATS2L"
"HLA-DRB13",3.23335308948166e-175,2.2141762648505,0.997,0.87,9.11449902393984e-171,"18","HLA-DRB1"
"KIF16B",5.0815738413296e-170,0.60034784019481,0.394,0.054,1.4324448501324e-165,"18","KIF16B"
"LRRCC1",2.57396442021263e-168,0.364344029858677,0.268,0.026,7.25574830413738e-164,"18","LRRCC1"
"CST33",6.69942621322415e-167,2.11893606714441,0.983,0.952,1.88850125524576e-162,"18","CST3"
"PON2",1.84739539927023e-165,0.4713947658599,0.456,0.071,5.20762289100284e-161,"18","PON2"
"CPVL3",3.65904245736239e-156,2.34844568232498,0.938,0.634,1.03144747830588e-151,"18","CPVL"
"PTMS3",1.65866794179692e-152,1.14478456759275,0.699,0.171,4.67561906113135e-148,"18","PTMS"
"CTTNBP2NL1",3.31748421021551e-152,0.748746870466855,0.431,0.07,9.35165624017649e-148,"18","CTTNBP2NL"
"RPS233",4.5374694765226e-152,0.930096951617988,1,0.994,1.27906727073696e-147,"18","RPS23"
"RGS103",1.52927148597784e-151,1.60454899407697,0.944,0.517,4.31086339182292e-147,"18","RGS10"
"CAMK2D",3.61420980328836e-149,0.980791569523115,0.673,0.165,1.01880960144896e-144,"18","CAMK2D"
"SNX31",4.25094127510832e-148,2.03599384648629,0.949,0.672,1.19829783604028e-143,"18","SNX3"
"SLC9A71",6.14176625904539e-147,0.478584798825271,0.355,0.05,1.7313024907623e-142,"18","SLC9A7"
"NFATC2",3.83489600755823e-146,0.505950021858856,0.383,0.058,1.08101883557059e-141,"18","NFATC2"
"BANK11",4.24102822091425e-146,0.329153701267899,0.403,0.06,1.19550344519352e-141,"18","BANK1"
"PPA12",1.91950495467245e-145,1.38309818364091,0.915,0.395,5.41089251672617e-141,"18","PPA1"
"MZT2A3",2.70236575534178e-142,1.12955964912709,0.817,0.278,7.61769882773295e-138,"18","MZT2A"
"LMNA4",8.20673242399498e-142,1.44397249454147,0.662,0.165,2.31339580299995e-137,"18","LMNA"
"NAV1",9.71856598939243e-139,0.492664151466397,0.4,0.065,2.73956656674983e-134,"18","NAV1"
"FUT81",4.53758395685977e-137,0.473748007296662,0.341,0.049,1.2790995415992e-132,"18","FUT8"
"LYRM4",2.28333434213607e-133,0.711052524334663,0.592,0.137,6.43649117704737e-129,"18","LYRM4"
"AIM2",5.32939654474268e-133,0.34498265573898,0.268,0.032,1.50230359199752e-128,"18","AIM2"
"TCEA3",6.68161527521647e-132,0.456180748482082,0.208,0.021,1.88348052993077e-127,"18","TCEA3"
"ITGB72",6.3218729361066e-127,0.510488475319489,0.521,0.109,1.78207276195909e-122,"18","ITGB7"
"ACTG12",7.97160603946299e-124,1.10677172457328,0.994,0.956,2.24711602646422e-119,"18","ACTG1"
"EEF1B25",3.46855595622286e-123,1.15885833318177,0.983,0.903,9.77751238499661e-119,"18","EEF1B2"
"NMB",1.10796178969496e-120,0.322894436919723,0.254,0.032,3.12323348897112e-116,"18","NMB"
"HLA-DQA23",9.8398928332483e-120,1.42550302420968,0.563,0.143,2.77376739076436e-115,"18","HLA-DQA2"
"PPP1R14B1",2.90174696703381e-119,0.968839080149188,0.828,0.328,8.17973452537162e-115,"18","PPP1R14B"
"VEGFB2",4.04322320716294e-118,0.455472295662959,0.482,0.1,1.13974418986716e-113,"18","VEGFB"
"CD226",5.18088489734201e-118,0.44912178024253,0.363,0.061,1.46043964371174e-113,"18","CD226"
"FNIP21",4.75600644326857e-116,0.875293056537789,0.637,0.172,1.34067065629298e-111,"18","FNIP2"
"AIG1",6.60621358553151e-116,0.420307927152474,0.403,0.074,1.86222554762548e-111,"18","AIG1"
"HLA-DMA5",1.12596777066701e-114,1.21499138695761,0.952,0.606,3.17399054873325e-110,"18","HLA-DMA"
"DENND1B1",1.62954883662892e-114,0.73733796915049,0.549,0.133,4.59353521557326e-110,"18","DENND1B"
"AFF33",9.36769772030779e-113,0.558050418217403,0.377,0.068,2.64066031037756e-108,"18","AFF3"
"DST1",2.15675348780632e-112,0.704641484796234,0.572,0.143,6.07967240677725e-108,"18","DST"
"FARS2",1.04737094019057e-111,0.456388303503553,0.338,0.056,2.95243394330321e-107,"18","FARS2"
"HLA-DOA4",1.86277382535273e-111,0.373941305280908,0.442,0.089,5.25097313628682e-107,"18","HLA-DOA"
"PNMA1",7.3914775174077e-111,0.344966117237105,0.262,0.036,2.08358359738206e-106,"18","PNMA1"
"SHTN1",1.19142247000857e-110,1.32658669181211,0.839,0.392,3.35850080070715e-106,"18","SHTN1"
"THBD2",3.22794386365884e-110,0.57246958894667,0.341,0.057,9.0992509572679e-106,"18","THBD"
"DCTPP1",3.60878380201634e-110,0.526472193698882,0.49,0.111,1.01728006595039e-105,"18","DCTPP1"
"RACK12",7.28210286464584e-110,1.8082078137559,0.361,0.067,2.05275197651502e-105,"18","RACK1"
"MCUR1",2.50907154640379e-109,0.523648386549703,0.513,0.121,7.07282178215764e-105,"18","MCUR1"
"BIN12",5.02974444064595e-109,0.510141726872641,0.532,0.128,1.41783466037369e-104,"18","BIN1"
"CYB5R3",1.0649429296601e-108,0.895522238939775,0.758,0.264,3.00196762441886e-104,"18","CYB5R3"
"FLNB1",1.33584348245757e-108,0.343459105367904,0.332,0.055,3.76560919269965e-104,"18","FLNB"
"TPD522",2.06454089291886e-108,0.371234891718844,0.31,0.05,5.81973432304899e-104,"18","TPD52"
"ATP5MG1",4.54506811936362e-108,1.40643740029472,0.346,0.062,1.28120925216741e-103,"18","ATP5MG"
"NME21",1.4113231474392e-107,1.91167007885051,0.363,0.07,3.97837882031636e-103,"18","NME2"
"FABP52",4.83760871979103e-107,0.827030693234942,0.625,0.174,1.36367352202189e-102,"18","FABP5"
"ATP5MC21",5.64171955111333e-107,1.29036350185456,0.332,0.059,1.59034432426334e-102,"18","ATP5MC2"
"ATP5MC31",1.69128058552129e-104,0.946321059751821,0.293,0.048,4.76755084252596e-100,"18","ATP5MC3"
"FNBP11",2.07823399090164e-104,1.31188879787963,0.935,0.572,5.85833379695263e-100,"18","FNBP1"
"HDAC9",6.95175837689344e-104,1.16303821154999,0.642,0.191,1.95963116886249e-99,"18","HDAC9"
"INPP5F",8.83722765913043e-104,0.519108768064077,0.352,0.065,2.49112610483228e-99,"18","INPP5F"
"SLC46A3",1.38692947862107e-103,0.446863700369174,0.4,0.08,3.90961550728492e-99,"18","SLC46A3"
"HMGA1",6.35933037592817e-102,0.893060730156047,0.777,0.302,1.79263163967039e-97,"18","HMGA1"
"ATP5F1E2",9.1508741953153e-102,1.67489015649282,0.361,0.068,2.57953992691743e-97,"18","ATP5F1E"
"CKS21",1.29341233614709e-101,0.737865929316022,0.408,0.086,3.64600003436502e-97,"18","CKS2"
"RPS210",1.50499265218452e-101,0.658415465703268,0.997,0.994,4.24242378724294e-97,"18","RPS2"
"FMNL21",4.91996830438689e-101,0.857392520520808,0.285,0.045,1.38688986532362e-96,"18","FMNL2"
"GYPC1",7.79727110011004e-101,0.80717064194556,0.763,0.278,2.19797275041002e-96,"18","GYPC"
"RGCC2",1.38269111344319e-100,0.937911635686699,0.639,0.19,3.897667979685e-96,"18","RGCC"
"CDK2AP1",2.62771042504997e-100,0.450363095136176,0.349,0.066,7.40725291717336e-96,"18","CDK2AP1"
"RPS213",1.75150509599947e-99,0.765452636226728,0.989,0.971,4.93731771511292e-95,"18","RPS21"
"RPS56",1.86750338489602e-99,0.840623989217626,0.992,0.936,5.26430529168338e-95,"18","RPS5"
"CIITA3",6.39574874314508e-99,0.740354708907632,0.696,0.216,1.80289761320517e-94,"18","CIITA"
"FAM162A1",6.75078794174197e-99,0.662034376933108,0.639,0.192,1.90297961289764e-94,"18","FAM162A"
"AGPAT1",4.91440262976838e-97,0.491794478332325,0.51,0.128,1.38532095730541e-92,"18","AGPAT1"
"ARHGAP53",1.49427334525761e-96,0.528000545936344,0.566,0.153,4.21220713294667e-92,"18","ARHGAP5"
"CD381",8.86443217103707e-96,0.305603313556113,0.301,0.051,2.49879478469364e-91,"18","CD38"
"PKIB2",1.90020007012923e-95,0.399439691990495,0.239,0.035,5.3564739776873e-91,"18","PKIB"
"RPL81",5.90741805399206e-95,0.683717718560434,1,0.985,1.66524207523982e-90,"18","RPL8"
"SUB13",2.09790085097121e-93,0.995896631193508,0.986,0.788,5.91377270880275e-89,"18","SUB1"
"S100A103",2.49573233246967e-93,1.00570884498625,0.997,0.931,7.03521987199876e-89,"18","S100A10"
"RPL354",3.35033056114875e-93,0.689978653536576,0.997,0.974,9.44424681882221e-89,"18","RPL35"
"SLC38A15",5.17006162527464e-92,0.498500083291644,0.575,0.161,1.45738867154867e-87,"18","SLC38A1"
"TOP1MT",5.27849639610357e-92,0.322841186177949,0.321,0.058,1.48795534909763e-87,"18","TOP1MT"
"ATP5MPL1",1.60066630871292e-91,0.935248295491331,0.299,0.054,4.51211825763085e-87,"18","ATP5MPL"
"EEF1G1",1.62972127211967e-91,1.44624600125194,0.363,0.078,4.59402129397813e-87,"18","EEF1G"
"SLC2A11",1.67446703361805e-91,0.308506469109598,0.265,0.043,4.72015512106593e-87,"18","SLC2A1"
"SUSD3",4.40450709856436e-90,0.310578814727376,0.315,0.058,1.24158650601431e-85,"18","SUSD3"
"RTRAF1",2.75553094261399e-89,0.677180489041014,0.256,0.042,7.76756617413458e-85,"18","RTRAF"
"CCDC126",1.21099427923487e-88,0.410655945451539,0.352,0.071,3.41367177373517e-84,"18","CCDC126"
"TMSB4X1",2.8962322250407e-87,0.812111044203744,1,0.999,8.16418901916724e-83,"18","TMSB4X"
"ATP5MF1",8.89533978124327e-87,0.93407022668365,0.293,0.055,2.50750733093467e-82,"18","ATP5MF"
"NCOA71",1.90482815116609e-86,0.578335688962648,0.614,0.191,5.3695200753221e-82,"18","NCOA7"
"DUSP4",1.24671832898151e-85,0.653776271570779,0.223,0.033,3.51437429756598e-81,"18","DUSP4"
"RPLP04",3.48468590979908e-84,0.734049747256817,0.986,0.939,9.82298111113262e-80,"18","RPLP0"
"GSTP11",5.04420006745434e-84,0.943795001823973,0.983,0.9,1.4219095570147e-79,"18","GSTP1"
"RPS184",1.67348611135909e-83,0.62056939747336,0.997,0.996,4.71738999931013e-79,"18","RPS18"
"NAP1L11",4.57020692193623e-83,0.942251771815646,0.98,0.83,1.2882956292246e-78,"18","NAP1L1"
"ATP5PB1",8.76108125364799e-83,0.599597253496751,0.203,0.03,2.46966119459083e-78,"18","ATP5PB"
"ATP5F1A1",3.53841984309398e-82,0.649410608830113,0.231,0.038,9.97445169569763e-78,"18","ATP5F1A"
"RPSA4",4.08774363359877e-82,0.801293708308916,0.989,0.93,1.15229405287516e-77,"18","RPSA"
"RPS84",4.87234319092729e-82,0.626474985904528,0.997,0.992,1.37346482209049e-77,"18","RPS8"
"CSRP1",3.35982162241122e-81,0.543685899638113,0.589,0.183,9.47100117141499e-77,"18","CSRP1"
"KCNK61",6.40849627481143e-81,0.796767491089482,0.721,0.275,1.80649101490659e-76,"18","KCNK6"
"RPL27A3",1.33918943909002e-80,0.710679130916716,0.994,0.987,3.77504110985086e-76,"18","RPL27A"
"REPIN11",9.3958962829594e-80,0.546648151034886,0.58,0.177,2.64860920320343e-75,"18","REPIN1"
"RPL104",1.0786854070902e-79,0.537414207741698,1,0.998,3.04070629404656e-75,"18","RPL10"
"PRKAR2B",1.75184719833878e-79,0.382099397217508,0.338,0.072,4.93828206739718e-75,"18","PRKAR2B"
"C1QBP2",7.01334120403704e-79,0.858661862614242,0.775,0.346,1.976990752006e-74,"18","C1QBP"
"JPT11",1.77710824661805e-78,0.855101229179153,0.256,0.046,5.00949043639161e-74,"18","JPT1"
"ATP5PF1",2.87250624357296e-78,0.735339395531038,0.268,0.05,8.09730785000782e-74,"18","ATP5PF"
"C12orf452",5.61066856682934e-78,0.452089713563235,0.496,0.138,1.58159136230352e-73,"18","C12orf45"
"NDUFV24",9.57275818097392e-78,0.894079931524083,0.848,0.42,2.69846480363474e-73,"18","NDUFV2"
"RGS14",9.661313110135e-78,1.11813977238953,0.538,0.171,2.72342755261596e-73,"18","RGS1"
"HMGN13",1.04689616868879e-77,0.923421103750442,0.901,0.522,2.95109560991682e-73,"18","HMGN1"
"RPS72",4.0715221087199e-77,0.547605117698394,0.997,0.983,1.14772136722705e-72,"18","RPS7"
"ATP5F1D1",4.11770749128861e-77,0.760512235439017,0.268,0.051,1.16074056471935e-72,"18","ATP5F1D"
"RPL53",6.59075656602222e-76,0.661924303200682,0.992,0.971,1.857868368396e-71,"18","RPL5"
"RPL144",1.17184564374599e-75,0.577126422893469,0.997,0.979,3.30331568515557e-71,"18","RPL14"
"RPS151",1.54482370362495e-75,0.487514635944916,0.997,0.991,4.35470353814837e-71,"18","RPS15"
"LDLRAD42",2.19412338283891e-75,0.701317285442108,0.448,0.122,6.1850144038846e-71,"18","LDLRAD4"
"THEM4",6.20102155080145e-75,0.313428633585356,0.31,0.065,1.74800596495542e-70,"18","THEM4"
"PEBP15",1.29762932688154e-74,0.64195203819356,0.811,0.349,3.65788730954638e-70,"18","PEBP1"
"MAP4K11",3.3975051183637e-74,0.340027573905673,0.358,0.083,9.57722717815545e-70,"18","MAP4K1"
"TAP2",1.27685260369465e-73,0.484253160424856,0.527,0.16,3.59931980455485e-69,"18","TAP2"
"RPS241",1.39383465074791e-73,0.469159388740524,1,0.995,3.92908049699329e-69,"18","RPS24"
"NOP531",1.82589802186041e-73,0.71690979744935,0.268,0.051,5.14702393382231e-69,"18","NOP53"
"HAVCR21",2.14929104299901e-72,0.516338407922148,0.524,0.158,6.05863652110991e-68,"18","HAVCR2"
"RPL10A4",2.48050668821437e-72,0.616914465106595,0.986,0.961,6.9923003034075e-68,"18","RPL10A"
"AUTS2",3.68347457049248e-72,0.774528845702503,0.22,0.037,1.03833464667612e-67,"18","AUTS2"
"NPM12",8.5100304876936e-72,0.771187382493496,0.955,0.788,2.39889249417595e-67,"18","NPM1"
"RPS112",9.22078264780753e-72,0.644985599762249,0.997,0.989,2.59924642059047e-67,"18","RPS11"
"HINT13",4.0603504017455e-71,0.79284831663678,0.952,0.774,1.14457217474804e-66,"18","HINT1"
"RPS63",4.56441342462536e-71,0.524021462323819,1,0.99,1.28666250026764e-66,"18","RPS6"
"HPS5",7.11740363309803e-71,0.536260128084056,0.459,0.13,2.006324910134e-66,"18","HPS5"
"STMN12",9.83456964599092e-71,0.562560970519417,0.369,0.091,2.77226683750838e-66,"18","STMN1"
"NME1",1.54336728660486e-70,0.383285745770368,0.456,0.127,4.35059804421045e-66,"18","NME1"
"RAB29",2.98857537465622e-69,0.551113437240945,0.586,0.2,8.42449512361842e-65,"18","RAB29"
"PFDN22",3.29073987815189e-69,0.727268640512954,0.803,0.387,9.27626664252237e-65,"18","PFDN2"
"SCML1",6.62690529132663e-69,0.374841084133406,0.299,0.064,1.86805833257206e-64,"18","SCML1"
"SPINT23",1.51733756533699e-68,0.661006185216837,0.713,0.292,4.27722286292845e-64,"18","SPINT2"
"NDUFS4",3.23235364888159e-68,0.617526513733595,0.696,0.278,9.11168170083232e-64,"18","NDUFS4"
"RPL192",3.66598005660768e-68,0.485137900846214,1,0.995,1.03340311815714e-63,"18","RPL19"
"CCT21",2.40021093232982e-67,0.543559892923922,0.668,0.255,6.76595459714453e-63,"18","CCT2"
"PAFAH1B3",2.47090249566969e-67,0.344538483216166,0.389,0.1,6.96522704504328e-63,"18","PAFAH1B3"
"VAV3",3.3025004684979e-67,0.470240994508722,0.535,0.17,9.30941857064874e-63,"18","VAV3"
"IGFBP72",5.44883646948135e-67,0.43627098996335,0.51,0.158,1.5359725123821e-62,"18","IGFBP7"
"CCDC61",5.53263994741229e-67,0.66168233766042,0.639,0.244,1.55959587477605e-62,"18","CCDC6"
"ATP1B12",1.03361450051473e-66,0.486991312254503,0.279,0.059,2.91365591550098e-62,"18","ATP1B1"
"SNRNP251",1.03433921269771e-66,0.46973776260295,0.501,0.156,2.91569880667358e-62,"18","SNRNP25"
"MRPL181",1.31626479683713e-66,0.521653077429226,0.6,0.209,3.7104188358042e-62,"18","MRPL18"
"RPS162",2.12363510792078e-66,0.475396634684355,1,0.988,5.98631500571788e-62,"18","RPS16"
"TAP1",2.46457040490793e-66,0.656050940031993,0.665,0.259,6.94737751439497e-62,"18","TAP1"
"ATP5PO1",4.50183731786618e-66,0.661900354268229,0.237,0.046,1.2690229215333e-61,"18","ATP5PO"
"RPL18A2",5.96658894824773e-66,0.520556342977734,0.992,0.991,1.68192175862155e-61,"18","RPL18A"
"MIF3",1.84127360397498e-65,1.15121065621896,0.71,0.3,5.19036616224506e-61,"18","MIF"
"CCNB1IP11",5.23712912327226e-65,0.328595057838497,0.372,0.096,1.47629432855922e-60,"18","CCNB1IP1"
"ATP5F1C1",1.79388861875319e-64,0.575913042537445,0.208,0.038,5.05679262740336e-60,"18","ATP5F1C"
"PTMA",2.60779463661459e-64,0.527282637947393,1,0.992,7.35111230115287e-60,"18","PTMA"
"RPL7A2",4.48100163174459e-64,0.506770186074503,0.994,0.984,1.26314954997248e-59,"18","RPL7A"
"RPL23A3",5.71595295909973e-64,0.529111568961656,0.992,0.98,1.61126997964062e-59,"18","RPL23A"
"BZW2",1.18579920386387e-62,0.417143204091527,0.518,0.166,3.34264937577187e-58,"18","BZW2"
"VIM2",1.35661262557362e-62,0.737478204583618,0.994,0.982,3.82415533022948e-58,"18","VIM"
"TMSB101",2.24288306319853e-62,0.486489720686132,1,0.997,6.32246306685033e-58,"18","TMSB10"
"PCBD11",1.47393071902237e-61,0.353369309545782,0.47,0.143,4.15486330385216e-57,"18","PCBD1"
"SNX81",1.68990166324673e-61,0.55786893380519,0.335,0.084,4.76366379852622e-57,"18","SNX8"
"ATP5MD1",5.33259297864286e-61,0.744360249133501,0.259,0.055,1.50320463474964e-56,"18","ATP5MD"
"PPIA3",3.67517299216928e-60,0.651983377498592,0.977,0.87,1.0359945147626e-55,"18","PPIA"
"HSDL2",5.52444422036966e-60,0.475388463184741,0.456,0.142,1.55728558128e-55,"18","HSDL2"
"RHOF2",6.54307442505076e-60,0.371688330597046,0.592,0.206,1.84442724967756e-55,"18","RHOF"
"TSTD14",8.04236302607029e-60,0.482341439807538,0.58,0.21,2.26706171341895e-55,"18","TSTD1"
"HSPA82",9.27261612538606e-60,0.873311695141811,0.958,0.674,2.61385775958508e-55,"18","HSPA8"
"NDUFC21",1.05092196243812e-59,0.740206952125079,0.839,0.478,2.96244391991682e-55,"18","NDUFC2"
"ATP5IF11",1.16225622119994e-59,0.598260293712125,0.211,0.041,3.27628406194051e-55,"18","ATP5IF1"
"BCL11A2",1.93837591677207e-59,0.428588419946696,0.51,0.164,5.46408787178878e-55,"18","BCL11A"
"MZT2B2",2.82670385616217e-59,0.729433781820627,0.901,0.606,7.96819550013555e-55,"18","MZT2B"
"PSMB91",3.00260980821887e-59,0.78691238809381,0.893,0.597,8.46405678838819e-55,"18","PSMB9"
"UPK3A",3.59443265604709e-59,0.33821908948286,0.355,0.093,1.01323462141311e-54,"18","UPK3A"
"HSPD11",1.49611321352604e-58,1.09377204006318,0.82,0.406,4.21739353760855e-54,"18","HSPD1"
"C15orf481",5.46143129669426e-58,0.562538156546744,0.239,0.05,1.53952286822515e-53,"18","C15orf48"
"HSPE14",6.00127964664648e-58,0.719724292356443,0.803,0.371,1.69170071959318e-53,"18","HSPE1"
"MAP3K132",1.09137565295667e-57,0.492370424689595,0.485,0.156,3.07647882811955e-53,"18","MAP3K13"
"ELOB1",8.48104684363089e-57,0.646367984413096,0.262,0.058,2.39072229475111e-52,"18","ELOB"
"SNRPD11",1.68036259096774e-56,0.564450399981583,0.789,0.377,4.73677410767895e-52,"18","SNRPD1"
"RPL28",2.05838717652317e-56,0.364984067117541,0.997,0.997,5.80238761190116e-52,"18","RPL28"
"ACSL5",2.22910437302948e-56,0.328160172043171,0.372,0.103,6.28362231713279e-52,"18","ACSL5"
"IFT20",2.74016546021496e-56,0.566867429654562,0.679,0.294,7.72425241579994e-52,"18","IFT20"
"PTGES2",4.99314656849411e-56,0.367932644805148,0.468,0.148,1.4075180861928e-51,"18","PTGES2"
"RPS294",6.39241440270913e-56,0.533531611579667,0.994,0.992,1.80195769597968e-51,"18","RPS29"
"HSPA1B1",7.72248123312309e-56,1.3996117433782,0.285,0.072,2.17689023480507e-51,"18","HSPA1B"
"VOPP12",5.77672558631621e-55,0.438319356057875,0.597,0.225,1.62840117552668e-50,"18","VOPP1"
"COX7C",6.02867147657493e-55,0.605163658406453,0.983,0.881,1.69942220253171e-50,"18","COX7C"
"TRMT1121",6.94842901076768e-55,0.711716727963721,0.848,0.493,1.9586926538453e-50,"18","TRMT112"
"CALR3",8.09404949339236e-55,0.806085431891303,0.907,0.58,2.28163161169237e-50,"18","CALR"
"RPL122",1.73171043286729e-54,0.431327927037176,0.997,0.988,4.8815185392096e-50,"18","RPL12"
"UVRAG2",2.04798051878864e-54,0.496161750354679,0.651,0.261,5.7730522844133e-50,"18","UVRAG"
"NIT2",3.95939906563133e-54,0.329560599697018,0.386,0.112,1.11611500261082e-49,"18","NIT2"
"AKR7A2",4.20992536544853e-54,0.46356319370534,0.561,0.209,1.18673586126629e-49,"18","AKR7A2"
"MARCKSL1",9.11169700134882e-54,0.425217316346109,0.701,0.29,2.56849626771022e-49,"18","MARCKSL1"
"PRMT12",1.28858442082335e-53,0.429932990690762,0.614,0.232,3.63239062385894e-49,"18","PRMT1"
"RPS4X4",2.16427886604355e-53,0.539459758451515,0.994,0.984,6.10088569549017e-49,"18","RPS4X"
"ATP5F1B1",2.52341933591394e-53,0.612620823055432,0.208,0.044,7.1132667660078e-49,"18","ATP5F1B"
"TRIR1",3.52287641534272e-53,0.588425191826564,0.237,0.052,9.9306363272096e-49,"18","TRIR"
"IDH21",6.94896038460738e-53,0.440612423373983,0.634,0.25,1.95884244281697e-48,"18","IDH2"
"HLA-DMB4",8.39358814508302e-53,0.710663344862247,0.89,0.554,2.36606856221745e-48,"18","HLA-DMB"
"PPIB2",9.76129935550525e-53,0.756666700556271,0.896,0.641,2.75161267532337e-48,"18","PPIB"
"RPL113",1.27435536547713e-52,0.381662129983699,0.994,0.995,3.59228033974349e-48,"18","RPL11"
"RPL314",1.68320851721891e-52,0.484505086259906,0.994,0.984,4.74479648918839e-48,"18","RPL3"
"RPS3A3",2.21348659540389e-51,0.461324906548756,0.992,0.993,6.23959736378402e-47,"18","RPS3A"
"TPMT",2.37058467973452e-51,0.475909915355738,0.53,0.195,6.68244115370364e-47,"18","TPMT"
"DUSP25",2.86956544359313e-51,0.902262934543359,0.639,0.27,8.08901802894468e-47,"18","DUSP2"
"ASAP11",2.92635552236554e-51,0.712727279952075,0.744,0.383,8.24910358199622e-47,"18","ASAP1"
"SELENOK1",3.53670334727149e-51,0.543585287257956,0.214,0.046,9.96961306562361e-47,"18","SELENOK"
"DNAJC15",5.64440585267352e-51,0.562059270062467,0.763,0.391,1.59110156581014e-46,"18","DNAJC15"
"CDK2AP21",7.98670989485183e-51,0.501922091771429,0.659,0.284,2.25137365225978e-46,"18","CDK2AP2"
"RPL304",8.70294551935478e-51,0.386289624415346,0.992,0.995,2.45327331245092e-46,"18","RPL30"
"OFD11",9.03897074640376e-51,0.31504325602734,0.459,0.153,2.54799546370376e-46,"18","OFD1"
"FAM135A",1.29093249764751e-50,0.329216496343845,0.31,0.081,3.63900961761857e-46,"18","FAM135A"
"ATP5ME1",1.30529892548624e-50,0.61487941472747,0.237,0.054,3.67950714105315e-46,"18","ATP5ME"
"RPL173",1.37614966702843e-50,1.64994118998387,0.915,0.559,3.87922829638643e-46,"18","RPL17"
"RPS124",2.457173349262e-50,0.385413209911394,0.994,0.997,6.92652595423465e-46,"18","RPS12"
"CTSZ2",1.6039051341685e-49,0.650021520905846,0.946,0.748,4.52124818270759e-45,"18","CTSZ"
"UPF2",3.99820848329841e-49,0.629580585017637,0.701,0.33,1.12705498935699e-44,"18","UPF2"
"SLC9A9",6.06433719439466e-49,0.384880653224233,0.414,0.134,1.70947601172791e-44,"18","SLC9A9"
"COPS91",3.23925142247671e-48,0.497999961325989,0.214,0.048,9.13112583481959e-44,"18","COPS9"
"MYCL1",6.0566567949496e-48,0.435572652413543,0.383,0.122,1.70731098392834e-43,"18","MYCL"
"DSE3",7.05226627144413e-48,0.522508642015747,0.625,0.257,1.98796333925739e-43,"18","DSE"
"RPS141",8.80781468022261e-48,0.357315154992439,0.994,0.997,2.48283488020795e-43,"18","RPS14"
"FUCA11",1.56341204758376e-47,0.3150287140724,0.414,0.133,4.40710222093385e-43,"18","FUCA1"
"RPLP1",2.53852711605204e-47,0.330037658144639,1,0.999,7.15585408743911e-43,"18","RPLP1"
"RAB321",2.87333159237453e-47,0.726052389318238,0.828,0.505,8.09963442574456e-43,"18","RAB32"
"SRSF74",4.3856675613462e-47,0.766844879340184,0.904,0.634,1.23627582886788e-42,"18","SRSF7"
"GALM1",6.10848948652435e-47,0.30119183179214,0.22,0.05,1.72192210135635e-42,"18","GALM"
"TXN3",7.62030699890706e-47,0.795558160200968,0.913,0.586,2.14808833992191e-42,"18","TXN"
"PARP12",1.38885670948969e-46,0.419810688994044,0.586,0.239,3.9150481783805e-42,"18","PARP1"
"GSN4",1.41287452513196e-46,0.484354566251503,0.642,0.272,3.98275199889449e-42,"18","GSN"
"LRBA",1.72394480531428e-46,0.363876199301951,0.341,0.101,4.85962801170043e-42,"18","LRBA"
"SNRPF2",1.89116621410308e-46,0.576741217651253,0.808,0.45,5.33100844093517e-42,"18","SNRPF"
"EBPL",2.82671037089314e-46,0.300611588285705,0.42,0.138,7.96821386451067e-42,"18","EBPL"
"SEPHS21",3.4618538761093e-46,0.344719282534604,0.223,0.052,9.7586198913645e-42,"18","SEPHS2"
"UCHL3",3.94992100827808e-46,0.355250712406163,0.456,0.159,1.11344323302351e-41,"18","UCHL3"
"ATP5PD1",5.9379631842685e-46,0.468824177807723,0.2,0.044,1.67385244201345e-41,"18","ATP5PD"
"HSP90AB16",9.38072328989187e-46,0.768537791187461,0.944,0.767,2.64433208818762e-41,"18","HSP90AB1"
"RPL261",1.53554557111079e-45,0.414011440884694,0.997,0.991,4.32854941040421e-41,"18","RPL26"
"CCDC88A3",9.48725926698998e-45,0.650266290490546,0.873,0.519,2.6743635147718e-40,"18","CCDC88A"
"TRERF1",1.96210835466412e-44,0.377878739492927,0.335,0.102,5.53098724096269e-40,"18","TRERF1"
"MRPL3",2.28416295910148e-44,0.340160165756053,0.496,0.185,6.43882696541117e-40,"18","MRPL3"
"RAB11A",2.69485463899512e-44,0.533766667256316,0.715,0.35,7.59652574186333e-40,"18","RAB11A"
"RPS254",3.64411566557848e-44,0.382641098430109,1,0.983,1.02723976496992e-39,"18","RPS25"
"SLC25A32",5.00201403191697e-44,0.539343306868057,0.955,0.746,1.41001773545707e-39,"18","SLC25A3"
"RPL361",6.1548389274635e-44,0.40427351624717,0.997,0.982,1.73498754526268e-39,"18","RPL36"
"UCP21",2.20721718323504e-43,0.673631196552148,0.87,0.604,6.22192451782126e-39,"18","UCP2"
"RNH1",3.12794087159772e-43,0.586870165608401,0.873,0.579,8.81735252294682e-39,"18","RNH1"
"HSPB111",3.63362800947894e-43,0.407929007341638,0.49,0.186,1.02428339959202e-38,"18","HSPB11"
"EPB41L21",3.9212199534676e-43,0.329499285547696,0.318,0.095,1.10535269268298e-38,"18","EPB41L2"
"RPL212",6.82239322247072e-43,0.39655818970757,0.983,0.991,1.92316442548227e-38,"18","RPL21"
"RPS15A5",7.29056037114913e-43,0.393653469043276,0.997,0.991,2.05513606302323e-38,"18","RPS15A"
"NDUFA7",2.50013735495183e-42,0.423798339750753,0.394,0.138,7.04763718987371e-38,"18","NDUFA7"
"NDUFA43",6.305280591695e-42,0.567475124604258,0.946,0.733,1.7773955459929e-37,"18","NDUFA4"
"CACYBP",6.59386370146414e-42,0.472935520254797,0.685,0.319,1.85874423880573e-37,"18","CACYBP"
"DOCK101",1.45501234478857e-41,0.405440582082417,0.606,0.263,4.10153429872451e-37,"18","DOCK10"
"TUBA1C1",1.65675509283555e-41,0.387563164189541,0.546,0.216,4.67022693119414e-37,"18","TUBA1C"
"TUBA1B4",3.93000995097734e-41,0.758194231018766,0.89,0.608,1.107830505081e-36,"18","TUBA1B"
"RPL37A2",1.0461177631612e-40,0.385409679083661,0.997,0.987,2.9489013625751e-36,"18","RPL37A"
"DSTN2",1.36736850218623e-40,0.598957927838914,0.735,0.402,3.85447507081277e-36,"18","DSTN"
"ID23",2.40362500209983e-40,0.890555040990854,0.949,0.734,6.7755785184192e-36,"18","ID2"
"RPL222",3.60290291419586e-40,0.438541263274134,0.989,0.969,1.01562230248267e-35,"18","RPL22"
"SQLE",3.8102606579529e-40,0.331759830894093,0.287,0.085,1.07407437687034e-35,"18","SQLE"
"MYL6",4.41368939428619e-40,0.474701905929789,0.989,0.953,1.24417490335534e-35,"18","MYL6"
"TMEM50B",6.85510610203372e-40,0.301855769612284,0.476,0.178,1.93238585910229e-35,"18","TMEM50B"
"PTRHD11",9.89120917106563e-40,0.468866701408062,0.673,0.327,2.78823295323169e-35,"18","PTRHD1"
"CBL",2.48794831999012e-39,0.545530483944114,0.665,0.328,7.01327751922016e-35,"18","CBL"
"MGST21",2.56602495544249e-39,0.36631785091704,0.555,0.224,7.23336774689684e-35,"18","MGST2"
"RPL183",4.2023052002609e-39,0.367099183714634,0.994,0.989,1.18458781290155e-34,"18","RPL18"
"RPL372",4.51890914899275e-39,0.37821188178856,0.992,0.992,1.27383530000957e-34,"18","RPL37"
"RPL153",6.75668299162837e-39,0.359283479264709,0.986,0.988,1.90464136851012e-34,"18","RPL15"
"ARHGAP311",7.58678066611832e-39,0.345117681099477,0.31,0.097,2.13863760197209e-34,"18","ARHGAP31"
"ARL4C4",8.86013737600164e-39,0.592068606118645,0.783,0.428,2.4975841249211e-34,"18","ARL4C"
"GPAT31",1.03987914438104e-38,0.649819930770515,0.411,0.152,2.93131532009571e-34,"18","GPAT3"
"MCM5",8.46628304874385e-38,0.354495172281691,0.397,0.142,2.3865605286104e-33,"18","MCM5"
"ELOVL5",9.19064388336348e-38,0.482846049706647,0.676,0.329,2.59075060428133e-33,"18","ELOVL5"
"RALA1",1.19237486347303e-37,0.424822417978921,0.493,0.199,3.36118550264412e-33,"18","RALA"
"EIF2AK42",2.13255297086072e-37,0.347418027136441,0.555,0.237,6.01145356955929e-33,"18","EIF2AK4"
"RPL412",2.15056305418815e-37,0.460363966791578,1,0.995,6.06222219345098e-33,"18","RPL41"
"DDIT45",2.66625596687976e-37,0.66715940537521,0.544,0.251,7.51590894503737e-33,"18","DDIT4"
"TCTN3",2.74905705306032e-37,0.315064159100819,0.259,0.075,7.74931692687173e-33,"18","TCTN3"
"RPL42",3.19633932608784e-37,0.420892318159633,0.989,0.932,9.01016092630901e-33,"18","RPL4"
"CBFA2T31",3.48424183105025e-37,0.323842430993252,0.411,0.152,9.82172929754755e-33,"18","CBFA2T3"
"PIK3CB",4.06364424124924e-37,0.395625366463043,0.47,0.189,1.14550067516575e-32,"18","PIK3CB"
"SRI",4.43063286522126e-37,0.43849463270669,0.704,0.363,1.24895109837722e-32,"18","SRI"
"GNAS4",5.25708504579938e-37,0.551468089471612,0.921,0.809,1.48191970356039e-32,"18","GNAS"
"C20orf27",5.43119933834052e-37,0.478062322807506,0.699,0.359,1.53100078148481e-32,"18","C20orf27"
"HIP12",7.92431099641509e-37,0.616686750492287,0.369,0.133,2.23378402677945e-32,"18","HIP1"
"LSM6",9.70946363606657e-37,0.485491591376784,0.744,0.406,2.7370007043708e-32,"18","LSM6"
"ALCAM3",1.14146503154313e-36,0.321902779029447,0.417,0.154,3.21767577741692e-32,"18","ALCAM"
"RAN2",3.33315641373649e-36,0.521252619967371,0.837,0.538,9.39583461468179e-32,"18","RAN"
"PPT11",3.69638083238462e-36,0.627755089912702,0.876,0.604,1.0419727928409e-31,"18","PPT1"
"SLC25A51",4.64367935171017e-36,0.588749762325782,0.901,0.691,1.30900677245358e-31,"18","SLC25A5"
"SIPA1L3",4.92343033592987e-36,0.563107428244447,0.211,0.056,1.38786577739527e-31,"18","SIPA1L3"
"COX5A",5.15874983386622e-36,0.57344037221445,0.859,0.577,1.45419999066855e-31,"18","COX5A"
"EIF6",6.43170316942087e-36,0.462467065553122,0.707,0.379,1.81303280642805e-31,"18","EIF6"
"ADAM192",1.62671855012367e-35,0.36693949117707,0.282,0.088,4.58555692094361e-31,"18","ADAM19"
"LDHA3",1.82929839074228e-35,0.626545266706965,0.879,0.59,5.15660923366341e-31,"18","LDHA"
"ENSA",3.38957683317285e-35,0.506703193890222,0.761,0.436,9.55487813503094e-31,"18","ENSA"
"WBSCR222",3.39379420834819e-35,0.314195735536276,0.473,0.198,9.5667664939127e-31,"18","WBSCR22"
"TMEM2432",4.48893709725564e-35,0.329783792238706,0.53,0.228,1.26538647834539e-30,"18","TMEM243"
"DAAM11",4.58434773245577e-35,0.329835391662989,0.346,0.12,1.29228178230196e-30,"18","DAAM1"
"GPR1835",1.27089185026486e-34,0.604729021093069,0.563,0.269,3.58251703671163e-30,"18","GPR183"
"EIF5B1",1.49484741463067e-34,0.481753880307625,0.718,0.372,4.21382537710238e-30,"18","EIF5B"
"PRCP1",2.36796515604506e-34,0.369654915419687,0.693,0.338,6.67505697837542e-30,"18","PRCP"
"TMEM14C2",2.394218488341e-34,0.404901607768463,0.713,0.365,6.74906249678445e-30,"18","TMEM14C"
"OXSR11",2.95272498603233e-34,0.646774842127869,0.468,0.2,8.32343646312654e-30,"18","OXSR1"
"RPL315",4.11625668899683e-34,0.467207202663029,0.983,0.922,1.16033159806132e-29,"18","RPL31"
"SRP19",4.22523007227232e-34,0.354209935129042,0.58,0.26,1.19105010507284e-29,"18","SRP19"
"PRDX22",2.13194936787433e-33,0.385364541595524,0.569,0.267,6.00975207310095e-29,"18","PRDX2"
"HSPB12",2.25921004742796e-33,0.508295128620974,0.482,0.201,6.36848720269469e-29,"18","HSPB1"
"CRIP12",2.8223216976963e-33,1.01871571260113,0.8,0.454,7.9558426336361e-29,"18","CRIP1"
"APH1A",4.42654762623128e-33,0.445782422515033,0.656,0.335,1.24779951035834e-28,"18","APH1A"
"RPS34",5.78998739995889e-33,0.335862852729568,0.986,0.988,1.63213954817441e-28,"18","RPS3"
"SMDT11",9.13559438632022e-33,0.509357232217082,0.825,0.557,2.57523270155981e-28,"18","SMDT1"
"PSMA2",1.11959274540282e-32,0.462894102686023,0.763,0.413,3.15601999001601e-28,"18","PSMA2"
"GPRIN3",1.20764532236851e-32,0.336331447777946,0.377,0.142,3.4042313992246e-28,"18","GPRIN3"
"LGALS22",1.21382496025245e-32,0.664315977079912,0.89,0.588,3.42165118045563e-28,"18","LGALS2"
"SPPL31",1.72931576724132e-32,0.407555203528078,0.479,0.2,4.87476821627657e-28,"18","SPPL3"
"ACTB",2.21313653127416e-32,0.456436325790394,1,0.997,6.23861056800873e-28,"18","ACTB"
"RPL242",2.57278591814475e-32,0.319517911239548,0.994,0.974,7.25242622465823e-28,"18","RPL24"
"ARPC2",3.82452051088784e-32,0.425250653600763,0.986,0.914,1.07809408681417e-27,"18","ARPC2"
"OSTC3",7.01997043662394e-32,0.396791789106475,0.752,0.424,1.97885946637992e-27,"18","OSTC"
"CD813",7.42709182961185e-32,0.322982646427872,0.639,0.315,2.09362291584928e-27,"18","CD81"
"BTF31",1.80449138809717e-31,0.387098448899036,0.958,0.902,5.0866807739071e-27,"18","BTF3"
"DYNLL12",2.62750635547229e-31,0.514433070374599,0.915,0.643,7.40667766544083e-27,"18","DYNLL1"
"ODC12",2.92338733513529e-31,0.319907321703993,0.482,0.207,8.24073655901286e-27,"18","ODC1"
"G3BP2",3.38109473482128e-31,0.548225206229019,0.73,0.417,9.5309679479877e-27,"18","G3BP2"
"MLEC2",3.99683191440304e-31,0.368728357642174,0.555,0.258,1.12666694835107e-26,"18","MLEC"
"RPS201",6.28967025112791e-31,0.440464707542856,0.992,0.96,1.77299514709045e-26,"18","RPS20"
"CAMK1D1",6.37637960788179e-31,0.330714416047377,0.462,0.197,1.7974376476658e-26,"18","CAMK1D"
"DEGS1",8.17196909711612e-31,0.336061973545431,0.513,0.23,2.30359636878606e-26,"18","DEGS1"
"VDAC1",8.39737416225245e-31,0.42975499469931,0.792,0.476,2.36713580259734e-26,"18","VDAC1"
"TRIO1",9.274861838142e-31,0.408854474812625,0.38,0.15,2.61449080355385e-26,"18","TRIO"
"EDEM12",9.73644080143458e-31,0.683661070553418,0.496,0.222,2.74460529751639e-26,"18","EDEM1"
"ATP6V1H1",1.03888854100313e-30,0.32450543139052,0.4,0.157,2.92852290823371e-26,"18","ATP6V1H"
"ANXA6",1.12905272740372e-30,0.40394866622651,0.685,0.354,3.18268673327834e-26,"18","ANXA6"
"HMGCS1",1.74592069327222e-30,0.389176023770707,0.335,0.123,4.92157584226505e-26,"18","HMGCS1"
"DAPP1",6.37029284738995e-30,0.420118612710907,0.699,0.377,1.79572185075075e-25,"18","DAPP1"
"BORCS51",7.58222706763984e-30,0.327961971266887,0.301,0.108,2.13735398809699e-25,"18","BORCS5"
"MPC2",1.07142522256951e-29,0.320104170326145,0.569,0.272,3.0202405599012e-25,"18","MPC2"
"RUFY3",1.71235194792245e-29,0.315858691687824,0.549,0.249,4.82694890599859e-25,"18","RUFY3"
"TUBB62",2.27550258624265e-29,0.32507083631023,0.248,0.082,6.41441424035941e-25,"18","TUBB6"
"CNN2",3.12625000438639e-29,0.450413353229147,0.777,0.477,8.81258613736478e-25,"18","CNN2"
"HLA-DRB53",3.68570272867255e-29,1.55295808451617,0.685,0.489,1.03896274218551e-24,"18","HLA-DRB5"
"HSPH11",3.82236619436194e-29,0.869503886663868,0.448,0.201,1.07748680652869e-24,"18","HSPH1"
"LSM51",4.64207149656383e-29,0.304685861989176,0.665,0.334,1.30855353416638e-24,"18","LSM5"
"TAGLN23",6.38734123883927e-29,0.480507201623876,0.944,0.761,1.8005276218164e-24,"18","TAGLN2"
"KIF2A",9.13647473537143e-29,0.395220839994387,0.524,0.244,2.57548086315385e-24,"18","KIF2A"
"SFT2D21",1.76721537434601e-28,0.378991353925358,0.715,0.394,4.98160341874396e-24,"18","SFT2D2"
"SSB",1.77583125600481e-28,0.389038630690448,0.73,0.413,5.00589072755196e-24,"18","SSB"
"C18orf32",2.12818015154648e-28,0.363921218116859,0.358,0.143,5.99912702919437e-24,"18","C18orf32"
"FBL1",9.01752200307682e-28,0.323748498438732,0.696,0.382,2.54194927744732e-23,"18","FBL"
"SNRPE",1.40591972087111e-27,0.433747101956379,0.769,0.46,3.96314710116356e-23,"18","SNRPE"
"AHSA11",1.53345096312141e-27,0.314413709882309,0.42,0.184,4.32264491994293e-23,"18","AHSA1"
"PDIA32",3.31924575542557e-27,0.476914509889187,0.876,0.6,9.35662185996913e-23,"18","PDIA3"
"CAMTA11",5.47667573270596e-27,0.327262451456179,0.611,0.309,1.54382012229248e-22,"18","CAMTA1"
"LARP1B1",6.01638638736778e-27,1.25248640674279,0.282,0.104,1.6959591587351e-22,"18","LARP1B"
"PSMD14",7.1709096238279e-27,0.305513147292386,0.434,0.188,2.02140771386085e-22,"18","PSMD14"
"NUCKS12",9.6741447458279e-27,0.441538547021076,0.803,0.499,2.72704466240143e-22,"18","NUCKS1"
"MYL12A2",1.6771125422523e-26,0.382270533716767,0.966,0.856,4.727612545355e-22,"18","MYL12A"
"CNDP2",3.4780112957351e-26,0.304919534283772,0.6,0.298,9.80416604154766e-22,"18","CNDP2"
"NAAA1",4.06039879252147e-26,0.462677261869902,0.738,0.418,1.14458581562388e-21,"18","NAAA"
"CREM1",6.84316549680092e-26,0.474193494059254,0.315,0.124,1.92901992189321e-21,"18","CREM"
"ETV61",2.05858201468099e-25,0.546778696949001,0.631,0.334,5.80293684118425e-21,"18","ETV6"
"COX6A1",2.22179327124352e-25,0.427361321509691,0.904,0.675,6.26301305230835e-21,"18","COX6A1"
"PARK71",2.96101271099899e-25,0.383858365086815,0.887,0.64,8.34679873103506e-21,"18","PARK7"
"DYNC1LI1",4.28591093730609e-25,0.302734279820248,0.668,0.35,1.20815543411721e-20,"18","DYNC1LI1"
"PSMA31",4.3898547594242e-25,0.34270453221456,0.606,0.312,1.23745615813409e-20,"18","PSMA3"
"PACSIN21",4.39682431881508e-25,0.500812161532618,0.425,0.19,1.23942080723078e-20,"18","PACSIN2"
"MBP",5.29689154818052e-25,0.458173107100818,0.783,0.48,1.49314075851661e-20,"18","MBP"
"NOP581",5.78612989149043e-25,0.390755783349832,0.482,0.226,1.63105215511224e-20,"18","NOP58"
"RPL13A2",7.81572447455491e-25,0.376296890949824,0.997,0.991,2.20317457213228e-20,"18","RPL13A"
"RANBP11",8.07745405729646e-25,0.371430930971628,0.637,0.339,2.2769535242113e-20,"18","RANBP1"
"PSMA61",8.91287327219391e-25,0.480285133851553,0.293,0.118,2.51244984669874e-20,"18","PSMA6"
"ARL5A",1.08442911953007e-24,0.347018144943778,0.715,0.417,3.05689724504331e-20,"18","ARL5A"
"NDUFAB1",1.24598039469101e-24,0.388154524332156,0.715,0.412,3.5122941345945e-20,"18","NDUFAB1"
"CXCL162",2.37217885693571e-24,0.334929421087494,0.569,0.286,6.68693497981607e-20,"18","CXCL16"
"CLTB",4.6680464031765e-24,0.327475681036941,0.679,0.385,1.31587560059142e-19,"18","CLTB"
"HIST1H4C4",5.55854077764168e-24,0.388721285568514,0.572,0.31,1.56689705980941e-19,"18","HIST1H4C"
"BID1",5.58337709099008e-24,0.423615216035975,0.789,0.494,1.57389816817919e-19,"18","BID"
"MRPL51",6.05337298318636e-24,0.318908706713715,0.69,0.383,1.7063853102304e-19,"18","MRPL51"
"SAP181",7.00933525546524e-24,0.405319028438397,0.868,0.613,1.9758615151631e-19,"18","SAP18"
"EHD41",7.02054058294146e-24,0.328823615902306,0.428,0.196,1.97902018492537e-19,"18","EHD4"
"PRMT22",7.1260474871969e-24,0.370514562569688,0.724,0.429,2.00876152616594e-19,"18","PRMT2"
"PDIA62",7.1601613990672e-24,0.363380553777394,0.724,0.433,2.01837789678305e-19,"18","PDIA6"
"MAP4",7.25247942045854e-24,0.312852232885048,0.485,0.233,2.04440142383306e-19,"18","MAP4"
"IFI16",8.88730429811522e-24,0.424407700287859,0.842,0.565,2.5052422085957e-19,"18","IFI16"
"PSME2",2.94286441673637e-23,0.438140398436803,0.91,0.644,8.29564050433815e-19,"18","PSME2"
"HNRNPAB1",6.08995586781844e-23,0.343432625978055,0.704,0.412,1.71669765957934e-18,"18","HNRNPAB"
"SRP141",6.95952528812513e-23,0.334783224972311,0.952,0.85,1.96182058346959e-18,"18","SRP14"
"TRAK11",1.07473620240025e-22,0.406533456269376,0.375,0.166,3.02957388094607e-18,"18","TRAK1"
"TBCA",1.11458203949122e-22,0.402268149113697,0.876,0.635,3.14189531112179e-18,"18","TBCA"
"MAP4K3",1.14534664816535e-22,0.323799173152884,0.2,0.067,3.2286176665133e-18,"18","MAP4K3"
"PPM1G2",1.24955778908967e-22,0.353980231145426,0.679,0.379,3.52237845166487e-18,"18","PPM1G"
"KRTCAP23",1.64983757716857e-22,0.319710400571475,0.58,0.302,4.65072714628048e-18,"18","KRTCAP2"
"LSM7",2.01681385787068e-22,0.42354135867173,0.806,0.557,5.68519658395167e-18,"18","LSM7"
"SEPT65",2.22696366209765e-22,0.376222634594065,0.586,0.351,6.27758786708707e-18,"18","SEPT6"
"PTPRE2",2.49884759822223e-22,0.500649759999963,0.842,0.622,7.04400149462866e-18,"18","PTPRE"
"NDUFA131",3.14178032622673e-22,0.437215411429472,0.851,0.577,8.85636456160052e-18,"18","NDUFA13"
"RPL36A3",3.5432771533589e-22,0.675981351372402,0.921,0.817,9.98814396760341e-18,"18","RPL36A"
"RNASEK2",3.89733553758666e-22,0.740180844269828,0.414,0.213,1.0986199146903e-17,"18","RNASEK"
"CKLF",6.18095900890832e-22,0.427515049381547,0.789,0.5,1.74235053502117e-17,"18","CKLF"
"PHB2",8.0629106676684e-22,0.315402155954448,0.724,0.432,2.27285388810904e-17,"18","PHB2"
"COX6C2",9.82569920886096e-22,0.39472022919561,0.901,0.738,2.76976634998582e-17,"18","COX6C"
"INSIG13",2.22241741050741e-21,0.552942177967162,0.465,0.23,6.26477243847934e-17,"18","INSIG1"
"POLD4",2.82133144418069e-21,0.317698477169122,0.33,0.145,7.95305120800095e-17,"18","POLD4"
"ATG3",4.34124802707316e-21,0.3693868673349,0.797,0.512,1.22375440635165e-16,"18","ATG3"
"LPP1",5.18935855285677e-21,0.363237064944837,0.62,0.346,1.46282828246479e-16,"18","LPP"
"TPM42",6.52856041315896e-21,0.407937463272145,0.814,0.532,1.84033589486538e-16,"18","TPM4"
"SERPINB92",8.57695574898146e-21,0.568384303401001,0.535,0.279,2.41775805608038e-16,"18","SERPINB9"
"CSTB2",1.85834505407082e-20,0.470627261020724,0.901,0.698,5.23848887292023e-16,"18","CSTB"
"MGST31",2.06403878703946e-20,0.341213268680826,0.715,0.426,5.81831893678552e-16,"18","MGST3"
"NDUFB2",5.66717724009567e-20,0.327350176682708,0.89,0.659,1.59752059221057e-15,"18","NDUFB2"
"RPS103",6.97173833727953e-20,0.373873905581656,0.989,0.932,1.96526331989573e-15,"18","RPS10"
"C1orf1621",1.01343455526889e-19,0.434441130335488,0.873,0.745,2.85677066784747e-15,"18","C1orf162"
"PDE4B2",2.65087587421794e-19,0.394350736514498,0.451,0.229,7.47255400183295e-15,"18","PDE4B"
"RAB8B1",3.16261552697409e-19,0.365313222329459,0.682,0.395,8.91509690898727e-15,"18","RAB8B"
"RAB7A1",3.93838080437705e-19,0.761130528321133,0.8,0.572,1.11019016494585e-14,"18","RAB7A"
"GABARAPL21",4.72382621019566e-19,0.329281883172663,0.797,0.498,1.33159937039205e-14,"18","GABARAPL2"
"ACER31",8.86370226166957e-19,0.41939539253958,0.501,0.262,2.49858903054203e-14,"18","ACER3"
"ATP1A11",2.50621096654088e-18,0.379508167118748,0.69,0.419,7.0647580935821e-14,"18","ATP1A1"
"NDEL11",3.12488238351464e-18,0.308733488075489,0.349,0.163,8.80873095088943e-14,"18","NDEL1"
"ZNF7101",3.5461077684937e-18,0.460782522298505,0.239,0.099,9.9961231886069e-14,"18","ZNF710"
"ANXA22",7.55508720186582e-18,0.429227261566448,0.961,0.802,2.12970353133396e-13,"18","ANXA2"
"MTDH2",1.3833746876798e-17,0.393564484285155,0.876,0.71,3.89959490710059e-13,"18","MTDH"
"EZR3",1.69214055185479e-17,0.444607695830125,0.763,0.487,4.76997500162346e-13,"18","EZR"
"DDT",2.21981033428561e-17,0.321878180253408,0.797,0.58,6.25742335131772e-13,"18","DDT"
"YWHAE2",4.49840720878892e-17,0.34220845187718,0.825,0.611,1.26805600808551e-12,"18","YWHAE"
"APRT1",4.66319696499453e-17,0.313385852325284,0.882,0.687,1.31450859246231e-12,"18","APRT"
"GNG5",6.44226330158689e-17,0.34710316406646,0.921,0.74,1.81600960208433e-12,"18","GNG5"
"AFF11",8.18557199733969e-17,0.337209955625889,0.414,0.203,2.30743089033009e-12,"18","AFF1"
"PSME1",8.83909506306867e-17,0.346521360635837,0.913,0.771,2.49165250732843e-12,"18","PSME1"
"POMP1",2.39689805406454e-16,0.358399878595185,0.859,0.63,6.75661592460254e-12,"18","POMP"
"ARID1B2",2.66373491765757e-16,0.393596962038108,0.437,0.235,7.50880235938492e-12,"18","ARID1B"
"CD832",8.37768518677091e-16,0.813689573609794,0.69,0.434,2.36158567729885e-11,"18","CD83"
"CFL1",4.17163350739523e-15,0.305327992786122,0.969,0.945,1.17594176939964e-10,"18","CFL1"
"HNRNPA12",6.235350415852e-15,0.33025644620075,0.944,0.872,1.75768292872452e-10,"18","HNRNPA1"
"LSP1",1.49122409906048e-13,0.339797180455992,0.927,0.833,4.20361161284158e-09,"18","LSP1"
"BIRC32",2.38306780666961e-13,0.311374765098008,0.459,0.262,6.71762984022096e-09,"18","BIRC3"
"FCHSD22",2.88653156729859e-13,0.301728064723243,0.377,0.204,8.136843835058e-09,"18","FCHSD2"
"GABARAP1",3.79139342752394e-13,0.483174274110243,0.69,0.457,1.06875589328472e-08,"18","GABARAP"
"RUNX32",5.43977330646342e-13,0.361395851038209,0.496,0.286,1.53341769735897e-08,"18","RUNX3"
"ATP1B33",6.26982884590022e-13,0.504420882200624,0.724,0.467,1.76740205337081e-08,"18","ATP1B3"
"DPYSL22",1.68925431818779e-12,0.300908474023796,0.808,0.575,4.76183899753957e-08,"18","DPYSL2"
"SYPL11",2.12688802332657e-12,1.24208266379171,0.442,0.253,5.99548464895527e-08,"18","SYPL1"
"NFAT51",1.6914622075684e-11,0.610458289412313,0.408,0.234,4.76806281691457e-07,"18","NFAT5"
"PFKFB32",1.5765615236631e-10,0.310214111152706,0.338,0.189,4.44416927905392e-06,"18","PFKFB3"
"NFKBID2",4.3469067133498e-10,0.347167632164826,0.33,0.19,1.22534953342618e-05,"18","NFKBID"
"EIF4A12",9.28577209173405e-09,0.358753439182088,0.806,0.57,0.000261756629493891,"18","EIF4A1"
"H2AFZ",2.38153075795395e-08,0.450265939444941,0.794,0.633,0.00067132970535964,"18","H2AFZ"
"ESYT21",8.28212554048041e-08,0.444905272173628,0.327,0.202,0.00233464836860602,"18","ESYT2"
"HSP90AA12",1.79730006845062e-07,0.910974406322077,0.961,0.878,0.00506640916295546,"18","HSP90AA1"
"GPBP11",8.79495761672534e-07,0.415990361951679,0.676,0.483,0.0247921060257871,"18","GPBP1"
"GADD45B2",2.03959843829218e-06,0.442066114545663,0.755,0.567,0.0574942403770183,"18","GADD45B"
"UBC2",8.44319461161254e-06,0.301430468652765,0.975,0.957,0.238005212906746,"18","UBC"
"DNAJB12",7.62546866612764e-05,0.917101197717054,0.423,0.318,1,"18","DNAJB1"
"HSPA1A2",0.000184524816503579,2.06209318589313,0.361,0.293,1,"18","HSPA1A"
"ZFAND2A1",0.000324779285728211,0.37715862371723,0.273,0.186,1,"18","ZFAND2A"
"FBXO111",0.000804458032205462,0.412976333597,0.377,0.274,1,"18","FBXO11"
"ABHD31",0.000807164937070392,0.448502357401852,0.223,0.153,1,"18","ABHD3"
"SPAG92",0.00145928787350906,0.560945716582598,0.501,0.377,1,"18","SPAG9"
"NABP11",0.00264467949802177,0.327906036366539,0.425,0.333,1,"18","NABP1"
"GNA132",0.0030123776882346,0.388681424411811,0.434,0.328,1,"18","GNA13"
"TPSB2",0,6.78505365746929,0.912,0,0,"19","TPSB2"
"HPGD",0,6.59952135981391,0.944,0.022,0,"19","HPGD"
"TPSAB1",0,6.12379838059944,0.894,0,0,"19","TPSAB1"
"CTSG",0,5.92813378207416,0.876,0.003,0,"19","CTSG"
"CPA3",0,5.27140587224317,0.865,0.001,0,"19","CPA3"
"SELENOK2",0,3.79518073649585,0.715,0.045,0,"19","SELENOK"
"MS4A2",0,3.64640818867166,0.729,0.002,0,"19","MS4A2"
"H3-3B1",0,3.57687393687195,0.409,0.007,0,"19","H3-3B"
"CCL21",0,3.55642904068904,0.385,0.018,0,"19","CCL2"
"ADCYAP1",0,3.54156602280458,0.353,0,0,"19","ADCYAP1"
"KIT",0,3.48554485132366,0.741,0.004,0,"19","KIT"
"HPGDS",0,3.42890322447963,0.6,0.002,0,"19","HPGDS"
"GATA2",0,3.39128410062571,0.671,0.002,0,"19","GATA2"
"CMA1",0,3.33108236238572,0.538,0,0,"19","CMA1"
"IL1RL1",0,3.22380512755048,0.647,0.013,0,"19","IL1RL1"
"LTC4S",0,3.14563594865794,0.524,0.016,0,"19","LTC4S"
"HDC",0,3.07389628397675,0.574,0,0,"19","HDC"
"SORBS1",0,2.86875817646161,0.335,0.002,0,"19","SORBS1"
"RHEX",0,2.77287515023725,0.397,0,0,"19","RHEX"
"CLU",0,2.75439700194208,0.529,0.036,0,"19","CLU"
"VWA5A",0,2.66337171559835,0.553,0.02,0,"19","VWA5A"
"RACK13",0,2.62120243501739,0.788,0.065,0,"19","RACK1"
"GCSAML",0,2.39718513637877,0.397,0.001,0,"19","GCSAML"
"AC004086.11",0,2.39445495408002,0.385,0.007,0,"19","AC004086.1"
"SLC18A2",0,2.3666376136942,0.476,0.003,0,"19","SLC18A2"
"RAB27B",0,2.35451844484823,0.459,0.007,0,"19","RAB27B"
"SEPTIN71",0,2.31657186161076,0.462,0.012,0,"19","SEPTIN7"
"RGS131",0,2.3058723205236,0.444,0.003,0,"19","RGS13"
"ATP5MC22",0,2.22900242610103,0.588,0.058,0,"19","ATP5MC2"
"SLC24A3",0,2.19846496560556,0.312,0.002,0,"19","SLC24A3"
"AGAP1",0,2.14047411717887,0.318,0.007,0,"19","AGAP1"
"ENPP3",0,2.10906817030847,0.318,0.001,0,"19","ENPP3"
"MEIS2",0,2.09427950594899,0.371,0,0,"19","MEIS2"
"MYBPC1",0,2.05358131077395,0.326,0.006,0,"19","MYBPC1"
"LRMDA1",0,2.0474045984162,0.341,0.011,0,"19","LRMDA"
"CAVIN2",0,1.91796850263779,0.341,0.001,0,"19","CAVIN2"
"LIF",0,1.89650521893042,0.297,0.002,0,"19","LIF"
"AC005747.1",0,1.87547633198956,0.25,0.005,0,"19","AC005747.1"
"STXBP6",0,1.85954446849203,0.315,0.006,0,"19","STXBP6"
"MARCHF3",0,1.80181166948703,0.229,0.001,0,"19","MARCHF3"
"H2AZ1",0,1.78615733932881,0.274,0.006,0,"19","H2AZ1"
"DIP2C",0,1.7609074977456,0.253,0.003,0,"19","DIP2C"
"KRT11",0,1.75397694638686,0.324,0.014,0,"19","KRT1"
"SEPTIN21",0,1.67135798069238,0.297,0.01,0,"19","SEPTIN2"
"DLC1",0,1.61050021074987,0.262,0.005,0,"19","DLC1"
"NTM",0,1.5984558914461,0.229,0.001,0,"19","NTM"
"CALB2",0,1.56929096534579,0.279,0,0,"19","CALB2"
"TMOD1",0,1.54298494236824,0.203,0.005,0,"19","TMOD1"
"BACE2",0,1.54280180367757,0.297,0.006,0,"19","BACE2"
"GNAI1",0,1.50540832519884,0.291,0.01,0,"19","GNAI1"
"PDE3A",0,1.47626389767764,0.221,0,0,"19","PDE3A"
"SNHG29",0,1.47032842864489,0.212,0.008,0,"19","SNHG29"
"MAOB",0,1.44931994586366,0.25,0,0,"19","MAOB"
"MICOS102",0,1.43420895247107,0.276,0.01,0,"19","MICOS10"
"DCBLD2",0,1.43320586543545,0.232,0.007,0,"19","DCBLD2"
"CTTNBP2",0,1.42942287003787,0.274,0.009,0,"19","CTTNBP2"
"RBIS1",0,1.32153216604434,0.247,0.009,0,"19","RBIS"
"SEPTIN11",0,1.2757770002552,0.247,0.006,0,"19","SEPTIN11"
"CIAO2B1",0,1.26599332195097,0.238,0.008,0,"19","CIAO2B"
"SIGLEC6",0,1.22682931240886,0.2,0.002,0,"19","SIGLEC6"
"CNRIP1",0,1.22431855391552,0.203,0.005,0,"19","CNRIP1"
"TENT5A1",7.79410032874432e-306,1.51573819733655,0.241,0.012,2.19707894166974e-301,"19","TENT5A"
"TNIK",1.44445916039222e-300,2.89971337369427,0.474,0.05,4.07178592722962e-296,"19","TNIK"
"ATP5F1E3",1.57972323407514e-293,1.93951251142171,0.591,0.067,4.45308182453441e-289,"19","ATP5F1E"
"SMYD3",2.26348394061193e-293,3.18941517155637,0.406,0.037,6.38053488019097e-289,"19","SMYD3"
"ATP5MG2",9.0633761790136e-280,1.9770959590931,0.532,0.062,2.55487511110214e-275,"19","ATP5MG"
"ACOT7",5.79132715665987e-223,2.10591698379269,0.332,0.032,1.63251721219085e-218,"19","ACOT7"
"LMNA5",2.95646901686691e-221,3.22449141934642,0.715,0.164,8.33399051164615e-217,"19","LMNA"
"PMP221",1.0699351754837e-210,1.74851111655717,0.312,0.029,3.016040266171e-206,"19","PMP22"
"HSPA1B2",3.58908957951783e-207,2.8992822679866,0.479,0.071,1.01172846157028e-202,"19","HSPA1B"
"ELOB2",2.21288919782973e-204,1.80585222668103,0.441,0.058,6.23791335976221e-200,"19","ELOB"
"ARHGAP182",1.38386375319031e-202,2.76456322881761,0.653,0.15,3.90097353386817e-198,"19","ARHGAP18"
"EXOC6B",4.24401694707168e-202,2.05585736286906,0.353,0.04,1.19634593721003e-197,"19","EXOC6B"
"KCNMA1",4.4113420436445e-199,1.38952247936611,0.209,0.014,1.24351320868295e-194,"19","KCNMA1"
"ATP5PF2",8.8866912723083e-198,1.74221892736812,0.394,0.05,2.50506940275099e-193,"19","ATP5PF"
"ATP5IF12",1.26647176286619e-194,1.77771435647551,0.35,0.04,3.57005725234351e-190,"19","ATP5IF1"
"RHOH1",6.10373227944095e-192,2.33830336048237,0.474,0.076,1.72058109225161e-187,"19","RHOH"
"ATP5MD2",2.81461594706964e-190,1.66550471719887,0.415,0.055,7.9341208931946e-186,"19","ATP5MD"
"MITF1",4.21727933652867e-183,2.34062265863748,0.421,0.062,1.18880887217407e-178,"19","MITF"
"KRT141",1.73366739653462e-182,1.53660282112286,0.244,0.021,4.88703502409143e-178,"19","KRT14"
"ATP5F1C2",9.33521577592689e-181,1.5497834066566,0.326,0.037,2.63150397507603e-176,"19","ATP5F1C"
"ATP5ME2",4.45309364603195e-166,1.71574791079159,0.382,0.054,1.25528256787995e-161,"19","ATP5ME"
"FCER1A4",1.08248112952102e-165,1.89443490618375,0.471,0.079,3.05140605600681e-161,"19","FCER1A"
"SELENOS1",1.13544067462449e-158,1.51735002798472,0.318,0.04,3.20069371769897e-154,"19","SELENOS"
"DUSP14",1.14034450706155e-156,1.55071031281426,0.224,0.02,3.21451713095581e-152,"19","DUSP14"
"ATP5F1D2",1.20880217615536e-152,1.52382180062882,0.356,0.051,3.40749245436435e-148,"19","ATP5F1D"
"ATP5MF2",3.70323775476051e-152,1.67668648326301,0.371,0.054,1.04390569068944e-147,"19","ATP5MF"
"ATP5MC32",6.34705624711748e-149,1.53395025828213,0.341,0.048,1.78917168549995e-144,"19","ATP5MC3"
"SELENOW1",1.23812388017629e-147,1.51526890543677,0.326,0.044,3.49014740582894e-143,"19","SELENOW"
"ATP5MC11",2.69507854471309e-146,1.36721436717785,0.262,0.029,7.59715690969173e-142,"19","ATP5MC1"
"MCTP2",1.49953962851813e-144,2.30482928413615,0.394,0.067,4.22705225882975e-140,"19","MCTP2"
"TRIR2",1.55723299417019e-141,1.47250197628071,0.35,0.052,4.38968408726636e-137,"19","TRIR"
"ELL23",1.46282585182059e-140,2.5602273831508,0.479,0.104,4.12355979369705e-136,"19","ELL2"
"CREM2",1.47755447013215e-127,2.32608664029779,0.503,0.124,4.16507829585551e-123,"19","CREM"
"ADIRF",1.83563324817225e-122,1.36116033160143,0.203,0.021,5.17446656327276e-118,"19","ADIRF"
"LGALS33",2.1177174912056e-122,2.77837722915813,0.871,0.728,5.96963383595946e-118,"19","LGALS3"
"FER",2.47413995961944e-121,2.45445791367278,0.388,0.076,6.97435313217123e-117,"19","FER"
"RTRAF2",3.15523958029834e-121,1.40089597371257,0.291,0.042,8.89430485290298e-117,"19","RTRAF"
"HSPA1A3",6.81645824671431e-118,3.46431759344103,0.691,0.292,1.9214914151663e-113,"19","HSPA1A"
"PTMA1",8.52746688228135e-113,0.997622703576704,0.991,0.992,2.40380763944629e-108,"19","PTMA"
"ZNF3312",2.77954161564239e-112,2.48788893382726,0.45,0.109,7.83524986033433e-108,"19","ZNF331"
"VIM3",5.85022581261553e-111,1.47208841645958,0.971,0.982,1.64912015431819e-106,"19","VIM"
"SELENOH1",6.93597050566576e-109,1.50023205725741,0.276,0.042,1.95518072584212e-104,"19","SELENOH"
"PRDX11",3.87553130463437e-108,2.67792545514523,0.812,0.592,1.09247351946338e-103,"19","PRDX1"
"ATP5PO2",5.91367594143469e-107,1.41110506300006,0.288,0.046,1.66700611113102e-102,"19","ATP5PO"
"YES1",2.4615876631507e-106,1.20632739273729,0.215,0.026,6.93896946365552e-102,"19","YES1"
"SOCS1",6.46167364435673e-104,1.90306357874467,0.324,0.059,1.82148118360772e-99,"19","SOCS1"
"ANXA11",9.3575139921609e-104,2.00851631760908,0.924,0.89,2.63778961925024e-99,"19","ANXA1"
"CPM1",6.44377034810518e-103,2.29015329545721,0.453,0.121,1.81643442342737e-98,"19","CPM"
"STMN13",7.03738393761733e-99,1.81890989041578,0.394,0.091,1.98376815817495e-94,"19","STMN1"
"LARP1B2",1.87181727813157e-98,2.38015703172822,0.418,0.104,5.27646572532509e-94,"19","LARP1B"
"ABCC4",1.27430066902433e-96,1.52682589837889,0.238,0.035,3.59212615591268e-92,"19","ABCC4"
"S100A71",1.59459037496775e-96,1.59928347262568,0.288,0.048,4.49499080799659e-92,"19","S100A7"
"SEM11",6.65387554142357e-96,1.25187796320844,0.285,0.049,1.87566097637189e-91,"19","SEM1"
"HSP90AA13",3.04517974193098e-94,2.57478086967815,0.885,0.878,8.58405717452923e-90,"19","HSP90AA1"
"CD82",3.8005607805105e-94,1.84695746959584,0.412,0.105,1.0713400784181e-89,"19","CD82"
"RNASEK3",2.97799124232389e-93,2.14369725973543,0.565,0.213,8.39465951298682e-89,"19","RNASEK"
"IL18R11",1.49184558184998e-91,1.16582649375543,0.218,0.031,4.2053635106769e-87,"19","IL18R1"
"CD91",2.44371114094004e-91,1.80464194123624,0.382,0.092,6.88857733519587e-87,"19","CD9"
"BATF",1.20851923158232e-90,1.97236900973291,0.359,0.083,3.40669486190739e-86,"19","BATF"
"ATP5PB2",3.2944012506474e-90,1.0931382421121,0.212,0.03,9.28658768544995e-86,"19","ATP5PB"
"UBB2",4.19658962712841e-90,2.2623130781155,0.832,0.772,1.18297664999123e-85,"19","UBB"
"FTH12",4.57502603005312e-87,1.46369078215567,0.997,0.999,1.28965408761167e-82,"19","FTH1"
"ABCA12",6.93745319124978e-87,2.01625794247952,0.385,0.097,1.9555986800814e-82,"19","ABCA1"
"ATP5MPL2",7.9615340063708e-86,1.18681350147454,0.291,0.054,2.24427682105587e-81,"19","ATP5MPL"
"RPL174",2.08142203538868e-75,1.95089847089719,0.759,0.559,5.86732057555714e-71,"19","RPL17"
"SYTL2",4.54154994046419e-75,1.37027602005301,0.221,0.037,1.28021751271745e-70,"19","SYTL2"
"SYTL3",6.55488162767501e-74,1.90142968772911,0.385,0.111,1.84775558202531e-69,"19","SYTL3"
"COPS92",1.83440403573868e-73,1.27086210633958,0.25,0.048,5.17100153634375e-69,"19","COPS9"
"CD632",6.09412615244022e-72,2.19648903892441,0.779,0.69,1.71787322111137e-67,"19","CD63"
"PLIN22",2.73085641971878e-66,2.57361775871326,0.579,0.3,7.69801116154527e-62,"19","PLIN2"
"SYPL12",1.48313851947839e-64,3.11338210980824,0.532,0.253,4.18081917255763e-60,"19","SYPL1"
"PPARD1",4.52481793234075e-63,1.3450835637771,0.238,0.05,1.27550092694753e-58,"19","PPARD"
"PHLDA21",6.50108068842674e-62,1.78203817097847,0.335,0.096,1.83258963526061e-57,"19","PHLDA2"
"CD693",3.6355101506478e-61,2.52528281953353,0.474,0.192,1.02481395636611e-56,"19","CD69"
"MT-CYB",5.52568582257173e-61,0.846528234867694,0.962,0.993,1.55763557652474e-56,"19","MT-CYB"
"GRAP2",1.71519056194849e-60,1.26394549706058,0.2,0.037,4.83495067507659e-56,"19","GRAP2"
"EXT1",3.58283581167031e-60,2.32280174895506,0.324,0.093,1.00996558695174e-55,"19","EXT1"
"ATP5PD2",7.64001911211545e-60,1.07424019095221,0.221,0.044,2.15364498751422e-55,"19","ATP5PD"
"PRKCE",4.44529252284558e-58,1.77959239744669,0.274,0.069,1.25308350926494e-53,"19","PRKCE"
"CLIC1",2.49057462532735e-57,1.30632645924477,0.821,0.842,7.02068081133525e-53,"19","CLIC1"
"ITM2A2",4.86969630168252e-56,1.43926967671741,0.288,0.077,1.37271869048129e-51,"19","ITM2A"
"RAPGEF21",6.13317963762552e-55,2.07741984559733,0.391,0.144,1.72888200805026e-50,"19","RAPGEF2"
"VPS37B",1.22847793811871e-54,1.87320332223183,0.403,0.154,3.46295645976283e-50,"19","VPS37B"
"RPS6KA5",5.34459803513738e-54,1.91418445539009,0.4,0.152,1.50658874012488e-49,"19","RPS6KA5"
"PEBP16",7.58998282414762e-54,1.91212170338645,0.579,0.35,2.13954025829897e-49,"19","PEBP1"
"ELOC1",2.58077279467791e-53,1.08117378562018,0.209,0.044,7.27494043091757e-49,"19","ELOC"
"ZBTB201",1.70392428783493e-52,1.78841693002442,0.368,0.132,4.80319217497788e-48,"19","ZBTB20"
"CYSTM11",5.21035905939873e-50,1.69098032145744,0.415,0.173,1.46874811525391e-45,"19","CYSTM1"
"DAD12",1.17019005572392e-49,1.9065241967216,0.615,0.45,3.29864874808016e-45,"19","DAD1"
"HSPH12",2.98040266556249e-49,2.59454219811802,0.444,0.201,8.40145707395409e-45,"19","HSPH1"
"NME22",8.02195159810134e-47,1.56533685734051,0.256,0.07,2.26130793598879e-42,"19","NME2"
"BIRC33",9.05920912258748e-47,2.05812170372046,0.512,0.262,2.55370045956618e-42,"19","BIRC3"
"RPL36AL1",1.21425920577983e-46,1.16398711735867,0.821,0.869,3.42287527517276e-42,"19","RPL36AL"
"SGK12",1.79699140796064e-46,2.71199484215701,0.582,0.378,5.06553907990024e-42,"19","SGK1"
"ARL15",8.52024244493079e-46,1.46166630544408,0.229,0.059,2.40177114280154e-41,"19","ARL15"
"DDIT46",2.46313444454865e-42,2.1983874347964,0.474,0.251,6.94332968573818e-38,"19","DDIT4"
"BMP2K1",1.84008655879623e-41,1.85819604927598,0.479,0.267,5.1870200005907e-37,"19","BMP2K"
"DNAJB13",6.73112456773057e-41,3.24237529180857,0.518,0.318,1.89743670439757e-36,"19","DNAJB1"
"SKAP11",1.35623172870977e-40,1.19043814293231,0.274,0.087,3.82308162005996e-36,"19","SKAP1"
"TXN4",1.45192101889138e-38,0.726517070546094,0.691,0.587,4.09282016015292e-34,"19","TXN"
"SRGN2",2.99078650572799e-38,1.07420619738631,0.862,0.957,8.43072808099662e-34,"19","SRGN"
"LAPTM4A",1.00934629621946e-37,1.6622429249786,0.624,0.551,2.84524627441304e-33,"19","LAPTM4A"
"CKS22",3.32417289820346e-37,1.39782269447555,0.262,0.086,9.37051098274575e-33,"19","CKS2"
"HSPE15",3.71631222469771e-37,1.96819430180642,0.538,0.372,1.04759125302004e-32,"19","HSPE1"
"ARID5B2",1.03867363637596e-36,1.48559650265629,0.312,0.12,2.92791711358019e-32,"19","ARID5B"
"SLC39A11",6.66046500780589e-36,1.49223761501398,0.253,0.084,1.8775184810504e-31,"19","SLC39A11"
"DYNLL13",2.64098196827646e-35,1.50718487612,0.679,0.644,7.44466407037452e-31,"19","DYNLL1"
"ABCC11",2.80808674227373e-35,1.56874471133032,0.274,0.098,7.91571571779543e-31,"19","ABCC1"
"LMO4",1.45909943264398e-33,1.90782953258643,0.524,0.372,4.11305539068011e-29,"19","LMO4"
"MSRA",2.04828700044613e-33,1.55608404677195,0.344,0.155,5.7739162255576e-29,"19","MSRA"
"PRKCA1",7.40282693279582e-33,1.52388364022262,0.274,0.102,2.08678288408582e-28,"19","PRKCA"
"SAMSN13",8.14322379969457e-33,1.72129320820144,0.506,0.329,2.2954933568959e-28,"19","SAMSN1"
"MT-ATP6",3.41145405620761e-32,0.466704356433947,0.974,0.996,9.61654783904363e-28,"19","MT-ATP6"
"ZNRF1",5.23002287228813e-32,1.06032287010645,0.212,0.066,1.4742911474693e-27,"19","ZNRF1"
"GADD45B3",7.57350299487819e-32,2.56968485573577,0.618,0.568,2.13489475922621e-27,"19","GADD45B"
"SLC44A1",9.41337937332147e-32,2.03146251093218,0.418,0.234,2.65353751154559e-27,"19","SLC44A1"
"CD442",4.32781898158244e-31,1.30328215495958,0.759,0.849,1.21996889271827e-26,"19","CD44"
"MAPK62",5.60272071605976e-31,1.56755645144627,0.353,0.17,1.57935094265009e-26,"19","MAPK6"
"BTG31",9.18723762358331e-31,1.29446433863999,0.247,0.088,2.5897904137119e-26,"19","BTG3"
"RPL105",9.44096812538193e-31,0.418449702409049,0.997,0.998,2.66131450486391e-26,"19","RPL10"
"CTNNBL1",1.44036152773734e-30,1.65948184129758,0.432,0.259,4.06023511053879e-26,"19","CTNNBL1"
"GALNT3",2.8273626801817e-30,1.28229529213817,0.241,0.085,7.9700526591642e-26,"19","GALNT3"
"PAG11",1.83414437181721e-29,1.7518272928168,0.471,0.306,5.17026956971555e-25,"19","PAG1"
"ELF1",7.08589529796956e-29,1.43081186162247,0.618,0.593,1.99744302554464e-24,"19","ELF1"
"ATP6V0A2",1.72336786756961e-28,1.17685364094287,0.25,0.095,4.85800168189199e-24,"19","ATP6V0A2"
"ANKRD281",2.02117683117928e-27,1.54477801430719,0.424,0.255,5.69749536941128e-23,"19","ANKRD28"
"SQSTM11",1.25790235881549e-26,1.72279972622476,0.621,0.599,3.545900959265e-22,"19","SQSTM1"
"RGS15",1.21925930541525e-25,1.81885553543808,0.344,0.172,3.43697005603506e-21,"19","RGS1"
"NR4A13",2.29255595652543e-25,1.74781949019787,0.426,0.272,6.46248598584955e-21,"19","NR4A1"
"ARID1B3",5.2566134652034e-24,1.61392835573825,0.388,0.235,1.48178676970619e-19,"19","ARID1B"
"PRDX61",1.46011945515546e-23,1.58255143143941,0.541,0.49,4.11593073213771e-19,"19","PRDX6"
"TRIO2",2.32517811142982e-23,1.77602544010789,0.303,0.151,6.55444457830951e-19,"19","TRIO"
"LRCH11",2.56466774454427e-23,1.24716674909104,0.212,0.08,7.22954190509585e-19,"19","LRCH1"
"OST42",3.37069236501896e-22,0.884710373376449,0.697,0.784,9.50164470775194e-18,"19","OST4"
"ITM2C2",1.65870534230549e-21,0.826455251442558,0.209,0.077,4.67572448942496e-17,"19","ITM2C"
"CD593",1.99889511215679e-21,1.11424961609667,0.221,0.09,5.63468543165876e-17,"19","CD59"
"HSPB13",2.47335476484218e-21,1.64858675583371,0.353,0.202,6.97213974661363e-17,"19","HSPB1"
"KRT103",2.89678488365845e-21,1.41624060575783,0.515,0.449,8.1657469085448e-17,"19","KRT10"
"CDK17",5.9016316601845e-21,1.39266944118614,0.256,0.118,1.66361094868941e-16,"19","CDK17"
"GPAT32",1.32731566163565e-20,2.00276490233943,0.294,0.152,3.74157011858474e-16,"19","GPAT3"
"ERN13",3.79598862010802e-20,1.5451980053584,0.303,0.162,1.07005123212225e-15,"19","ERN1"
"GNPTAB",7.09416386324439e-20,1.53333690141385,0.388,0.257,1.99977385140996e-15,"19","GNPTAB"
"STX3",7.77324171525323e-20,1.24646124970064,0.312,0.171,2.19119910711273e-15,"19","STX3"
"SEC61B3",2.23548203085947e-19,0.97831644975394,0.647,0.698,6.30160029678976e-15,"19","SEC61B"
"RPL54",4.12448212336684e-19,0.450162159117142,0.929,0.971,1.16265026575588e-14,"19","RPL5"
"ELMO11",6.19344678324932e-19,1.59551386472437,0.35,0.219,1.74587071373015e-14,"19","ELMO1"
"ALOX5AP2",8.70849062884056e-19,1.21645950025618,0.406,0.266,2.45483642336386e-14,"19","ALOX5AP"
"CAPG3",1.04961146196542e-18,1.44169018710914,0.565,0.56,2.95874975013432e-14,"19","CAPG"
"HES1",1.05041858105223e-18,1.62059520672563,0.221,0.095,2.96102493812814e-14,"19","HES1"
"SRP142",4.35832936580113e-18,0.794593309620581,0.75,0.85,1.22856946492568e-13,"19","SRP14"
"SLC2A33",5.71264794876184e-18,1.41708449925259,0.547,0.486,1.61033833027647e-13,"19","SLC2A3"
"RERE2",1.08408861502166e-17,2.05764440741382,0.359,0.236,3.05593739688457e-13,"19","RERE"
"BASP14",1.22882731612914e-17,1.22828600156552,0.447,0.331,3.46394132143643e-13,"19","BASP1"
"MTRNR2L121",1.90207211400859e-17,1.66880746763112,0.45,0.34,5.36175108217881e-13,"19","MTRNR2L12"
"HSP90AB17",2.23487877539688e-17,1.38733625429493,0.676,0.768,6.29989977996627e-13,"19","HSP90AB1"
"DDAH22",2.51765920455331e-17,1.15280356779475,0.344,0.218,7.09702953171531e-13,"19","DDAH2"
"SERPINB11",3.29507955483902e-17,1.44701468020838,0.665,0.755,9.28849975713573e-13,"19","SERPINB1"
"ACSL4",8.16333650229389e-17,1.95348393919066,0.45,0.371,2.30116292663163e-12,"19","ACSL4"
"NFAT52",4.95445727186773e-16,1.55886629282361,0.35,0.234,1.39661196036679e-11,"19","NFAT5"
"DBI4",6.41405544305731e-16,1.25736210026142,0.6,0.664,1.80805808884343e-11,"19","DBI"
"S100A61",1.45017999309529e-15,0.511599375719298,0.959,0.988,4.08791238253631e-11,"19","S100A6"
"SSR42",1.97147975355077e-15,1.11869144870865,0.629,0.754,5.55740427728428e-11,"19","SSR4"
"LAT1",4.30376946262378e-15,1.08765537152582,0.224,0.11,1.21318957381902e-10,"19","LAT"
"B4GALT52",6.66846432225894e-15,1.6134150375065,0.294,0.179,1.87977340780157e-10,"19","B4GALT5"
"OPTN",1.3403742275492e-14,0.980387500489461,0.215,0.105,3.77838091003845e-10,"19","OPTN"
"MIF4",2.75565267732309e-14,1.45091569792732,0.391,0.302,7.76790933210606e-10,"19","MIF"
"DNAJC19",3.42520575062486e-14,1.2568259706702,0.3,0.189,9.65531249043643e-10,"19","DNAJC19"
"JARID22",2.31802963835458e-13,2.03920470908989,0.432,0.381,6.53429374755774e-09,"19","JARID2"
"ITM2B",9.6759678475231e-13,0.67754001110568,0.776,0.921,2.72755857653829e-08,"19","ITM2B"
"MAML31",1.13527887124622e-12,1.18229125322839,0.253,0.149,3.20023761015597e-08,"19","MAML3"
"DNAJB62",1.23999305148294e-12,1.55480316625562,0.503,0.513,3.49541641282527e-08,"19","DNAJB6"
"ARL4C5",1.5661084362306e-12,1.18895034898049,0.479,0.429,4.41470307089044e-08,"19","ARL4C"
"PRKX",7.12183220671818e-12,1.64965818188896,0.344,0.26,2.00757328075179e-07,"19","PRKX"
"EXOSC8",7.8533776146612e-12,0.973741347090907,0.215,0.118,2.21378861579685e-07,"19","EXOSC8"
"AKAP13",9.07570594738076e-12,1.05970278658638,0.618,0.727,2.55835074950716e-07,"19","AKAP13"
"NR4A23",1.23953542189264e-11,1.8282718552503,0.476,0.473,3.49412640077315e-07,"19","NR4A2"
"HSPA83",7.39098681465938e-11,1.41239066134847,0.574,0.676,2.08344527318433e-06,"19","HSPA8"
"NFKBID3",8.81068184024894e-11,1.27336111473603,0.282,0.19,2.48364310394777e-06,"19","NFKBID"
"NDEL12",9.31083697977676e-11,1.07636988505763,0.256,0.163,2.62463183622927e-06,"19","NDEL1"
"ST13",2.30551869945784e-10,0.429433587644397,0.265,0.574,6.49902666190171e-06,"19","ST13"
"RPS4X5",2.85976136098401e-10,0.309185003989196,0.929,0.984,8.06138130047784e-06,"19","RPS4X"
"DNAJB92",3.75792559767536e-10,1.06779190103075,0.235,0.145,1.05932164672871e-05,"19","DNAJB9"
"BRAF1",4.52082882998064e-10,1.30703365117722,0.232,0.143,1.27437643888324e-05,"19","BRAF"
"NFKBIA2",7.44274141698291e-10,0.9138074503358,0.753,0.898,2.09803437803331e-05,"19","NFKBIA"
"ZFAND31",9.08119119009003e-10,1.56389423605805,0.324,0.252,2.55989698457448e-05,"19","ZFAND3"
"EIF3J",3.023502726905e-09,0.440778541567286,0.174,0.393,8.52295183687249e-05,"19","EIF3J"
"CREB3L21",3.88149281319036e-09,0.967815035277186,0.238,0.155,0.000109415400911023,"19","CREB3L2"
"VEGFA3",4.25828324282023e-09,1.46393252719713,0.271,0.188,0.000120036746331859,"19","VEGFA"
"PRNP1",5.19893619022939e-09,1.53111010865511,0.4,0.373,0.000146552812266376,"19","PRNP"
"MYL12A3",7.85375422451683e-09,0.649104937676445,0.691,0.857,0.000221389477834905,"19","MYL12A"
"CST72",8.85935021220199e-09,0.583662342725547,0.276,0.173,0.000249736223131762,"19","CST7"
"NFE2L23",8.98546386084924e-09,1.48506016782345,0.421,0.408,0.000253291240773479,"19","NFE2L2"
"TSTD15",9.75869329114464e-09,0.937244121349993,0.288,0.211,0.000275087805184076,"19","TSTD1"
"KIF13B",1.00663818075111e-08,0.963248606069166,0.224,0.143,0.00028376123677193,"19","KIF13B"
"TCF121",2.00146384214164e-08,1.10808106533232,0.241,0.164,0.000564192642461307,"19","TCF12"
"TNFAIP32",2.37522004555182e-08,1.65103780265789,0.482,0.489,0.000669550778640604,"19","TNFAIP3"
"ALDH1A11",3.55457192704308e-08,0.966342306863792,0.282,0.206,0.00100199828051417,"19","ALDH1A1"
"THUMPD3-AS1",4.03510212356427e-08,0.322934568826278,0.106,0.263,0.00113745493761153,"19","THUMPD3-AS1"
"TRIM24",5.68488017924079e-08,1.13716844551718,0.2,0.125,0.00160251087372619,"19","TRIM24"
"PHF20",5.69208810838874e-08,1.39606090701759,0.397,0.381,0.0016045427168737,"19","PHF20"
"REL2",5.81649102902087e-08,1.28523541880564,0.529,0.617,0.00163961065617069,"19","REL"
"MT-ND3",1.11073322486578e-07,0.312084899548315,0.965,0.992,0.00313104588757414,"19","MT-ND3"
"MORF4L21",1.15691797152519e-07,1.04224411732953,0.306,0.247,0.00326123606993235,"19","MORF4L2"
"TECR",1.16802953203434e-07,0.307832481365489,0.094,0.239,0.0032925584478516,"19","TECR"
"CAMK1D2",1.3195891207083e-07,1.71692921445201,0.265,0.197,0.00371978977236463,"19","CAMK1D"
"PPIB3",1.44369368836083e-07,0.966705179323569,0.538,0.642,0.00406962813812035,"19","PPIB"
"HSPD12",1.58205895937605e-07,1.64218244502854,0.412,0.407,0.00445966600058516,"19","HSPD1"
"PIP4K2A1",1.61644056277152e-07,1.36459241949738,0.394,0.386,0.00455658430239662,"19","PIP4K2A"
"MT1X1",2.08659195413703e-07,2.92154565776016,0.247,0.178,0.00588189405951686,"19","MT1X"
"RRBP12",2.10448645614375e-07,0.346765657111614,0.156,0.336,0.00593233687122362,"19","RRBP1"
"RPS4Y1",2.18468290701593e-07,0.809091406140422,0.485,0.467,0.00615840264658719,"19","RPS4Y1"
"HNRNPAB2",2.35748999080525e-07,0.305782414240494,0.203,0.414,0.00664552853508091,"19","HNRNPAB"
"JUND1",2.41964689416914e-07,0.720854993527361,0.803,0.952,0.0068207426299734,"19","JUND"
"SLC38A2",2.65219219774443e-07,0.386787080177665,0.262,0.516,0.00747626458622178,"19","SLC38A2"
"RALGAPA1",3.15015632542447e-07,1.0202847878834,0.221,0.151,0.00887997566573902,"19","RALGAPA1"
"MAML21",3.27337027353798e-07,1.39578003055189,0.253,0.187,0.0092273034640762,"19","MAML2"
"TSPAN41",3.3160872464561e-07,0.995021755661576,0.229,0.16,0.00934771833903509,"19","TSPAN4"
"GLUL2",3.56201562948564e-07,1.72409226351231,0.491,0.564,0.0100409658579571,"19","GLUL"
"CD991",4.3760386913845e-07,0.467652001803312,0.297,0.59,0.0123356154671438,"19","CD99"
"SETD5",4.4034347446682e-07,1.20597159944018,0.276,0.215,0.0124128422017452,"19","SETD5"
"ATXN11",4.42433467395727e-07,1.38914475048945,0.309,0.258,0.0124717570124182,"19","ATXN1"
"ITPR1",5.14847872765977e-07,0.838542018457346,0.206,0.137,0.0145130466854001,"19","ITPR1"
"TMEM165",5.74836711367269e-07,0.32681270056276,0.203,0.411,0.0162040720567319,"19","TMEM165"
"B4GALT12",5.86729159133695e-07,0.308547875149812,0.168,0.349,0.0165393082668197,"19","B4GALT1"
"PDLIM5",6.97271869570213e-07,1.21862179823395,0.324,0.28,0.0196553967313147,"19","PDLIM5"
"MT-ND62",7.92748283721357e-07,1.16983498178809,0.338,0.293,0.0223467813698213,"19","MT-ND6"
"IER32",9.68045191652455e-07,0.336164715630872,0.3,0.528,0.0272882259074911,"19","IER3"
"RAC22",1.04509373642688e-06,0.984156158688767,0.526,0.654,0.0294601473361373,"19","RAC2"
"SEC623",1.21760797168018e-06,0.974027899320928,0.479,0.546,0.0343231511136927,"19","SEC62"
"SNRPD12",1.29802105161778e-06,0.318259325672432,0.188,0.379,0.0365899154240535,"19","SNRPD1"
"TRAK12",1.50611412959571e-06,1.21173716143075,0.229,0.166,0.0424558511991735,"19","TRAK1"
"MYL61",1.6558619964068e-06,0.335757769859729,0.847,0.954,0.0466770938167113,"19","MYL6"
"TXNDC171",1.70246886850536e-06,0.409713305428825,0.185,0.376,0.0479908949342977,"19","TXNDC17"
"RSBN1L",1.73131807719619e-06,0.342686874971598,0.135,0.29,0.0488041252780833,"19","RSBN1L"
"CYCS3",1.93062664561794e-06,0.313429557558096,0.241,0.467,0.0544224345133241,"19","CYCS"
"CYTH11",2.07764505501714e-06,0.414766618015597,0.241,0.469,0.0585667364558782,"19","CYTH1"
"CSTB3",2.30470545469802e-06,0.456067898366409,0.376,0.7,0.0649673420624825,"19","CSTB"
"C1QBP3",2.46416046990005e-06,0.324652559957965,0.174,0.349,0.0694622194860125,"19","C1QBP"
"GUK11",2.49616408139199e-06,0.312416275070365,0.365,0.685,0.0703643692903588,"19","GUK1"
"FNDC3B2",2.6896750186639e-06,0.336797508066313,0.147,0.302,0.0758192491011168,"19","FNDC3B"
"ATG12",3.01908819582462e-06,0.326783278651995,0.174,0.35,0.0851050771521001,"19","ATG12"
"BHLHE403",3.97993533458435e-06,1.05571962106459,0.303,0.257,0.112190397146598,"19","BHLHE40"
"MPG",4.36215925467579e-06,0.418959931519812,0.129,0.275,0.122964907230056,"19","MPG"
"RAD21",4.44861620232209e-06,0.348213672108401,0.256,0.481,0.125402042127257,"19","RAD21"
"LYST",4.97249919189535e-06,0.325893329520052,0.397,0.705,0.140169779720338,"19","LYST"
"RNF10",5.91051585022464e-06,0.338102985931707,0.132,0.275,0.166611531301983,"19","RNF10"
"RBM8A",9.13197294999534e-06,1.00341578154598,0.462,0.531,0.257421185487419,"19","RBM8A"
"KDM6B2",9.16656031011584e-06,1.28715313447506,0.376,0.377,0.258396168581855,"19","KDM6B"
"DNAJC12",9.19561218137323e-06,0.959790274336187,0.271,0.222,0.25921511178073,"19","DNAJC1"
"ARMCX32",1.77398639678583e-05,0.971415212155922,0.224,0.169,0.500069025389959,"19","ARMCX3"
"MCTP11",1.93214328619564e-05,1.38808326218986,0.321,0.297,0.54465187094569,"19","MCTP1"
"BAG11",2.15943905276481e-05,0.31219077794355,0.212,0.4,0.608724274583873,"19","BAG1"
"DYNLRB1",2.30414432241756e-05,0.496181454802923,0.244,0.46,0.649515243046285,"19","DYNLRB1"
"WAC",2.8995496505839e-05,0.391728342452904,0.3,0.551,0.817354051003095,"19","WAC"
"RPS19BP11",3.18137034334428e-05,0.393160943149346,0.215,0.401,0.89679648608532,"19","RPS19BP1"
"SYAP12",3.23315712111953e-05,1.31684572717887,0.335,0.321,0.911394660872385,"19","SYAP1"
"PAFAH1B1",3.83277186221801e-05,0.319553421642829,0.185,0.347,1,"19","PAFAH1B1"
"AP3S11",4.56103306357271e-05,1.00366628706265,0.335,0.325,1,"19","AP3S1"
"SIPA1L12",4.62318623128212e-05,0.3401189334689,0.115,0.231,1,"19","SIPA1L1"
"SIK31",5.52684487413795e-05,1.43110344205982,0.297,0.271,1,"19","SIK3"
"MRPL52",6.31815962985155e-05,0.331233142448265,0.241,0.436,1,"19","MRPL52"
"ASH1L",6.64734809176012e-05,0.324876997737139,0.229,0.419,1,"19","ASH1L"
"EMILIN21",7.00064410149721e-05,0.526865955098202,0.259,0.477,1,"19","EMILIN2"
"MT2A2",7.11770157422433e-05,2.76518861903909,0.456,0.51,1,"19","MT2A"
"WDFY2",7.21191533536799e-05,0.33871123106665,0.176,0.326,1,"19","WDFY2"
"UFM11",7.32372036969723e-05,0.306514437034321,0.224,0.406,1,"19","UFM1"
"PPP6R31",8.43546606443566e-05,1.05313252774869,0.285,0.254,1,"19","PPP6R3"
"CCT4",9.05593504802263e-05,0.33447144268116,0.209,0.382,1,"19","CCT4"
"PSME41",9.45508571549235e-05,1.05830121976345,0.256,0.214,1,"19","PSME4"
"RWDD1",0.00011386188604682,0.399497839327489,0.244,0.441,1,"19","RWDD1"
"LDHA4",0.000126084460231636,0.908133341734495,0.482,0.591,1,"19","LDHA"
"VDAC11",0.000129092242473458,0.341874344993881,0.265,0.478,1,"19","VDAC1"
"PPDPF1",0.00015966691353728,0.677344487559592,0.524,0.633,1,"19","PPDPF"
"NDUFB81",0.000161688826322218,0.409444974263681,0.288,0.522,1,"19","NDUFB8"
"GOLGB11",0.00016675360056645,0.412130477093747,0.2,0.358,1,"19","GOLGB1"
"POLR2K",0.000176581216866223,0.407844132980853,0.165,0.305,1,"19","POLR2K"
"PSMB6",0.000197927051253162,0.339257958451326,0.256,0.458,1,"19","PSMB6"
"MARK3",0.000237296905746263,0.342403796647826,0.179,0.325,1,"19","MARK3"
"UBE2K",0.000248796919675105,0.315995391470157,0.224,0.399,1,"19","UBE2K"
"AFF12",0.000254911629865675,1.00413376683714,0.241,0.203,1,"19","AFF1"
"RAB6A",0.000290825098876406,0.321973521941453,0.15,0.274,1,"19","RAB6A"
"NUCKS13",0.000298415411841607,0.322284748939672,0.285,0.501,1,"19","NUCKS1"
"PSMD8",0.000309474975319647,0.377352041202489,0.276,0.492,1,"19","PSMD8"
"IDI1",0.000338115399093756,0.438173628420043,0.174,0.312,1,"19","IDI1"
"SDCBP3",0.000343048645144555,0.738732183368811,0.579,0.758,1,"19","SDCBP"
"TUBA1A",0.000353147996747486,0.628658272101084,0.432,0.72,1,"19","TUBA1A"
"TAOK31",0.000368176595801636,0.470793787522624,0.306,0.542,1,"19","TAOK3"
"SPCS22",0.000397291671718852,0.928680760952941,0.412,0.472,1,"19","SPCS2"
"CTR9",0.000408007486824611,0.368173552206442,0.109,0.207,1,"19","CTR9"
"KMT2E1",0.000408652497594473,1.14485328587934,0.45,0.55,1,"19","KMT2E"
"COPB1",0.000408817656662839,0.30909356122597,0.168,0.297,1,"19","COPB1"
"DPM3",0.000426996061856401,0.388454054872739,0.153,0.275,1,"19","DPM3"
"SIVA11",0.000434593594016076,0.357972953216328,0.235,0.413,1,"19","SIVA1"
"CHST111",0.000464646826503403,1.36343740723332,0.247,0.216,1,"19","CHST11"
"TMOD3",0.000464671542231863,0.907590841689145,0.406,0.467,1,"19","TMOD3"
"HSP90B12",0.000468890248578686,0.827316588730183,0.529,0.676,1,"19","HSP90B1"
"NENF2",0.000515755107814614,0.485773875270402,0.153,0.277,1,"19","NENF"
"TMED22",0.000520199641385708,0.355822798089978,0.232,0.407,1,"19","TMED2"
"ZC3HAV1",0.000561522022293995,0.768610756657439,0.215,0.376,1,"19","ZC3HAV1"
"COQ10B",0.000565594058172442,0.428471637016737,0.115,0.214,1,"19","COQ10B"
"MAPRE1",0.000576877310782899,0.312188581616881,0.215,0.373,1,"19","MAPRE1"
"CALM3",0.000577273121477458,0.397985190561253,0.324,0.567,1,"19","CALM3"
"RAP1B2",0.000602549512927071,0.334777613997144,0.344,0.587,1,"19","RAP1B"
"RPS27L2",0.000670216597777064,0.826517404268104,0.465,0.552,1,"19","RPS27L"
"CD841",0.000673211247132568,0.38995112553976,0.132,0.24,1,"19","CD84"
"RNF1451",0.000752605720207732,1.41727379765194,0.279,0.263,1,"19","RNF145"
"VCL",0.000802237112194034,0.411726730603669,0.203,0.353,1,"19","VCL"
"RAB5A",0.000851896557255221,0.373582092874391,0.147,0.262,1,"19","RAB5A"
"PDIA33",0.00085291863499958,0.324686999818352,0.35,0.602,1,"19","PDIA3"
"PELI12",0.000881975698352518,0.309306611423189,0.171,0.295,1,"19","PELI1"
"TCP11",0.00089027964503718,0.350960592454954,0.171,0.299,1,"19","TCP1"
"COX7A21",0.000894694322092995,0.632562953649906,0.55,0.723,1,"19","COX7A2"
"RCOR11",0.000906959750402682,0.599396729213216,0.171,0.3,1,"19","RCOR1"
"TCEAL41",0.000951511521629472,0.66567665298854,0.206,0.168,1,"19","TCEAL4"
"CCNH",0.000958890514223004,0.354249531079961,0.147,0.258,1,"19","CCNH"
"RC3H1",0.000966404984430581,0.319196869221226,0.185,0.321,1,"19","RC3H1"
"SOX41",0.00105151991774576,1.17234208859901,0.306,0.295,1,"19","SOX4"
"PHTF21",0.00108086859391473,0.808734212239715,0.2,0.163,1,"19","PHTF2"
"NUCB22",0.00120613928207869,0.767674072413722,0.206,0.168,1,"19","NUCB2"
"SEC61G3",0.00128820654025986,0.86988832628254,0.479,0.626,1,"19","SEC61G"
"TSC22D21",0.0013081456094704,0.956071705242922,0.218,0.185,1,"19","TSC22D2"
"RABAC12",0.00134267457160244,0.33287522375027,0.294,0.509,1,"19","RABAC1"
"MACF11",0.00134374967177118,0.405123815540873,0.282,0.474,1,"19","MACF1"
"UBE2H1",0.00135090190317581,1.01811912506197,0.25,0.227,1,"19","UBE2H"
"HSD17B4",0.00146443810249102,0.345432651194553,0.144,0.252,1,"19","HSD17B4"
"TXNL1",0.00149365061756569,0.441679978993572,0.188,0.322,1,"19","TXNL1"
"NDUFS5",0.00171258582015459,0.439379301861624,0.382,0.656,1,"19","NDUFS5"
"SURF4",0.00171893197016896,0.358616015431502,0.147,0.254,1,"19","SURF4"
"TAF71",0.00174615434527901,0.385520495552975,0.209,0.352,1,"19","TAF7"
"SUB14",0.00194098572710816,0.514907205280249,0.594,0.789,1,"19","SUB1"
"TMED102",0.00199768397103025,0.392310165171178,0.274,0.463,1,"19","TMED10"
"BST21",0.00200216737072315,0.357423368333461,0.362,0.622,1,"19","BST2"
"ZNF2671",0.00206809156985215,0.423404552206757,0.144,0.249,1,"19","ZNF267"
"AMD1",0.00207714526252584,0.651039196877,0.262,0.45,1,"19","AMD1"
"RPL22L12",0.00217162341327722,0.412901910769176,0.303,0.513,1,"19","RPL22L1"
"HUWE1",0.00225497007021099,0.470818583967691,0.156,0.266,1,"19","HUWE1"
"YWHAG1",0.00226960018834352,0.432148976146004,0.176,0.301,1,"19","YWHAG"
"ARID21",0.0023660300386816,0.34534826449376,0.115,0.2,1,"19","ARID2"
"GOLGA41",0.0024911154222296,0.424395491663651,0.218,0.363,1,"19","GOLGA4"
"LARP4B",0.0025108281578077,0.366450677662398,0.15,0.257,1,"19","LARP4B"
"POGZ",0.00254651403996585,0.319930379012268,0.118,0.205,1,"19","POGZ"
"LRRFIP21",0.00264022821675446,0.843606317159826,0.291,0.286,1,"19","LRRFIP2"
"RASGEF1B2",0.00264931900230165,1.02031317096877,0.247,0.226,1,"19","RASGEF1B"
"UBE2E31",0.00288281618991017,0.301257131728753,0.153,0.258,1,"19","UBE2E3"
"RASA2",0.00302028402287395,0.768076771174066,0.226,0.201,1,"19","RASA2"
"SNX5",0.00308441415035405,0.47004983621904,0.179,0.302,1,"19","SNX5"
"PSMD1",0.00312389340047052,0.359992959548175,0.147,0.25,1,"19","PSMD1"
"ITGB11",0.00327505743988404,0.301512370809406,0.347,0.569,1,"19","ITGB1"
"PSMB1",0.00330250837622782,0.353143495865479,0.374,0.631,1,"19","PSMB1"
"ATP1B34",0.00344748420179386,1.59100238186429,0.394,0.468,1,"19","ATP1B3"
"VPS29",0.00354829511458609,0.439062302137833,0.291,0.495,1,"19","VPS29"
"GNA133",0.00362433409065159,0.397702320522572,0.2,0.329,1,"19","GNA13"
"BLVRA",0.00387763273739159,0.339450165662674,0.244,0.396,1,"19","BLVRA"
"MRPL182",0.00388248970348015,0.397808721652624,0.124,0.211,1,"19","MRPL18"
"PPIG",0.00419740907207967,0.316254416726637,0.3,0.483,1,"19","PPIG"
"HSPA91",0.00427946926051642,0.421244623088189,0.226,0.374,1,"19","HSPA9"
"PPP2R5A",0.00431195837314895,0.447971424008871,0.185,0.307,1,"19","PPP2R5A"
"FXR1",0.00432002221200484,0.998215702388147,0.385,0.448,1,"19","FXR1"
"ARF42",0.00434471433973139,0.433010753331708,0.209,0.346,1,"19","ARF4"
"SH2B31",0.00462481986660414,0.560996553345648,0.215,0.358,1,"19","SH2B3"
"CD552",0.00510366949945272,0.475145811458765,0.353,0.578,1,"19","CD55"
"MTHFD2",0.00511091504183748,0.329046185991756,0.15,0.247,1,"19","MTHFD2"
"MIER1",0.00515539324304386,0.452078086248428,0.238,0.394,1,"19","MIER1"
"DOCK102",0.0056754636773296,1.05681628446776,0.268,0.265,1,"19","DOCK10"
"CCT22",0.00576507275791198,0.450040082041488,0.156,0.257,1,"19","CCT2"
"CDC73",0.00591836043004208,0.302118091600223,0.132,0.218,1,"19","CDC73"
"TFG",0.00664919475948045,0.853989967467466,0.226,0.208,1,"19","TFG"
"RELB",0.00695788900504848,0.357904403010245,0.124,0.205,1,"19","RELB"
"JAZF1",0.00696615454348967,0.362949923760587,0.126,0.209,1,"19","JAZF1"
"COPA1",0.00698492630426087,0.445764637435433,0.256,0.414,1,"19","COPA"
"CLINT11",0.00700109360269661,0.405125115190792,0.253,0.409,1,"19","CLINT1"
"NOP582",0.00762081796613741,0.368152759603207,0.138,0.227,1,"19","NOP58"
"PTMS4",0.00779903636314376,0.630285780777929,0.206,0.173,1,"19","PTMS"
"TMEM2082",0.00783773424234052,0.50284271655611,0.159,0.259,1,"19","TMEM208"
"RBMX",0.0078921363445869,0.584617923829251,0.324,0.538,1,"19","RBMX"
"CLK1",0.0080293106138312,0.653551398453247,0.324,0.533,1,"19","CLK1"
"NDUFA44",0.00821309926342299,0.616056838753738,0.538,0.734,1,"19","NDUFA4"
"RBM6",0.00834027274492168,0.319346578553731,0.218,0.347,1,"19","RBM6"
"MPP11",0.00848160660412593,0.38214230736616,0.176,0.284,1,"19","MPP1"
"DYRK1A",0.00854872960134819,0.575545274676579,0.162,0.263,1,"19","DYRK1A"
"RNF168",0.00868100563075547,0.301573450645775,0.138,0.226,1,"19","RNF168"
"MRPS61",0.00903416499069988,0.426341387549057,0.174,0.281,1,"19","MRPS6"
"MRPS18C",0.00922324798246247,0.373076793670248,0.147,0.237,1,"19","MRPS18C"
"CTNNA11",0.00926237437671709,0.440329205880671,0.226,0.371,1,"19","CTNNA1"
"SLBP",0.00990672747891815,0.358645489234312,0.147,0.237,1,"19","SLBP"
"GNLY2",0,3.14782424979553,0.844,0.215,0,"2","GNLY"
"NKG72",0,2.90090975504887,0.931,0.234,0,"2","NKG7"
"CCL52",0,2.66039348277079,0.882,0.184,0,"2","CCL5"
"GZMA2",0,2.05781865182215,0.73,0.071,0,"2","GZMA"
"GZMH2",0,1.78215201251288,0.567,0.048,0,"2","GZMH"
"FGFBP21",0,1.64673219763007,0.515,0.036,0,"2","FGFBP2"
"IL322",0,1.64469223443411,0.738,0.205,0,"2","IL32"
"PRF11",0,1.60903690108632,0.561,0.04,0,"2","PRF1"
"KLRD11",0,1.58081971462133,0.553,0.038,0,"2","KLRD1"
"SYNE23",0,1.54271728537454,0.657,0.115,0,"2","SYNE2"
"CTSW1",0,1.53370247313667,0.597,0.069,0,"2","CTSW"
"CST73",0,1.48354129459364,0.701,0.12,0,"2","CST7"
"KLRB12",0,1.48304918308723,0.454,0.064,0,"2","KLRB1"
"AP000769.11",0,1.32702226534795,0.487,0.176,0,"2","AP000769.1"
"GZMB1",0,1.30970411633064,0.547,0.067,0,"2","GZMB"
"GZMM2",0,1.30845397742849,0.564,0.077,0,"2","GZMM"
"CD3D2",0,1.28023863739079,0.568,0.158,0,"2","CD3D"
"CD2471",0,1.20611505171239,0.506,0.082,0,"2","CD247"
"CD3E2",0,1.13426941435936,0.542,0.142,0,"2","CD3E"
"TRBC12",0,1.12790863017515,0.474,0.108,0,"2","TRBC1"
"HOPX1",0,1.10700317600279,0.439,0.06,0,"2","HOPX"
"CD3G2",0,1.1022350763954,0.493,0.118,0,"2","CD3G"
"TRBC22",0,1.1020285079707,0.544,0.156,0,"2","TRBC2"
"ETS14",0,1.08628862788634,0.591,0.168,0,"2","ETS1"
"GZMK",0,1.05019009067443,0.261,0.035,0,"2","GZMK"
"CD23",0,1.0404217090622,0.499,0.132,0,"2","CD2"
"CD694",0,1.0288015297728,0.52,0.16,0,"2","CD69"
"IL7R3",0,1.01551305479182,0.49,0.202,0,"2","IL7R"
"RORA2",0,1.01109825728875,0.469,0.082,0,"2","RORA"
"TRAC2",0,1.00490648540621,0.469,0.135,0,"2","TRAC"
"CD72",0,0.991957769107915,0.463,0.126,0,"2","CD7"
"SPON21",0,0.971096563677444,0.322,0.037,0,"2","SPON2"
"ARL4C6",0,0.9486016970785,0.746,0.397,0,"2","ARL4C"
"SYNE11",0,0.932866599342988,0.507,0.165,0,"2","SYNE1"
"MYBL1",0,0.89685547500409,0.362,0.03,0,"2","MYBL1"
"TRGC21",0,0.881922522032548,0.31,0.025,0,"2","TRGC2"
"TRDC",0,0.877709484695412,0.256,0.018,0,"2","TRDC"
"SAMD31",0,0.87085115382738,0.397,0.041,0,"2","SAMD3"
"KLRF1",0,0.856655318067934,0.28,0.021,0,"2","KLRF1"
"KLRG1",0,0.827208509239591,0.331,0.033,0,"2","KLRG1"
"CMC1",0,0.807981049266936,0.366,0.15,0,"2","CMC1"
"PPP2R5C1",0,0.795658673375366,0.698,0.503,0,"2","PPP2R5C"
"CCL41",0,0.790173070870239,0.43,0.111,0,"2","CCL4"
"CD8A1",0,0.787793981127391,0.295,0.036,0,"2","CD8A"
"PYHIN11",0,0.780001645846704,0.357,0.038,0,"2","PYHIN1"
"IL2RB",0,0.758612495644651,0.288,0.026,0,"2","IL2RB"
"IL2RG5",0,0.749887357049218,0.568,0.299,0,"2","IL2RG"
"IKZF32",0,0.740852068856966,0.353,0.072,0,"2","IKZF3"
"LCK1",0,0.732219502942782,0.385,0.09,0,"2","LCK"
"CALM12",0,0.727969491460058,0.92,0.875,0,"2","CALM1"
"PIK3R11",0,0.720650503091722,0.551,0.352,0,"2","PIK3R1"
"CLIC31",0,0.720568593702468,0.28,0.043,0,"2","CLIC3"
"MALAT13",0,0.706822793195379,1,0.989,0,"2","MALAT1"
"RARRES32",0,0.697953194780458,0.548,0.314,0,"2","RARRES3"
"C12orf753",0,0.686897795142696,0.421,0.096,0,"2","C12orf75"
"EVL3",0,0.684591242971475,0.555,0.31,0,"2","EVL"
"MATK",0,0.683869523362231,0.301,0.028,0,"2","MATK"
"CXCR44",0,0.680032540091705,0.689,0.471,0,"2","CXCR4"
"STK17A2",0,0.67312896178626,0.422,0.168,0,"2","STK17A"
"SPOCK21",0,0.672144425632216,0.33,0.082,0,"2","SPOCK2"
"CLEC2D2",0,0.670364881935644,0.423,0.168,0,"2","CLEC2D"
"RUNX33",0,0.654742844726533,0.496,0.266,0,"2","RUNX3"
"ABHD17A",0,0.649329339613264,0.564,0.381,0,"2","ABHD17A"
"DUSP26",0,0.646694923233351,0.464,0.252,0,"2","DUSP2"
"AES3",0,0.643332803626733,0.717,0.586,0,"2","AES"
"CD8B1",0,0.641400639935808,0.24,0.041,0,"2","CD8B"
"LYAR1",0,0.640903156395428,0.424,0.189,0,"2","LYAR"
"SLC38A16",0,0.637281328617452,0.38,0.141,0,"2","SLC38A1"
"SKAP12",0,0.633698626913552,0.332,0.064,0,"2","SKAP1"
"RASGRP11",0,0.617829944485968,0.312,0.07,0,"2","RASGRP1"
"SRSF75",0,0.608070232320277,0.747,0.624,0,"2","SRSF7"
"CD814",0,0.584976017585826,0.509,0.297,0,"2","CD81"
"PRKCH",0,0.583940060940142,0.314,0.07,0,"2","PRKCH"
"HCST",0,0.582639833529105,0.836,0.781,0,"2","HCST"
"SLFN51",0,0.575853087800948,0.41,0.205,0,"2","SLFN5"
"ADGRG1",0,0.571320502874286,0.24,0.016,0,"2","ADGRG1"
"PTPN4",0,0.560529952589115,0.325,0.097,0,"2","PTPN4"
"SEPT71",0,0.55437536951273,0.73,0.643,0,"2","SEPT7"
"TGFBR3",0,0.553782833466787,0.257,0.022,0,"2","TGFBR3"
"CEP78",0,0.545863866353387,0.266,0.065,0,"2","CEP78"
"BCL11B2",0,0.538379972630677,0.304,0.086,0,"2","BCL11B"
"LBH2",0,0.533713701584466,0.299,0.084,0,"2","LBH"
"C1orf211",0,0.530116071780522,0.238,0.028,0,"2","C1orf21"
"ZAP70",0,0.522922122978668,0.269,0.046,0,"2","ZAP70"
"CD961",0,0.522285214875471,0.271,0.057,0,"2","CD96"
"GIMAP71",0,0.519831023866656,0.505,0.315,0,"2","GIMAP7"
"OPTN1",0,0.500202945464963,0.29,0.086,0,"2","OPTN"
"TMEM2",0,0.482466151278111,0.324,0.16,0,"2","TMEM2"
"LAT3",0,0.475450890950139,0.294,0.092,0,"2","LAT"
"AC092580.4",0,0.464112959397888,0.212,0.023,0,"2","AC092580.4"
"RPS35",0,0.464015626164645,0.995,0.987,0,"2","RPS3"
"LINC008611",0,0.462523965626711,0.256,0.066,0,"2","LINC00861"
"CD2261",0,0.453489346867735,0.215,0.047,0,"2","CD226"
"HLA-C1",0,0.453239530888717,0.978,0.968,0,"2","HLA-C"
"ITM2A3",0,0.444175799662903,0.233,0.062,0,"2","ITM2A"
"RPL316",0,0.441543026854681,0.993,0.983,0,"2","RPL3"
"CCND21",0,0.439353045314066,0.28,0.112,0,"2","CCND2"
"STAT4",0,0.431353998871269,0.219,0.036,0,"2","STAT4"
"TC2N1",0,0.428871442986781,0.224,0.053,0,"2","TC2N"
"GBP5",0,0.410616165517667,0.283,0.117,0,"2","GBP5"
"SYTL31",0,0.410005815206827,0.264,0.097,0,"2","SYTL3"
"RPSA5",0,0.394358642524344,0.95,0.929,0,"2","RPSA"
"HLA-E1",0,0.386801988620055,0.945,0.945,0,"2","HLA-E"
"FKBP111",0,0.379857467864517,0.22,0.073,0,"2","FKBP11"
"RPL23A4",0,0.375077758798947,0.992,0.979,0,"2","RPL23A"
"CBLB",0,0.373618347643142,0.238,0.091,0,"2","CBLB"
"C5orf561",0,0.370597472684544,0.275,0.125,0,"2","C5orf56"
"BIN13",0,0.364267297683975,0.259,0.117,0,"2","BIN1"
"HLA-A",0,0.360406341539546,0.978,0.977,0,"2","HLA-A"
"PTPN7",0,0.359486905125066,0.253,0.103,0,"2","PTPN7"
"CHST122",0,0.351569649682711,0.235,0.084,0,"2","CHST12"
"TNRC6C",0,0.344596630574254,0.202,0.066,0,"2","TNRC6C"
"TFDP21",0,0.340995588139263,0.219,0.083,0,"2","TFDP2"
"B2M1",0,0.331056998648068,1,1,0,"2","B2M"
"RPS27A4",0,0.301390708759301,0.998,0.995,0,"2","RPS27A"
"ACAP11",2.13580045037947e-306,0.463928636278083,0.422,0.245,6.0206078895747e-302,"2","ACAP1"
"ATM2",2.70163840627565e-305,0.571902051468207,0.618,0.462,7.61564850345043e-301,"2","ATM"
"ZFP36L2",3.66954127801259e-301,0.428662974529788,0.867,0.807,1.03440699085897e-296,"2","ZFP36L2"
"BTG12",5.80983437009011e-298,0.332491947598315,0.932,0.918,1.6377342105847e-293,"2","BTG1"
"PRDM12",4.30814275221441e-297,0.328518648622869,0.229,0.097,1.21442236042172e-292,"2","PRDM1"
"ZCCHC113",7.88460784639815e-296,0.461699035711906,0.359,0.192,2.22259210582117e-291,"2","ZCCHC11"
"MYL12A4",7.57482412724222e-290,0.378528134987414,0.868,0.856,2.13526717322831e-285,"2","MYL12A"
"PDE4D1",1.31495295806516e-289,0.300397731469359,0.205,0.083,3.70672089348987e-285,"2","PDE4D"
"ODF2L",4.29432956457119e-288,0.371198344236763,0.261,0.122,1.21052856095697e-283,"2","ODF2L"
"ISG203",3.02090103937279e-284,0.441959824292924,0.365,0.2,8.51561793988795e-280,"2","ISG20"
"MGAT4A1",1.76189540959805e-279,0.417866648858695,0.357,0.193,4.96660697011594e-275,"2","MGAT4A"
"BTN3A22",4.79182433329916e-278,0.45392623999985,0.397,0.231,1.3507673613137e-273,"2","BTN3A2"
"TCF72",4.09959281554028e-277,0.379113831434234,0.272,0.13,1.15563421877265e-272,"2","TCF7"
"HIST1H1D3",1.2353355041006e-275,0.537013530417972,0.391,0.225,3.48228725250917e-271,"2","HIST1H1D"
"RNF125",6.01353855184626e-275,0.425401621133758,0.374,0.209,1.69515638237994e-270,"2","RNF125"
"AAK1",4.68183139057298e-273,0.486215155788378,0.554,0.389,1.31976145068862e-268,"2","AAK1"
"PLEKHA1",1.22095694788199e-269,0.334554634091996,0.235,0.107,3.44175554038454e-265,"2","PLEKHA1"
"OCIAD22",1.69639900500143e-268,0.330509233894894,0.21,0.091,4.78197915519852e-264,"2","OCIAD2"
"MLLT6",3.66771834991612e-265,0.410635679176609,0.342,0.188,1.03389312565785e-260,"2","MLLT6"
"APMAP1",1.81933006723334e-255,0.377724915537895,0.296,0.155,5.12850952652407e-251,"2","APMAP"
"C1orf561",7.8350594081985e-253,0.566219956198156,0.377,0.224,2.20862489657707e-248,"2","C1orf56"
"APOBEC3G2",7.97806950542085e-240,0.406521030068946,0.305,0.166,2.24893801288308e-235,"2","APOBEC3G"
"HIST1H1E2",1.8117975998021e-238,0.527675044220521,0.467,0.309,5.10727625408213e-234,"2","HIST1H1E"
"TBC1D10C2",7.15186214656525e-236,0.41519787360976,0.387,0.232,2.01603842049528e-231,"2","TBC1D10C"
"DDX244",1.00771355573808e-235,0.484180253909688,0.62,0.48,2.84064374227008e-231,"2","DDX24"
"C9orf1421",9.80310644722305e-232,0.449309197436043,0.477,0.316,2.76339767640771e-227,"2","C9orf142"
"CH17-189H20.1",6.43636254968627e-230,0.336955098664088,0.328,0.18,1.81434623913106e-225,"2","CH17-189H20.1"
"GYPC2",1.83677225799405e-228,0.440342072701542,0.421,0.266,5.17767731805944e-224,"2","GYPC"
"CD992",2.42057921744321e-226,0.448616828101106,0.685,0.579,6.82337075605067e-222,"2","CD99"
"LTB4",1.23363053726326e-225,0.580001169245818,0.5,0.346,3.47748112149141e-221,"2","LTB"
"PRKACB",9.01598326162045e-219,0.35153744804359,0.286,0.154,2.54151552161819e-214,"2","PRKACB"
"PLAC82",1.03816701084276e-213,0.353414286380978,0.609,0.441,2.92648898686465e-209,"2","PLAC8"
"DIP2A",1.21333415613352e-208,0.390335664898881,0.343,0.203,3.42026765272478e-204,"2","DIP2A"
"CCSER2",1.61761213754015e-207,0.385122992629448,0.316,0.182,4.55988685451193e-203,"2","CCSER2"
"ARGLU12",1.00193099359168e-206,0.473665024238346,0.735,0.657,2.82434327783557e-202,"2","ARGLU1"
"RNF213",1.86088327602642e-204,0.416033223606156,0.732,0.665,5.24564386679089e-200,"2","RNF213"
"FYN",9.1739476885127e-203,0.454743012057178,0.568,0.434,2.58604411391484e-198,"2","FYN"
"RP11-489E7.4",1.43845039331461e-201,0.461440113765271,0.416,0.27,4.05484781371456e-197,"2","RP11-489E7.4"
"MACF12",1.36546054630892e-199,0.505421764057852,0.583,0.462,3.84909673399021e-195,"2","MACF1"
"BTN3A1",1.52922976246513e-199,0.323736118453126,0.247,0.128,4.31074577741296e-195,"2","BTN3A1"
"PCSK7",2.30071670705421e-199,0.473392421404813,0.49,0.351,6.48549032551511e-195,"2","PCSK7"
"CYFIP22",5.26191517882368e-198,0.332421114418472,0.311,0.178,1.48328126975861e-193,"2","CYFIP2"
"FUS1",8.71244720850167e-185,0.427709377913966,0.738,0.689,2.45595174360454e-180,"2","FUS"
"MBP1",5.53746447007437e-178,0.433664476726596,0.585,0.47,1.56095585946926e-173,"2","MBP"
"ATP2B41",2.09598697759792e-173,0.318187981219509,0.32,0.192,5.90837769115078e-169,"2","ATP2B4"
"LITAF2",3.92849407501133e-171,0.36542731380746,0.64,0.543,1.10740319480495e-166,"2","LITAF"
"TSPYL21",1.86599193487475e-170,0.363231708929166,0.253,0.141,5.26004466521844e-166,"2","TSPYL2"
"PBXIP1",2.1697278251178e-165,0.348069507416836,0.252,0.142,6.11624576622458e-161,"2","PBXIP1"
"HLA-F",6.12122464523506e-160,0.439495506890105,0.627,0.527,1.72551201524531e-155,"2","HLA-F"
"KIAA1551",1.98037100136572e-157,0.43175916508824,0.56,0.444,5.58246781574982e-153,"2","KIAA1551"
"PARP8",1.41681788569842e-154,0.359114166744471,0.446,0.313,3.99386793799527e-150,"2","PARP8"
"HIST1H4C5",3.02359677475822e-154,0.455975020746609,0.42,0.3,8.52321694836594e-150,"2","HIST1H4C"
"CDC42SE21",8.65158321756671e-152,0.415780946277492,0.568,0.455,2.43879479319988e-147,"2","CDC42SE2"
"CCDC88C1",2.97567314138279e-151,0.327825136306012,0.353,0.227,8.38812501824394e-147,"2","CCDC88C"
"SPTAN1",5.46585467805789e-151,0.33756435207161,0.35,0.228,1.54076977519774e-146,"2","SPTAN1"
"NCL2",3.97335095235146e-149,0.395984940028251,0.767,0.74,1.12004789995835e-144,"2","NCL"
"SYNRG",5.23445511343634e-148,0.346675781881513,0.345,0.226,1.47554055192657e-143,"2","SYNRG"
"PIP4K2A2",6.13333289931625e-147,0.386180645174109,0.491,0.375,1.72892521098826e-142,"2","PIP4K2A"
"JAK11",7.41865503045284e-146,0.409419640520677,0.686,0.646,2.09124466653435e-141,"2","JAK1"
"SUN21",1.31434198522887e-145,0.37462979121597,0.467,0.343,3.70499862216167e-141,"2","SUN2"
"RBM39",2.0375363334569e-145,0.320162481203144,0.834,0.836,5.74361117038165e-141,"2","RBM39"
"FAM107B2",8.12345256236723e-144,0.37829105726231,0.566,0.451,2.2899200428057e-139,"2","FAM107B"
"CNOT6L",5.31585460434292e-142,0.374367834605168,0.431,0.309,1.49848625441823e-137,"2","CNOT6L"
"EPB41",2.47929015937008e-141,0.382965529431799,0.382,0.262,6.98887103024831e-137,"2","EPB41"
"UBB3",2.39369987632046e-140,0.303957151253341,0.788,0.771,6.74760058135973e-136,"2","UBB"
"ARPC5L1",3.97496929248744e-139,0.335450918958605,0.357,0.241,1.12050409385929e-134,"2","ARPC5L"
"RSRP1",5.64783820071126e-139,0.357242871607098,0.736,0.694,1.5920691103985e-134,"2","RSRP1"
"ANKRD121",1.5589431241451e-137,0.381894826484999,0.653,0.564,4.39450477265264e-133,"2","ANKRD12"
"GCC22",2.29360987702575e-137,0.397160307108742,0.459,0.34,6.46545688234789e-133,"2","GCC2"
"PIK3IP11",9.29214330518285e-135,0.312706373094892,0.285,0.176,2.61936227629799e-130,"2","PIK3IP1"
"KIF2A1",3.65118990313508e-133,0.307447430445551,0.35,0.235,1.02923392179475e-128,"2","KIF2A"
"RNF19A",3.77341296587584e-130,0.346208954174579,0.372,0.255,1.06368738095074e-125,"2","RNF19A"
"GNPTAB1",4.34769136773698e-129,0.337505654028224,0.359,0.247,1.22557071965138e-124,"2","GNPTAB"
"HNRNPH1",6.03137444714752e-129,0.351342601861325,0.793,0.764,1.70018414290641e-124,"2","HNRNPH1"
"TSTD16",4.55251865411005e-126,0.321852445944505,0.309,0.201,1.28330948340708e-121,"2","TSTD1"
"EML41",3.22457746190925e-125,0.378524823433748,0.386,0.274,9.08976140737598e-121,"2","EML4"
"FAM65B2",1.80462630222167e-121,0.316138224093768,0.73,0.656,5.08706108333266e-117,"2","FAM65B"
"PRDX23",1.28751227204168e-118,0.326828542479862,0.37,0.258,3.6293683436583e-114,"2","PRDX2"
"ITGB12",1.09125921618245e-117,0.440493341177169,0.623,0.563,3.07615060449669e-113,"2","ITGB1"
"TRAF3IP32",2.8036758516898e-117,0.378493899148461,0.529,0.423,7.90328185832837e-113,"2","TRAF3IP3"
"KMT2A2",5.61546281437923e-110,0.346325236990177,0.468,0.362,1.58294281274536e-105,"2","KMT2A"
"ITGAL1",1.33938387995586e-105,0.301595478018104,0.511,0.398,3.77558921920758e-101,"2","ITGAL"
"CDC42SE1",2.66749580754622e-105,0.412454912445099,0.605,0.525,7.51940393189205e-101,"2","CDC42SE1"
"AKNA",2.80772132554637e-101,0.356974903569086,0.477,0.379,7.91468564458266e-97,"2","AKNA"
"DDX6",5.10975965206832e-100,0.372786642992925,0.535,0.445,1.44039014832154e-95,"2","DDX6"
"CALR4",6.69465756234869e-99,0.333057195999864,0.647,0.575,1.88715702025047e-94,"2","CALR"
"PDCD41",1.64759213954721e-98,0.371065845966722,0.524,0.43,4.64439748216963e-94,"2","PDCD4"
"CIRBP3",2.44130074790214e-97,0.310303870856083,0.715,0.683,6.88178267826134e-93,"2","CIRBP"
"STK4",4.45600777300956e-96,0.310371507777443,0.689,0.637,1.25610403113367e-91,"2","STK4"
"PRMT23",1.45334804783159e-95,0.336738235185784,0.515,0.422,4.09684281203246e-91,"2","PRMT2"
"PNISR2",1.7628144514236e-95,0.307933315353064,0.732,0.704,4.96919765711798e-91,"2","PNISR"
"SEPT66",3.12113419290899e-91,0.301052296424616,0.444,0.342,8.79816517639116e-87,"2","SEPT6"
"CASP8",5.07937944132696e-90,0.311677096932489,0.386,0.288,1.43182627071566e-85,"2","CASP8"
"HIST1H1C2",5.03479771885994e-89,0.316660269561816,0.314,0.222,1.41925912896943e-84,"2","HIST1H1C"
"PRPF4B1",1.06283627143507e-88,0.353721156237857,0.562,0.479,2.99602916554833e-84,"2","PRPF4B"
"PNN2",1.46863983756202e-88,0.354602419664615,0.614,0.546,4.13994883810359e-84,"2","PNN"
"TNRC6B2",5.98582409918476e-86,0.329617349326199,0.599,0.527,1.68734395531919e-81,"2","TNRC6B"
"NKTR1",1.25887347615833e-85,0.348379806950089,0.601,0.528,3.54863844194271e-81,"2","NKTR"
"GLTSCR22",2.50373630980324e-85,0.312791521464957,0.706,0.645,7.05778228370437e-81,"2","GLTSCR2"
"PSIP11",6.59504936319111e-85,0.31873622694181,0.379,0.285,1.85907846498994e-80,"2","PSIP1"
"VAMP2",7.19957130057334e-83,0.302755254393828,0.604,0.548,2.02948715391862e-78,"2","VAMP2"
"MPHOSPH81",2.20397495209277e-81,0.327550682259496,0.493,0.406,6.21278499245431e-77,"2","MPHOSPH8"
"ADD3",1.18752744376739e-72,0.301652045330159,0.527,0.446,3.3475211112359e-68,"2","ADD3"
"EIF4A2",2.63732477075652e-70,0.303493615347959,0.686,0.656,7.43435479628557e-66,"2","EIF4A2"
"ATRX1",9.36690960996085e-68,0.307589389158973,0.606,0.549,2.64043814995186e-63,"2","ATRX"
"NUCKS14",1.81041160387931e-65,0.302599905443715,0.557,0.494,5.10336927017538e-61,"2","NUCKS1"
"LRRC75A",2.1182607423559e-34,0.304801989790877,0.226,0.178,5.97116520662704e-30,"2","LRRC75A"
"RP11-620J15.3",0,2.39442309347449,0.84,0.067,0,"20","RP11-620J15.3"
"SPINK2",0,2.15296326426695,0.585,0.006,0,"20","SPINK2"
"STMN14",0,1.91505213944492,0.904,0.09,0,"20","STMN1"
"KIAA01252",0,1.85797335893532,0.66,0.015,0,"20","KIAA0125"
"PRSS57",0,1.84102541101416,0.745,0.005,0,"20","PRSS57"
"CYTL1",0,1.56593138657747,0.617,0.003,0,"20","CYTL1"
"GATA21",0,1.3003276073132,0.543,0.003,0,"20","GATA2"
"SMIM24",0,1.2454012055215,0.606,0,0,"20","SMIM24"
"MYB",0,1.24044691229857,0.649,0.016,0,"20","MYB"
"EGFL7",0,1.18004952503845,0.585,0.009,0,"20","EGFL7"
"RP11-354E11.2",0,1.12701966558939,0.404,0,0,"20","RP11-354E11.2"
"NGFRAP1",0,1.07500495985906,0.644,0.026,0,"20","NGFRAP1"
"LAPTM4B",0,1.03847600447245,0.532,0.008,0,"20","LAPTM4B"
"PCDH91",0,1.03194520925875,0.436,0.01,0,"20","PCDH9"
"NPR3",0,1.01393011416323,0.489,0.001,0,"20","NPR3"
"CD34",0,0.991156008423083,0.543,0.001,0,"20","CD34"
"PBX1",0,0.939252916116567,0.479,0.006,0,"20","PBX1"
"BEX2",0,0.932397631503219,0.596,0.04,0,"20","BEX2"
"FHL1",0,0.869419778580512,0.441,0.019,0,"20","FHL1"
"HPGDS1",0,0.807230993037517,0.383,0.004,0,"20","HPGDS"
"MSRB3",0,0.805917288132169,0.489,0.011,0,"20","MSRB3"
"MED12L",0,0.791751972230356,0.436,0.005,0,"20","MED12L"
"ZNF385D",0,0.784613505510008,0.415,0.002,0,"20","ZNF385D"
"CRHBP",0,0.78244799774194,0.362,0.003,0,"20","CRHBP"
"TFPI",0,0.768785513233507,0.404,0.015,0,"20","TFPI"
"CPA31",0,0.763395878086284,0.293,0.003,0,"20","CPA3"
"CNRIP11",0,0.757190177568463,0.309,0.005,0,"20","CNRIP1"
"DPPA4",0,0.751005581608764,0.447,0.005,0,"20","DPPA4"
"ANGPT1",0,0.720900127403503,0.404,0.011,0,"20","ANGPT1"
"EMID1",0,0.713332653026169,0.436,0,0,"20","EMID1"
"HEMGN",0,0.712923943534102,0.351,0.002,0,"20","HEMGN"
"HOXA9",0,0.697277106782127,0.314,0.006,0,"20","HOXA9"
"IGLL1",0,0.678621432044166,0.207,0.001,0,"20","IGLL1"
"HOXA10",0,0.675681838657606,0.399,0.005,0,"20","HOXA10"
"CCDC171",0,0.640849503697168,0.378,0.013,0,"20","CCDC171"
"ZNF711",0,0.634972331592297,0.394,0.004,0,"20","ZNF711"
"AKR1C3",0,0.606169267410259,0.441,0.015,0,"20","AKR1C3"
"BAALC",0,0.59558984051543,0.303,0.002,0,"20","BAALC"
"IGSF10",0,0.588966380659531,0.351,0.004,0,"20","IGSF10"
"HACD1",0,0.587756367880262,0.404,0.011,0,"20","HACD1"
"ST8SIA6",0,0.585908930702348,0.356,0.004,0,"20","ST8SIA6"
"ZNF521",0,0.536305139507745,0.356,0.005,0,"20","ZNF521"
"ERG",0,0.521120597196235,0.33,0.001,0,"20","ERG"
"DEPTOR",0,0.515992599353979,0.356,0.012,0,"20","DEPTOR"
"CPXM1",0,0.50505235411936,0.293,0.001,0,"20","CPXM1"
"AP001171.1",0,0.502155917754836,0.266,0,0,"20","AP001171.1"
"PTRF",0,0.498425454711703,0.314,0,0,"20","PTRF"
"FAM69B",0,0.489217992763416,0.356,0.002,0,"20","FAM69B"
"SERPINE2",0,0.488387557815991,0.335,0.006,0,"20","SERPINE2"
"KIT1",0,0.475821037946528,0.271,0.006,0,"20","KIT"
"AC002454.1",0,0.471797499681746,0.234,0,0,"20","AC002454.1"
"CEP70",0,0.451193341937249,0.314,0.008,0,"20","CEP70"
"HTR1F",0,0.441143532835248,0.298,0.001,0,"20","HTR1F"
"MEIS1",0,0.414152023836761,0.298,0.002,0,"20","MEIS1"
"WBP5",0,0.399224073924811,0.309,0.01,0,"20","WBP5"
"PRKG2",0,0.388555550639957,0.245,0.001,0,"20","PRKG2"
"TAL1",0,0.364235277722288,0.25,0.001,0,"20","TAL1"
"MEST",0,0.35874422015145,0.266,0.006,0,"20","MEST"
"MMRN1",0,0.350589329602578,0.207,0.003,0,"20","MMRN1"
"CMBL",0,0.348045197935513,0.287,0.005,0,"20","CMBL"
"NT5M",0,0.338168509129468,0.213,0.004,0,"20","NT5M"
"TFR2",0,0.316218968737338,0.207,0.004,0,"20","TFR2"
"KLHL23",0,0.303899214602137,0.218,0.003,0,"20","KLHL23"
"CASC15",0,0.302406096118952,0.207,0.005,0,"20","CASC15"
"SDPR",1.13772863441138e-302,0.408538556915595,0.282,0.01,3.20714324754225e-298,"20","SDPR"
"CDK6",2.50826658785541e-296,2.54485625585989,0.936,0.127,7.07055268450561e-292,"20","CDK6"
"C2orf88",1.26640376717551e-288,0.351791204349551,0.218,0.006,3.56986557929104e-284,"20","C2orf88"
"GUCY1A3",1.09278524645358e-272,0.594818035328193,0.378,0.019,3.08045233122799e-268,"20","GUCY1A3"
"MDK",1.33485778178309e-259,0.555736185876409,0.287,0.012,3.76283060106836e-255,"20","MDK"
"TFDP22",7.39223857060796e-256,1.28749606782123,0.803,0.094,2.08379813066868e-251,"20","TFDP2"
"TSC22D1",1.58701264405764e-249,1.36187082415712,0.681,0.068,4.47362994233409e-245,"20","TSC22D1"
"PKIG1",4.39797771520998e-247,0.633549553456184,0.372,0.02,1.23974593814054e-242,"20","PKIG"
"MAP7",1.21381978763432e-246,0.595828392543459,0.436,0.028,3.42163659936238e-242,"20","MAP7"
"TESPA1",6.59776301215781e-238,0.930288842545679,0.569,0.049,1.85984341549717e-233,"20","TESPA1"
"TRIM58",1.82242663125283e-236,0.425210141861472,0.335,0.017,5.1372384308386e-232,"20","TRIM58"
"SOCS2",5.20847486346208e-235,0.577362315638,0.447,0.03,1.46821697926133e-230,"20","SOCS2"
"MYL6B1",5.31301130331218e-229,0.860573074467284,0.633,0.063,1.49768475629067e-224,"20","MYL6B"
"RP11-25K19.1",2.71497322897496e-227,0.338431527479275,0.234,0.009,7.6532380351575e-223,"20","RP11-25K19.1"
"ZSCAN18",5.99512769555652e-203,0.527054356810764,0.388,0.026,1.68996654610043e-198,"20","ZSCAN18"
"F2R",6.87623659942732e-202,0.442634220293971,0.367,0.024,1.93834233501257e-197,"20","F2R"
"PAWR1",1.88402303489782e-197,0.415463758682943,0.271,0.014,5.31087253307346e-193,"20","PAWR"
"EBPL1",2.24086190775294e-184,1.31493367911645,0.824,0.138,6.31676563176476e-180,"20","EBPL"
"MSI21",2.61406259478561e-183,1.46424981242771,0.824,0.14,7.36878104844115e-179,"20","MSI2"
"MTURN1",8.84919684131562e-182,1.03712236325625,0.697,0.093,2.49450009759846e-177,"20","MTURN"
"RP11-367G6.3",2.60846357315379e-179,0.351094566599619,0.271,0.015,7.35299796636323e-175,"20","RP11-367G6.3"
"ISYNA1",7.0135088117229e-177,0.372032431014003,0.314,0.02,1.97703799893657e-172,"20","ISYNA1"
"FAM117A",3.69527196174075e-173,1.32946551633877,0.718,0.107,1.0416602132951e-168,"20","FAM117A"
"SOX12",9.5349870792541e-170,0.336538479381517,0.255,0.014,2.68781750777094e-165,"20","SOX12"
"GNAI11",3.22435666319927e-168,0.363084601152473,0.218,0.01,9.08913899789243e-164,"20","GNAI1"
"C21orf58",8.06940752409591e-161,0.328837938539929,0.229,0.012,2.2746852869674e-156,"20","C21orf58"
"CDC42BPA",4.73431129051834e-158,0.39451874195224,0.245,0.014,1.33455500968422e-153,"20","CDC42BPA"
"NUCB23",8.13870554742339e-157,1.48450119299544,0.84,0.167,2.29421970676318e-152,"20","NUCB2"
"MLLT3",4.98607709120012e-154,0.689163114165336,0.511,0.057,1.4055252712384e-149,"20","MLLT3"
"RP11-382A20.3",1.68541408057787e-152,0.41766505273758,0.319,0.023,4.75101375174097e-148,"20","RP11-382A20.3"
"ZNF793",2.92358687130395e-151,0.356806735748684,0.202,0.01,8.24129903151871e-147,"20","ZNF793"
"NREP1",5.94886426757957e-149,0.792801575059725,0.59,0.079,1.67692534838801e-144,"20","NREP"
"ACSM3",2.24323095297851e-146,0.430346451538259,0.271,0.018,6.32344373335113e-142,"20","ACSM3"
"C1orf1861",2.55649031676519e-145,0.349386076198889,0.234,0.013,7.2064905539294e-141,"20","C1orf186"
"SOX42",1.49902820176197e-143,2.68287389248981,0.952,0.294,4.22561059794683e-139,"20","SOX4"
"ZNF667-AS1",2.45109780849219e-142,0.344595013025422,0.218,0.012,6.90939961235863e-138,"20","ZNF667-AS1"
"TMEM220",2.6325119002598e-138,0.340558893436398,0.277,0.019,7.42078779564234e-134,"20","TMEM220"
"FBXW9",8.95234061221924e-138,0.30580857070341,0.282,0.02,2.52357529517848e-133,"20","FBXW9"
"RHOBTB3",1.59026080847354e-136,0.360165839679587,0.261,0.018,4.48278619300606e-132,"20","RHOBTB3"
"C1orf212",3.39884198821164e-135,0.47374901382601,0.436,0.047,9.58099568056979e-131,"20","C1orf21"
"ZBED3",9.83614395337582e-132,0.488913421611247,0.399,0.041,2.77271061901711e-127,"20","ZBED3"
"HLTF1",2.53648104022415e-131,0.558525904663852,0.426,0.047,7.15008640428786e-127,"20","HLTF"
"GPSM2",1.61685318988675e-130,0.525824826790653,0.394,0.04,4.55774745697177e-126,"20","GPSM2"
"TSPAN2",4.69844056846618e-130,0.63188188481384,0.404,0.043,1.32444341184493e-125,"20","TSPAN2"
"SLC40A1",2.61594234511319e-128,1.59106709897364,0.691,0.131,7.37407987663958e-124,"20","SLC40A1"
"MINPP1",8.77699321109028e-127,0.476154122478928,0.34,0.032,2.47414661627424e-122,"20","MINPP1"
"CD821",3.09439902775816e-124,0.826002562714146,0.638,0.105,8.72280141934748e-120,"20","CD82"
"TEC",3.07205435757049e-123,0.440183675026899,0.335,0.031,8.65981402855544e-119,"20","TEC"
"GCSH",7.16604797629221e-122,0.513686831449901,0.404,0.045,2.02003726403701e-117,"20","GCSH"
"CENPU",3.55831217276931e-121,0.361639413876017,0.277,0.022,1.00305261838194e-116,"20","CENPU"
"GAMT",2.35000147423033e-119,0.30470558547623,0.287,0.024,6.62441915570788e-115,"20","GAMT"
"GDF11",1.90230870019601e-117,0.366650198220278,0.266,0.021,5.36241799498253e-113,"20","GDF11"
"BCL7A2",7.73289705244059e-117,0.617018738966002,0.441,0.055,2.17982635011248e-112,"20","BCL7A"
"LXN",1.30030031279622e-116,0.352061166744313,0.277,0.023,3.66541655174125e-112,"20","LXN"
"HMGN5",8.0589589154691e-114,0.335713475283172,0.271,0.022,2.27173992868158e-109,"20","HMGN5"
"ITM2A4",2.08847637920289e-113,0.6718964370603,0.521,0.077,5.88720606533503e-109,"20","ITM2A"
"CCNB1IP12",7.33892666802122e-111,0.722023731580925,0.58,0.096,2.0687700384485e-106,"20","CCNB1IP1"
"CCDC34",4.71346554813994e-110,0.344515452019614,0.207,0.014,1.32867880336517e-105,"20","CCDC34"
"KDM5B",6.29866118751534e-108,0.618978621877018,0.564,0.091,1.7755296021487e-103,"20","KDM5B"
"RPS4X6",8.55447664497396e-107,1.64295461172291,0.995,0.984,2.41142142145171e-102,"20","RPS4X"
"SLC39A3",3.1193970991766e-106,0.714154500789727,0.585,0.101,8.79326848286891e-102,"20","SLC39A3"
"FAM216A",9.04573136640131e-106,0.311966275340187,0.282,0.025,2.54990121487486e-101,"20","FAM216A"
"ZNRF11",7.28869640982538e-104,0.657624039353946,0.457,0.065,2.05461063096568e-99,"20","ZNRF1"
"RPS36",2.29137422127182e-101,1.36027289177198,0.995,0.988,6.45915479234313e-97,"20","RPS3"
"SNHG19",1.08006712503257e-100,0.605023940342875,0.463,0.068,3.04460121875432e-96,"20","SNHG19"
"NPM13",2.2303063196996e-100,1.81855272470734,0.989,0.788,6.28701048460119e-96,"20","NPM1"
"RPL317",4.69457603721845e-100,1.33262751957091,0.995,0.984,1.32335403913151e-95,"20","RPL3"
"RPLP05",1.96264134639143e-99,1.41667712575188,0.995,0.939,5.53248969134281e-95,"20","RPLP0"
"PRKACB1",3.74407671384491e-99,0.991286968133446,0.723,0.164,1.05541778486574e-94,"20","PRKACB"
"NPDC1",4.19032551350233e-99,0.349366770067881,0.239,0.02,1.18121085900117e-94,"20","NPDC1"
"ZNF221",5.3434430063809e-99,0.812274689694595,0.691,0.151,1.50626314906871e-94,"20","ZNF22"
"SEPT111",7.41938553418691e-99,0.878649934871514,0.58,0.109,2.09145058823195e-94,"20","SEPT11"
"RPS234",1.27625026926449e-96,1.15788620504697,0.995,0.994,3.59762188402967e-92,"20","RPS23"
"ITM2C3",3.26177288767759e-96,0.650778348233221,0.489,0.077,9.19461159307436e-92,"20","ITM2C"
"SNHG72",4.47480060697228e-96,1.6118650982353,0.846,0.278,1.26140154309942e-91,"20","SNHG7"
"RPS64",5.04243579275177e-96,1.26662885918039,0.995,0.99,1.4214122256188e-91,"20","RPS6"
"RPS185",4.90073664908173e-94,1.23790167246775,0.995,0.996,1.38146865400965e-89,"20","RPS18"
"LDHB3",6.31925019579262e-94,1.59590300674545,0.926,0.441,1.78133343769198e-89,"20","LDHB"
"ANKRD282",7.58210088226238e-94,1.42178284291732,0.835,0.254,2.13731841770094e-89,"20","ANKRD28"
"RPS125",1.45890424688425e-93,1.07070607587213,0.995,0.997,4.11250518154203e-89,"20","RPS12"
"RPL55",6.23173615491038e-93,1.36821722107097,0.995,0.971,1.75666410470769e-88,"20","RPL5"
"ZNF439",1.93416294835971e-92,0.344701083127711,0.277,0.028,5.4522119351312e-88,"20","ZNF439"
"RPS3A4",2.32555879271865e-92,1.13828177600921,0.995,0.993,6.55551768079461e-88,"20","RPS3A"
"PDLIM13",2.77573673068584e-92,0.493919048291743,0.378,0.05,7.82452427013032e-88,"20","PDLIM1"
"GNB2L11",7.43117481713653e-92,1.19286564652692,0.995,0.9,2.09477386920262e-87,"20","GNB2L1"
"DDAH23",4.09801229345819e-91,1.05364321978155,0.793,0.217,1.15518868540293e-86,"20","DDAH2"
"PXMP2",1.33113495230702e-90,0.319917345798345,0.287,0.03,3.75233631705825e-86,"20","PXMP2"
"EEF1B26",4.98683104611237e-90,1.49106900101401,0.995,0.904,1.40573780358861e-85,"20","EEF1B2"
"HPGD1",4.23131132989489e-89,0.313816502713038,0.255,0.025,1.19276435078407e-84,"20","HPGD"
"ENOSF1",4.67361927281366e-89,0.420943951226246,0.362,0.047,1.31744653681344e-84,"20","ENOSF1"
"RPL123",1.2047286411194e-88,1.07833801568087,0.995,0.988,3.39600956645148e-84,"20","RPL12"
"RPL7A3",1.48232777665664e-88,1.17994776827755,0.989,0.984,4.17853376961741e-84,"20","RPL7A"
"CD109",7.10751749932661e-88,0.326933759891125,0.277,0.029,2.00353810788518e-83,"20","CD109"
"ZBTB16",6.53518860264665e-87,0.380115806126818,0.324,0.039,1.84220431520006e-82,"20","ZBTB16"
"BEX41",9.29363378939127e-87,0.694135381946513,0.66,0.146,2.61978242889151e-82,"20","BEX4"
"HSP90AB18",1.04628202664864e-86,1.74317806256357,0.979,0.767,2.94936440491984e-82,"20","HSP90AB1"
"HIST3H2A",2.50676213400253e-86,0.493039995256819,0.41,0.061,7.06631177953973e-82,"20","HIST3H2A"
"RPL10A5",2.70093362068224e-86,1.24238217038225,0.995,0.961,7.61366178334116e-82,"20","RPL10A"
"OCIAD23",3.77224608039776e-86,0.62287114890562,0.537,0.101,1.06335844760333e-81,"20","OCIAD2"
"RPL154",1.47137330571849e-85,0.894692920208079,0.995,0.988,4.14765421148984e-81,"20","RPL15"
"CHST123",4.63373501452638e-85,0.571997487300352,0.521,0.097,1.30620356324484e-80,"20","CHST12"
"HNRNPA13",5.36561550665699e-85,1.33964719250412,0.989,0.872,1.51251335517154e-80,"20","HNRNPA1"
"RPL184",7.40587250520637e-85,0.880211425997326,0.995,0.989,2.08764140049262e-80,"20","RPL18"
"RPS85",9.583970681516e-85,1.12404105317765,0.995,0.992,2.70162549541254e-80,"20","RPS8"
"CCND22",1.28061342202897e-84,0.798440689993217,0.596,0.126,3.60992117535745e-80,"20","CCND2"
"RPS242",3.02783258446073e-84,0.928060820891161,0.995,0.995,8.53515727233634e-80,"20","RPS24"
"RPL322",8.48695653461742e-84,0.944732841107689,0.995,0.996,2.39238817754331e-79,"20","RPL32"
"RPS214",1.19728729880741e-83,1.13926920569035,1,0.994,3.37503316660822e-79,"20","RPS2"
"C1orf2281",6.85486642996712e-83,0.93824807566305,0.654,0.153,1.93231829794343e-78,"20","C1orf228"
"CLU1",7.65023611091357e-83,0.423037843726672,0.309,0.037,2.15652505730543e-78,"20","CLU"
"RPS73",2.92348010592681e-82,0.957698441098082,1,0.983,8.24099807059708e-78,"20","RPS7"
"ZFAS1",7.66792392655301e-82,1.54222489326836,0.968,0.79,2.16151107565603e-77,"20","ZFAS1"
"CTSW2",8.04006532208595e-82,0.565888948081303,0.59,0.117,2.26641401364281e-77,"20","CTSW"
"C11orf74",1.0118640617524e-81,0.379062527683,0.372,0.053,2.85234360367385e-77,"20","C11orf74"
"RPS57",1.28020536813602e-81,1.27131180305383,0.989,0.936,3.60877091223863e-77,"20","RPS5"
"RPSA6",7.44139091139013e-81,1.25241557435874,0.989,0.931,2.09765368401176e-76,"20","RPSA"
"SEPT67",2.66379697254554e-80,1.28012170332543,0.904,0.351,7.50897728590863e-76,"20","SEPT6"
"RPL291",6.70962834707044e-80,0.966365410291275,1,0.987,1.89137713475569e-75,"20","RPL29"
"RPL262",1.60931025255857e-79,0.900534511723178,0.995,0.991,4.53648467093735e-75,"20","RPL26"
"RPS15A6",2.06456407427397e-79,0.94600972683196,1,0.991,5.8197996689709e-75,"20","RPS15A"
"RPL133",4.38847621672806e-79,0.813242125801497,1,0.998,1.23706756073347e-74,"20","RPL13"
"RPL114",9.34234692362235e-79,0.795761658668196,1,0.995,2.6335141742999e-74,"20","RPL11"
"TARBP11",1.22972157101953e-78,0.589710338458109,0.457,0.081,3.46646213654696e-74,"20","TARBP1"
"MATK1",3.10475927588356e-78,0.408820035210666,0.362,0.052,8.75200592278818e-74,"20","MATK"
"C11orf1",3.9022812527886e-78,0.492698418229738,0.404,0.065,1.10001406234858e-73,"20","C11orf1"
"NME42",4.91396983707106e-78,0.677580059643841,0.569,0.122,1.38519895737196e-73,"20","NME4"
"RPS152",6.36251411907674e-78,0.805227088831901,0.995,0.991,1.79352910502654e-73,"20","RPS15"
"RPL373",8.01918069190369e-77,0.838184365607728,1,0.992,2.26052684524073e-72,"20","RPL37"
"FCER1A5",2.73759811433318e-76,0.811058365375573,0.457,0.08,7.7170153244938e-72,"20","FCER1A"
"SCCPDH",8.82036491711643e-76,0.527795536238917,0.457,0.081,2.48637266648595e-71,"20","SCCPDH"
"RPL35A1",1.06018781935785e-75,0.867140100877872,0.995,0.987,2.98856344398784e-71,"20","RPL35A"
"IMPDH2",1.66478704609528e-75,0.950160682486994,0.644,0.172,4.69286820423797e-71,"20","IMPDH2"
"RPS142",3.43821524861266e-74,0.743277853631319,0.995,0.997,9.69198496431423e-70,"20","RPS14"
"CASP6",5.1482471768914e-74,0.441711616007163,0.335,0.049,1.45123939669392e-69,"20","CASP6"
"RPS27A5",9.03047189649731e-74,0.82416142014359,0.995,0.995,2.54559972290363e-69,"20","RPS27A"
"STRBP3",2.02420041687476e-73,0.489714985354678,0.399,0.066,5.70601855512826e-69,"20","STRBP"
"RAB37",3.60155102831729e-73,0.634488124976428,0.564,0.122,1.01524121937236e-68,"20","RAB37"
"MCTP21",4.59088539232208e-73,0.452397222385425,0.41,0.068,1.29412468324167e-68,"20","MCTP2"
"RPL145",4.8454066009584e-73,0.908752189658572,0.995,0.979,1.36587166674416e-68,"20","RPL14"
"IKZF2",5.3988911619663e-73,0.497846703932294,0.261,0.031,1.52189342964668e-68,"20","IKZF2"
"CLEC11A",4.49392124288199e-72,0.813483854297928,0.463,0.09,1.266791459156e-67,"20","CLEC11A"
"DNAJC9",1.49021349003117e-71,0.477854634335656,0.41,0.071,4.20076280704887e-67,"20","DNAJC9"
"RPL243",3.69014416811927e-71,0.892801225385819,0.995,0.974,1.04021473955114e-66,"20","RPL24"
"IL181",4.95100522072181e-71,0.857396057160779,0.649,0.168,1.39563886166927e-66,"20","IL18"
"RPL37A3",4.96662550448569e-70,0.907240624273257,1,0.987,1.40004206345947e-65,"20","RPL37A"
"LL22NC03-2H8.5",8.99599262071726e-70,0.388436570255462,0.303,0.041,2.53588035985399e-65,"20","LL22NC03-2H8.5"
"PDZD8",1.03625955706079e-69,1.0060846182058,0.67,0.186,2.92111206539866e-65,"20","PDZD8"
"RPL342",1.83589172658512e-69,0.828838032125728,1,0.996,5.17519518807081e-65,"20","RPL34"
"SNHG82",1.89351305325006e-69,1.35363368227122,0.904,0.469,5.3376239458066e-65,"20","SNHG8"
"PAICS",3.65174317716954e-68,0.474286889304326,0.436,0.082,1.02938988421232e-63,"20","PAICS"
"ATP6V0A21",8.77030797462702e-68,0.62794015828363,0.468,0.095,2.47226211496761e-63,"20","ATP6V0A2"
"RPL223",1.32379005268343e-67,0.816910618196421,1,0.969,3.73163177950932e-63,"20","RPL22"
"RPL106",6.95985920628101e-67,0.751977843834736,1,0.998,1.96191471165855e-62,"20","RPL10"
"EPB41L4A-AS1",3.33190919829341e-66,0.873276235091646,0.739,0.241,9.39231883906929e-62,"20","EPB41L4A-AS1"
"PKD2",3.96007371127107e-66,0.316315409041661,0.319,0.047,1.1163051784702e-61,"20","PKD2"
"TPM1",4.24238234278239e-66,0.639472209161674,0.484,0.103,1.19588515860693e-61,"20","TPM1"
"RPL193",1.88189798486802e-65,0.74837734552328,1,0.995,5.30488222954445e-61,"20","RPL19"
"PEBP17",2.52161987125252e-65,0.976690760136208,0.883,0.35,7.10819425507374e-61,"20","PEBP1"
"ARHGAP22",3.35813303019877e-65,0.322972118116331,0.277,0.037,9.46624119882732e-61,"20","ARHGAP22"
"TRIM241",3.80516638570845e-65,0.593989768516395,0.543,0.124,1.07263835246735e-60,"20","TRIM24"
"ATF7IP21",1.34022694294492e-64,0.689733867283691,0.532,0.124,3.77796572946744e-60,"20","ATF7IP2"
"HINT14",1.57743888107348e-64,1.2355387823211,0.968,0.775,4.44664246185803e-60,"20","HINT1"
"SCAI",2.12427941311588e-64,0.340173016431311,0.314,0.047,5.98813123763235e-60,"20","SCAI"
"GYPC3",3.80850541905949e-64,1.04442246807601,0.771,0.279,1.07357959257868e-59,"20","GYPC"
"FAM19A2",6.18386961188264e-64,0.321374049705794,0.239,0.029,1.7431710048936e-59,"20","FAM19A2"
"RAB132",1.33680699873886e-63,0.630096506275702,0.521,0.115,3.76832524874498e-59,"20","RAB13"
"RPL92",1.77033130883541e-63,0.693644757799319,0.995,0.986,4.99038692647614e-59,"20","RPL9"
"LRBA1",3.53900906788541e-63,0.541825698075317,0.473,0.101,9.97611266146219e-59,"20","LRBA"
"PARP13",1.3377747667333e-62,0.735595903308375,0.75,0.24,3.7710532899445e-58,"20","PARP1"
"TSTD17",1.39320669538406e-60,0.751820585084341,0.691,0.21,3.92731035361811e-56,"20","TSTD1"
"RPL305",1.47529407356747e-60,0.682543620034363,0.989,0.995,4.15870646397934e-56,"20","RPL30"
"APEX12",1.59664894023861e-60,1.03399381328917,0.846,0.384,4.50079369763861e-56,"20","APEX1"
"ERMP1",2.04010517926058e-60,0.302107701093174,0.207,0.024,5.75085248981764e-56,"20","ERMP1"
"RPS255",3.08688577794577e-60,0.7395215454064,1,0.983,8.70162231945132e-56,"20","RPS25"
"TCEAL42",3.3000570540273e-60,0.671579811659933,0.617,0.167,9.30253082959755e-56,"20","TCEAL4"
"RPL318",5.25874282139384e-60,0.923602987531479,0.989,0.922,1.48238701392271e-55,"20","RPL31"
"RPL362",6.46285668832423e-60,0.79270415881182,0.995,0.982,1.82181467187172e-55,"20","RPL36"
"ATP2C11",2.27508849029428e-59,0.559729889803975,0.537,0.131,6.41324694529055e-55,"20","ATP2C1"
"MZB12",2.38386895098502e-59,0.340253777465389,0.239,0.031,6.71988818593168e-55,"20","MZB1"
"RPL7",2.7903028956299e-59,0.74173261635915,0.995,0.97,7.86558483249112e-55,"20","RPL7"
"RPL18A3",3.08887045208382e-59,0.761271897027552,0.995,0.991,8.70721691737907e-55,"20","RPL18A"
"CFAP36",7.70926779508816e-59,0.383696217083131,0.34,0.059,2.1731654987574e-54,"20","CFAP36"
"HMGB11",1.34690261176225e-58,0.978699616874948,0.989,0.904,3.79678377229661e-54,"20","HMGB1"
"KCNQ1OT11",1.37333357515787e-58,0.865591424993073,0.511,0.127,3.87129001501251e-54,"20","KCNQ1OT1"
"RPL62",1.58523632005948e-58,0.751366714909898,0.995,0.974,4.46862266261565e-54,"20","RPL6"
"HMGA11",2.1873213660857e-58,0.974468790720713,0.787,0.303,6.16584019885898e-54,"20","HMGA1"
"PAFAH1B31",3.63289278017167e-58,0.516967831921479,0.457,0.1,1.02407614580259e-53,"20","PAFAH1B3"
"NACA2",7.18022748132262e-58,0.709657603739732,1,0.975,2.02403432471003e-53,"20","NACA"
"ATP1B13",9.57203060043236e-58,0.331296787474348,0.34,0.059,2.69825970595588e-53,"20","ATP1B1"
"TSPYL4",1.15333186367767e-57,0.429362498832496,0.356,0.065,3.251127190521e-53,"20","TSPYL4"
"MAP7D3",3.58668595557938e-57,0.475485894403721,0.436,0.093,1.01105090401827e-52,"20","MAP7D3"
"HIST1H1D4",3.87262662952048e-57,1.11465076020186,0.713,0.239,1.09165472059553e-52,"20","HIST1H1D"
"RPL355",6.03284330664524e-57,0.793784386599349,0.995,0.974,1.70059819971023e-52,"20","RPL35"
"HIST1H4C6",1.40137132534028e-56,1.0523834960956,0.782,0.31,3.95032562900172e-52,"20","HIST1H4C"
"C6orf48",1.93643868969722e-56,1.02218894166604,0.835,0.375,5.45862702238748e-52,"20","C6orf48"
"EEF1A1",1.70289643559772e-55,0.519283026193736,1,0.999,4.80029476230642e-51,"20","EEF1A1"
"RPLP11",2.59032840682132e-55,0.604328518683634,1,0.999,7.30187674598861e-51,"20","RPLP1"
"BTF32",4.0818489215356e-55,0.891116268236011,0.973,0.902,1.15063239249167e-50,"20","BTF3"
"CD382",4.92116103083476e-55,0.348994831287731,0.309,0.052,1.38722608298201e-50,"20","CD38"
"PNN3",5.01140035137994e-55,1.18938113275205,0.941,0.552,1.41266364505049e-50,"20","PNN"
"ZNF43",6.46009657690336e-55,0.338562493602297,0.324,0.057,1.82103662406329e-50,"20","ZNF43"
"NME11",8.11713089999618e-55,0.531778805950674,0.511,0.127,2.28813802939992e-50,"20","NME1"
"ANKRD36C1",2.32030173310741e-54,0.593181260546211,0.431,0.095,6.54069855545647e-50,"20","ANKRD36C"
"TCF44",3.52769605745084e-54,0.707207886094162,0.612,0.17,9.94422241634819e-50,"20","TCF4"
"CCT23",6.16838115431195e-54,0.762919876210456,0.723,0.255,1.738804963589e-49,"20","CCT2"
"REXO21",7.67272743151608e-54,0.49253411039785,0.484,0.116,2.16286513567007e-49,"20","REXO2"
"FAM60A1",8.60398687920935e-54,0.58932252733871,0.617,0.172,2.42537786138032e-49,"20","FAM60A"
"HMGB3",1.68751721481546e-53,0.33159612794505,0.335,0.06,4.75694227684331e-49,"20","HMGB3"
"NRIP11",4.22074557120162e-53,1.0449322248285,0.787,0.306,1.18978596906602e-48,"20","NRIP1"
"LSM2",4.66984193004174e-53,0.697284859325314,0.718,0.245,1.31638174165947e-48,"20","LSM2"
"RPS215",6.84890838889347e-53,0.823774103954479,0.995,0.971,1.93063878574518e-48,"20","RPS21"
"RPL391",1.16142010699363e-52,0.693423497546976,0.995,0.994,3.27392713960434e-48,"20","RPL39"
"BZW21",1.39105007540143e-52,0.624820700587881,0.58,0.167,3.92123105754909e-48,"20","BZW2"
"TM7SF3",5.23604324138307e-52,0.52896320371941,0.468,0.114,1.47598822931347e-47,"20","TM7SF3"
"CDK4",5.94520832961727e-52,0.434846062150143,0.431,0.097,1.67589477603581e-47,"20","CDK4"
"SYPL13",6.30901418916833e-52,0.458505104438273,0.739,0.253,1.77844800978466e-47,"20","SYPL1"
"STAM",7.32057808265609e-52,0.46115327548959,0.41,0.089,2.06359775571993e-47,"20","STAM"
"EIF3E",8.62142182064282e-52,0.949638974233987,0.968,0.806,2.43029259702101e-47,"20","EIF3E"
"MIR181A1HG",8.65824258098725e-52,0.608048084967592,0.42,0.096,2.4406720011545e-47,"20","MIR181A1HG"
"HIST1H1C3",1.25863400793368e-51,0.984139311211088,0.676,0.23,3.54796340496425e-47,"20","HIST1H1C"
"LZTFL1",9.46328749557665e-51,0.418858043776296,0.255,0.04,2.6676061121281e-46,"20","LZTFL1"
"PBXIP11",1.31835124398681e-50,0.507735764609673,0.559,0.151,3.71630032167441e-46,"20","PBXIP1"
"PHTF1",2.11179854781223e-50,0.364006342597342,0.34,0.066,5.9529489264279e-46,"20","PHTF1"
"SSBP2",7.40163785256013e-50,0.490354406453836,0.516,0.134,2.08644769425818e-45,"20","SSBP2"
"TP53BP1",7.93954476207081e-50,0.343360964674234,0.335,0.064,2.23807827298014e-45,"20","TP53BP1"
"HMGN14",1.05140173224006e-49,0.920568979297564,0.936,0.523,2.9637963430115e-45,"20","HMGN1"
"LMAN12",1.29729694706618e-49,0.545759370959827,0.617,0.181,3.65695036408486e-45,"20","LMAN1"
"RPS295",1.51102932260591e-49,0.673654553746928,0.995,0.992,4.25944055749379e-45,"20","RPS29"
"CD594",4.67466236851106e-49,0.386177368180193,0.404,0.09,1.31774057505958e-44,"20","CD59"
"TAF1D1",1.96228302424392e-48,0.92347352470423,0.851,0.404,5.53147961704118e-44,"20","TAF1D"
"SERPINB12",2.87509985795105e-48,1.35048332944012,0.941,0.754,8.10461898957822e-44,"20","SERPINB1"
"RPS194",3.61738326469863e-48,0.656485804629761,0.995,0.993,1.0197041684859e-43,"20","RPS19"
"H1F0",9.72817493164479e-48,0.497556492441124,0.41,0.094,2.74227523148135e-43,"20","H1F0"
"KIFAP3",1.70978948566926e-47,0.367262638302405,0.319,0.062,4.81972558115309e-43,"20","KIFAP3"
"REC8",1.87602201632373e-47,0.308794983995447,0.351,0.07,5.28831846181497e-43,"20","REC8"
"NLK",1.89027131953056e-47,0.336338641599172,0.309,0.058,5.3284858226247e-43,"20","NLK"
"IGFBP73",2.01904446417994e-47,0.660863972232015,0.548,0.159,5.69148444007683e-43,"20","IGFBP7"
"RPL13A3",3.26231645671254e-47,0.705887797545972,1,0.991,9.19614385982697e-43,"20","RPL13A"
"IGF2BP2",7.20332094585921e-47,0.524901072442994,0.431,0.104,2.03054414142825e-42,"20","IGF2BP2"
"RHOH2",8.15265587634449e-47,0.435930743399329,0.362,0.077,2.29815216498275e-42,"20","RHOH"
"DKC1",1.58143741968415e-46,0.482998027286213,0.548,0.156,4.45791394234764e-42,"20","DKC1"
"PHF141",1.79955792016259e-46,0.59457567257204,0.654,0.213,5.07277382114634e-42,"20","PHF14"
"ZBTB202",2.56168254049635e-46,0.476327820917211,0.495,0.132,7.22112691340517e-42,"20","ZBTB20"
"MAGED2",2.65884252787266e-46,0.449555884792389,0.42,0.101,7.49501120182024e-42,"20","MAGED2"
"GABPB1-AS12",4.12439667079236e-46,0.936360550499254,0.734,0.287,1.16262617752966e-41,"20","GABPB1-AS1"
"ARHGAP54",8.63615108302122e-46,0.494329292049496,0.543,0.154,2.43444462879285e-41,"20","ARHGAP5"
"RPL27A4",1.14391496353597e-45,0.606119875382856,1,0.987,3.22458189071153e-41,"20","RPL27A"
"ZMYND8",2.27093326804971e-45,0.728175793068198,0.537,0.165,6.40153378930533e-41,"20","ZMYND8"
"RPS281",3.09198821033496e-45,0.589120613317891,0.995,0.99,8.71600556611322e-41,"20","RPS28"
"CCDC141",3.95935792541872e-45,0.469214714239317,0.457,0.117,1.11610340559628e-40,"20","CCDC14"
"CKS23",6.94439675648819e-45,0.44907501460193,0.378,0.086,1.95755600168646e-40,"20","CKS2"
"LUC7L31",8.12375384950529e-45,1.01451399388071,0.888,0.535,2.29000497263705e-40,"20","LUC7L3"
"VPS13A",8.14061170033143e-45,0.443325504989998,0.42,0.103,2.29475703220643e-40,"20","VPS13A"
"IARS",1.90514647365016e-44,0.345682148148126,0.388,0.089,5.37041739457244e-40,"20","IARS"
"PTMS5",1.94349128204138e-44,0.601320846796899,0.58,0.172,5.47850757494646e-40,"20","PTMS"
"ATP8B41",2.00220935578559e-44,0.452320760467893,0.372,0.084,5.644027953024e-40,"20","ATP8B4"
"RPS202",2.33370768315984e-44,0.715261309594296,0.995,0.96,6.57848858805929e-40,"20","RPS20"
"ST131",2.57185583483662e-44,0.882823185152906,0.947,0.572,7.24980441282096e-40,"20","ST13"
"EREG3",4.58966885732026e-44,0.322319024895702,0.559,0.158,1.29378175419001e-39,"20","EREG"
"NASP1",6.08661390462025e-44,0.699502882318619,0.771,0.314,1.7157555935734e-39,"20","NASP"
"MRPL1",1.22317146763366e-43,0.361163926328574,0.468,0.122,3.44799805011254e-39,"20","MRPL1"
"USP111",1.2377109707312e-43,0.321111896980253,0.324,0.067,3.48898345539418e-39,"20","USP11"
"TMED31",1.32548752179072e-43,0.433413541456066,0.543,0.157,3.73641677517585e-39,"20","TMED3"
"DTD1",1.44031796886397e-43,0.498459054800829,0.495,0.139,4.06011232243064e-39,"20","DTD1"
"ELMO12",1.83837391398455e-43,0.631070056337142,0.633,0.219,5.18219222613105e-39,"20","ELMO1"
"NFATC21",2.02738353960497e-43,0.321728675161759,0.298,0.058,5.71499145979245e-39,"20","NFATC2"
"ZNF37A",2.12301630763363e-43,0.397439570778529,0.426,0.106,5.98457066958845e-39,"20","ZNF37A"
"ZRANB22",3.33693166350344e-43,0.80261322611185,0.846,0.408,9.40647666624984e-39,"20","ZRANB2"
"NENF3",5.88744493103961e-43,0.691252126831169,0.713,0.275,1.65961185161076e-38,"20","NENF"
"CNST",7.04535185517532e-43,0.60845160209976,0.457,0.126,1.98601423445537e-38,"20","CNST"
"PSIP12",7.22539925421394e-43,0.689065206057792,0.734,0.293,2.03676779577037e-38,"20","PSIP1"
"ANP32B",2.29147636186571e-42,0.903669845251347,0.931,0.71,6.45944271646324e-38,"20","ANP32B"
"PTMA2",2.39764879235197e-42,0.574408820213229,0.995,0.992,6.75873218076098e-38,"20","PTMA"
"HOPX2",3.47176452234715e-42,0.938945508897671,0.383,0.094,9.78655701204437e-38,"20","HOPX"
"RPS113",8.9725608048015e-42,0.570832660448646,1,0.989,2.52927516526549e-37,"20","RPS11"
"HSPD13",1.14667269059577e-41,0.811493589269052,0.846,0.407,3.23235564752041e-37,"20","HSPD1"
"FAM175A",1.49065169589898e-41,0.360718751639754,0.431,0.11,4.20199806556963e-37,"20","FAM175A"
"CCDC28B",2.48416996279128e-41,0.313935001673381,0.298,0.06,7.00262670811235e-37,"20","CCDC28B"
"PHACTR4",3.06569011144287e-41,0.693071573874857,0.686,0.259,8.6418738551463e-37,"20","PHACTR4"
"PRDX24",5.02694513675243e-41,0.632543219966153,0.707,0.268,1.41704556459914e-36,"20","PRDX2"
"ACADM1",5.46848287223904e-41,0.386355304262957,0.511,0.145,1.54151063685546e-36,"20","ACADM"
"GOLGA8B",8.97945106253425e-41,0.362463450633312,0.319,0.069,2.53121746001778e-36,"20","GOLGA8B"
"RPS274",1.18920147930083e-40,0.544618852012268,0.995,0.997,3.35224005000111e-36,"20","RPS27"
"RP11-352M15.2",1.33669895801418e-40,0.326919346979728,0.346,0.077,3.76802069274618e-36,"20","RP11-352M15.2"
"SVIP1",1.35514317423279e-40,0.426103044952442,0.489,0.14,3.82001309384481e-36,"20","SVIP"
"GOLGA8A",1.69954275866488e-40,0.337345058355288,0.287,0.058,4.79084108240044e-36,"20","GOLGA8A"
"HADH",2.21574641640586e-40,0.35537787585508,0.282,0.056,6.24596757320648e-36,"20","HADH"
"RPL23A5",3.80719367323768e-40,0.584191093270852,0.995,0.98,1.07320982454897e-35,"20","RPL23A"
"LRRC75A1",5.19993429550051e-40,0.814816560579011,0.564,0.182,1.46580947855864e-35,"20","LRRC75A"
"NCOA72",6.42998874853115e-40,0.609627484958254,0.585,0.192,1.81254952832345e-35,"20","NCOA7"
"MPHOSPH9",8.02465937625084e-40,0.470070010645096,0.441,0.12,2.26207123157135e-35,"20","MPHOSPH9"
"ODF2L1",2.23632750838271e-39,0.467107321135059,0.468,0.134,6.30398361338001e-35,"20","ODF2L"
"TOPORS-AS1",2.48386225593101e-39,0.353707852161315,0.426,0.111,7.00175931324393e-35,"20","TOPORS-AS1"
"PNISR3",3.17870697070246e-39,0.873771261683715,0.926,0.706,8.96045707971317e-35,"20","PNISR"
"SNRPN1",5.58123165891221e-39,0.379642467196485,0.489,0.143,1.57329339233076e-34,"20","SNRPN"
"RPS104",5.70855814174451e-39,0.790584545587545,0.973,0.933,1.60918545457636e-34,"20","RPS10"
"ZNF4281",1.19783443352211e-38,0.489688088037772,0.564,0.189,3.37657548465546e-34,"20","ZNF428"
"C7orf55",1.3051434434977e-38,0.42069527132618,0.399,0.104,3.67906885287566e-34,"20","C7orf55"
"C21orf59",1.43438207338536e-38,0.325195959891534,0.399,0.101,4.04337962666598e-34,"20","C21orf59"
"ADAM283",2.04999302698038e-38,0.364964448766769,0.335,0.077,5.77872534375499e-34,"20","ADAM28"
"AMD11",2.51221863516575e-38,0.828268035573771,0.835,0.449,7.08169311066873e-34,"20","AMD1"
"BCAT11",6.27181896008161e-38,0.370834206818669,0.362,0.087,1.76796304665741e-33,"20","BCAT1"
"GOLIM41",7.52838836183612e-38,0.397123941990854,0.463,0.131,2.12217739531798e-33,"20","GOLIM4"
"ZNHIT6",1.3050088263646e-37,0.349078920378215,0.372,0.093,3.67868938063918e-33,"20","ZNHIT6"
"AGPAT51",1.85778903583903e-37,0.319947084234296,0.319,0.072,5.23692151312665e-33,"20","AGPAT5"
"LYRM5",2.20217024870942e-37,0.34270714877798,0.426,0.115,6.20769771408699e-33,"20","LYRM5"
"MZT2A4",2.60609835405557e-37,0.605124566879382,0.691,0.28,7.34633065024723e-33,"20","MZT2A"
"FBL2",2.60978801328586e-37,0.635682230981897,0.814,0.382,7.3567314306515e-33,"20","FBL"
"CCT41",2.92022308836265e-37,0.630430024321565,0.814,0.38,8.23181686378547e-33,"20","CCT4"
"ATXN7L3B1",3.86435757456846e-37,0.64581354081305,0.745,0.319,1.0893237566951e-32,"20","ATXN7L3B"
"HIST1H2AC",7.81344626446921e-37,0.44162122120508,0.404,0.108,2.20253236749123e-32,"20","HIST1H2AC"
"HSPB14",7.85506188542827e-37,0.335575275802071,0.59,0.202,2.21426339488338e-32,"20","HSPB1"
"HCG18",1.26864159141659e-36,0.390879682663427,0.388,0.101,3.57617378204422e-32,"20","HCG18"
"DUT1",1.36208202202474e-36,0.695541854744155,0.745,0.332,3.83957301188555e-32,"20","DUT"
"RPAP2",1.53331150027891e-36,0.409703038046492,0.404,0.109,4.32225178813623e-32,"20","RPAP2"
"LINC014202",2.9206080517621e-36,0.427924575804616,0.638,0.221,8.23290203711217e-32,"20","LINC01420"
"TFRC2",1.01332905382089e-35,0.803225074836165,0.574,0.215,2.85647326981569e-31,"20","TFRC"
"SNRPE1",1.14745730826884e-35,0.664392662348817,0.867,0.461,3.23456740627902e-31,"20","SNRPE"
"GSE1",2.07531672845767e-35,0.466926440374575,0.532,0.173,5.85011032584932e-31,"20","GSE1"
"HIST1H1E3",2.40321210034361e-35,0.92995748649871,0.713,0.323,6.7744145896586e-31,"20","HIST1H1E"
"SPN1",2.50870126590851e-35,0.65666751713834,0.84,0.396,7.07177799846951e-31,"20","SPN"
"ZCCHC114",3.32151490645685e-35,0.557724853367305,0.59,0.207,9.3630183698112e-31,"20","ZCCHC11"
"GLTSCR23",5.61972347966163e-35,0.745971703870729,0.941,0.65,1.58414385168182e-30,"20","GLTSCR2"
"RPS9",8.67598742701784e-35,0.444178111277066,0.989,0.991,2.44567409580206e-30,"20","RPS9"
"CTNNBL11",8.69297475248674e-35,0.730461026455424,0.622,0.259,2.45046265297849e-30,"20","CTNNBL1"
"CXXC53",9.75207302590493e-35,0.55102128924305,0.622,0.219,2.74901186527234e-30,"20","CXXC5"
"PRMT13",1.32584185109544e-34,0.553910812661664,0.617,0.232,3.73741559405294e-30,"20","PRMT1"
"METTL5",1.40988585941011e-34,0.416792243504731,0.516,0.169,3.97432724909115e-30,"20","METTL5"
"CASP2",1.92807600158888e-34,0.394126338393412,0.463,0.142,5.43505344087889e-30,"20","CASP2"
"C12orf76",4.14338485604322e-34,0.316944896524393,0.383,0.103,1.16797875707002e-29,"20","C12orf76"
"ABHD14B",4.48530983743484e-34,0.365838186278944,0.532,0.174,1.26436399007451e-29,"20","ABHD14B"
"UBB4",5.88162467153469e-34,0.719219381998626,0.952,0.772,1.65797117865891e-29,"20","UBB"
"TRAF51",5.95427571895723e-34,0.315674569157788,0.324,0.08,1.67845078241685e-29,"20","TRAF5"
"N4BP21",6.86577386055825e-34,0.496969847488296,0.505,0.165,1.93539299355277e-29,"20","N4BP2"
"CBX51",9.35540073437099e-34,0.445633975957487,0.479,0.155,2.63719391301184e-29,"20","CBX5"
"BCL11A3",1.48672739535847e-33,0.595073052969232,0.511,0.165,4.190935854776e-29,"20","BCL11A"
"HPS41",2.18900093106153e-33,0.338615098027965,0.372,0.101,6.17057472456934e-29,"20","HPS4"
"AFF13",2.23621977017084e-33,0.503019806283919,0.574,0.203,6.30367991013459e-29,"20","AFF1"
"ABI21",2.89489132037826e-33,0.370758290129096,0.346,0.091,8.16040914301429e-29,"20","ABI2"
"RPL43",3.16239484785973e-33,0.569091677790766,0.989,0.932,8.9144748366318e-29,"20","RPL4"
"UXT1",3.71043142558861e-33,0.694744481997994,0.915,0.596,1.04593351455917e-28,"20","UXT"
"ADH5",4.32755527893351e-33,0.400597324476262,0.585,0.206,1.21989455757857e-28,"20","ADH5"
"RNASEH2B1",4.48507369993976e-33,0.678786599576109,0.644,0.26,1.26429742527602e-28,"20","RNASEH2B"
"ARHGAP15",4.52091527145971e-33,0.429742046986113,0.617,0.231,1.27440080587178e-28,"20","ARHGAP15"
"RPL413",6.50814000715969e-33,0.501335987136585,1,0.995,1.83457958661824e-28,"20","RPL41"
"MUM1",1.09450470547125e-32,0.334902583029486,0.34,0.087,3.0852993142529e-28,"20","MUM1"
"KIF2A2",1.21480995166757e-32,0.465110011082677,0.633,0.244,3.42442777275571e-28,"20","KIF2A"
"MGLL1",2.06215110980947e-32,0.331423154990792,0.33,0.083,5.81299776344193e-28,"20","MGLL"
"NOL8",2.15072681724264e-32,0.381301598377476,0.505,0.167,6.06268382512528e-28,"20","NOL8"
"STXBP5",2.24588315242447e-32,0.375279722253103,0.367,0.1,6.33092001836935e-28,"20","STXBP5"
"MYC",2.40874100966869e-32,0.347715385581854,0.261,0.057,6.79000003215506e-28,"20","MYC"
"PCM11",3.35486038396314e-32,0.665443799255064,0.814,0.401,9.45701593635368e-28,"20","PCM1"
"PLAGL1",3.40488009617033e-32,0.426522670467104,0.489,0.159,9.59801650309454e-28,"20","PLAGL1"
"CIRBP4",3.40699275320865e-32,0.738254635743573,0.947,0.686,9.60397187201987e-28,"20","CIRBP"
"TPRKB",3.87318848309154e-32,0.473052567950423,0.59,0.215,1.09181310149867e-27,"20","TPRKB"
"FADS1",3.98561519629437e-32,0.383155709540136,0.42,0.125,1.12350506768342e-27,"20","FADS1"
"RBM28",6.88145555181141e-32,0.38014224048153,0.431,0.13,1.93981350550012e-27,"20","RBM28"
"RPL381",6.96726786738312e-32,0.525739060582283,0.989,0.972,1.96400313913663e-27,"20","RPL38"
"ZMAT1",8.54854718878226e-32,0.410014449281083,0.324,0.082,2.40974996704583e-27,"20","ZMAT1"
"CEP57",3.31091456080749e-31,0.430297162675562,0.585,0.214,9.33313705546023e-27,"20","CEP57"
"SMC41",4.25640932765859e-31,0.427796551138345,0.468,0.151,1.19983922537368e-26,"20","SMC4"
"IP6K2",7.13639380782738e-31,0.30300976543782,0.457,0.142,2.01167805048846e-26,"20","IP6K2"
"CCNG1",7.32278652873252e-31,0.472904967082882,0.521,0.187,2.06422029458441e-26,"20","CCNG1"
"CUTA1",8.4160651745391e-31,0.599431497108523,0.851,0.458,2.37240461205083e-26,"20","CUTA"
"DDX1",9.32991160611608e-31,0.379401876765055,0.511,0.176,2.63000878264806e-26,"20","DDX1"
"ARL2",1.06972206810772e-30,0.364080032394472,0.505,0.17,3.01543953778886e-26,"20","ARL2"
"KDM1A",2.1321930620952e-30,0.343361028512371,0.495,0.163,6.01043902274015e-26,"20","KDM1A"
"USE1",2.64186532924324e-30,0.40098717987597,0.468,0.153,7.44715417660378e-26,"20","USE1"
"ZNF3261",2.64376253406342e-30,0.46901413637574,0.606,0.234,7.45250220727137e-26,"20","ZNF326"
"RPL281",2.90584492648484e-30,0.374720259505467,0.995,0.997,8.19128626326811e-26,"20","RPL28"
"ING4",4.94369021408539e-30,0.360203166107427,0.441,0.14,1.39357683444853e-25,"20","ING4"
"UPF3B",4.96935828046344e-30,0.310843531977027,0.415,0.126,1.40081240567984e-25,"20","UPF3B"
"BLMH",5.12772996749411e-30,0.301660098454713,0.309,0.079,1.44545580053691e-25,"20","BLMH"
"CLNS1A",5.42349411641475e-30,0.567499033912187,0.755,0.365,1.52882875647615e-25,"20","CLNS1A"
"NAP1L4",6.2781048274944e-30,0.441776527684278,0.691,0.293,1.7697349698224e-25,"20","NAP1L4"
"RERE3",6.2889567237411e-30,0.556402208958123,0.612,0.236,1.77279401085538e-25,"20","RERE"
"RPL36A4",6.94914558015633e-30,0.84440265150611,0.995,0.817,1.95889464759027e-25,"20","RPL36A"
"MRPS27",7.01762522538332e-30,0.376541118308546,0.367,0.104,1.9781983747833e-25,"20","MRPS27"
"NFIA",7.67680353051921e-30,0.300852374746406,0.298,0.074,2.16401414721806e-25,"20","NFIA"
"RBMX1",8.80999849880066e-30,0.617670703972193,0.904,0.536,2.48345047682692e-25,"20","RBMX"
"CSPP1",9.99752952591091e-30,0.347090265268581,0.335,0.091,2.81820359805903e-25,"20","CSPP1"
"CD815",1.04664425217791e-29,0.469796527584863,0.729,0.316,2.9503854824643e-25,"20","CD81"
"TCEAL81",1.04707154718587e-29,0.374937932814873,0.479,0.159,2.95158998436225e-25,"20","TCEAL8"
"ZFAND1",1.38804610461769e-29,0.329491036222264,0.484,0.162,3.9127631643068e-25,"20","ZFAND1"
"RPS131",1.6528154565263e-29,0.424320561552122,0.995,0.988,4.65912149040199e-25,"20","RPS13"
"MRPL16",3.50293414247368e-29,0.407616774074679,0.511,0.178,9.87442105421907e-25,"20","MRPL16"
"OLA1",3.60839308688744e-29,0.549387981332298,0.676,0.297,1.0171699272627e-24,"20","OLA1"
"PRKAR2B1",4.28027996188644e-29,0.483059223490282,0.282,0.073,1.20656811845617e-24,"20","PRKAR2B"
"STOML2",5.63121970403173e-29,0.389150659982783,0.548,0.205,1.58738452236951e-24,"20","STOML2"
"AK3",5.80695025243919e-29,0.395647637949344,0.372,0.11,1.63692120666008e-24,"20","AK3"
"NT5C3A",5.90139981563699e-29,0.473441149971441,0.553,0.21,1.66354559402991e-24,"20","NT5C3A"
"RPS171",7.43604497735976e-29,0.637503336146351,0.989,0.94,2.09614671866794e-24,"20","RPS17"
"UROD",9.42850312261183e-29,0.367244688926294,0.415,0.132,2.65780074523305e-24,"20","UROD"
"NUCKS15",1.02253464791844e-28,0.653514123313734,0.846,0.499,2.88242291901729e-24,"20","NUCKS1"
"LYL1",1.20039976770842e-28,0.662612469617319,0.665,0.31,3.38380690519327e-24,"20","LYL1"
"SRPK1",1.33391188562671e-28,0.324720774907023,0.399,0.123,3.76016421439313e-24,"20","SRPK1"
"SPTBN12",1.50532051619512e-28,0.374392105223813,0.367,0.11,4.24334800310242e-24,"20","SPTBN1"
"SNRPD21",2.22244402660584e-28,0.593915126019054,0.931,0.642,6.26484746659919e-24,"20","SNRPD2"
"TTC31",3.45229611283134e-28,0.701637929139977,0.846,0.456,9.73167751246026e-24,"20","TTC3"
"TWISTNB",6.65062994560747e-28,0.31908980376563,0.468,0.158,1.87474607536729e-23,"20","TWISTNB"
"LINC010891",6.65649929259369e-28,0.338107886316198,0.351,0.102,1.87640058558924e-23,"20","LINC01089"
"PHF6",7.44709916780025e-28,0.423180848609127,0.404,0.129,2.09926278441121e-23,"20","PHF6"
"PTPN71",7.45073138607479e-28,0.311692818253951,0.383,0.116,2.10028667042062e-23,"20","PTPN7"
"CASP31",8.44295654751597e-28,0.485183526589506,0.404,0.131,2.37998502117928e-23,"20","CASP3"
"CFAP971",8.72205934288764e-28,0.318953269634309,0.463,0.156,2.4586613081666e-23,"20","CFAP97"
"RPL232",8.84389322223451e-28,0.515029303761298,1,0.976,2.49300506041569e-23,"20","RPL23"
"CCT31",9.64957108262941e-28,0.515419906750254,0.702,0.332,2.7201175924824e-23,"20","CCT3"
"SHPRH",1.04695467080899e-27,0.392108620288991,0.473,0.163,2.95126052154346e-23,"20","SHPRH"
"SMC3",1.26000439982784e-27,0.445088480535504,0.66,0.278,3.55182640267471e-23,"20","SMC3"
"EIF2D",1.3852145080892e-27,0.325780546952716,0.346,0.102,3.90478117685266e-23,"20","EIF2D"
"NFE21",2.01697826173461e-27,0.380411412380249,0.516,0.18,5.68566002200371e-23,"20","NFE2"
"NT5C",2.14067270772222e-27,0.501727924486207,0.601,0.249,6.03434229579816e-23,"20","NT5C"
"SMARCE11",3.37730087294754e-27,0.506588605042914,0.665,0.292,9.52027343075181e-23,"20","SMARCE1"
"ZCRB1",4.38578542144678e-27,0.463427675074855,0.601,0.249,1.23630905245163e-22,"20","ZCRB1"
"HERC21",4.70692482085764e-27,0.451594755850264,0.399,0.129,1.32683503775156e-22,"20","HERC2"
"TOPORS",5.05631905359191e-27,0.321177544426248,0.468,0.16,1.42532577801702e-22,"20","TOPORS"
"CD695",5.40525351241385e-27,0.464330656778041,0.527,0.193,1.52368691261434e-22,"20","CD69"
"DTWD11",5.78989228240281e-27,0.333822466409127,0.378,0.114,1.63211273548653e-22,"20","DTWD1"
"GGCT",5.82746065077983e-27,0.369733012468111,0.436,0.147,1.64270288284833e-22,"20","GGCT"
"CHD91",6.06131284112526e-27,0.685909717827546,0.723,0.347,1.7086234767848e-22,"20","CHD9"
"NUDCD2",8.23304782794558e-27,0.369011637015838,0.463,0.166,2.32081385221958e-22,"20","NUDCD2"
"EEF2",9.39011298676277e-27,0.513004728806774,0.973,0.893,2.64697894983856e-22,"20","EEF2"
"SSB1",9.6011297402194e-27,0.558940468764686,0.798,0.413,2.70646246247045e-22,"20","SSB"
"MTHFD2L",9.78135890253829e-27,0.354753887368189,0.404,0.13,2.75726726103652e-22,"20","MTHFD2L"
"EXOSC81",1.01086103625985e-26,0.367904706649834,0.378,0.118,2.84951617511289e-22,"20","EXOSC8"
"SMIM10L1",1.02160193117089e-26,0.348098268228616,0.489,0.176,2.87979368377761e-22,"20","SMIM10L1"
"SMARCC2",1.0892571568942e-26,0.376098575900025,0.569,0.224,3.07050699956906e-22,"20","SMARCC2"
"NOB1",1.15798767781681e-26,0.303481492043536,0.394,0.125,3.26425146499781e-22,"20","NOB1"
"DNPH1",2.94246846470162e-26,0.307684134992385,0.468,0.164,8.29452435514739e-22,"20","DNPH1"
"ITGA42",3.43083839232567e-26,0.697096234583392,0.851,0.47,9.67119034412682e-22,"20","ITGA4"
"RCN2",4.1321025882742e-26,0.323933812694085,0.447,0.154,1.16479839860861e-21,"20","RCN2"
"NCL3",6.3695953373236e-26,0.697587744378029,0.947,0.742,1.79552522963815e-21,"20","NCL"
"SNRPD13",6.75968614242838e-26,0.531774278722976,0.755,0.377,1.90548792668914e-21,"20","SNRPD1"
"LARS1",7.71182580499816e-26,0.488057367122076,0.691,0.314,2.17388657617093e-21,"20","LARS"
"CKAP2",8.96175160329224e-26,0.364837598826838,0.399,0.131,2.52622815945205e-21,"20","CKAP2"
"DENR",1.10523636554111e-25,0.488072625896225,0.67,0.307,3.11555079082385e-21,"20","DENR"
"LINC00493",1.31891254793158e-25,0.505488296772515,0.814,0.405,3.71788258136433e-21,"20","LINC00493"
"TIMM9",1.47148059786203e-25,0.314923205967875,0.447,0.153,4.14795665731327e-21,"20","TIMM9"
"TAF72",2.45279685722328e-25,0.466196033788033,0.745,0.35,6.91418906082671e-21,"20","TAF7"
"CAMLG",2.69404035324023e-25,0.572775890875608,0.723,0.369,7.59423035174888e-21,"20","CAMLG"
"SPG20",3.37670624618451e-25,0.322312927972007,0.479,0.169,9.5185972373695e-21,"20","SPG20"
"MZT2B3",3.44763622216647e-25,0.58480884718429,0.878,0.607,9.71854174666507e-21,"20","MZT2B"
"MRPL42",7.3657234276246e-25,0.351755247501243,0.489,0.183,2.0763237770131e-20,"20","MRPL42"
"ITGB3BP",7.38242219810453e-25,0.347702458013927,0.293,0.082,2.08103099342368e-20,"20","ITGB3BP"
"REST",7.66337997708247e-25,0.414994587129746,0.702,0.312,2.16023018173978e-20,"20","REST"
"EIF3D",1.27053767521691e-24,0.522437168438846,0.84,0.512,3.58151865266895e-20,"20","EIF3D"
"UPF3A1",1.42099307467844e-24,0.472557289751609,0.585,0.251,4.00563737821104e-20,"20","UPF3A"
"RNF241",1.43502732387356e-24,0.382617322053604,0.489,0.183,4.04519852326717e-20,"20","RNF24"
"RBBP71",1.54566666761259e-24,0.385436303802312,0.58,0.24,4.35707976933314e-20,"20","RBBP7"
"ORAI2",1.58753897039134e-24,0.39793696752493,0.585,0.241,4.47511360363614e-20,"20","ORAI2"
"RPL213",1.97229443225598e-24,0.356983360292534,0.995,0.991,5.55970077508637e-20,"20","RPL21"
"TRAPPC6A",2.55879812259373e-24,0.398463488510609,0.606,0.259,7.21299602777946e-20,"20","TRAPPC6A"
"UQCRH",2.6369834266538e-24,0.554676640734507,0.952,0.769,7.4333925813944e-20,"20","UQCRH"
"MPC21",4.17105483886757e-24,0.538792296426823,0.606,0.273,1.17577864852838e-19,"20","MPC2"
"LSM71",4.3743360420927e-24,0.636622182686266,0.846,0.557,1.23308158690551e-19,"20","LSM7"
"CEP290",5.47964069608135e-24,0.305162195714341,0.303,0.088,1.54465591581837e-19,"20","CEP290"
"NDUFS41",5.49644565963197e-24,0.405780159447256,0.628,0.279,1.54939306699366e-19,"20","NDUFS4"
"MRPS31",6.29079069631011e-24,0.350044233593435,0.388,0.132,1.77331098938286e-19,"20","MRPS31"
"PDCD7",6.93423499312101e-24,0.343862363741444,0.468,0.172,1.95469150221088e-19,"20","PDCD7"
"TOP2B",8.39570432943621e-24,0.49662082361759,0.707,0.351,2.36666509342477e-19,"20","TOP2B"
"UFC12",8.90855619592612e-24,0.497958187650191,0.883,0.499,2.51123290606961e-19,"20","UFC1"
"EIF2AK1",1.16645115979606e-23,0.441271812842066,0.606,0.272,3.28810917434912e-19,"20","EIF2AK1"
"ZKSCAN1",1.22031652135676e-23,0.482266267273189,0.58,0.252,3.43995024205256e-19,"20","ZKSCAN1"
"B3GNT2",1.45365162098973e-23,0.309412583692665,0.383,0.128,4.09769855440794e-19,"20","B3GNT2"
"SPINT24",1.92865663434608e-23,0.412901688666501,0.654,0.293,5.43669018655816e-19,"20","SPINT2"
"MAN2A2",3.40094791934556e-23,0.310180986537594,0.372,0.125,9.58693208984319e-19,"20","MAN2A2"
"ADA3",4.27566526167913e-23,0.322198600938748,0.309,0.092,1.20526728061473e-18,"20","ADA"
"LEPROT",6.1460257978924e-23,0.539637345828171,0.75,0.394,1.73250321216789e-18,"20","LEPROT"
"ORC4",6.32953548229845e-23,0.385890908618002,0.356,0.116,1.78423275710511e-18,"20","ORC4"
"KAT6B",6.49316293361628e-23,0.35300212732999,0.511,0.201,1.83035769935709e-18,"20","KAT6B"
"RPAIN",9.10538323355364e-23,0.319549339796816,0.537,0.217,2.56671647970643e-18,"20","RPAIN"
"NHP21",1.09562017773774e-22,0.455994114952822,0.681,0.331,3.08844371902491e-18,"20","NHP2"
"OSTC4",1.12556278919239e-22,0.475612001367074,0.793,0.424,3.17284894645443e-18,"20","OSTC"
"ACAP12",1.35881506175259e-22,0.387043778265244,0.601,0.261,3.83036377757439e-18,"20","ACAP1"
"DAD13",1.40372030013493e-22,0.484650708626934,0.803,0.45,3.95694715405035e-18,"20","DAD1"
"HBS1L",1.44620097758228e-22,0.392867109666481,0.441,0.165,4.0766959357067e-18,"20","HBS1L"
"PUS7L",1.47213521844598e-22,0.302415772305731,0.42,0.15,4.14980196727736e-18,"20","PUS7L"
"YARS",2.12612152167235e-22,0.345031381662001,0.388,0.135,5.99332395744219e-18,"20","YARS"
"MLEC3",2.30347577662024e-22,0.415116615629337,0.596,0.258,6.4932678667148e-18,"20","MLEC"
"SET1",2.90640091727805e-22,0.550990605173947,0.957,0.782,8.1928535457151e-18,"20","SET"
"ZNHIT3",4.31096112794555e-22,0.321154256135086,0.495,0.193,1.21521683235657e-17,"20","ZNHIT3"
"RPL7L1",4.93208570168245e-22,0.396463590492847,0.58,0.257,1.39030563844727e-17,"20","RPL7L1"
"TMEM18",4.97541163125235e-22,0.314873432699386,0.452,0.171,1.40251878473372e-17,"20","TMEM18"
"NUTM2B-AS11",5.05356121997247e-22,0.497519692807715,0.532,0.23,1.42454837229804e-17,"20","NUTM2B-AS1"
"SMARCC1",8.54364640609563e-22,0.368290249999853,0.67,0.316,2.4083684854143e-17,"20","SMARCC1"
"UBTF1",9.6887653740862e-22,0.388718831469491,0.569,0.246,2.73116607130116e-17,"20","UBTF"
"AC090498.1",1.02871687572621e-21,0.381306646423706,0.484,0.189,2.89985000098462e-17,"20","AC090498.1"
"CAPRIN1",1.24842032430958e-21,0.462334453835094,0.718,0.377,3.51917205219628e-17,"20","CAPRIN1"
"RPL175",1.29201379606796e-21,0.510353710064365,0.878,0.559,3.64205768973597e-17,"20","RPL17"
"CCT7",1.68841521893229e-21,0.340638143331148,0.638,0.287,4.75947366064822e-17,"20","CCT7"
"C1QBP4",1.87647008736287e-21,0.474890188493259,0.681,0.347,5.28958152926719e-17,"20","C1QBP"
"PPP1R14B2",2.24523049277799e-21,0.363177425735888,0.665,0.329,6.32908023609187e-17,"20","PPP1R14B"
"PRDX62",2.7234776769627e-21,0.517168277103693,0.793,0.49,7.67721122359016e-17,"20","PRDX6"
"TMEM173",3.25211990796742e-21,0.359966440594797,0.617,0.276,9.16740080856936e-17,"20","TMEM173"
"OFD12",3.25261402329638e-21,0.329208492564833,0.415,0.154,9.16879367027017e-17,"20","OFD1"
"VAV31",3.76248276621915e-21,0.30514048077618,0.452,0.171,1.06060626696952e-16,"20","VAV3"
"ILF2",4.42289517046701e-21,0.385944259360786,0.654,0.306,1.24676991960294e-16,"20","ILF2"
"TIMM131",4.70256858570935e-21,0.454157508513099,0.739,0.387,1.32560705862561e-16,"20","TIMM13"
"RTF1",4.98936235531344e-21,0.458856454056796,0.782,0.445,1.40645135433931e-16,"20","RTF1"
"DARS",6.15592665595584e-21,0.342352456726091,0.58,0.257,1.73529416504739e-16,"20","DARS"
"ATP5G2",7.4186191824045e-21,0.496408685771134,0.968,0.822,2.091234561328e-16,"20","ATP5G2"
"FKBP31",7.92710788425093e-21,0.365023233747572,0.543,0.234,2.23457244149149e-16,"20","FKBP3"
"FGFR1OP2",1.05331407478687e-20,0.340055060818663,0.723,0.342,2.96918704541671e-16,"20","FGFR1OP2"
"URI11",1.1115016478967e-20,0.371815524761914,0.644,0.299,3.133211995256e-16,"20","URI1"
"MRPS33",1.41838782831949e-20,0.442533666846482,0.489,0.21,3.99829344924981e-16,"20","MRPS33"
"PDCD42",1.82307641498613e-20,0.479660554668131,0.777,0.438,5.13907010620439e-16,"20","PDCD4"
"ESD",1.84247015011849e-20,0.419686401856237,0.713,0.377,5.193739106169e-16,"20","ESD"
"MTF2",2.26941625884633e-20,0.331605104159937,0.527,0.219,6.39725749206193e-16,"20","MTF2"
"VPS51",8.23756617354198e-20,0.300581016698772,0.617,0.278,2.32208752865975e-15,"20","VPS51"
"LINC00152",1.18410630136639e-19,0.562369283024165,0.548,0.262,3.33787725292173e-15,"20","LINC00152"
"LETMD1",1.40294747775103e-19,0.335806215736251,0.42,0.161,3.95476864503239e-15,"20","LETMD1"
"HNRNPAB3",1.92013834243752e-19,0.48107728275511,0.755,0.413,5.41267797349711e-15,"20","HNRNPAB"
"C12orf571",2.15694459364708e-19,0.338166745282309,0.888,0.516,6.08021111503175e-15,"20","C12orf57"
"NOP583",2.31002643519364e-19,0.390105843777176,0.527,0.226,6.51173351816736e-15,"20","NOP58"
"NSA2",2.82068844173082e-19,0.493608327340197,0.926,0.698,7.951238648395e-15,"20","NSA2"
"SERBP11",3.02615409710753e-19,0.497124323082251,0.915,0.715,8.53042578433642e-15,"20","SERBP1"
"RIF1",3.0787531028459e-19,0.373488628674916,0.58,0.267,8.67869712161231e-15,"20","RIF1"
"TRIM28",3.23969838687692e-19,0.364942738904677,0.537,0.246,9.13238578276734e-15,"20","TRIM28"
"ARGLU13",4.25976736877043e-19,0.506726006450629,0.915,0.663,1.2007858235827e-14,"20","ARGLU1"
"GNAS5",4.38679980870597e-19,0.598543511280221,0.963,0.809,1.23659499807612e-14,"20","GNAS"
"TXNL11",4.54188022123775e-19,0.359778604667416,0.66,0.321,1.28031061556471e-14,"20","TXNL1"
"SLC39A101",5.04220596370488e-19,0.302010387990116,0.399,0.154,1.42134743910877e-14,"20","SLC39A10"
"RSL24D1",5.55239687472438e-19,0.511640768957055,0.867,0.615,1.56516515501606e-14,"20","RSL24D1"
"NOP561",6.39734268714129e-19,0.323607690530928,0.537,0.242,1.80334693007826e-14,"20","NOP56"
"PHB21",8.39783689867172e-19,0.448810393492958,0.75,0.432,2.36726624336657e-14,"20","PHB2"
"OARD1",9.19561778299567e-19,0.33758294465687,0.468,0.198,2.59215269684865e-14,"20","OARD1"
"CNTRL",1.07455972174039e-18,0.403993734275874,0.628,0.31,3.02907639961398e-14,"20","CNTRL"
"HSP90AA14",1.07789086330086e-18,0.449916512500407,0.979,0.878,3.0384665545588e-14,"20","HSP90AA1"
"ZNF292",1.4751283036039e-18,0.381070973769324,0.66,0.329,4.15823917502904e-14,"20","ZNF292"
"BPTF",1.79008751665286e-18,0.477515785186495,0.84,0.511,5.04607770069275e-14,"20","BPTF"
"MAT2A1",2.05545703832513e-18,0.409625372739559,0.665,0.336,5.7941278453347e-14,"20","MAT2A"
"SATB1",3.2023183923111e-18,0.504623404084683,0.527,0.235,9.02701531608576e-14,"20","SATB1"
"SNRPF3",3.96319562115339e-18,0.432986265535795,0.777,0.451,1.11718521364693e-13,"20","SNRPF"
"MPP12",4.24624970122488e-18,0.447332534731185,0.58,0.283,1.19697532827828e-13,"20","MPP1"
"SOD11",5.64733600008539e-18,0.437164209947777,0.814,0.493,1.59192754506407e-13,"20","SOD1"
"TCEA12",6.96372220920697e-18,0.406833744263461,0.835,0.495,1.96300365355335e-13,"20","TCEA1"
"TCP12",7.15994961984386e-18,0.310663517436518,0.612,0.297,2.01831819833779e-13,"20","TCP1"
"MACF13",7.81537353949494e-18,0.419323720026288,0.793,0.472,2.20307564704823e-13,"20","MACF1"
"SESN3",9.46075202450642e-18,0.314385746897927,0.495,0.214,2.66689138818811e-13,"20","SESN3"
"RPL22L13",1.06538866540245e-17,0.510659275545244,0.819,0.511,3.00322410890295e-13,"20","RPL22L1"
"PWP1",1.11076822834661e-17,0.377559396005921,0.41,0.17,3.13114455888625e-13,"20","PWP1"
"GNL32",1.70624384853979e-17,0.319191755786724,0.404,0.161,4.80973078464882e-13,"20","GNL3"
"C9orf16",2.58850348398094e-17,0.433588489540735,0.851,0.552,7.29673247099387e-13,"20","C9orf16"
"HTATSF1",2.65661729498667e-17,0.324944811967353,0.452,0.196,7.48873849283793e-13,"20","HTATSF1"
"ZBTB44",3.0710742064243e-17,0.339818418138545,0.527,0.241,8.65705108048945e-13,"20","ZBTB44"
"MT-CYB1",3.20444476820466e-17,0.367122763730815,1,0.993,9.03300935709213e-13,"20","MT-CYB"
"IDH22",3.20778100476109e-17,0.360117182437442,0.537,0.25,9.04241387432104e-13,"20","IDH2"
"PYURF",4.24946803059783e-17,0.361564797507919,0.707,0.375,1.19788254314522e-12,"20","PYURF"
"C14orf166",4.52736678179893e-17,0.405390810195839,0.83,0.494,1.2762194221213e-12,"20","C14orf166"
"C8orf591",4.74429474695154e-17,0.412939905854684,0.771,0.448,1.33736924621817e-12,"20","C8orf59"
"SNX51",4.83615111600694e-17,0.402848044625096,0.596,0.301,1.3632626380912e-12,"20","SNX5"
"ATP5A12",5.17582541823778e-17,0.454974294978427,0.851,0.552,1.45901342714705e-12,"20","ATP5A1"
"MRPL57",5.26701365204518e-17,0.40585962236733,0.718,0.394,1.48471847837501e-12,"20","MRPL57"
"PRPF6",5.69450976056629e-17,0.309499735269991,0.628,0.312,1.60522535640603e-12,"20","PRPF6"
"ALDH1A12",8.17046085254167e-17,0.30494969213925,0.495,0.206,2.30317120972297e-12,"20","ALDH1A1"
"RPL82",8.32766213081767e-17,0.341292164089187,0.984,0.985,2.34748467805619e-12,"20","RPL8"
"DRAP11",9.6006514915797e-17,0.38825215539047,0.878,0.586,2.7063276489614e-12,"20","DRAP1"
"ATP5J3",9.84091636124629e-17,0.428500194311848,0.84,0.524,2.77405591307172e-12,"20","ATP5J"
"GTF2I1",1.093357186184e-16,0.427823119470158,0.862,0.528,3.08206457213407e-12,"20","GTF2I"
"EIF1AX1",1.09469951773952e-16,0.424449441261167,0.83,0.517,3.08584847055594e-12,"20","EIF1AX"
"KRR11",1.39986105601297e-16,0.321530826455089,0.468,0.207,3.94606833079495e-12,"20","KRR1"
"AHSA2",1.83922567781677e-16,0.334929750622203,0.441,0.19,5.1845932631977e-12,"20","AHSA2"
"H2AFY",2.34293749082563e-16,0.502447707545327,0.936,0.769,6.60450649288838e-12,"20","H2AFY"
"YWHAQ",3.2224928662058e-16,0.311729942380321,0.766,0.425,9.08388514054752e-12,"20","YWHAQ"
"MED28",4.25786205398434e-16,0.327468273269963,0.628,0.315,1.20024873439765e-11,"20","MED28"
"PA2G4",4.57172229987951e-16,0.389961645483833,0.803,0.476,1.28872279911303e-11,"20","PA2G4"
"SRI1",5.62600127178758e-16,0.382736424856364,0.676,0.364,1.5859134985042e-11,"20","SRI"
"HSPE16",5.78441620727174e-16,0.353464469512184,0.691,0.372,1.63056908466783e-11,"20","HSPE1"
"WDR43",6.03379204663684e-16,0.342034338373099,0.468,0.21,1.70086564002646e-11,"20","WDR43"
"CD842",6.77062995897167e-16,0.430787413438704,0.5,0.239,1.90857287913452e-11,"20","CD84"
"FOXP12",8.27027405780713e-16,0.395921360009986,0.809,0.479,2.33130755415525e-11,"20","FOXP1"
"P2RX1",1.04591802949926e-15,0.303849882896569,0.383,0.153,2.94833833335547e-11,"20","P2RX1"
"COMMD7",1.13320492830917e-15,0.349567583916739,0.596,0.309,3.19439137241073e-11,"20","COMMD7"
"THOC7",2.63094440436633e-15,0.308785884437308,0.681,0.364,7.41636918146824e-11,"20","THOC7"
"RUNX21",2.65665169158852e-15,0.370316303560827,0.261,0.092,7.48883545341887e-11,"20","RUNX2"
"GALNT1",3.25574577545436e-15,0.476520365442117,0.633,0.339,9.17762176642829e-11,"20","GALNT1"
"TPR",3.30045860880588e-15,0.329692350342595,0.798,0.475,9.30366277236288e-11,"20","TPR"
"EID11",3.41023308815128e-15,0.389154680187112,0.915,0.652,9.61310605218965e-11,"20","EID1"
"YWHAE3",5.56559334329061e-15,0.386141726042903,0.899,0.612,1.56888510754019e-10,"20","YWHAE"
"DNAJB63",6.70498602520792e-15,0.344937838258488,0.819,0.512,1.89006851064586e-10,"20","DNAJB6"
"FXR11",8.19680339222965e-15,0.341572336898524,0.771,0.447,2.31059690823562e-10,"20","FXR1"
"GCC23",1.14865694150905e-14,0.342556121880002,0.665,0.351,3.23794905241987e-10,"20","GCC2"
"SMARCB12",1.67830381236929e-14,0.309902173871854,0.394,0.174,4.7309706166878e-10,"20","SMARCB1"
"TP53INP11",1.71321356341144e-14,0.348328288164344,0.394,0.168,4.82937771390051e-10,"20","TP53INP1"
"NONO",1.81456629547997e-14,0.372839369680489,0.803,0.512,5.11508093032849e-10,"20","NONO"
"USP22",1.98793570471559e-14,0.303856391285344,0.489,0.235,5.60379195802279e-10,"20","USP22"
"MIF5",2.02428413990497e-14,0.351380413049005,0.585,0.301,5.70625456197811e-10,"20","MIF"
"C11orf311",2.2352872167299e-14,0.391033254652199,0.798,0.497,6.30105113523991e-10,"20","C11orf31"
"H1FX1",2.74108388195242e-14,0.637938000068009,0.846,0.62,7.72684135483568e-10,"20","H1FX"
"MRPS21",2.74610347182054e-14,0.36523889875536,0.766,0.457,7.74099107671492e-10,"20","MRPS21"
"SLC12A6",2.99376371077015e-14,0.329928496992469,0.537,0.265,8.43912052428999e-10,"20","SLC12A6"
"VPS361",3.05825303840564e-14,0.316133340950644,0.59,0.299,8.62090948996166e-10,"20","VPS36"
"SDR39U1",3.28750364577992e-14,0.304189688473688,0.319,0.121,9.26714402708902e-10,"20","SDR39U1"
"CRBN",4.38951925659575e-14,0.315846832226204,0.617,0.335,1.23736158324178e-09,"20","CRBN"
"NARF",4.60406351731246e-14,0.326860240303459,0.431,0.193,1.29783946489521e-09,"20","NARF"
"RALBP1",4.7690441256618e-14,0.316003639841415,0.697,0.384,1.34434584858281e-09,"20","RALBP1"
"TAOK32",7.30856936410872e-14,0.445284156643889,0.798,0.54,2.06021261804861e-09,"20","TAOK3"
"HMGN32",8.3744444250212e-14,0.360905594911962,0.803,0.487,2.36067213896923e-09,"20","HMGN3"
"ASPH2",9.42007088106428e-14,0.317391455868132,0.324,0.133,2.65542378066321e-09,"20","ASPH"
"CLINT12",1.08318058723438e-13,0.339641549993722,0.718,0.408,3.05337775735499e-09,"20","CLINT1"
"TUBB1",1.55864331255001e-13,0.430474180828015,0.723,0.456,4.39365963374722e-09,"20","TUBB"
"EIF3L",1.63276583151116e-13,0.36197454758166,0.92,0.731,4.60260360244681e-09,"20","EIF3L"
"EIF5B2",1.75049283564008e-13,0.322192335754901,0.66,0.373,4.93446425438581e-09,"20","EIF5B"
"SF3B6",1.92861011655295e-13,0.308304671826338,0.798,0.492,5.43655905755112e-09,"20","SF3B6"
"HNRNPA01",2.16802011601086e-13,0.333006735111381,0.75,0.44,6.111431905023e-09,"20","HNRNPA0"
"ATPIF11",2.77790933410336e-13,0.300342229647966,0.835,0.506,7.83064862190395e-09,"20","ATPIF1"
"ECH1",2.82917892116904e-13,0.347095298632233,0.601,0.326,7.97517246088341e-09,"20","ECH1"
"ATRX2",3.18579943957063e-13,0.408730845672409,0.819,0.554,8.98045004020566e-09,"20","ATRX"
"NKTR2",3.57594907136197e-13,0.376551859797514,0.824,0.534,1.00802428372622e-08,"20","NKTR"
"E2F3",3.97472046875819e-13,0.321870538010068,0.394,0.175,1.12043395293825e-08,"20","E2F3"
"MALAT14",4.24126557071866e-13,0.423323373467086,1,0.99,1.19557035172988e-08,"20","MALAT1"
"KMT2A3",5.73184401796476e-13,0.32442894479062,0.665,0.371,1.61574951022408e-08,"20","KMT2A"
"SSR21",7.48388265280975e-13,0.39783514053083,0.888,0.643,2.10963168100054e-08,"20","SSR2"
"ATP5O",8.29203810175277e-13,0.342453212387717,0.84,0.542,2.33744262050309e-08,"20","ATP5O"
"FIS1",8.44756360385336e-13,0.318794312044,0.83,0.521,2.38128370429022e-08,"20","FIS1"
"IQGAP21",1.15253868233733e-12,0.470072110495387,0.793,0.497,3.2488912916407e-08,"20","IQGAP2"
"XIST1",1.3830313297753e-12,0.735292683674419,0.649,0.447,3.89862701550361e-08,"20","XIST"
"FUBP1",1.38990239824249e-12,0.336803801588764,0.564,0.291,3.91799587040576e-08,"20","FUBP1"
"COX7C1",1.47535346386374e-12,0.314168392319019,0.979,0.881,4.15887387928549e-08,"20","COX7C"
"HNRNPR",1.56554507452485e-12,0.363122284782325,0.777,0.526,4.41311501057809e-08,"20","HNRNPR"
"DNAJC81",1.59472858378859e-12,0.334267742274875,0.803,0.495,4.49538040484165e-08,"20","DNAJC8"
"CCT8",1.69607827846043e-12,0.334735205805656,0.761,0.484,4.7810750591521e-08,"20","CCT8"
"CAT1",2.12152860603465e-12,0.397750775446942,0.739,0.455,5.98037698755108e-08,"20","CAT"
"RANBP12",2.15377449883941e-12,0.327949789476603,0.617,0.34,6.0712749347784e-08,"20","RANBP1"
"ALKBH7",3.52228569772603e-12,0.302290780308657,0.766,0.477,9.92897115331989e-08,"20","ALKBH7"
"THOC2",3.60817829761201e-12,0.341004501496415,0.654,0.376,1.01710938031385e-07,"20","THOC2"
"SUGP2",4.34591449328852e-12,0.303597626354975,0.516,0.264,1.2250698365131e-07,"20","SUGP2"
"RSL1D1",4.95242149313949e-12,0.351245660878511,0.83,0.58,1.39603809470109e-07,"20","RSL1D1"
"TOMM201",9.06325519317473e-12,0.314432564403231,0.92,0.66,2.55484100640403e-07,"20","TOMM20"
"H2AFV1",1.01884036806583e-11,0.330272965009022,0.809,0.506,2.87200911354078e-07,"20","H2AFV"
"CALR5",1.39144657609845e-11,0.367580603612881,0.846,0.581,3.92234875336392e-07,"20","CALR"
"FBXO7",1.82159638781142e-11,0.309168780651176,0.564,0.31,5.13489805760161e-07,"20","FBXO7"
"COMMD61",2.27460346803005e-11,0.310375167666906,0.952,0.794,6.4118797160299e-07,"20","COMMD6"
"SRSF51",2.41372977967064e-11,0.313485489727269,0.979,0.871,6.80406287591357e-07,"20","SRSF5"
"SUMO2",2.45184116257761e-11,0.329697895460118,0.941,0.817,6.91149505319004e-07,"20","SUMO2"
"EIF3F1",2.70429121433457e-11,0.354450229908322,0.926,0.721,7.62312650408772e-07,"20","EIF3F"
"GOLGB12",3.22646872820633e-11,0.34618803782057,0.617,0.357,9.09509269794082e-07,"20","GOLGB1"
"CHD4",8.58857226842019e-11,0.309742691927121,0.697,0.425,2.42103263674497e-06,"20","CHD4"
"PRDX12",9.57210619224642e-11,0.310590164120962,0.862,0.593,2.69828101453234e-06,"20","PRDX1"
"ATP5G33",1.16645500203893e-10,0.317305562339358,0.888,0.588,3.28812000524755e-06,"20","ATP5G3"
"SMDT12",2.02977174072523e-10,0.325261570413914,0.835,0.557,5.72172355993036e-06,"20","SMDT1"
"KHDRBS1",2.37560788271126e-10,0.30021264307006,0.814,0.55,6.69660106057477e-06,"20","KHDRBS1"
"ATP5G11",2.5325569966647e-10,0.303827173573024,0.633,0.368,7.13902491789811e-06,"20","ATP5G1"
"ELF11",3.45221783836973e-10,0.311106544466646,0.819,0.592,9.73145686458043e-06,"20","ELF1"
"SF12",1.42114023377477e-09,0.308417082970957,0.899,0.678,4.00605220498771e-05,"20","SF1"
"NAA38",2.02020362586035e-09,0.391291128653394,0.739,0.529,5.69475200093774e-05,"20","NAA38"
"LIMS11",3.58050077406817e-09,0.31408562774263,0.713,0.469,0.000100930736320208,"20","LIMS1"
"ENO11",7.976317233523e-08,0.378381886199563,0.926,0.803,0.0022484440649578,"20","ENO1"
"DDX171",9.91956307892402e-08,0.305780452118724,0.931,0.774,0.00279622563631789,"20","DDX17"
"CD1641",7.01717656212843e-07,0.305384585031065,0.84,0.633,0.0197807190109838,"20","CD164"
"LMO41",1.33242992486532e-06,1.46582036570118,0.569,0.372,0.0375598671520284,"20","LMO4"
"TUBA1A1",2.22348880012569e-06,0.367074246997333,0.883,0.719,0.062677925786743,"20","TUBA1A"
"FCGR3A1",0,3.26562002962453,0.981,0.163,0,"3","FCGR3A"
"CDKN1C1",0,2.79807793060457,0.854,0.082,0,"3","CDKN1C"
"IFITM32",0,2.02343441674855,0.943,0.453,0,"3","IFITM3"
"LYPD21",0,2.02226864179013,0.294,0.013,0,"3","LYPD2"
"LST11",0,1.87794677408463,1,0.881,0,"3","LST1"
"LINC012721",0,1.8497614192119,0.925,0.336,0,"3","LINC01272"
"IFITM21",0,1.77588383340022,0.984,0.696,0,"3","IFITM2"
"MS4A72",0,1.77552376262216,0.939,0.476,0,"3","MS4A7"
"HES41",0,1.77136161735556,0.727,0.08,0,"3","HES4"
"TCF7L21",0,1.75723008125953,0.861,0.16,0,"3","TCF7L2"
"RHOC1",0,1.72411660980996,0.848,0.21,0,"3","RHOC"
"MTSS12",0,1.41679867701216,0.828,0.209,0,"3","MTSS1"
"NAP1L12",0,1.39159750747226,0.992,0.816,0,"3","NAP1L1"
"AIF12",0,1.32479048584949,0.999,0.901,0,"3","AIF1"
"FCER1G2",0,1.27655469839149,0.996,0.863,0,"3","FCER1G"
"LYN1",0,1.23432463750831,0.978,0.716,0,"3","LYN"
"PECAM11",0,1.2301389453665,0.933,0.583,0,"3","PECAM1"
"WARS1",0,1.2285420941937,0.899,0.483,0,"3","WARS"
"SPN2",0,1.22260801488157,0.845,0.356,0,"3","SPN"
"FAM26F1",0,1.16552194506762,0.807,0.357,0,"3","FAM26F"
"CSF1R2",0,1.1624777747044,0.839,0.35,0,"3","CSF1R"
"RRAS1",0,1.16140300611645,0.746,0.221,0,"3","RRAS"
"CFD1",0,1.15737076181175,0.956,0.661,0,"3","CFD"
"SIGLEC101",0,1.14047308067768,0.68,0.151,0,"3","SIGLEC10"
"LY6E1",0,1.13500818915478,0.879,0.457,0,"3","LY6E"
"DRAP12",0,1.12242432494654,0.918,0.556,0,"3","DRAP1"
"COTL11",0,1.10398552371808,1,0.921,0,"3","COTL1"
"LRRC251",0,1.08008172390164,0.86,0.405,0,"3","LRRC25"
"TIMP14",0,1.07182710991113,0.929,0.668,0,"3","TIMP1"
"C1QA2",0,1.0417548084807,0.294,0.046,0,"3","C1QA"
"LILRB21",0,1.02662444815978,0.905,0.507,0,"3","LILRB2"
"SAT13",0,1.01614216626447,0.999,0.956,0,"3","SAT1"
"ABI31",0,1.00098317561085,0.678,0.197,0,"3","ABI3"
"HMOX12",0,0.985547543121209,0.777,0.336,0,"3","HMOX1"
"RPS195",0,0.980902500724664,1,0.992,0,"3","RPS19"
"TNFRSF1B3",0,0.973975252274426,0.98,0.751,0,"3","TNFRSF1B"
"SERPINA11",0,0.971770275229086,0.986,0.756,0,"3","SERPINA1"
"PAG12",0,0.943017370776619,0.695,0.271,0,"3","PAG1"
"CKB1",0,0.930044562274896,0.368,0.03,0,"3","CKB"
"RNASET22",0,0.914985508329359,0.95,0.672,0,"3","RNASET2"
"BID2",0,0.906650307750351,0.84,0.463,0,"3","BID"
"LILRB11",0,0.895295709396452,0.749,0.334,0,"3","LILRB1"
"CD79B3",0,0.88913944610323,0.54,0.093,0,"3","CD79B"
"APOBEC3A",0,0.87671024257333,0.568,0.304,0,"3","APOBEC3A"
"CD522",0,0.865346067771034,0.966,0.805,0,"3","CD52"
"POU2F21",0,0.862493008589441,0.938,0.64,0,"3","POU2F2"
"CTSC3",0,0.862319975687464,0.842,0.507,0,"3","CTSC"
"MTPN1",0,0.859604119399645,0.947,0.719,0,"3","MTPN"
"CX3CR11",0,0.850650611451039,0.583,0.232,0,"3","CX3CR1"
"PLAC83",0,0.844062414138953,0.749,0.429,0,"3","PLAC8"
"PTPN61",0,0.844013704468114,0.892,0.557,0,"3","PTPN6"
"PILRA",0,0.829882487224543,0.815,0.449,0,"3","PILRA"
"MBD21",0,0.82446118105412,0.871,0.556,0,"3","MBD2"
"NAAA2",0,0.824383012680823,0.764,0.387,0,"3","NAAA"
"VAMP51",0,0.810604239447094,0.751,0.432,0,"3","VAMP5"
"SLC2A61",0,0.810274986783696,0.58,0.209,0,"3","SLC2A6"
"ADGRE51",0,0.808859715255571,0.881,0.572,0,"3","ADGRE5"
"KLF31",0,0.804318561240984,0.802,0.46,0,"3","KLF3"
"BCL2A12",0,0.801375356851029,0.798,0.398,0,"3","BCL2A1"
"FAM110A1",0,0.797501316719245,0.534,0.153,0,"3","FAM110A"
"VASP",0,0.767901855393945,0.933,0.665,0,"3","VASP"
"YBX13",0,0.764807204367161,0.996,0.893,0,"3","YBX1"
"TMPO1",0,0.763658583801061,0.772,0.448,0,"3","TMPO"
"UNC1191",0,0.762888538702156,0.633,0.256,0,"3","UNC119"
"ITGAL2",0,0.762721921445966,0.759,0.377,0,"3","ITGAL"
"HN11",0,0.760485991320142,0.755,0.379,0,"3","HN1"
"SPI1",0,0.74506029787754,0.973,0.787,0,"3","SPI1"
"S100A111",0,0.741587306258335,0.999,0.944,0,"3","S100A11"
"SOD12",0,0.738060105137623,0.768,0.469,0,"3","SOD1"
"UTRN1",0,0.733898123611274,0.855,0.526,0,"3","UTRN"
"PTP4A2",0,0.733042527552395,0.985,0.841,0,"3","PTP4A2"
"LYST1",0,0.731693555873713,0.934,0.683,0,"3","LYST"
"MT2A3",0,0.727790531637487,0.778,0.486,0,"3","MT2A"
"OAS11",0,0.725236805130736,0.558,0.208,0,"3","OAS1"
"PTGES32",0,0.72474606174764,0.886,0.653,0,"3","PTGES3"
"PRELID1",0,0.718538480265136,0.957,0.758,0,"3","PRELID1"
"RGS191",0,0.717278691738737,0.786,0.45,0,"3","RGS19"
"ZNF7031",0,0.714970768096403,0.459,0.095,0,"3","ZNF703"
"LILRA5",0,0.714116402133935,0.759,0.421,0,"3","LILRA5"
"EMP3",0,0.712928375961898,0.99,0.888,0,"3","EMP3"
"BATF32",0,0.712417457998458,0.433,0.087,0,"3","BATF3"
"PSAP1",0,0.705819216253377,0.999,0.945,0,"3","PSAP"
"FTL1",0,0.699615196773559,1,0.999,0,"3","FTL"
"KLF22",0,0.697120606745582,0.979,0.784,0,"3","KLF2"
"SNX18",0,0.694853853095011,0.636,0.289,0,"3","SNX18"
"HSBP1",0,0.693034392070912,0.836,0.536,0,"3","HSBP1"
"HCK",0,0.687182260993127,0.822,0.52,0,"3","HCK"
"STXBP21",0,0.686465437893602,0.914,0.678,0,"3","STXBP2"
"CTSL2",0,0.68570441399342,0.455,0.075,0,"3","CTSL"
"CHCHD101",0,0.675284901033976,0.79,0.48,0,"3","CHCHD10"
"SIDT21",0,0.673245787474285,0.497,0.159,0,"3","SIDT2"
"CSK",0,0.672358798591943,0.835,0.517,0,"3","CSK"
"WASF21",0,0.671378689887208,0.879,0.613,0,"3","WASF2"
"PIK3AP1",0,0.670383176188295,0.743,0.4,0,"3","PIK3AP1"
"SCIMP",0,0.663991234171051,0.668,0.319,0,"3","SCIMP"
"CSTB4",0,0.658642131911735,0.925,0.678,0,"3","CSTB"
"MAPKAPK3",0,0.656365780411551,0.7,0.355,0,"3","MAPKAPK3"
"CDH231",0,0.655857638607758,0.427,0.097,0,"3","CDH23"
"ADGRE2",0,0.646551272825493,0.641,0.282,0,"3","ADGRE2"
"LFNG",0,0.645389625029498,0.619,0.273,0,"3","LFNG"
"PTPRC1",0,0.643367193251127,0.997,0.923,0,"3","PTPRC"
"RABGAP1L2",0,0.640768511736369,0.652,0.356,0,"3","RABGAP1L"
"RAP1B3",0,0.639894809671688,0.842,0.562,0,"3","RAP1B"
"ITGA43",0,0.636994597581207,0.767,0.444,0,"3","ITGA4"
"TESC1",0,0.636647788733515,0.563,0.256,0,"3","TESC"
"MSN1",0,0.635940196346386,0.969,0.802,0,"3","MSN"
"ASAH11",0,0.634241946028774,0.94,0.711,0,"3","ASAH1"
"HOTAIRM1",0,0.630464807533267,0.643,0.316,0,"3","HOTAIRM1"
"CAMK1",0,0.627248228013629,0.55,0.203,0,"3","CAMK1"
"SEPT92",0,0.626821243289403,0.834,0.531,0,"3","SEPT9"
"TPM3",0,0.625609258044138,0.994,0.906,0,"3","TPM3"
"TUBA1B5",0,0.623783119461385,0.86,0.586,0,"3","TUBA1B"
"NFKBIZ",0,0.62309794637205,0.899,0.663,0,"3","NFKBIZ"
"ZBTB7A1",0,0.621999061034056,0.783,0.502,0,"3","ZBTB7A"
"MYOF",0,0.621780890105035,0.448,0.133,0,"3","MYOF"
"CEBPB2",0,0.61488468410717,0.954,0.748,0,"3","CEBPB"
"ICAM21",0,0.613727679216877,0.548,0.206,0,"3","ICAM2"
"PSME21",0,0.611548462469002,0.872,0.624,0,"3","PSME2"
"NPC23",0,0.60863621461629,0.965,0.778,0,"3","NPC2"
"ARPC3",0,0.607001303113387,0.993,0.908,0,"3","ARPC3"
"GPBAR1",0,0.59719531387691,0.524,0.211,0,"3","GPBAR1"
"NEURL11",0,0.595620813720593,0.332,0.033,0,"3","NEURL1"
"LILRA1",0,0.59277472430465,0.564,0.231,0,"3","LILRA1"
"BIN21",0,0.592726611059818,0.792,0.482,0,"3","BIN2"
"PKN11",0,0.591071890607983,0.722,0.399,0,"3","PKN1"
"PHTF22",0,0.585736482193799,0.447,0.137,0,"3","PHTF2"
"CD68",0,0.584045816983668,0.934,0.686,0,"3","CD68"
"MAFB2",0,0.583539832436008,0.789,0.437,0,"3","MAFB"
"MARCKS1",0,0.576422227108091,0.876,0.609,0,"3","MARCKS"
"TSPAN141",0,0.575876417739166,0.642,0.33,0,"3","TSPAN14"
"CD300A",0,0.575420559085256,0.557,0.243,0,"3","CD300A"
"C5AR12",0,0.573719363333115,0.828,0.496,0,"3","C5AR1"
"FTH13",0,0.573348202598961,1,0.999,0,"3","FTH1"
"ATG31",0,0.572269198756531,0.759,0.49,0,"3","ATG3"
"LMO2",0,0.571278655768652,0.742,0.434,0,"3","LMO2"
"KDM1B",0,0.566698102659303,0.567,0.25,0,"3","KDM1B"
"PTP4A31",0,0.566052484220734,0.309,0.032,0,"3","PTP4A3"
"PSMB92",0,0.563473652714907,0.836,0.576,0,"3","PSMB9"
"SYTL11",0,0.561715785556785,0.473,0.179,0,"3","SYTL1"
"CXCL163",0,0.558491111076015,0.596,0.259,0,"3","CXCL16"
"MS4A4A2",0,0.557103397732505,0.345,0.062,0,"3","MS4A4A"
"ADA4",0,0.556299681916042,0.352,0.069,0,"3","ADA"
"ITGAX1",0,0.553582966113678,0.709,0.391,0,"3","ITGAX"
"EVL4",0,0.553138070061885,0.656,0.303,0,"3","EVL"
"CMTM6",0,0.548248329123043,0.909,0.697,0,"3","CMTM6"
"RHOB",0,0.546860029577449,0.73,0.443,0,"3","RHOB"
"SECTM11",0,0.544862939826347,0.595,0.272,0,"3","SECTM1"
"INSIG14",0,0.543033985317789,0.556,0.202,0,"3","INSIG1"
"S100A41",0,0.542231624292488,0.999,0.978,0,"3","S100A4"
"PCGF51",0,0.540067104162889,0.599,0.298,0,"3","PCGF5"
"C10orf54",0,0.539457007888918,0.933,0.719,0,"3","C10orf54"
"MYD88",0,0.538228074372809,0.663,0.363,0,"3","MYD88"
"CYTIP1",0,0.538189673624115,0.733,0.436,0,"3","CYTIP"
"TAGLN",0,0.536146464183786,0.33,0.061,0,"3","TAGLN"
"PLAGL2",0,0.536102559547566,0.413,0.132,0,"3","PLAGL2"
"PHF191",0,0.535291702289938,0.399,0.119,0,"3","PHF19"
"GNG21",0,0.534371945045142,0.608,0.322,0,"3","GNG2"
"GBP41",0,0.533961006995222,0.45,0.182,0,"3","GBP4"
"NACA3",0,0.533889829062121,0.999,0.973,0,"3","NACA"
"SELPLG2",0,0.533083028572832,0.73,0.441,0,"3","SELPLG"
"CD481",0,0.529595481915471,0.953,0.766,0,"3","CD48"
"GCH1",0,0.526121310863001,0.481,0.176,0,"3","GCH1"
"CHST21",0,0.524985984790207,0.33,0.089,0,"3","CHST2"
"ISG15",0,0.523460050723736,0.63,0.372,0,"3","ISG15"
"PPM1N1",0,0.522869433592894,0.254,0.048,0,"3","PPM1N"
"AP2A1",0,0.520327024695686,0.56,0.267,0,"3","AP2A1"
"ARPC21",0,0.519322182777076,0.992,0.907,0,"3","ARPC2"
"ARL4A",0,0.519031916787861,0.646,0.398,0,"3","ARL4A"
"CALM2",0,0.51544111866489,0.981,0.859,0,"3","CALM2"
"RAB101",0,0.51513718526141,0.728,0.463,0,"3","RAB10"
"CLEC2B1",0,0.513874675737784,0.736,0.458,0,"3","CLEC2B"
"CARD16",0,0.513392220527474,0.871,0.633,0,"3","CARD16"
"FBP1",0,0.511895635569834,0.484,0.259,0,"3","FBP1"
"IFI302",0,0.510375812140361,0.617,0.347,0,"3","IFI30"
"ARAP21",0,0.505875541815223,0.519,0.242,0,"3","ARAP2"
"ZFAND51",0,0.503863972344149,0.898,0.689,0,"3","ZFAND5"
"NR4A14",0,0.503798362229905,0.531,0.249,0,"3","NR4A1"
"RP11-362F19.11",0,0.502081654778779,0.306,0.067,0,"3","RP11-362F19.1"
"BLOC1S1",0,0.501100641317664,0.863,0.653,0,"3","BLOC1S1"
"HLA-E2",0,0.500003855797595,0.995,0.94,0,"3","HLA-E"
"HLA-DPA15",0,0.49625675880046,0.984,0.796,0,"3","HLA-DPA1"
"ZNF7062",0,0.496252397570237,0.743,0.468,0,"3","ZNF706"
"PYCARD",0,0.494270049766929,0.941,0.739,0,"3","PYCARD"
"RHOG",0,0.493729489838856,0.89,0.676,0,"3","RHOG"
"RNH11",0,0.492097641118804,0.819,0.559,0,"3","RNH1"
"CDKN2D1",0,0.491618817336012,0.735,0.481,0,"3","CDKN2D"
"SLC44A22",0,0.491073716395318,0.408,0.14,0,"3","SLC44A2"
"SH3BP2",0,0.487182804667936,0.776,0.508,0,"3","SH3BP2"
"ARHGDIB1",0,0.485542760698827,0.981,0.854,0,"3","ARHGDIB"
"TMC61",0,0.483913142801611,0.541,0.278,0,"3","TMC6"
"MYO1G",0,0.483424663375891,0.814,0.551,0,"3","MYO1G"
"C3AR11",0,0.48309295845267,0.358,0.11,0,"3","C3AR1"
"ADGRE1",0,0.481699619813243,0.349,0.088,0,"3","ADGRE1"
"S1PR41",0,0.481270947581153,0.546,0.283,0,"3","S1PR4"
"CAP1",0,0.480955170506168,0.96,0.821,0,"3","CAP1"
"ADRBK2",0,0.480607051427317,0.642,0.365,0,"3","ADRBK2"
"CNIH4",0,0.480550631887125,0.469,0.224,0,"3","CNIH4"
"SEC14L1",0,0.47946777502673,0.674,0.406,0,"3","SEC14L1"
"WSB11",0,0.479087642955771,0.823,0.614,0,"3","WSB1"
"TAF10",0,0.478718927960249,0.769,0.512,0,"3","TAF10"
"MYL62",0,0.476886434843507,0.998,0.949,0,"3","MYL6"
"FAM32A",0,0.473768654732825,0.603,0.343,0,"3","FAM32A"
"UQCRB",0,0.473006486324253,0.979,0.87,0,"3","UQCRB"
"VMO11",0,0.472858456862528,0.218,0.053,0,"3","VMO1"
"PGK1",0,0.466566135456878,0.905,0.713,0,"3","PGK1"
"ABRACL1",0,0.463187316101507,0.712,0.482,0,"3","ABRACL"
"C9orf781",0,0.462759123058952,0.699,0.449,0,"3","C9orf78"
"TPPP3",0,0.461654814719588,0.359,0.13,0,"3","TPPP3"
"C15orf39",0,0.461284333862693,0.593,0.32,0,"3","C15orf39"
"LYL11",0,0.46122002147263,0.557,0.288,0,"3","LYL1"
"LNPEP1",0,0.459242697725219,0.649,0.391,0,"3","LNPEP"
"P2RX11",0,0.458894613512476,0.383,0.132,0,"3","P2RX1"
"LGALS9",0,0.458719508374518,0.758,0.502,0,"3","LGALS9"
"C19orf381",0,0.457767372340418,0.711,0.432,0,"3","C19orf38"
"RAC23",0,0.454018712722049,0.868,0.634,0,"3","RAC2"
"FAM89B",0,0.453341898568059,0.571,0.325,0,"3","FAM89B"
"PSMA4",0,0.452952648549563,0.798,0.565,0,"3","PSMA4"
"PFN1",0,0.451518522581679,0.998,0.947,0,"3","PFN1"
"ZDHHC1",0,0.451341986941695,0.35,0.142,0,"3","ZDHHC1"
"TCIRG1",0,0.450271970163628,0.738,0.469,0,"3","TCIRG1"
"CST34",0,0.448565457592302,0.999,0.948,0,"3","CST3"
"GNG51",0,0.44663126904585,0.921,0.724,0,"3","GNG5"
"IER5",0,0.446457303323396,0.8,0.542,0,"3","IER5"
"IKZF11",0,0.445961464690809,0.687,0.476,0,"3","IKZF1"
"FGD2",0,0.445235713597647,0.518,0.263,0,"3","FGD2"
"RYBP1",0,0.445107239652512,0.499,0.258,0,"3","RYBP"
"PIK3CG",0,0.44455822776559,0.379,0.14,0,"3","PIK3CG"
"CAPZB",0,0.443889042845933,0.899,0.702,0,"3","CAPZB"
"CORO1A",0,0.443389793359488,0.975,0.829,0,"3","CORO1A"
"RNF144B2",0,0.442944633886494,0.491,0.275,0,"3","RNF144B"
"SVIL",0,0.442533702503411,0.391,0.149,0,"3","SVIL"
"ICAM4",0,0.441533119095596,0.252,0.046,0,"3","ICAM4"
"FKBP1A",0,0.441135638802524,0.943,0.772,0,"3","FKBP1A"
"MAP3K1",0,0.440820695327248,0.785,0.556,0,"3","MAP3K1"
"CASP1",0,0.440400544310692,0.818,0.57,0,"3","CASP1"
"CD471",0,0.438352701739379,0.631,0.386,0,"3","CD47"
"PPDPF2",0,0.437189751151588,0.825,0.615,0,"3","PPDPF"
"METRNL2",0,0.437017118555871,0.666,0.403,0,"3","METRNL"
"ARL6IP51",0,0.436379494009744,0.894,0.713,0,"3","ARL6IP5"
"SLC31A2",0,0.435551659271233,0.532,0.309,0,"3","SLC31A2"
"VPS35",0,0.435451232901913,0.7,0.446,0,"3","VPS35"
"PLXNB2",0,0.434667885310005,0.638,0.385,0,"3","PLXNB2"
"RAB8A",0,0.43120168938147,0.677,0.423,0,"3","RAB8A"
"FGR1",0,0.429393290586106,0.893,0.669,0,"3","FGR"
"EZR4",0,0.428956457920859,0.691,0.469,0,"3","EZR"
"WDR11",0,0.427949626033212,0.468,0.246,0,"3","WDR11"
"LRRFIP1",0,0.425755846171305,0.968,0.839,0,"3","LRRFIP1"
"STK10",0,0.42573991225673,0.672,0.416,0,"3","STK10"
"GBP1",0,0.425214471762627,0.391,0.178,0,"3","GBP1"
"ACAA1",0,0.424590934934057,0.58,0.34,0,"3","ACAA1"
"SFMBT21",0,0.424496964827698,0.299,0.076,0,"3","SFMBT2"
"RELT",0,0.424347740795847,0.597,0.341,0,"3","RELT"
"GBP2",0,0.423409561947872,0.537,0.294,0,"3","GBP2"
"ANXA51",0,0.422987825375555,0.95,0.776,0,"3","ANXA5"
"RARA",0,0.42263038223313,0.567,0.314,0,"3","RARA"
"TSC22D32",0,0.422243686142802,0.965,0.806,0,"3","TSC22D3"
"TBXAS1",0,0.420747404710392,0.652,0.383,0,"3","TBXAS1"
"NDUFA45",0,0.419476485951798,0.897,0.719,0,"3","NDUFA4"
"CD300LF",0,0.419139698014009,0.58,0.315,0,"3","CD300LF"
"RP3-395M20.12",0,0.419114489797265,0.36,0.126,0,"3","RP3-395M20.12"
"CUX11",0,0.417598256510597,0.673,0.453,0,"3","CUX1"
"MYL12B1",0,0.417415076233375,0.951,0.794,0,"3","MYL12B"
"RASGRP2",0,0.417337861932953,0.583,0.334,0,"3","RASGRP2"
"FLNA",0,0.41697778318902,0.941,0.785,0,"3","FLNA"
"TLE4",0,0.416343061560832,0.721,0.501,0,"3","TLE4"
"ST3GAL5",0,0.414414155739529,0.384,0.16,0,"3","ST3GAL5"
"SH3BGRL",0,0.413680970997707,0.939,0.796,0,"3","SH3BGRL"
"CYFIP23",0,0.413223483766305,0.411,0.17,0,"3","CYFIP2"
"TYROBP1",0,0.411906637019146,0.999,0.956,0,"3","TYROBP"
"PLXNC1",0,0.411847867697063,0.636,0.398,0,"3","PLXNC1"
"CPPED11",0,0.411774111682993,0.789,0.543,0,"3","CPPED1"
"TMEM134",0,0.411219013837414,0.416,0.181,0,"3","TMEM134"
"ACTR3",0,0.4108750206682,0.929,0.756,0,"3","ACTR3"
"CKS1B",0,0.410130271080512,0.292,0.069,0,"3","CKS1B"
"CTD-2006K23.1",0,0.409615808173423,0.246,0.041,0,"3","CTD-2006K23.1"
"TUBA1A2",0,0.405984328721746,0.889,0.704,0,"3","TUBA1A"
"MPC1",0,0.405414103110003,0.523,0.286,0,"3","MPC1"
"PPP1CA",0,0.404835715526054,0.849,0.632,0,"3","PPP1CA"
"MIS18BP1",0,0.40359672467651,0.741,0.52,0,"3","MIS18BP1"
"HIGD2A",0,0.403502035498423,0.883,0.685,0,"3","HIGD2A"
"DSTN3",0,0.403244937527741,0.614,0.384,0,"3","DSTN"
"TLN1",0,0.401334098528782,0.877,0.691,0,"3","TLN1"
"BTK",0,0.399216101215588,0.558,0.307,0,"3","BTK"
"BRI31",0,0.397869728659207,0.982,0.876,0,"3","BRI3"
"ARL6IP4",0,0.397763651552389,0.905,0.722,0,"3","ARL6IP4"
"LCP2",0,0.397342534069429,0.656,0.409,0,"3","LCP2"
"SH2D3C",0,0.397198862816175,0.338,0.116,0,"3","SH2D3C"
"C20orf271",0,0.396768333869109,0.576,0.341,0,"3","C20orf27"
"USMG51",0,0.396434349096017,0.806,0.569,0,"3","USMG5"
"RBX1",0,0.394067949617351,0.82,0.59,0,"3","RBX1"
"OAZ1",0,0.392163424694387,0.999,0.965,0,"3","OAZ1"
"GNAI2",0,0.390804988048731,0.986,0.89,0,"3","GNAI2"
"ARRB1",0,0.387836726152516,0.451,0.205,0,"3","ARRB1"
"COX7B",0,0.387093407085579,0.883,0.699,0,"3","COX7B"
"PDLIM51",0,0.386259167957813,0.501,0.26,0,"3","PDLIM5"
"ITGB13",0,0.384807186546837,0.787,0.548,0,"3","ITGB1"
"PSMB8",0,0.383548895578825,0.779,0.558,0,"3","PSMB8"
"YPEL2",0,0.383376504610168,0.489,0.264,0,"3","YPEL2"
"TBC1D1",0,0.382644471896281,0.498,0.273,0,"3","TBC1D1"
"RIOK3",0,0.382593059530989,0.751,0.528,0,"3","RIOK3"
"CCT5",0,0.381290523341382,0.596,0.369,0,"3","CCT5"
"DEDD2",0,0.380951470971596,0.491,0.252,0,"3","DEDD2"
"EPS8",0,0.380941965898603,0.221,0.041,0,"3","EPS8"
"KRAS",0,0.380807471164251,0.573,0.345,0,"3","KRAS"
"DOCK2",0,0.380184537706942,0.758,0.523,0,"3","DOCK2"
"CEBPA",0,0.379908961397029,0.513,0.295,0,"3","CEBPA"
"RNF1491",0,0.379416774664101,0.785,0.543,0,"3","RNF149"
"ATP5B",0,0.379235487508056,0.795,0.552,0,"3","ATP5B"
"IFIT3",0,0.379199305155091,0.265,0.083,0,"3","IFIT3"
"RBBP8",0,0.378876269688042,0.299,0.093,0,"3","RBBP8"
"LPCAT2",0,0.377357435709832,0.485,0.249,0,"3","LPCAT2"
"ARPC1B",0,0.376531615869147,0.99,0.904,0,"3","ARPC1B"
"M6PR",0,0.374712909699292,0.732,0.517,0,"3","M6PR"
"GDI2",0,0.374315923272291,0.894,0.712,0,"3","GDI2"
"RXRA",0,0.373528037016809,0.717,0.464,0,"3","RXRA"
"TES",0,0.372116687136687,0.637,0.407,0,"3","TES"
"SLC25A6",0,0.371761663223459,0.983,0.869,0,"3","SLC25A6"
"MMP24-AS1",0,0.371385110090246,0.566,0.325,0,"3","MMP24-AS1"
"RASSF51",0,0.37136427083321,0.639,0.395,0,"3","RASSF5"
"CBL1",0,0.371210971337105,0.534,0.311,0,"3","CBL"
"ATP1B35",0,0.371172926586723,0.7,0.447,0,"3","ATP1B3"
"KCNQ1OT12",0,0.371157880729014,0.27,0.115,0,"3","KCNQ1OT1"
"MARCKSL11",0,0.369939229732148,0.574,0.266,0,"3","MARCKSL1"
"DOK21",0,0.368597946588495,0.704,0.477,0,"3","DOK2"
"EPB41L32",0,0.368565708160323,0.458,0.23,0,"3","EPB41L3"
"UBASH3B",0,0.368185609450901,0.254,0.068,0,"3","UBASH3B"
"DOCK5",0,0.364835316433119,0.493,0.262,0,"3","DOCK5"
"SSBP4",0,0.364412999125924,0.536,0.307,0,"3","SSBP4"
"LIMD2",0,0.364189299442554,0.898,0.697,0,"3","LIMD2"
"PTPN18",0,0.363605543861722,0.658,0.425,0,"3","PTPN18"
"MT-CO2",0,0.362618398765639,1,0.996,0,"3","MT-CO2"
"CAPNS1",0,0.362589365560656,0.843,0.653,0,"3","CAPNS1"
"UBE2J12",0,0.362312292922651,0.666,0.426,0,"3","UBE2J1"
"CDC42",0,0.360303080927913,0.99,0.89,0,"3","CDC42"
"UNC93B11",0,0.359540434760549,0.628,0.39,0,"3","UNC93B1"
"ARPC5",0,0.358352850485898,0.971,0.858,0,"3","ARPC5"
"CYBA1",0,0.355237712482779,0.998,0.952,0,"3","CYBA"
"SLC7A71",0,0.354532188998185,0.734,0.497,0,"3","SLC7A7"
"GNB2",0,0.353619885661306,0.85,0.657,0,"3","GNB2"
"CCDC121",0,0.352753901338841,0.562,0.342,0,"3","CCDC12"
"SCRN11",0,0.351425107952295,0.265,0.081,0,"3","SCRN1"
"BLVRA1",0,0.351046278805077,0.61,0.375,0,"3","BLVRA"
"EHBP1L1",0,0.350241793836992,0.757,0.534,0,"3","EHBP1L1"
"TNFRSF8",0,0.348100526096579,0.22,0.04,0,"3","TNFRSF8"
"TAOK33",0,0.347472356947606,0.737,0.523,0,"3","TAOK3"
"RHOA",0,0.347176108271595,0.979,0.876,0,"3","RHOA"
"MRPS35",0,0.346956009963552,0.383,0.192,0,"3","MRPS35"
"C11orf21",0,0.346882946924368,0.373,0.167,0,"3","C11orf21"
"VPS291",0,0.345564516077815,0.691,0.477,0,"3","VPS29"
"RP11-1398P2.1",0,0.344069914555635,0.246,0.059,0,"3","RP11-1398P2.1"
"HCLS1",0,0.344023877644769,0.888,0.71,0,"3","HCLS1"
"SLC8A11",0,0.343544054020626,0.57,0.342,0,"3","SLC8A1"
"ACTB1",0,0.342967046270259,1,0.997,0,"3","ACTB"
"SRI2",0,0.342165618968834,0.562,0.346,0,"3","SRI"
"SNN",0,0.342136316181393,0.437,0.23,0,"3","SNN"
"CIRBP5",0,0.340811541533863,0.864,0.67,0,"3","CIRBP"
"SPRED11",0,0.337230564861724,0.23,0.048,0,"3","SPRED1"
"ZCCHC6",0,0.337188535277152,0.54,0.32,0,"3","ZCCHC6"
"PMVK",0,0.336282188849763,0.342,0.151,0,"3","PMVK"
"CFL11",0,0.334971657954273,0.997,0.94,0,"3","CFL1"
"RALB",0,0.333998166437089,0.493,0.287,0,"3","RALB"
"GMFG",0,0.333902314061593,0.967,0.835,0,"3","GMFG"
"COX8A",0,0.332552611240148,0.932,0.773,0,"3","COX8A"
"CHST15",0,0.330969633656688,0.44,0.218,0,"3","CHST15"
"FAM46A",0,0.330887703305619,0.481,0.27,0,"3","FAM46A"
"LCP1",0,0.330050577454287,0.993,0.926,0,"3","LCP1"
"PPM1L",0,0.328284168086719,0.256,0.08,0,"3","PPM1L"
"CTSS2",0,0.321974754476734,1,0.962,0,"3","CTSS"
"FAM126A",0,0.321651718616779,0.322,0.148,0,"3","FAM126A"
"CCDC88C2",0,0.321124040227026,0.425,0.221,0,"3","CCDC88C"
"SNAPC3",0,0.320315379368877,0.275,0.101,0,"3","SNAPC3"
"COX6B1",0,0.319335707689671,0.963,0.83,0,"3","COX6B1"
"APH1B",0,0.316649012172758,0.298,0.12,0,"3","APH1B"
"AMPD2",0,0.3157807987526,0.455,0.24,0,"3","AMPD2"
"SGPP1",0,0.312411357312408,0.221,0.058,0,"3","SGPP1"
"ARAP1",0,0.311854552018889,0.551,0.332,0,"3","ARAP1"
"CLIP4",0,0.311475486517841,0.343,0.146,0,"3","CLIP4"
"HEG1",0,0.309508256972994,0.202,0.035,0,"3","HEG1"
"IL3RA1",0,0.309232525829841,0.209,0.053,0,"3","IL3RA"
"FMNL22",0,0.309111996350055,0.209,0.032,0,"3","FMNL2"
"ULK2",0,0.303378874120114,0.286,0.11,0,"3","ULK2"
"SNX92",0,0.302835061209681,0.289,0.113,0,"3","SNX9"
"ARHGAP27",0,0.301937462390162,0.463,0.259,0,"3","ARHGAP27"
"PPCDC",0,0.300895208567818,0.266,0.096,0,"3","PPCDC"
"PABPC4",2.39506562867353e-307,0.375305788262007,0.69,0.479,6.75145050066781e-303,"3","PABPC4"
"TNFSF10",4.97789389348403e-307,0.460926295180982,0.671,0.456,1.40321850963421e-302,"3","TNFSF10"
"PTGER4",4.01162243869685e-306,0.338461352849449,0.42,0.23,1.13083624924426e-301,"3","PTGER4"
"TBCB",4.57303561613784e-305,0.31539052279154,0.557,0.345,1.2890930098331e-300,"3","TBCB"
"ALDOA1",7.1571889859869e-305,0.338542851834769,0.965,0.808,2.01754000325985e-300,"3","ALDOA"
"TMOD31",7.69646149860199e-305,0.336666814641349,0.662,0.449,2.16955553184092e-300,"3","TMOD3"
"LSM61",1.51309422880485e-300,0.332468827534532,0.597,0.39,4.26526132157799e-296,"3","LSM6"
"GRK6",4.65704520280122e-299,0.315765856248167,0.493,0.292,1.31277447221764e-294,"3","GRK6"
"HMGN21",4.59132385912895e-297,0.355029244850414,0.904,0.74,1.29424828264986e-292,"3","HMGN2"
"SLC25A52",3.2145658422905e-294,0.36320943877695,0.851,0.677,9.06153965283269e-290,"3","SLC25A5"
"FAM45A",4.26183752511303e-290,0.317757546145059,0.566,0.355,1.20136937995411e-285,"3","FAM45A"
"ENY2",6.4675609274419e-289,0.35233461729931,0.782,0.588,1.8231407498366e-284,"3","ENY2"
"UCP22",7.21285954267753e-289,0.346033137502738,0.791,0.588,2.03323297648537e-284,"3","UCP2"
"YWHAZ",2.13388831791905e-286,0.312539607793674,0.97,0.858,6.01521777938202e-282,"3","YWHAZ"
"NKTR3",4.972083951007e-285,0.331713395718063,0.729,0.517,1.40158074494936e-280,"3","NKTR"
"COX5B",1.43562089585462e-282,0.318623695115338,0.933,0.787,4.04687174332459e-278,"3","COX5B"
"MIDN1",1.4007354499236e-281,0.353676872256712,0.832,0.633,3.94853315978963e-277,"3","MIDN"
"SNX52",2.42463304530175e-280,0.307617404032412,0.476,0.286,6.83479809140111e-276,"3","SNX5"
"CAPZA1",3.55871007205419e-280,0.317023843790563,0.835,0.65,1.00316478221136e-275,"3","CAPZA1"
"STX111",6.2322456247957e-280,0.305478047129643,0.603,0.389,1.75680771917366e-275,"3","STX11"
"PSME11",1.19319716977892e-279,0.320791819120947,0.92,0.758,3.3635035018898e-275,"3","PSME1"
"NINJ12",4.67165139437446e-279,0.358594352322871,0.652,0.444,1.31689181156022e-274,"3","NINJ1"
"CD371",5.0794857901086e-279,0.309655666599212,0.953,0.821,1.43185624937371e-274,"3","CD37"
"RASGEF1B3",7.01986660009056e-279,0.316262547948992,0.391,0.211,1.97883019589953e-274,"3","RASGEF1B"
"COX6A11",9.81469817014561e-278,0.319987837323372,0.854,0.66,2.76666526718235e-273,"3","COX6A1"
"CTBP2",1.0827994964478e-276,0.312052221665586,0.486,0.294,3.05230350053671e-272,"3","CTBP2"
"TNF",7.62407541822735e-275,0.425524144940338,0.243,0.106,2.14915061964411e-270,"3","TNF"
"C1orf1622",1.73118644903649e-274,0.339305380953014,0.91,0.731,4.88004148118895e-270,"3","C1orf162"
"SNAP23",2.68182290849637e-272,0.301085373363649,0.623,0.416,7.55979059676042e-268,"3","SNAP23"
"MINOS1",7.55063687858114e-269,0.327820619841291,0.748,0.553,2.12844902970324e-264,"3","MINOS1"
"SEC11A",1.09968197073994e-265,0.314876788403997,0.875,0.699,3.09989350731882e-261,"3","SEC11A"
"PGLS",1.71997157273043e-260,0.309288899736533,0.843,0.651,4.84842786636981e-256,"3","PGLS"
"UHMK1",2.43553376916393e-250,0.308888561776461,0.564,0.374,6.8655261418962e-246,"3","UHMK1"
"CD86",3.30950573644342e-237,0.300970406825345,0.584,0.393,9.32916572046036e-233,"3","CD86"
"RP5-1171I10.5",1.87592098283619e-233,0.306623048134954,0.577,0.378,5.28803365851693e-229,"3","RP5-1171I10.5"
"NEU1",3.24891411932205e-233,0.475738921658993,0.444,0.28,9.15836401095694e-229,"3","NEU1"
"YWHAH2",1.32540411936573e-182,0.325460870573532,0.527,0.373,3.73618167208006e-178,"3","YWHAH"
"IL7R4",0,1.92513275361277,0.877,0.178,0,"4","IL7R"
"LTB5",0,1.58420010848776,0.887,0.319,0,"4","LTB"
"TRBC23",0,1.27579198729542,0.686,0.154,0,"4","TRBC2"
"TCF73",0,1.27182246099135,0.687,0.101,0,"4","TCF7"
"CD3E3",0,1.25263495354723,0.764,0.134,0,"4","CD3E"
"TRAC3",0,1.21940754187805,0.709,0.124,0,"4","TRAC"
"ETS15",0,1.19239986096915,0.757,0.165,0,"4","ETS1"
"CD3D3",0,1.18416423000546,0.777,0.151,0,"4","CD3D"
"CD3G3",0,1.16262380658112,0.712,0.109,0,"4","CD3G"
"IL323",0,1.13750992044683,0.772,0.215,0,"4","IL32"
"BCL11B3",0,0.990719086710152,0.56,0.071,0,"4","BCL11B"
"LDHB4",0,0.978540819722811,0.803,0.414,0,"4","LDHB"
"TRBC13",0,0.961584288140203,0.474,0.116,0,"4","TRBC1"
"CD696",0,0.878440406027857,0.58,0.164,0,"4","CD69"
"LEF11",0,0.858459860970527,0.466,0.035,0,"4","LEF1"
"RCAN32",0,0.830408155875858,0.576,0.142,0,"4","RCAN3"
"CD25",0,0.771669711048338,0.576,0.134,0,"4","CD2"
"MAL1",0,0.749296614495664,0.397,0.027,0,"4","MAL"
"NOSIP1",0,0.737133124946629,0.622,0.276,0,"4","NOSIP"
"SYNE24",0,0.723611345424136,0.52,0.138,0,"4","SYNE2"
"RPS126",0,0.709490961473444,1,0.997,0,"4","RPS12"
"RPSA7",0,0.689737831247522,0.978,0.927,0,"4","RPSA"
"LEPROTL11",0,0.682048966793011,0.692,0.345,0,"4","LEPROTL1"
"CAMK41",0,0.665810025983623,0.394,0.039,0,"4","CAMK4"
"RPS37",0,0.660806072391247,0.999,0.987,0,"4","RPS3"
"CD272",0,0.659708178704492,0.394,0.045,0,"4","CD27"
"GIMAP72",0,0.646512748173881,0.658,0.307,0,"4","GIMAP7"
"LCK2",0,0.6445140556893,0.464,0.09,0,"4","LCK"
"SPOCK22",0,0.641308673868718,0.447,0.078,0,"4","SPOCK2"
"CLEC2D3",0,0.640078546544217,0.531,0.165,0,"4","CLEC2D"
"PIK3IP12",0,0.639435203599677,0.525,0.16,0,"4","PIK3IP1"
"RPL319",0,0.634808597656956,0.998,0.983,0,"4","RPL3"
"RPS27A6",0,0.632347055301178,0.999,0.995,0,"4","RPS27A"
"RPS275",0,0.631587537937983,1,0.997,0,"4","RPS27"
"EVL5",0,0.622979627522713,0.686,0.305,0,"4","EVL"
"RPS15A7",0,0.621202832994215,0.998,0.99,0,"4","RPS15A"
"LINC008612",0,0.619825014020708,0.395,0.06,0,"4","LINC00861"
"EEF1B27",0,0.61792714362145,0.97,0.899,0,"4","EEF1B2"
"RPS58",0,0.614980843173591,0.981,0.933,0,"4","RPS5"
"RPS4X7",0,0.605141639050493,0.997,0.983,0,"4","RPS4X"
"NPM14",0,0.591697960601259,0.924,0.778,0,"4","NPM1"
"RPS65",0,0.579722093858112,0.998,0.989,0,"4","RPS6"
"RORA3",0,0.579433891136545,0.411,0.095,0,"4","RORA"
"RPL306",0,0.579296769784528,0.999,0.995,0,"4","RPL30"
"AAK11",0,0.576229568527399,0.687,0.383,0,"4","AAK1"
"RPS186",0,0.573882729747457,1,0.996,0,"4","RPS18"
"RPL134",0,0.572737403060693,1,0.998,0,"4","RPL13"
"BCL22",0,0.572157793454069,0.375,0.091,0,"4","BCL2"
"OXNAD11",0,0.570061452145336,0.375,0.06,0,"4","OXNAD1"
"RPL323",0,0.566759119756348,0.999,0.996,0,"4","RPL32"
"AES4",0,0.564040870825374,0.823,0.581,0,"4","AES"
"ITM2A5",0,0.557707707399837,0.352,0.057,0,"4","ITM2A"
"LBH3",0,0.547197711719215,0.394,0.081,0,"4","LBH"
"MALAT15",0,0.54683517924693,1,0.989,0,"4","MALAT1"
"RPS256",0,0.545365073338973,0.995,0.982,0,"4","RPS25"
"RPS3A5",0,0.545081831675414,0.998,0.992,0,"4","RPS3A"
"RPL146",0,0.543975820665626,0.993,0.978,0,"4","RPL14"
"TRABD2A",0,0.54347930520576,0.332,0.039,0,"4","TRABD2A"
"RPL56",0,0.543400949735878,0.992,0.97,0,"4","RPL5"
"CD73",0,0.540414283335682,0.461,0.133,0,"4","CD7"
"ATM3",0,0.534299903540326,0.732,0.457,0,"4","ATM"
"RASGRP12",0,0.529751220959371,0.381,0.07,0,"4","RASGRP1"
"SARAF1",0,0.526954070697659,0.879,0.726,0,"4","SARAF"
"ABLIM1",0,0.524511702460742,0.344,0.049,0,"4","ABLIM1"
"SLC38A17",0,0.524012616619543,0.466,0.139,0,"4","SLC38A1"
"RPS296",0,0.523783345305974,0.998,0.991,0,"4","RPS29"
"FOXP13",0,0.517935593034348,0.727,0.461,0,"4","FOXP1"
"GLTSCR24",0,0.51597441524975,0.858,0.634,0,"4","GLTSCR2"
"MGAT4A2",0,0.513308828300951,0.508,0.185,0,"4","MGAT4A"
"SLFN52",0,0.512823936017108,0.508,0.202,0,"4","SLFN5"
"SATB11",0,0.511569006163519,0.498,0.215,0,"4","SATB1"
"AP000769.12",0,0.51125620225388,0.407,0.189,0,"4","AP000769.1"
"RPL343",0,0.506196464984104,1,0.996,0,"4","RPL34"
"TRAT1",0,0.498021211586451,0.313,0.032,0,"4","TRAT1"
"RPS86",0,0.493291513380566,0.997,0.992,0,"4","RPS8"
"RPS105",0,0.483771912976186,0.963,0.93,0,"4","RPS10"
"RPS216",0,0.481341102112872,0.985,0.97,0,"4","RPS21"
"INPP4B",0,0.481055652394916,0.284,0.029,0,"4","INPP4B"
"ACAP13",0,0.480826801076721,0.539,0.24,0,"4","ACAP1"
"RPL10A6",0,0.47536211975771,0.988,0.959,0,"4","RPL10A"
"SEPT68",0,0.472249382693945,0.613,0.332,0,"4","SEPT6"
"CD962",0,0.468963282925672,0.332,0.057,0,"4","CD96"
"RPL214",0,0.464915458253029,0.998,0.991,0,"4","RPL21"
"LAT4",0,0.462883538340069,0.375,0.09,0,"4","LAT"
"RPL93",0,0.462182010089029,0.999,0.985,0,"4","RPL9"
"GCC24",0,0.46200025531746,0.603,0.332,0,"4","GCC2"
"PSIP13",0,0.458865759953549,0.55,0.274,0,"4","PSIP1"
"GYPC4",0,0.447738162109866,0.538,0.26,0,"4","GYPC"
"RPL115",0,0.44603601103257,0.999,0.995,0,"4","RPL11"
"C12orf572",0,0.444416540738893,0.779,0.497,0,"4","C12orf57"
"RPL107",0,0.443583025479647,1,0.997,0,"4","RPL10"
"RPL363",0,0.441836654905843,0.992,0.981,0,"4","RPL36"
"SKAP13",0,0.438291251461684,0.339,0.069,0,"4","SKAP1"
"ZFP36L21",0,0.43497333951936,0.93,0.804,0,"4","ZFP36L2"
"ISG204",0,0.43413325948931,0.484,0.194,0,"4","ISG20"
"DGKA",0,0.432235517566158,0.372,0.116,0,"4","DGKA"
"RPL185",0,0.431620803177213,0.997,0.988,0,"4","RPL18"
"ITK",0,0.426542170991709,0.302,0.046,0,"4","ITK"
"DDX245",0,0.42559685173104,0.73,0.475,0,"4","DDX24"
"OCIAD24",0,0.423892658610508,0.347,0.083,0,"4","OCIAD2"
"STK17A3",0,0.423526838214147,0.436,0.172,0,"4","STK17A"
"TRAF3IP33",0,0.421479904535792,0.677,0.414,0,"4","TRAF3IP3"
"RPL23A6",0,0.417059908358157,0.997,0.979,0,"4","RPL23A"
"IL2RG6",0,0.416833637677666,0.592,0.303,0,"4","IL2RG"
"RPL392",0,0.415963643383153,0.998,0.993,0,"4","RPL39"
"PDE3B",0,0.406680278549065,0.346,0.109,0,"4","PDE3B"
"RPL194",0,0.406159030036098,0.999,0.994,0,"4","RPL19"
"RPS235",0,0.40509869252048,0.999,0.993,0,"4","RPS23"
"TXNIP2",0,0.401826395994289,0.988,0.936,0,"4","TXNIP"
"RPS143",0,0.401372979162092,1,0.997,0,"4","RPS14"
"TESPA11",0,0.401167285399095,0.264,0.034,0,"4","TESPA1"
"RPS203",0,0.398949982697689,0.99,0.958,0,"4","RPS20"
"CD6",0,0.395718279569254,0.29,0.048,0,"4","CD6"
"TC2N2",0,0.395039398425326,0.287,0.052,0,"4","TC2N"
"RPL224",0,0.394782165270439,0.984,0.968,0,"4","RPL22"
"CXCR45",0,0.392468367473065,0.747,0.472,0,"4","CXCR4"
"EPB411",0,0.392325840204556,0.502,0.256,0,"4","EPB41"
"FAM107B3",0,0.385822032963141,0.693,0.444,0,"4","FAM107B"
"RPLP2",0,0.385659356543268,0.998,0.992,0,"4","RPLP2"
"NUCB24",0,0.385567757848975,0.381,0.152,0,"4","NUCB2"
"TTN1",0,0.384249522749014,0.204,0.035,0,"4","TTN"
"SVIP2",0,0.382786785173829,0.363,0.124,0,"4","SVIP"
"FCMR1",0,0.379467627679125,0.29,0.058,0,"4","FCMR"
"ZCCHC115",0,0.376672139150006,0.443,0.189,0,"4","ZCCHC11"
"RPL244",0,0.37200633382299,0.988,0.973,0,"4","RPL24"
"RPS282",0,0.371269260737743,0.996,0.989,0,"4","RPS28"
"CCND23",0,0.371137033105457,0.337,0.111,0,"4","CCND2"
"ITGA6",0,0.36939647123651,0.24,0.025,0,"4","ITGA6"
"TOMM7",0,0.368930422710811,0.935,0.884,0,"4","TOMM7"
"PBXIP12",0,0.36880499119496,0.353,0.137,0,"4","PBXIP1"
"RHOH3",0,0.365556843262167,0.292,0.061,0,"4","RHOH"
"TXK",0,0.361899934914084,0.249,0.038,0,"4","TXK"
"RPL124",0,0.361016482309305,0.995,0.988,0,"4","RPL12"
"RPL374",0,0.360863427356769,0.996,0.992,0,"4","RPL37"
"RPL35A2",0,0.360294652568928,0.994,0.987,0,"4","RPL35A"
"CD2472",0,0.359597369557229,0.37,0.101,0,"4","CD247"
"CD28",0,0.356382860431416,0.222,0.022,0,"4","CD28"
"FAM102A",0,0.354038065369977,0.251,0.038,0,"4","FAM102A"
"AQP31",0,0.351731989253765,0.206,0.028,0,"4","AQP3"
"RPS74",0,0.349307059209481,0.995,0.982,0,"4","RPS7"
"RPS163",0,0.342917832413296,0.997,0.987,0,"4","RPS16"
"RPL18A4",0,0.342198617384518,0.999,0.991,0,"4","RPL18A"
"KIF2A3",0,0.33903734077895,0.459,0.229,0,"4","KIF2A"
"SEPT12",0,0.332147703180712,0.364,0.141,0,"4","SEPT1"
"NCK2",0,0.331588910637754,0.314,0.105,0,"4","NCK2"
"EEF1D",0,0.331369877917167,0.951,0.923,0,"4","EEF1D"
"LDLRAP1",0,0.331349070637321,0.27,0.065,0,"4","LDLRAP1"
"SPTBN13",0,0.329811556317152,0.296,0.097,0,"4","SPTBN1"
"ARHGAP151",0,0.328801777143618,0.432,0.216,0,"4","ARHGAP15"
"ODF2L2",0,0.326541135076063,0.311,0.122,0,"4","ODF2L"
"PDE7A1",0,0.322819048234724,0.348,0.14,0,"4","PDE7A"
"TSTD18",0,0.322408014664569,0.422,0.195,0,"4","TSTD1"
"MAML22",0,0.319510455662396,0.393,0.171,0,"4","MAML2"
"RPL13A4",0,0.319350498538748,0.999,0.99,0,"4","RPL13A"
"RPS153",0,0.316102437195565,0.998,0.99,0,"4","RPS15"
"TNRC6C1",0,0.314009491047208,0.251,0.065,0,"4","TNRC6C"
"AC006129.21",0,0.312426866471642,0.221,0.037,0,"4","AC006129.2"
"RPL382",0,0.312119211259468,0.985,0.971,0,"4","RPL38"
"TTC39C",0,0.311113192866749,0.407,0.199,0,"4","TTC39C"
"RPL292",0,0.310445389266792,0.995,0.986,0,"4","RPL29"
"TPT1",0,0.309682221312753,1,0.999,0,"4","TPT1"
"RPS132",0,0.309559072949228,0.995,0.988,0,"4","RPS13"
"PRDX25",0,0.304250789616721,0.482,0.252,0,"4","PRDX2"
"RPL356",0,0.303988694101536,0.987,0.973,0,"4","RPL35"
"TNFRSF25",0,0.303128914804858,0.212,0.036,0,"4","TNFRSF25"
"RPS217",0,0.302272164024426,0.999,0.994,0,"4","RPS2"
"FLT3LG",0,0.30219741780962,0.224,0.042,0,"4","FLT3LG"
"RPL7A4",0,0.301636154575781,0.996,0.983,0,"4","RPL7A"
"RPL282",0,0.301127753818912,1,0.997,0,"4","RPL28"
"RPL63",0,0.300448257519198,0.993,0.972,0,"4","RPL6"
"PIK3R12",4.5116664656408e-307,0.414107530846759,0.595,0.353,1.27179365999948e-302,"4","PIK3R1"
"BTG13",8.75028673997513e-295,0.315233293606344,0.971,0.915,2.46661832913159e-290,"4","BTG1"
"SNHG83",8.75882118376364e-293,0.409191073897447,0.686,0.454,2.46902410349113e-288,"4","SNHG8"
"KIAA15511",7.36344903339837e-289,0.384480040301101,0.676,0.438,2.07568264802467e-284,"4","KIAA1551"
"RARRES33",6.8890071897576e-283,0.317771134434632,0.56,0.319,1.94194223672077e-278,"4","RARRES3"
"RBL2",3.37414599816061e-272,0.30619957767531,0.537,0.31,9.51138015421494e-268,"4","RBL2"
"HIST1H1D5",5.84466697515941e-270,0.330487142840148,0.432,0.226,1.64755317362769e-265,"4","HIST1H1D"
"ADD31",3.07033210759415e-266,0.354907578232654,0.672,0.436,8.65495917809715e-262,"4","ADD3"
"MPHOSPH82",1.14922112200262e-265,0.346143400495133,0.631,0.397,3.23953942081319e-261,"4","MPHOSPH8"
"FAM65B3",3.01962505000694e-261,0.363657438785424,0.855,0.648,8.51202105346456e-257,"4","FAM65B"
"IL6ST",1.29108969897541e-260,0.316974495635622,0.486,0.273,3.6394527524418e-256,"4","IL6ST"
"ZC3HAV11",2.46769736027286e-256,0.318672939711068,0.582,0.359,6.95619208887316e-252,"4","ZC3HAV1"
"CYLD",5.3296621327337e-254,0.359709992685214,0.642,0.424,1.5023784585963e-249,"4","CYLD"
"KMT2A4",1.21883707808185e-246,0.333695747103495,0.575,0.356,3.43577983940491e-242,"4","KMT2A"
"PNISR4",2.96204614395596e-244,0.368000691337872,0.853,0.695,8.34971187519744e-240,"4","PNISR"
"ANKRD122",5.58792068608961e-226,0.367213623313022,0.758,0.558,1.5751789622018e-221,"4","ANKRD12"
"CDC42SE22",9.31651227460433e-209,0.305411857527905,0.662,0.451,2.62623164508822e-204,"4","CDC42SE2"
"GABPB1-AS13",5.97051213529662e-208,0.309444796402772,0.463,0.275,1.68302766581876e-203,"4","GABPB1-AS1"
"TNRC6B3",1.14073713505329e-197,0.323930516173607,0.714,0.52,3.21562391000172e-193,"4","TNRC6B"
"HIST1H4C7",1.71650219492139e-197,0.309678280326045,0.487,0.297,4.8386480372639e-193,"4","HIST1H4C"
"SF13",1.21313581628398e-196,0.318737770418587,0.824,0.667,3.41970855252292e-192,"4","SF1"
"RPL36A5",6.67288176153899e-136,0.30115536063866,0.889,0.812,1.88101863976023e-131,"4","RPL36A"
"RPS261",2.35622245119785e-83,0.311725451578951,0.949,0.912,6.64195546768162e-79,"4","RPS26"
"ISG151",0,1.8822097773527,0.836,0.363,0,"5","ISG15"
"IFI44L",0,1.74279908762702,0.74,0.121,0,"5","IFI44L"
"IFI6",0,1.59330920515086,0.792,0.284,0,"5","IFI6"
"MX11",0,1.52577731018253,0.686,0.183,0,"5","MX1"
"LY6E2",0,1.30184185678586,0.866,0.467,0,"5","LY6E"
"IFI44",0,1.18957113400492,0.592,0.143,0,"5","IFI44"
"XAF1",0,1.15527341073129,0.724,0.324,0,"5","XAF1"
"IFIT21",0,1.15521154365907,0.405,0.093,0,"5","IFIT2"
"MX2",0,1.14814286914253,0.685,0.332,0,"5","MX2"
"IFIT31",0,1.09070207803476,0.417,0.077,0,"5","IFIT3"
"IFITM33",0,1.07299426858539,0.818,0.472,0,"5","IFITM3"
"APOBEC3A1",0,1.07291358742448,0.632,0.305,0,"5","APOBEC3A"
"PARP14",0,0.996263744534733,0.731,0.444,0,"5","PARP14"
"EIF2AK2",0,0.972575578581491,0.628,0.288,0,"5","EIF2AK2"
"HERC5",0,0.963640585999801,0.389,0.075,0,"5","HERC5"
"EPSTI1",0,0.941669017225892,0.562,0.215,0,"5","EPSTI1"
"SCO21",0,0.911246168324991,0.774,0.475,0,"5","SCO2"
"OAS2",0,0.889278275793645,0.512,0.18,0,"5","OAS2"
"TYMP",0,0.883134310620337,0.989,0.882,0,"5","TYMP"
"STAT1",0,0.857118807130003,0.721,0.431,0,"5","STAT1"
"TNFSF101",0,0.827568400929686,0.702,0.458,0,"5","TNFSF10"
"LAP3",0,0.819367016448773,0.663,0.407,0,"5","LAP3"
"OAS3",0,0.796042754586268,0.404,0.097,0,"5","OAS3"
"NCF11",0,0.775565363454076,0.898,0.671,0,"5","NCF1"
"RNF2131",0,0.774582868890829,0.855,0.658,0,"5","RNF213"
"IFIT1",0,0.753768424885879,0.271,0.025,0,"5","IFIT1"
"DUSP61",0,0.73438571320753,0.775,0.563,0,"5","DUSP6"
"CD142",0,0.718670231226545,0.934,0.675,0,"5","CD14"
"PLSCR12",0,0.709348677228806,0.654,0.385,0,"5","PLSCR1"
"TNFSF13B1",0,0.707885972833651,0.845,0.64,0,"5","TNFSF13B"
"MARCKS2",0,0.687766103518793,0.809,0.619,0,"5","MARCKS"
"STAT2",0,0.67914118839253,0.624,0.375,0,"5","STAT2"
"LGALS23",0,0.675697745356029,0.803,0.574,0,"5","LGALS2"
"PARP9",0,0.667130369438359,0.45,0.201,0,"5","PARP9"
"MNDA1",0,0.661995673365495,0.984,0.832,0,"5","MNDA"
"SAMD9L",0,0.622096873167165,0.416,0.207,0,"5","SAMD9L"
"RSAD2",0,0.614972730433802,0.247,0.039,0,"5","RSAD2"
"LYZ3",0,0.61406347684846,1,0.97,0,"5","LYZ"
"CMPK2",0,0.604073549936391,0.282,0.051,0,"5","CMPK2"
"TRIM221",0,0.599411141265111,0.604,0.388,0,"5","TRIM22"
"DDX60L",0,0.59154164325491,0.471,0.26,0,"5","DDX60L"
"BST22",0,0.588877732801612,0.792,0.609,0,"5","BST2"
"TMEM123",0,0.588643812847696,0.804,0.629,0,"5","TMEM123"
"S100A91",0,0.583285738973081,1,0.964,0,"5","S100A9"
"UBE2L6",0,0.572102575773155,0.525,0.316,0,"5","UBE2L6"
"FGL21",0,0.561460105968866,0.973,0.829,0,"5","FGL2"
"CTSS3",0,0.561347281459852,1,0.963,0,"5","CTSS"
"FCN12",0,0.559741319950428,0.995,0.852,0,"5","FCN1"
"SIGLEC1",0,0.548594607123847,0.234,0.032,0,"5","SIGLEC1"
"S100A81",0,0.541726117785049,0.995,0.911,0,"5","S100A8"
"IFI35",0,0.536543297901163,0.423,0.231,0,"5","IFI35"
"MS4A6A3",0,0.529345372778203,0.928,0.701,0,"5","MS4A6A"
"VCAN2",0,0.527385807797536,0.978,0.79,0,"5","VCAN"
"CCR11",0,0.525671710467445,0.446,0.239,0,"5","CCR1"
"OAS12",0,0.51536351241968,0.434,0.224,0,"5","OAS1"
"IRF71",0,0.509664964482178,0.484,0.251,0,"5","IRF7"
"CYBB2",0,0.5086198124093,0.975,0.834,0,"5","CYBB"
"GPX14",0,0.482857147777839,0.983,0.82,0,"5","GPX1"
"OASL",0,0.478519585506059,0.232,0.054,0,"5","OASL"
"GRN1",0,0.425717006496269,0.943,0.821,0,"5","GRN"
"NEAT12",0,0.417684518580826,0.999,0.975,0,"5","NEAT1"
"TYROBP2",0,0.386858572489063,0.999,0.957,0,"5","TYROBP"
"PSAP2",0,0.36663477247988,0.996,0.947,0,"5","PSAP"
"APOL6",1.27536621069716e-305,0.573968341885033,0.552,0.357,3.59512981133423e-301,"5","APOL6"
"ADAR",3.58859922476121e-303,0.511477828514374,0.687,0.513,1.01159023546794e-298,"5","ADAR"
"FPR12",6.79926712364351e-301,0.482961930729135,0.731,0.519,1.91664540948387e-296,"5","FPR1"
"S100A62",5.10448636672011e-295,0.302021158448506,1,0.987,1.43890366191473e-290,"5","S100A6"
"DDX58",7.2350711721078e-292,0.428089842730148,0.251,0.103,2.03949421270547e-287,"5","DDX58"
"CSF3R2",3.1555712625174e-284,0.417180602518858,0.837,0.627,8.89523983191031e-280,"5","CSF3R"
"LGALS91",9.37365868209213e-276,0.475805610228903,0.687,0.513,2.64234064589495e-271,"5","LGALS9"
"S100A121",2.59840919049094e-275,0.454891071236179,0.899,0.664,7.32465566707491e-271,"5","S100A12"
"FOS1",2.71071896368588e-269,0.387104906586125,0.998,0.949,7.64124568673414e-265,"5","FOS"
"SERPINA12",1.27284085927495e-267,0.390413543689322,0.94,0.764,3.58801109821017e-263,"5","SERPINA1"
"CECR11",3.19402365340162e-265,0.440033704973789,0.76,0.579,9.00363327657383e-261,"5","CECR1"
"DDX60",5.09379751878923e-264,0.355738962518146,0.22,0.087,1.43589058257149e-259,"5","DDX60"
"CTSD2",1.75266209902528e-263,0.388062360252548,0.921,0.774,4.94057919094236e-259,"5","CTSD"
"SMCHD1",3.22325042601102e-263,0.527885250789577,0.786,0.632,9.08602062588246e-259,"5","SMCHD1"
"IFI161",2.65893318464277e-260,0.505374124154645,0.711,0.556,7.49526675418949e-256,"5","IFI16"
"BLVRA2",6.52762687045937e-260,0.471878970700761,0.564,0.383,1.84007273851379e-255,"5","BLVRA"
"MPEG13",5.28951931613802e-257,0.417439821281794,0.883,0.727,1.49106260002615e-252,"5","MPEG1"
"DTX3L",1.34633453393826e-256,0.472086172294166,0.398,0.228,3.79518241771857e-252,"5","DTX3L"
"HELZ2",5.79659943190377e-253,0.362739994524484,0.224,0.092,1.63400341385935e-248,"5","HELZ2"
"RP11-160E2.62",7.00909817022979e-251,0.578711058718658,0.798,0.624,1.97579468320608e-246,"5","RP11-160E2.6"
"LAPTM52",2.62269439351114e-244,0.318760908613382,0.983,0.907,7.39311322586854e-240,"5","LAPTM5"
"NCF21",1.88850328332601e-239,0.378022005946201,0.873,0.723,5.32350190536768e-235,"5","NCF2"
"BRI32",2.98647186162114e-238,0.348863954084356,0.964,0.879,8.41856553072384e-234,"5","BRI3"
"TKT1",1.52040028752169e-236,0.354684203339997,0.96,0.864,4.28585637049489e-232,"5","TKT"
"CD300E2",1.48853393901991e-229,0.449479516747243,0.629,0.446,4.19602832070322e-225,"5","CD300E"
"CSTA1",5.12643230925503e-223,0.357648477110379,0.899,0.751,1.4450900036559e-218,"5","CSTA"
"AP1S22",3.48560142503256e-221,0.385294057581033,0.927,0.822,9.82556185702428e-217,"5","AP1S2"
"DMXL21",9.90447133425663e-219,0.410254005146513,0.738,0.561,2.7919714244136e-214,"5","DMXL2"
"FYB2",9.60107730217615e-218,0.384149981494379,0.928,0.782,2.70644768071044e-213,"5","FYB"
"MAFB3",5.11333485230317e-213,0.576246703510076,0.63,0.455,1.44139796151574e-208,"5","MAFB"
"CD681",5.18309116625217e-210,0.367449083648285,0.847,0.697,1.46106156885483e-205,"5","CD68"
"MCL12",1.52253548948325e-207,0.352591416821607,0.966,0.887,4.29187529130433e-203,"5","MCL1"
"DUSP12",4.90271818013322e-202,0.342982665219386,0.992,0.942,1.38202722779775e-197,"5","DUSP1"
"CD362",1.84342277358695e-201,0.389697092679955,0.785,0.609,5.19642445646425e-197,"5","CD36"
"CEBPD2",2.7793849484901e-201,0.390831733938218,0.879,0.735,7.83480823129875e-197,"5","CEBPD"
"APLP22",1.14918258492126e-199,0.345369380342462,0.922,0.807,3.23943078863454e-195,"5","APLP2"
"CLEC7A3",6.77975463301555e-197,0.339720165987226,0.859,0.711,1.91114503350075e-192,"5","CLEC7A"
"CLEC4E2",7.06614392040503e-197,0.39311732870873,0.445,0.273,1.99187530972297e-192,"5","CLEC4E"
"MT2A4",5.09428888309623e-195,0.404503334386306,0.661,0.5,1.436029093256e-190,"5","MT2A"
"C10orf541",3.79529245488689e-194,0.348419394407223,0.878,0.727,1.06985499010806e-189,"5","C10orf54"
"ALDH1A13",8.41239775923865e-191,0.398927921181142,0.351,0.197,2.37137080435178e-186,"5","ALDH1A1"
"CLEC12A1",1.22561586835238e-185,0.393864251188073,0.788,0.628,3.45488857129852e-181,"5","CLEC12A"
"GBP11",2.2721734784533e-181,0.481103390567768,0.323,0.187,6.405029818412e-177,"5","GBP1"
"FCGR2A2",1.78849175146135e-178,0.356374265081643,0.669,0.509,5.04157939819441e-174,"5","FCGR2A"
"JAK2",2.45561547926937e-174,0.426474405697361,0.485,0.343,6.92213447451243e-170,"5","JAK2"
"CFD2",1.14613492150735e-172,0.314950124742783,0.843,0.675,3.23083973023708e-168,"5","CFD"
"KLF43",1.18227469244896e-172,0.421127498976949,0.874,0.751,3.33271413054438e-168,"5","KLF4"
"FOSB2",3.04109273561234e-172,0.367451418657333,0.957,0.887,8.57253631241763e-168,"5","FOSB"
"LRRK21",1.87986033095728e-171,0.384066919371254,0.693,0.533,5.29913828693548e-167,"5","LRRK2"
"SDCBP4",3.6651796688617e-171,0.301218900192668,0.864,0.75,1.03317749685543e-166,"5","SDCBP"
"EVI2B1",1.08285854266182e-163,0.306002429450011,0.907,0.796,3.0524699459094e-159,"5","EVI2B"
"CD1631",5.07772047921867e-163,0.323568378830076,0.437,0.282,1.43135862588695e-158,"5","CD163"
"USP151",1.76739320392257e-160,0.342226878638227,0.793,0.673,4.98210470253733e-156,"5","USP15"
"FCGR1A",3.37546935703334e-158,0.333885222346284,0.303,0.172,9.51511057054128e-154,"5","FCGR1A"
"RETN1",1.16573114075856e-154,0.508309509935094,0.42,0.273,3.2860795126843e-150,"5","RETN"
"BACH1",9.22381120518712e-154,0.375204463934616,0.65,0.521,2.6001001406302e-149,"5","BACH1"
"TNFAIP22",9.29438578274875e-153,0.316891466479367,0.769,0.646,2.61999440829905e-148,"5","TNFAIP2"
"ODF3B1",9.34818423983868e-153,0.382937711262049,0.452,0.316,2.63515965536813e-148,"5","ODF3B"
"FAM46A1",2.0360001965259e-152,0.396884451060999,0.416,0.279,5.73928095398685e-148,"5","FAM46A"
"KCTD122",4.14740465989698e-152,0.309583169071695,0.775,0.623,1.16911189957836e-147,"5","KCTD12"
"ASGR11",6.11751243414902e-152,0.334665292222649,0.51,0.36,1.72446558006227e-147,"5","ASGR1"
"PLEKHO11",1.66870453440571e-151,0.355809801211608,0.757,0.65,4.70391121203626e-147,"5","PLEKHO1"
"AGTRAP1",2.1825353369269e-151,0.315577043189508,0.686,0.542,6.15234886126324e-147,"5","AGTRAP"
"OGFRL11",6.58492796370199e-151,0.330185260685953,0.776,0.659,1.85622534368795e-146,"5","OGFRL1"
"SAMD9",1.47033083340424e-150,0.42051992342382,0.379,0.251,4.14471558628321e-146,"5","SAMD9"
"TFEC1",1.83609676754522e-149,0.35616244467862,0.443,0.3,5.17577317803323e-145,"5","TFEC"
"GLRX1",3.08127575519594e-149,0.313903303651704,0.757,0.64,8.68580822632185e-145,"5","GLRX"
"NAPA",2.37128497207366e-147,0.366860242644644,0.479,0.354,6.68441520777844e-143,"5","NAPA"
"SHISA5",1.21434802557526e-146,0.326435713976438,0.446,0.314,3.4231256492941e-142,"5","SHISA5"
"PNPT1",4.98702840572515e-145,0.320389730860317,0.219,0.114,1.40579343728986e-140,"5","PNPT1"
"RBP71",6.68226309417794e-145,0.322409039808565,0.534,0.373,1.88366314361782e-140,"5","RBP7"
"BNIP3L1",3.72473047745012e-144,0.301455622812024,0.702,0.584,1.04996427428841e-139,"5","BNIP3L"
"CASP11",5.04965958165309e-144,0.304006890074588,0.717,0.582,1.42344853947219e-139,"5","CASP1"
"VMP12",4.18170816828571e-143,0.360458927137273,0.801,0.69,1.17878171555806e-138,"5","VMP1"
"WARS2",4.09281191671941e-142,0.37368380432134,0.646,0.509,1.15372275120403e-137,"5","WARS"
"UNC93B12",3.87354312953563e-141,0.333987642933934,0.534,0.402,1.0919130727848e-136,"5","UNC93B1"
"EVI2A1",2.42189485580427e-139,0.323146487505522,0.647,0.512,6.82707940902667e-135,"5","EVI2A"
"RP11-1143G9.41",3.03494852049688e-138,0.388877431697059,0.746,0.591,8.55521638442867e-134,"5","RP11-1143G9.4"
"IFIH1",4.26024309486091e-138,0.300713782093467,0.241,0.132,1.20091992601034e-133,"5","IFIH1"
"MEGF91",3.50003562326985e-136,0.317839234752903,0.667,0.525,9.86625041843538e-132,"5","MEGF9"
"TLR22",6.25202232103569e-136,0.321785874113358,0.497,0.359,1.76238257207675e-131,"5","TLR2"
"PARP121",1.26809158238553e-135,0.30148555256871,0.239,0.133,3.57462336158658e-131,"5","PARP12"
"SECTM12",5.79411875650695e-133,0.322393570192957,0.423,0.29,1.63330413627174e-128,"5","SECTM1"
"FAM198B1",8.55084910025456e-133,0.323244593653926,0.439,0.299,2.41039885287076e-128,"5","FAM198B"
"CARD161",7.14693874105745e-132,0.310120879324987,0.754,0.646,2.01465056171669e-127,"5","CARD16"
"SP110",3.40766879718274e-130,0.332442485663272,0.369,0.25,9.60587757237843e-126,"5","SP110"
"SAT2",4.68886345207351e-130,0.323726288738537,0.59,0.474,1.321743718505e-125,"5","SAT2"
"LILRB31",5.31369424234132e-127,0.304359633998764,0.628,0.494,1.49787726997359e-122,"5","LILRB3"
"RGS22",4.52753725573402e-126,0.371114374226687,0.834,0.728,1.27626747701886e-121,"5","RGS2"
"MARCH11",6.95512920073131e-126,0.31050021029256,0.665,0.541,1.96058137039415e-121,"5","MARCH1"
"NAGK",3.17769053846311e-125,0.314471566376571,0.567,0.449,8.95759185887367e-121,"5","NAGK"
"GBP21",1.34504051495883e-123,0.32872433860309,0.433,0.307,3.79153470761746e-119,"5","GBP2"
"BST11",1.47318414146301e-123,0.306787679891612,0.457,0.322,4.15275877637009e-119,"5","BST1"
"TMEM176B1",9.77793712462959e-122,0.422891623457614,0.5,0.37,2.75630269606183e-117,"5","TMEM176B"
"UBE2D11",1.87915775727881e-119,0.308834340806903,0.554,0.436,5.29715780199323e-115,"5","UBE2D1"
"SNX10",1.38212786665682e-118,0.308782397944277,0.656,0.542,3.8960802433189e-114,"5","SNX10"
"TREM12",1.80906525443539e-116,0.311641002799931,0.513,0.377,5.09957404572791e-112,"5","TREM1"
"PSME22",7.88181839652934e-115,0.327744405544364,0.74,0.638,2.22180578779766e-110,"5","PSME2"
"IER22",1.00200908470337e-112,0.336410014727684,0.948,0.883,2.82456340887034e-108,"5","IER2"
"GIMAP4",1.41064342473596e-111,0.302137013667719,0.597,0.477,3.9764627499882e-107,"5","GIMAP4"
"CDC42EP31",1.08572227459058e-91,0.304181864674652,0.563,0.455,3.06054251984338e-87,"5","CDC42EP3"
"GBP42",1.85960734684322e-90,0.341511550261299,0.294,0.198,5.24204715001634e-86,"5","GBP4"
"KLF62",4.03728314186068e-89,0.30189024319508,0.94,0.898,1.13806974485911e-84,"5","KLF6"
"EGR11",6.92597382562394e-79,0.437460168967522,0.583,0.477,1.95236276170513e-74,"5","EGR1"
"RNU121",7.42912513268424e-78,0.311533992342892,0.353,0.253,2.09419608365236e-73,"5","RNU12"
"CH17-373J23.12",3.2481031217592e-62,0.323866804773503,0.48,0.39,9.15607788992701e-58,"5","CH17-373J23.1"
"CCL32",1.93341047481858e-59,0.409643111543963,0.414,0.318,5.4500907874661e-55,"5","CCL3"
"CCL3L3",3.87712274401567e-55,0.302000760362044,0.208,0.137,1.09292213031058e-50,"5","CCL3L3"
"AP000769.13",0,1.83219953112937,0.393,0.192,0,"6","AP000769.1"
"GNLY3",0,1.40330953121383,0.499,0.258,0,"6","GNLY"
"CCL53",0,1.29640197903776,0.422,0.237,0,"6","CCL5"
"RPS187",0,0.39205511469991,0.985,0.997,0,"6","RPS18"
"RPS38",6.82352196004545e-282,0.469911309617167,0.943,0.991,1.92348260531721e-277,"6","RPS3"
"RPL13A5",9.12802240375143e-241,0.435198087620985,0.958,0.993,2.57309823539349e-236,"6","RPL13A"
"NKG73",3.17339713420144e-238,1.18028399678075,0.433,0.289,8.94548918160043e-234,"6","NKG7"
"RPL320",2.44248569275322e-223,0.437890527675634,0.928,0.988,6.88512291930205e-219,"6","RPL3"
"RPL23A7",4.36748662252789e-210,0.463881894724403,0.909,0.985,1.23115080402439e-205,"6","RPL23A"
"RPS297",2.20631108282923e-191,0.386644807299969,0.957,0.994,6.21937031138731e-187,"6","RPS29"
"PSMA3-AS1",2.74730009210889e-158,0.307552790150802,0.2,0.481,7.74436422964575e-154,"6","PSMA3-AS1"
"HLA-F1",1.78972259966239e-149,0.36755857729387,0.243,0.555,5.0450490361883e-145,"6","HLA-F"
"NKTR4",3.21214016746719e-149,0.308813543566906,0.244,0.553,9.05470191807327e-145,"6","NKTR"
"CDC42SE23",2.10385760203826e-148,0.379309734248867,0.206,0.483,5.93056419438564e-144,"6","CDC42SE2"
"PDCD43",1.32168521367724e-144,0.31026384353146,0.193,0.454,3.72569844883476e-140,"6","PDCD4"
"MACF14",1.88777113118428e-136,0.385633754084967,0.215,0.49,5.32143804169538e-132,"6","MACF1"
"FOXP14",3.51113493507366e-136,0.31238154818427,0.22,0.497,9.89753826847915e-132,"6","FOXP1"
"MALAT16",4.56795792118165e-128,0.37426266553944,0.994,0.99,1.2876616584019e-123,"6","MALAT1"
"PRPF4B2",1.42989362698635e-127,0.381674795548785,0.227,0.504,4.03072714511184e-123,"6","PRPF4B"
"LDHB5",1.61677230455108e-118,0.348945573684688,0.208,0.457,4.55751944929905e-114,"6","LDHB"
"DDX246",2.06986068227885e-113,0.384506968414577,0.238,0.51,5.83473027727585e-109,"6","DDX24"
"EML42",4.66071612839426e-113,0.321012870696941,0.119,0.295,1.31380926943306e-108,"6","EML4"
"CNOT6L1",2.1993115502548e-112,0.371674469977513,0.14,0.332,6.19963932901326e-108,"6","CNOT6L"
"RPL27A5",3.05914237299763e-108,0.332862927440291,0.923,0.991,8.62341643524303e-104,"6","RPL27A"
"AES5",3.46049906941692e-105,0.368740687794888,0.299,0.618,9.75480082677935e-101,"6","AES"
"IL7R5",9.07226480757451e-104,0.974639418476779,0.31,0.223,2.55738072660718e-99,"6","IL7R"
"ANKRD123",1.23627561747242e-103,0.36054290581935,0.287,0.591,3.48493733809301e-99,"6","ANKRD12"
"GCC25",7.52218669716365e-100,0.395938333807961,0.166,0.363,2.12042920806346e-95,"6","GCC2"
"PPP2R5C2",1.52962506516143e-98,0.475004429421009,0.26,0.538,4.31186009618355e-94,"6","PPP2R5C"
"RPS257",3.35020404283184e-97,0.33243917697662,0.895,0.989,9.44389017633867e-93,"6","RPS25"
"ACAP14",1.00659075632904e-95,0.325540467899642,0.115,0.271,2.83747868301594e-91,"6","ACAP1"
"HIST1H4C8",1.66377520346264e-94,0.457533084244402,0.144,0.322,4.69001592104083e-90,"6","HIST1H4C"
"GYPC5",8.87284333269993e-94,0.327970803830748,0.127,0.29,2.50116580705478e-89,"6","GYPC"
"GLTSCR25",1.86970723941236e-91,0.343411403589939,0.334,0.671,5.27051773717951e-87,"6","GLTSCR2"
"CDC42SE11",1.54508105560038e-88,0.499570844922555,0.27,0.55,4.35542898763191e-84,"6","CDC42SE1"
"EPB412",7.77376123466731e-86,0.36244686839354,0.127,0.283,2.19134555444037e-81,"6","EPB41"
"ATM4",2.34739895797173e-85,0.457261143776358,0.245,0.491,6.6170829226265e-81,"6","ATM"
"GIMAP73",2.36072242907664e-85,0.356037775655919,0.164,0.343,6.65464045532414e-81,"6","GIMAP7"
"RSRP11",7.70944045122501e-85,0.349425920769346,0.364,0.719,2.17321416879582e-80,"6","RSRP1"
"IL2RG7",1.25239617614329e-84,0.414175279829654,0.158,0.335,3.53037958093033e-80,"6","IL2RG"
"KIAA15512",2.30257724605182e-83,0.48197998456568,0.234,0.469,6.49073499889547e-79,"6","KIAA1551"
"PIK3R13",9.00938125344607e-75,0.491769708576321,0.191,0.382,2.53965448153391e-70,"6","PIK3R1"
"MT-ND63",1.45864587317033e-73,0.36302205124397,0.148,0.303,4.11177685187985e-69,"6","MT-ND6"
"MLLT61",1.02609940804623e-72,0.338388835868339,0.091,0.209,2.89247162134153e-68,"6","MLLT6"
"ISG205",4.57311987047122e-70,0.351730991858288,0.1,0.222,1.28911676028713e-65,"6","ISG20"
"HIST1H1C4",4.09701221809981e-67,0.37990695964467,0.112,0.238,1.15490677416016e-62,"6","HIST1H1C"
"CCSER21",2.13023160836431e-66,0.360793690231186,0.089,0.201,6.00490988081816e-62,"6","CCSER2"
"MGAT4A3",5.32898703824588e-66,0.3310817217383,0.098,0.215,1.50218815621113e-61,"6","MGAT4A"
"EVL6",2.4216641034161e-65,0.460225591255599,0.176,0.343,6.82642894111966e-61,"6","EVL"
"RPS204",2.7462281957434e-64,0.347943699598223,0.809,0.97,7.74134266098106e-60,"6","RPS20"
"RPSA8",5.71855607528283e-62,0.386450911230563,0.758,0.942,1.61200377206148e-57,"6","RPSA"
"SRSF76",4.16277487099197e-58,0.435282854897751,0.35,0.654,1.17344460838393e-53,"6","SRSF7"
"FAM65B4",1.61724133836892e-57,0.319207745680249,0.374,0.681,4.55884160872814e-53,"6","FAM65B"
"IL324",2.86131926914982e-57,0.874577098539702,0.303,0.251,8.06577288780642e-53,"6","IL32"
"ARGLU14",4.50062461319553e-42,0.534969944099881,0.369,0.683,1.26868107221369e-37,"6","ARGLU1"
"HIST1H1E4",1.66247733181517e-39,0.592078872772133,0.191,0.333,4.68635735065378e-35,"6","HIST1H1E"
"EEF1B28",2.5475878176305e-39,0.380976607720509,0.701,0.917,7.18139529911862e-35,"6","EEF1B2"
"SLFN53",1.05968778250372e-38,0.48712010187465,0.128,0.23,2.98715389009972e-34,"6","SLFN5"
"ZCCHC116",4.35125820563025e-37,0.471674763997583,0.118,0.213,1.22657617558511e-32,"6","ZCCHC11"
"LTB6",3.53401806604667e-32,0.916525140906184,0.352,0.361,9.96204352637896e-28,"6","LTB"
"ARL4C7",3.68424050144745e-31,0.414677067998615,0.27,0.439,1.03855055495302e-26,"6","ARL4C"
"HLA-E3",8.98534372397372e-31,0.32659787287312,0.746,0.958,2.53287854235095e-26,"6","HLA-E"
"C1orf562",6.55535042162641e-30,1.0675523961813,0.255,0.237,1.84788773035227e-25,"6","C1orf56"
"SYNE12",3.8721967010852e-27,0.500898577566905,0.12,0.201,1.09153352806891e-22,"6","SYNE1"
"RPL3110",1.66304092482422e-23,0.356060488633866,0.691,0.937,4.68794606298699e-19,"6","RPL31"
"NPM15",1.63437599509694e-20,0.3293825886872,0.47,0.809,4.60714249257877e-16,"6","NPM1"
"HIST1H1D6",8.54907475309778e-18,0.581785760041211,0.161,0.246,2.40989868215073e-13,"6","HIST1H1D"
"RP11-1143G9.42",4.482931736068e-14,0.3477351845257,0.412,0.613,1.26369362708021e-09,"6","RP11-1143G9.4"
"CXCR46",7.92860537441752e-08,0.573875321548086,0.337,0.501,0.00223499456899455,"6","CXCR4"
"PLCG2",1.01995039754735e-07,0.768206085165692,0.289,0.429,0.00287513817564624,"6","PLCG2"
"HNRNPH11",0.000277166380367861,0.576310995228456,0.471,0.785,1,"6","HNRNPH1"
"CALM13",0.00136086493062126,0.377183715316895,0.61,0.896,1,"6","CALM1"
"G0S22",0,1.87446815698507,0.54,0.188,0,"7","G0S2"
"CXCL83",0,1.84308740615722,0.85,0.473,0,"7","CXCL8"
"IL1B3",0,1.68961275064913,0.785,0.384,0,"7","IL1B"
"CCL33",0,1.51774637127763,0.594,0.309,0,"7","CCL3"
"EREG4",0,1.43502762035998,0.376,0.147,0,"7","EREG"
"NAMPT1",0,1.34368898687172,0.971,0.788,0,"7","NAMPT"
"SOD23",0,1.28419151076421,0.95,0.751,0,"7","SOD2"
"TNFAIP33",0,1.24037395223115,0.781,0.472,0,"7","TNFAIP3"
"IER33",0,1.16396040360151,0.813,0.511,0,"7","IER3"
"PTGS22",0,1.1164190420334,0.409,0.167,0,"7","PTGS2"
"NFKBIA3",0,1.09219906132306,0.979,0.892,0,"7","NFKBIA"
"CCL3L31",0,1.0284930421716,0.335,0.131,0,"7","CCL3L3"
"BCL2A13",0,1.02680345902771,0.676,0.418,0,"7","BCL2A1"
"PLAUR2",0,0.966584344975286,0.69,0.442,0,"7","PLAUR"
"NFKBIZ1",0,0.888228860758364,0.864,0.672,0,"7","NFKBIZ"
"TREM13",0,0.832515325156036,0.615,0.372,0,"7","TREM1"
"NCF12",0,0.831786168751796,0.887,0.674,0,"7","NCF1"
"NLRP31",0,0.825393093998653,0.545,0.28,0,"7","NLRP3"
"SRGN3",0,0.82066931414293,0.998,0.955,0,"7","SRGN"
"HIF1A3",0,0.808356668147866,0.808,0.615,0,"7","HIF1A"
"CSF3R3",0,0.807987786112786,0.871,0.628,0,"7","CSF3R"
"LINC009362",0,0.807955319150569,0.847,0.641,0,"7","LINC00936"
"PDE4B3",0,0.803618658762028,0.444,0.218,0,"7","PDE4B"
"RGS23",0,0.800240450270489,0.877,0.727,0,"7","RGS2"
"CTD-3252C9.43",0,0.799340113745522,0.753,0.527,0,"7","CTD-3252C9.4"
"ACSL12",0,0.774937342480979,0.491,0.278,0,"7","ACSL1"
"DUSP13",0,0.771404038186644,0.996,0.942,0,"7","DUSP1"
"MCL13",0,0.759878472080162,0.978,0.887,0,"7","MCL1"
"CTB-61M7.22",0,0.734304683853531,0.453,0.216,0,"7","CTB-61M7.2"
"S100A122",0,0.728545952008075,0.936,0.665,0,"7","S100A12"
"FOSB3",0,0.728073651157591,0.977,0.887,0,"7","FOSB"
"S100A92",0,0.706664747743987,1,0.964,0,"7","S100A9"
"S100A82",0,0.691161715719017,0.999,0.912,0,"7","S100A8"
"FOS2",0,0.679637318917632,0.995,0.95,0,"7","FOS"
"ZFP362",0,0.660124682395818,0.947,0.856,0,"7","ZFP36"
"NEAT13",0,0.653903419623082,0.999,0.976,0,"7","NEAT1"
"VCAN3",0,0.643884331097415,0.972,0.792,0,"7","VCAN"
"KLF63",0,0.643726115337044,0.952,0.898,0,"7","KLF6"
"CD833",0,0.628131240840692,0.657,0.423,0,"7","CD83"
"CD143",0,0.52515954556948,0.905,0.68,0,"7","CD14"
"CTSS4",0,0.491264281729373,0.991,0.964,0,"7","CTSS"
"FTH14",0,0.317312999003248,1,0.999,0,"7","FTH1"
"AQP91",1.05181825831163e-301,0.736116893119612,0.332,0.145,2.96497048835465e-297,"7","AQP9"
"FPR13",2.91947690536711e-301,0.650724842708739,0.724,0.521,8.22971344853935e-297,"7","FPR1"
"PNRC11",4.59982315328762e-296,0.531212315430322,0.958,0.89,1.29664414868025e-291,"7","PNRC1"
"LAPTM53",9.28436884148786e-294,0.411443005619879,0.978,0.908,2.61717073272701e-289,"7","LAPTM5"
"LYZ4",8.83167738513431e-292,0.399387372289028,0.988,0.971,2.48956153809551e-287,"7","LYZ"
"SLC2A34",7.94858176586791e-280,0.765071525975428,0.674,0.475,2.2406257139805e-275,"7","SLC2A3"
"IRS22",9.90978131100946e-276,0.70056690900175,0.58,0.384,2.79346825376046e-271,"7","IRS2"
"MXD12",1.5433605188469e-273,0.693751118597544,0.587,0.399,4.35057896657753e-269,"7","MXD1"
"SLC11A12",7.24578946252199e-272,0.628687501573848,0.753,0.574,2.04251559159032e-267,"7","SLC11A1"
"ZFP36L13",1.55439102565196e-270,0.642100766039977,0.864,0.751,4.38167286221031e-266,"7","ZFP36L1"
"KLF44",1.06541081702568e-269,0.584633515655996,0.879,0.752,3.00328655211369e-265,"7","KLF4"
"C5AR13",6.80332806128681e-266,0.70236923820343,0.708,0.514,1.91779014719614e-261,"7","C5AR1"
"CLEC7A4",7.56223653764481e-263,0.507363841299926,0.858,0.712,2.1317188575967e-258,"7","CLEC7A"
"DMXL22",1.95850606502772e-261,0.568452303650453,0.735,0.563,5.52083274670663e-257,"7","DMXL2"
"LRRK22",2.55506544387105e-259,0.59860340376274,0.707,0.534,7.2024739797281e-255,"7","LRRK2"
"PTPRE3",1.43100183412983e-257,0.567203232317221,0.768,0.615,4.03385107022859e-253,"7","PTPRE"
"VNN21",1.39839418987067e-254,0.592376682394681,0.443,0.247,3.94193338182642e-250,"7","VNN2"
"TKT2",1.02957653989517e-253,0.406825918593099,0.95,0.865,2.9022733083105e-249,"7","TKT"
"IER23",8.5095214520484e-251,0.597757517234201,0.946,0.884,2.39874900211792e-246,"7","IER2"
"ARL5B2",1.62923832531101e-250,0.636954256543495,0.379,0.201,4.5926599152192e-246,"7","ARL5B"
"RP11-1143G9.43",2.76395235807811e-244,0.570223755735913,0.788,0.59,7.79130530218639e-240,"7","RP11-1143G9.4"
"GPX15",3.85378098961015e-242,0.42268150914043,0.959,0.823,1.0863423231612e-237,"7","GPX1"
"CYBB3",5.94901745253553e-239,0.427099867098308,0.948,0.837,1.67696852969524e-234,"7","CYBB"
"PPP1R15A1",3.26504295256282e-236,0.56954819507964,0.871,0.78,9.20382957897933e-232,"7","PPP1R15A"
"SAT14",4.40938182475286e-236,0.539295435407335,0.995,0.958,1.24296064257958e-231,"7","SAT1"
"CLEC4E3",1.05104181156476e-231,0.593394298637788,0.457,0.274,2.96278176261989e-227,"7","CLEC4E"
"CCNL11",6.45507687524979e-226,0.499515300843715,0.928,0.857,1.81962162036416e-221,"7","CCNL1"
"CTSD3",2.87244781561568e-225,0.425166612153351,0.895,0.777,8.09714314743904e-221,"7","CTSD"
"FCN13",6.02989033211227e-224,0.381445330693106,0.976,0.854,1.69976578571913e-219,"7","FCN1"
"FCAR1",2.66630776186235e-222,0.490821052803429,0.291,0.136,7.51605494991377e-218,"7","FCAR"
"CD443",5.8277487054382e-218,0.397702849844947,0.924,0.844,1.64278408257597e-213,"7","CD44"
"PLEK3",3.18128985746669e-217,0.7070261836545,0.809,0.707,8.96773797921285e-213,"7","PLEK"
"EVI2B2",1.6523411714363e-216,0.430493657471286,0.895,0.798,4.65778452816177e-212,"7","EVI2B"
"NR4A24",5.12112424438143e-212,0.55721189527725,0.639,0.464,1.44359371324868e-207,"7","NR4A2"
"GPCPD12",3.91815725573444e-211,0.514316627625631,0.683,0.533,1.10448934881898e-206,"7","GPCPD1"
"CXCL22",2.80948447502144e-208,0.470083834075204,0.204,0.079,7.91965578663795e-204,"7","CXCL2"
"RBP72",1.21944935285687e-206,0.483510010736699,0.563,0.373,3.43750578076823e-202,"7","RBP7"
"TNFAIP23",5.70586993740314e-206,0.521242338185679,0.774,0.647,1.60842767665457e-201,"7","TNFAIP2"
"CEBPD3",1.36801494230645e-205,0.49470309514051,0.862,0.737,3.85629732086766e-201,"7","CEBPD"
"SDCBP5",4.41293655193033e-203,0.452848612358677,0.847,0.753,1.24396268462364e-198,"7","SDCBP"
"RP11-160E2.63",3.47210804780315e-201,0.563590950814342,0.782,0.627,9.78752537595229e-197,"7","RP11-160E2.6"
"SGK13",1.55108775453132e-198,0.573200965965944,0.538,0.37,4.37236127124833e-194,"7","SGK1"
"TRIB11",4.90456106955385e-190,0.593641855409922,0.416,0.258,1.38254671989654e-185,"7","TRIB1"
"IRAK32",1.17136844781889e-189,0.5084241810876,0.666,0.521,3.30197051755668e-185,"7","IRAK3"
"CD932",1.07565030845187e-185,0.466752336795885,0.628,0.464,3.03215065449497e-181,"7","CD93"
"PFKFB33",2.02964496163803e-185,0.55694149945535,0.329,0.182,5.72136618236144e-181,"7","PFKFB3"
"JUND2",1.88457430543146e-181,0.323497923785867,0.986,0.95,5.31242650958076e-177,"7","JUND"
"APLP23",3.37461451391414e-181,0.380212994333703,0.895,0.81,9.51270085327258e-177,"7","APLP2"
"LUCAT11",1.54360637201533e-179,0.519506558792057,0.207,0.089,4.35127200207402e-175,"7","LUCAT1"
"GABARAPL11",3.17215302448872e-179,0.545975598588324,0.541,0.394,8.94198216073125e-175,"7","GABARAPL1"
"JUNB",2.07076032324979e-174,0.365882459887366,0.978,0.938,5.83726627520882e-170,"7","JUNB"
"DAZAP21",5.12965076539485e-174,0.386477503699342,0.886,0.813,1.44599725425715e-169,"7","DAZAP2"
"GLUL3",3.72762430718628e-171,0.545550785778141,0.684,0.557,1.05078001595274e-166,"7","GLUL"
"SLC25A372",6.75925404871384e-171,0.623420793298616,0.492,0.345,1.90536612379194e-166,"7","SLC25A37"
"MNDA2",3.03586358940945e-169,0.380666855192815,0.939,0.836,8.5577958721863e-165,"7","MNDA"
"IVNS1ABP2",3.20479642688261e-165,0.643617362288646,0.489,0.353,9.03400064773939e-161,"7","IVNS1ABP"
"KLF101",1.28651190739905e-163,0.495541894748201,0.717,0.599,3.62654841576718e-159,"7","KLF10"
"MEGF92",2.9066433131325e-161,0.403555647504376,0.67,0.526,8.19353683538921e-157,"7","MEGF9"
"ICAM12",3.65580784304151e-161,0.583863746685346,0.349,0.211,1.03053567287497e-156,"7","ICAM1"
"PPP1R15B1",3.2213851811052e-159,0.495162466159359,0.547,0.414,9.08076268701745e-155,"7","PPP1R15B"
"VMP13",3.90123877983622e-158,0.426231366753226,0.788,0.692,1.09972019964803e-153,"7","VMP1"
"GRN2",8.0030100093078e-158,0.335814593631894,0.911,0.824,2.25596849152378e-153,"7","GRN"
"RTN31",5.9367082102921e-157,0.397792170660598,0.707,0.606,1.67349867739924e-152,"7","RTN3"
"KDM6B3",7.7221907392168e-157,0.542103112265777,0.507,0.369,2.17680834747782e-152,"7","KDM6B"
"PPIF2",2.24660786362939e-156,0.622500965000178,0.419,0.282,6.33296290678489e-152,"7","PPIF"
"CEBPB3",9.76201127155785e-155,0.478249571190027,0.857,0.76,2.75181335733944e-150,"7","CEBPB"
"SERPINA13",1.59032679732961e-153,0.350712733275428,0.909,0.768,4.48297220899243e-149,"7","SERPINA1"
"CD553",3.72521792859004e-153,0.551366217697169,0.67,0.572,1.05010168189024e-148,"7","CD55"
"BTG21",8.33023713499629e-152,0.520131174322044,0.697,0.599,2.3482105459841e-147,"7","BTG2"
"PELI13",2.69187877864465e-150,0.506144602461257,0.425,0.288,7.5881370891214e-146,"7","PELI1"
"CD363",3.20279513263042e-150,0.407818449884725,0.752,0.613,9.02835919937189e-146,"7","CD36"
"NCF22",3.34029647380612e-149,0.356211876278926,0.833,0.727,9.41596173001208e-145,"7","NCF2"
"ANPEP3",1.30457800755414e-145,0.463445943929334,0.431,0.29,3.67747494549437e-141,"7","ANPEP"
"CYP1B11",1.09015930860891e-140,0.429529484966987,0.504,0.343,3.07305007503767e-136,"7","CYP1B1"
"MYO1F1",8.85353648745806e-139,0.348362771406541,0.819,0.731,2.49572340044955e-134,"7","MYO1F"
"EVI2A2",1.30536911914468e-137,0.412275340757809,0.634,0.514,3.67970500995695e-133,"7","EVI2A"
"OGFRL12",2.31519091602158e-136,0.384409013798304,0.746,0.662,6.52629167317323e-132,"7","OGFRL1"
"PLK31",2.60607236554764e-135,0.477612016770084,0.433,0.303,7.34625739124226e-131,"7","PLK3"
"METTL91",3.9714474576842e-133,0.365064994315025,0.705,0.607,1.1195113238466e-128,"7","METTL9"
"CDA1",3.19801441480311e-130,0.403342507845157,0.535,0.394,9.01488283388848e-126,"7","CDA"
"EGR12",1.228289287072e-129,0.70751855069905,0.6,0.477,3.46242467132726e-125,"7","EGR1"
"TMEM170B2",2.86340678987708e-129,0.417641848468677,0.501,0.373,8.0716573999845e-125,"7","TMEM170B"
"AGTRAP2",1.20632781851012e-128,0.376231575841703,0.657,0.545,3.40051748759818e-124,"7","AGTRAP"
"SOCS32",6.54666436866447e-127,0.490069303343826,0.405,0.276,1.84543921888283e-122,"7","SOCS3"
"JUN1",3.09839726170687e-126,0.443699573694142,0.925,0.877,8.73407204102549e-122,"7","JUN"
"CSTA2",5.93734731676792e-126,0.308217876910783,0.852,0.755,1.67367883512371e-121,"7","CSTA"
"AHR2",1.14267608534736e-125,0.457646935077528,0.578,0.458,3.22108961698566e-121,"7","AHR"
"CSRNP11",2.14027279101778e-125,0.475923616406906,0.418,0.297,6.03321497060002e-121,"7","CSRNP1"
"SERPINB13",2.82788701437843e-125,0.332651511139114,0.819,0.751,7.97153070483135e-121,"7","SERPINB1"
"MPEG14",4.05243656352313e-124,0.325742133974815,0.827,0.732,1.14234134289153e-119,"7","MPEG1"
"THBS13",1.5801797800835e-123,0.716923302501262,0.288,0.164,4.45436878207738e-119,"7","THBS1"
"ALDH1A14",1.97465328247309e-121,0.389032757085259,0.328,0.2,5.56635013796339e-117,"7","ALDH1A1"
"C10orf542",3.93479082651604e-121,0.312158996056505,0.841,0.731,1.10917818608661e-116,"7","C10orf54"
"FBXL51",1.07783152331444e-119,0.355468898868148,0.665,0.563,3.03829928107108e-115,"7","FBXL5"
"FCGR2A3",1.48565162810758e-118,0.402875646152302,0.625,0.514,4.18790337447247e-114,"7","FCGR2A"
"JMJD1C1",2.02348607066758e-118,0.412106508563561,0.696,0.617,5.70400488460484e-114,"7","JMJD1C"
"MIR222HG",3.42924836054974e-118,0.345373064704763,0.207,0.106,9.66670820355367e-114,"7","MIR222HG"
"UBE2D31",5.01960006656197e-118,0.31606588097513,0.876,0.822,1.41497506276315e-113,"7","UBE2D3"
"TLR23",6.25592172112865e-118,0.438191094438677,0.48,0.362,1.76348177396896e-113,"7","TLR2"
"NINJ13",2.0151049881792e-117,0.442144137960947,0.561,0.455,5.68037945117834e-113,"7","NINJ1"
"PER11",7.03833921948943e-117,0.452065352648476,0.463,0.348,1.98403744258188e-112,"7","PER1"
"CCL42",1.29633669132668e-115,1.21504093178643,0.243,0.134,3.65424349918076e-111,"7","CCL4"
"IRF2BP22",1.38147814172446e-115,0.407878093579918,0.678,0.588,3.89424873370708e-111,"7","IRF2BP2"
"STXBP22",8.20453708457473e-113,0.36669227562725,0.781,0.693,2.31277695877077e-108,"7","STXBP2"
"MYADM1",9.81443466032039e-113,0.387934785194279,0.69,0.599,2.76659098639771e-108,"7","MYADM"
"BNIP3L2",7.77593816089127e-112,0.357914286910383,0.665,0.587,2.19195920817364e-107,"7","BNIP3L"
"RILPL21",6.05040667369665e-111,0.425513724132105,0.633,0.544,1.70554913724835e-106,"7","RILPL2"
"CKAP42",1.55071495213942e-110,0.39988799846669,0.416,0.294,4.37131037858581e-106,"7","CKAP4"
"VEGFA4",7.34650667492203e-109,0.452699516009884,0.295,0.182,2.07090676659377e-104,"7","VEGFA"
"NFIL31",1.13708315785089e-108,0.45641808279948,0.38,0.268,3.20532371366588e-104,"7","NFIL3"
"ARHGEF40",6.1696662384626e-106,0.416754930474675,0.358,0.245,1.73916721596022e-101,"7","ARHGEF40"
"STK17B",1.82890070245866e-105,0.321516077049611,0.84,0.788,5.15548819016071e-101,"7","STK17B"
"ATF33",2.5545989414995e-105,0.391991869079931,0.38,0.264,7.20115895619295e-101,"7","ATF3"
"TAGAP1",3.01418825948176e-103,0.473374903920922,0.407,0.299,8.49669528465313e-99,"7","TAGAP"
"STEAP41",9.63472675774578e-102,0.385233191810393,0.218,0.12,2.71593312574096e-97,"7","STEAP4"
"CD300E3",2.77094941965769e-101,0.388638281208576,0.562,0.451,7.81102931907306e-97,"7","CD300E"
"ANXA12",1.27611822226294e-100,0.353686846812419,0.93,0.888,3.59724965673701e-96,"7","ANXA1"
"CDC42EP32",4.35231625292798e-100,0.442540926025823,0.557,0.457,1.22687442853787e-95,"7","CDC42EP3"
"GCA1",5.76601862370517e-100,0.371731305464335,0.608,0.516,1.62538298983625e-95,"7","GCA"
"EAF11",3.24359107117193e-97,0.366513939980487,0.29,0.186,9.14335887052655e-93,"7","EAF1"
"PIM32",6.25797885893926e-97,0.440898590766499,0.478,0.383,1.76406166054639e-92,"7","PIM3"
"BCL61",7.62159030202992e-97,0.42531423207466,0.371,0.263,2.14845009023922e-92,"7","BCL6"
"YPEL52",1.65626566448602e-96,0.395805585300981,0.706,0.647,4.66884728161964e-92,"7","YPEL5"
"GAS71",6.78737510653851e-96,0.34201752692427,0.537,0.431,1.91329316878214e-91,"7","GAS7"
"TOM1",8.22269525756357e-96,0.369144086622098,0.354,0.249,2.31789556615459e-91,"7","TOM1"
"CREB51",1.02551507341108e-95,0.376353073687211,0.417,0.305,2.89082444043848e-91,"7","CREB5"
"PLXDC21",1.31086258898393e-94,0.344176242723334,0.604,0.511,3.6951905520868e-90,"7","PLXDC2"
"PYGL1",7.0731741220132e-94,0.343291980948,0.396,0.287,1.9938570532543e-89,"7","PYGL"
"UBE2D12",9.97639329937214e-94,0.375715574814723,0.529,0.439,2.81224550716001e-89,"7","UBE2D1"
"HBEGF1",1.51720944003901e-93,0.457033273169197,0.357,0.247,4.27686169052596e-89,"7","HBEGF"
"USP152",1.01231927409254e-92,0.350958820542329,0.739,0.677,2.85362680173945e-88,"7","USP15"
"CRISPLD21",5.65248514578069e-92,0.302253846862029,0.266,0.162,1.59337903774412e-87,"7","CRISPLD2"
"PICALM2",2.36897313468724e-91,0.305964938678453,0.631,0.554,6.67789836936985e-87,"7","PICALM"
"FAM198B2",4.34549544131899e-90,0.32058166750345,0.415,0.302,1.22495170995341e-85,"7","FAM198B"
"SLC43A21",5.98526805713915e-90,0.384519653386457,0.506,0.416,1.68718721262695e-85,"7","SLC43A2"
"ETS22",1.22057406096212e-89,0.41820728221427,0.437,0.337,3.44067622044612e-85,"7","ETS2"
"FOSL22",1.65752548568288e-87,0.389615035217985,0.496,0.401,4.67239859159146e-83,"7","FOSL2"
"GRINA1",1.07618507141914e-86,0.350743233462854,0.575,0.493,3.03365809782342e-82,"7","GRINA"
"IL1RN2",5.06053509097694e-85,0.582294421149434,0.272,0.176,1.42651423679549e-80,"7","IL1RN"
"RAB313",1.21806500642622e-84,0.325192924411311,0.661,0.591,3.43360344661488e-80,"7","RAB31"
"CH17-373J23.13",9.25696989189895e-84,0.425094551570861,0.495,0.39,2.60944724282739e-79,"7","CH17-373J23.1"
"CDKN1A4",2.35698203529685e-83,0.411775599769661,0.507,0.404,6.64409665929828e-79,"7","CDKN1A"
"WDR741",1.06976142893985e-82,0.423123780069103,0.514,0.426,3.01555049203855e-78,"7","WDR74"
"CRTAP2",1.39976798606847e-81,0.307446205468384,0.59,0.506,3.9458059759284e-77,"7","CRTAP"
"PHACTR14",2.23622805564021e-81,0.492372067493808,0.43,0.33,6.30370326604418e-77,"7","PHACTR1"
"SCO22",3.87375902874471e-81,0.356483131697893,0.58,0.489,1.09197393261285e-76,"7","SCO2"
"BST12",3.59869817559795e-80,0.319412298037827,0.426,0.325,1.01443702871931e-75,"7","BST1"
"NUMB",6.87790723386729e-80,0.311571166752016,0.604,0.531,1.93881327015485e-75,"7","NUMB"
"ARHGAP26",1.12487572879794e-79,0.338733806921853,0.522,0.438,3.17091219190851e-75,"7","ARHGAP26"
"BCL31",2.31870809111751e-79,0.404819355689693,0.314,0.225,6.53620623805115e-75,"7","BCL3"
"PLBD11",8.79955633915362e-77,0.32173048584729,0.58,0.492,2.48050693644401e-72,"7","PLBD1"
"PGD1",1.47246210774887e-76,0.31499065225853,0.558,0.481,4.1507234355333e-72,"7","PGD"
"LINC00528",2.67751151500993e-76,0.300948196980595,0.206,0.123,7.5476372096615e-72,"7","LINC00528"
"DUSP62",3.49936904798514e-76,0.465197994665193,0.653,0.572,9.8643714093653e-72,"7","DUSP6"
"ANKRD283",4.45085336668903e-76,0.384786088491913,0.345,0.25,1.25465105553597e-71,"7","ANKRD28"
"NRGN1",5.0810740638749e-75,0.31915222565896,0.486,0.394,1.4323039678657e-70,"7","NRGN"
"STX112",1.98168490229988e-74,0.349769468471335,0.483,0.403,5.58617157109313e-70,"7","STX11"
"CTNNB11",3.41662423335331e-74,0.364032307932155,0.566,0.5,9.63112205139965e-70,"7","CTNNB1"
"CCNY",6.27386993645357e-74,0.301031029429042,0.547,0.479,1.7685411963869e-69,"7","CCNY"
"TLE31",1.60030157058076e-73,0.386579765267214,0.421,0.337,4.5110900973101e-69,"7","TLE3"
"NAIP1",1.33188580679748e-72,0.312123812553191,0.529,0.441,3.75445290078141e-68,"7","NAIP"
"VIM-AS1",4.34191673117319e-72,0.332172129637914,0.294,0.204,1.22394290735041e-67,"7","VIM-AS1"
"AGTPBP11",4.52547081654555e-72,0.321632038518676,0.51,0.428,1.27568496847603e-67,"7","AGTPBP1"
"RNF1492",8.83793674628237e-72,0.366490178124486,0.624,0.56,2.49132598940954e-67,"7","RNF149"
"LINC00877",1.90997661830873e-65,0.34128641090663,0.295,0.209,5.38403308935049e-61,"7","LINC00877"
"PMAIP1",3.7316296464538e-65,0.435329612124192,0.429,0.354,1.05190908103886e-60,"7","PMAIP1"
"MAP2K31",4.21630110768306e-65,0.328880907319627,0.534,0.465,1.18853311924478e-60,"7","MAP2K3"
"CHMP1B1",7.81901362003208e-65,0.350226279165459,0.629,0.574,2.20410174935084e-60,"7","CHMP1B"
"CHD11",8.15684367935127e-64,0.315608452571927,0.562,0.499,2.29933266477233e-59,"7","CHD1"
"UPP11",2.64348955728685e-63,0.324759111511931,0.499,0.433,7.45173271303591e-59,"7","UPP1"
"PLEKHG2",9.22530755964037e-60,0.310137368659679,0.213,0.138,2.60052194798702e-55,"7","PLEKHG2"
"RIPK22",6.44116824556239e-59,0.311732631164059,0.318,0.242,1.81570091674158e-54,"7","RIPK2"
"SORL1",5.22798252748031e-58,0.312633827832427,0.549,0.479,1.47371599467142e-53,"7","SORL1"
"DDX3Y",9.69007686213565e-58,0.464825954503766,0.37,0.293,2.73153576666742e-53,"7","DDX3Y"
"RNF144B3",3.13605654756049e-55,0.304300871543059,0.365,0.289,8.84022980191828e-51,"7","RNF144B"
"CPD2",1.6926718970024e-53,0.355160439046485,0.347,0.27,4.77147281046006e-49,"7","CPD"
"YBX32",1.82367918553448e-51,0.38477536464591,0.678,0.644,5.14076925610314e-47,"7","YBX3"
"AGFG12",3.59276021118398e-51,0.300504641872243,0.479,0.421,1.01276317593065e-46,"7","AGFG1"
"IER51",4.30502391711212e-51,0.304348454362341,0.607,0.561,1.21354319199474e-46,"7","IER5"
"MAFB4",2.16825511820887e-49,0.353503021655263,0.538,0.462,6.11209435271898e-45,"7","MAFB"
"MARCKS3",5.49565155952384e-48,0.342291937675602,0.697,0.628,1.54916921811418e-43,"7","MARCKS"
"EHD12",6.77716199808764e-47,0.351869367905783,0.291,0.223,1.91041419564092e-42,"7","EHD1"
"MAFF2",9.52004391691179e-46,0.320029684952936,0.215,0.15,2.68360517973826e-41,"7","MAFF"
"ZNF2811",2.7929445910304e-45,0.31427681829017,0.279,0.215,7.87303150765561e-41,"7","ZNF281"
"MAP3K83",4.65168064662852e-45,0.322797816030925,0.481,0.425,1.31126225747811e-40,"7","MAP3K8"
"RNF19B",4.99006650110882e-44,0.320381871155981,0.277,0.215,1.40664984599757e-39,"7","RNF19B"
"SAMSN14",4.24241217525433e-41,0.365055577806337,0.394,0.326,1.19589356808244e-36,"7","SAMSN1"
"NABP12",7.87243914354538e-40,0.336079628596391,0.391,0.33,2.21916187017401e-35,"7","NABP1"
"RNU122",7.34654519531758e-38,0.300130036546497,0.321,0.256,2.07091762510807e-33,"7","RNU12"
"BASP15",1.15297463673886e-36,0.409034287707293,0.398,0.328,3.25012020350316e-32,"7","BASP1"
"IFRD1",8.46201832594042e-34,0.359617162285065,0.442,0.401,2.38535834589935e-29,"7","IFRD1"
"IRF1",2.5189394259038e-26,0.309336203378229,0.701,0.694,7.10063834768023e-22,"7","IRF1"
"RGCC3",1.64568226428149e-22,0.33516697916043,0.233,0.19,4.63901373478309e-18,"7","RGCC"
"FCER1A6",0,2.68816468051113,0.88,0.05,0,"8","FCER1A"
"HLA-DQA15",0,2.59857257163082,0.978,0.405,0,"8","HLA-DQA1"
"CLEC10A3",0,2.1844607729898,0.799,0.093,0,"8","CLEC10A"
"HLA-DPB14",0,2.18090249935408,1,0.767,0,"8","HLA-DPB1"
"HLA-DPA16",0,2.10232526555776,0.999,0.805,0,"8","HLA-DPA1"
"HLA-DRB14",0,2.05495144632944,0.997,0.866,0,"8","HLA-DRB1"
"HLA-DQB14",0,1.9894415969067,0.994,0.663,0,"8","HLA-DQB1"
"HLA-DRA4",0,1.94616543475689,1,0.957,0,"8","HLA-DRA"
"CD1C1",0,1.8257397244347,0.718,0.05,0,"8","CD1C"
"HLA-DRB54",0,1.63978482923088,0.692,0.482,0,"8","HLA-DRB5"
"CD745",0,1.6277940767294,1,0.968,0,"8","CD74"
"CST35",0,1.46196781918646,0.992,0.951,0,"8","CST3"
"GPR1836",0,1.39619366447625,0.787,0.251,0,"8","GPR183"
"ENHO1",0,1.38005325208145,0.63,0.026,0,"8","ENHO"
"HLA-DMA6",0,1.36120233120224,0.977,0.593,0,"8","HLA-DMA"
"AREG4",0,1.35950058187514,0.397,0.079,0,"8","AREG"
"ARL4C8",0,1.22284378530623,0.875,0.412,0,"8","ARL4C"
"RGS16",0,1.06632061715753,0.582,0.157,0,"8","RGS1"
"HLA-DQA24",0,1.0465818485435,0.391,0.135,0,"8","HLA-DQA2"
"PHACTR15",0,0.980129456759247,0.787,0.318,0,"8","PHACTR1"
"HLA-DMB5",0,0.907665346778394,0.938,0.541,0,"8","HLA-DMB"
"LMNA6",0,0.864028675711836,0.469,0.155,0,"8","LMNA"
"PPA13",0,0.83994258542601,0.856,0.379,0,"8","PPA1"
"CPVL4",0,0.836548507023063,0.928,0.624,0,"8","CPVL"
"RPLP06",0,0.804115605599173,0.996,0.937,0,"8","RPLP0"
"DDIT47",0,0.785973519527177,0.667,0.236,0,"8","DDIT4"
"HMGN15",0,0.775394310101812,0.906,0.509,0,"8","HMGN1"
"RPSA9",0,0.738496153850939,0.989,0.928,0,"8","RPSA"
"RPS59",0,0.737253148566522,0.997,0.934,0,"8","RPS5"
"HINT15",0,0.719860610175839,0.969,0.768,0,"8","HINT1"
"NDRG23",0,0.717698355178788,0.515,0.039,0,"8","NDRG2"
"TUBA1B6",0,0.716849030493634,0.928,0.597,0,"8","TUBA1B"
"EEF1B29",0,0.701877709457122,0.989,0.901,0,"8","EEF1B2"
"CIITA4",0,0.693168476316925,0.675,0.2,0,"8","CIITA"
"GSN5",0,0.691671289889661,0.78,0.254,0,"8","GSN"
"ACTG13",0,0.680454387774863,0.998,0.954,0,"8","ACTG1"
"RPS188",0,0.67254368270883,0.999,0.996,0,"8","RPS18"
"RPS236",0,0.671201188428231,0.998,0.994,0,"8","RPS23"
"BASP16",0,0.660863545466621,0.721,0.317,0,"8","BASP1"
"RPS218",0,0.660697762233135,0.999,0.994,0,"8","RPS2"
"FCGR2B2",0,0.659454330318981,0.452,0.082,0,"8","FCGR2B"
"PLD42",0,0.644283377817699,0.596,0.084,0,"8","PLD4"
"PKIB3",0,0.642773314922278,0.342,0.024,0,"8","PKIB"
"RPL57",0,0.632824952651436,0.996,0.97,0,"8","RPL5"
"IL182",0,0.623553502303332,0.583,0.153,0,"8","IL18"
"SPINT25",0,0.618781753878055,0.73,0.277,0,"8","SPINT2"
"SLC25A53",0,0.618689647575557,0.941,0.682,0,"8","SLC25A5"
"MAP3K84",0,0.615880757082311,0.749,0.416,0,"8","MAP3K8"
"RPS75",0,0.608833821395137,0.998,0.983,0,"8","RPS7"
"RPL10A7",0,0.608713845066024,0.993,0.96,0,"8","RPL10A"
"HLA-DOA5",0,0.603580129125284,0.481,0.075,0,"8","HLA-DOA"
"S100A104",0,0.603289273503552,0.994,0.929,0,"8","S100A10"
"ADAM284",0,0.60189859115044,0.49,0.062,0,"8","ADAM28"
"RPS114",0,0.599890020100583,0.999,0.989,0,"8","RPS11"
"C1QBP5",0,0.596505939369185,0.763,0.332,0,"8","C1QBP"
"ANXA23",0,0.591329310023488,0.973,0.796,0,"8","ANXA2"
"PEBP18",0,0.59076114680029,0.788,0.335,0,"8","PEBP1"
"RGS104",0,0.58025735042801,0.88,0.505,0,"8","RGS10"
"SAMHD12",0,0.578771908801193,0.948,0.803,0,"8","SAMHD1"
"ATP5G34",0,0.578176182703638,0.879,0.577,0,"8","ATP5G3"
"APEX13",0,0.577149230678353,0.77,0.37,0,"8","APEX1"
"ALCAM4",0,0.575781714408237,0.547,0.14,0,"8","ALCAM"
"RPL155",0,0.572504061873032,0.999,0.987,0,"8","RPL15"
"GRASP2",0,0.571412890282599,0.558,0.17,0,"8","GRASP"
"PPIA4",0,0.562344961276702,0.983,0.866,0,"8","PPIA"
"RPL357",0,0.555483686628874,0.997,0.973,0,"8","RPL35"
"RPS66",0,0.553042050163169,0.999,0.989,0,"8","RPS6"
"RPL324",0,0.549728030379891,0.996,0.983,0,"8","RPL3"
"RPL83",0,0.546304358662391,0.999,0.984,0,"8","RPL8"
"SNRPF4",0,0.545190927570814,0.832,0.437,0,"8","SNRPF"
"RPS154",0,0.542963030318892,0.999,0.991,0,"8","RPS15"
"RPS4X8",0,0.541975650402065,0.999,0.983,0,"8","RPS4X"
"FLT33",0,0.532683339203296,0.449,0.06,0,"8","FLT3"
"RPS3A6",0,0.531858048086447,1,0.992,0,"8","RPS3A"
"RPL27A6",0,0.530166815678665,0.998,0.987,0,"8","RPL27A"
"PAK11",0,0.528186595306546,0.814,0.437,0,"8","PAK1"
"RPL7A5",0,0.527252719956519,0.998,0.984,0,"8","RPL7A"
"TMEM14C3",0,0.52375188295718,0.757,0.352,0,"8","TMEM14C"
"RPS87",0,0.522525950836462,0.999,0.992,0,"8","RPS8"
"MRC11",0,0.522086138761369,0.242,0.027,0,"8","MRC1"
"RPL195",0,0.515747393267358,0.999,0.995,0,"8","RPL19"
"RPS243",0,0.51297194003604,0.999,0.995,0,"8","RPS24"
"AFF34",0,0.512464808883227,0.434,0.056,0,"8","AFF3"
"PRMT92",0,0.509404541507725,0.396,0.115,0,"8","PRMT9"
"BTF33",0,0.506946784898722,0.982,0.899,0,"8","BTF3"
"CLIC23",0,0.502706975905706,0.409,0.055,0,"8","CLIC2"
"MAT2A2",0,0.502454191442222,0.696,0.323,0,"8","MAT2A"
"CTSZ3",0,0.498837960181628,0.96,0.74,0,"8","CTSZ"
"EIF3K1",0,0.496884507393009,0.974,0.826,0,"8","EIF3K"
"SLC25A33",0,0.493059370263774,0.948,0.739,0,"8","SLC25A3"
"RPL225",0,0.49132362697549,0.996,0.968,0,"8","RPL22"
"CACNA2D31",0,0.488552594445347,0.428,0.07,0,"8","CACNA2D3"
"RPL18A5",0,0.487524103070982,0.998,0.991,0,"8","RPL18A"
"IL13RA12",0,0.486184376335601,0.743,0.357,0,"8","IL13RA1"
"SLC38A18",0,0.485291931569418,0.551,0.148,0,"8","SLC38A1"
"YBX14",0,0.481107073352369,0.992,0.898,0,"8","YBX1"
"ATP1B14",0,0.480376999349919,0.366,0.048,0,"8","ATP1B1"
"NDUFA121",0,0.480311598489873,0.788,0.421,0,"8","NDUFA12"
"RPL263",0,0.473532017630263,1,0.991,0,"8","RPL26"
"SMDT13",0,0.471022768685627,0.873,0.546,0,"8","SMDT1"
"OSTC5",0,0.469020433289289,0.786,0.411,0,"8","OSTC"
"RPS39",0,0.467402140149757,0.997,0.987,0,"8","RPS3"
"EIF2AK43",0,0.467164824382808,0.573,0.226,0,"8","EIF2AK4"
"SPATS2L3",0,0.463653480508372,0.409,0.078,0,"8","SPATS2L"
"RPS133",0,0.462156913707533,0.998,0.988,0,"8","RPS13"
"RPL37A4",0,0.46148607022096,0.999,0.987,0,"8","RPL37A"
"RPL64",0,0.457741537745422,0.995,0.973,0,"8","RPL6"
"PRCP2",0,0.457217679577063,0.718,0.325,0,"8","PRCP"
"RPL186",0,0.457132035137998,0.998,0.988,0,"8","RPL18"
"RPL116",0,0.454978461387238,1,0.995,0,"8","RPL11"
"TMSB102",0,0.453726165153761,1,0.997,0,"8","TMSB10"
"GNB2L12",0,0.450978372172293,0.925,0.899,0,"8","GNB2L1"
"RPL375",0,0.444603036821457,0.999,0.992,0,"8","RPL37"
"PTRHD12",0,0.443535324752054,0.699,0.315,0,"8","PTRHD1"
"TMEM1092",0,0.44095752358385,0.515,0.149,0,"8","TMEM109"
"RPL147",0,0.440352463846753,0.998,0.979,0,"8","RPL14"
"IGFBP74",0,0.440061257393225,0.511,0.146,0,"8","IGFBP7"
"RPS219",0,0.437837916274614,0.996,0.97,0,"8","RPS21"
"FAM162A2",0,0.437817329894076,0.547,0.181,0,"8","FAM162A"
"ITGB73",0,0.436494866055701,0.446,0.098,0,"8","ITGB7"
"RPL233",0,0.436422156211111,0.995,0.975,0,"8","RPL23"
"KCNK62",0,0.436147376419452,0.612,0.264,0,"8","KCNK6"
"RPL23A8",0,0.43337530302423,0.997,0.98,0,"8","RPL23A"
"UPK3A1",0,0.432836396201743,0.407,0.082,0,"8","UPK3A"
"C12orf453",0,0.427994131234369,0.459,0.127,0,"8","C12orf45"
"RPL125",0,0.420251333156897,1,0.988,0,"8","RPL12"
"RPL364",0,0.417359897907664,0.998,0.981,0,"8","RPL36"
"DNAJC151",0,0.415080689757588,0.753,0.378,0,"8","DNAJC15"
"DECR1",0,0.414706151690943,0.678,0.306,0,"8","DECR1"
"PON21",0,0.414523857109591,0.37,0.061,0,"8","PON2"
"RCC2",0,0.412422992891609,0.596,0.241,0,"8","RCC2"
"GPAT33",0,0.411349259431482,0.495,0.14,0,"8","GPAT3"
"CCDC62",0,0.410949264848705,0.588,0.232,0,"8","CCDC6"
"NREP2",0,0.410599012548046,0.388,0.068,0,"8","NREP"
"MGST22",0,0.407390111305845,0.592,0.212,0,"8","MGST2"
"HDAC91",0,0.402410000307538,0.528,0.18,0,"8","HDAC9"
"RTN11",0,0.399812268297626,0.478,0.145,0,"8","RTN1"
"CD1E",0,0.397373866043258,0.255,0.021,0,"8","CD1E"
"C10orf1281",0,0.396672390695564,0.304,0.025,0,"8","C10orf128"
"RPL44",0,0.395314506928628,0.988,0.93,0,"8","RPL4"
"ATP5G12",0,0.394335849906196,0.726,0.355,0,"8","ATP5G1"
"PPP1R14A1",0,0.389131875260553,0.208,0.025,0,"8","PPP1R14A"
"HMGA12",0,0.385227367100993,0.645,0.291,0,"8","HMGA1"
"RPL108",0,0.381969395522885,1,0.998,0,"8","RPL10"
"DUSP231",0,0.381291866233357,0.584,0.235,0,"8","DUSP23"
"SNRPD14",0,0.380409149341184,0.729,0.365,0,"8","SNRPD1"
"FABP53",0,0.375757993058659,0.564,0.161,0,"8","FABP5"
"ID31",0,0.371218152584294,0.209,0.046,0,"8","ID3"
"IL1R21",0,0.370982815984754,0.229,0.027,0,"8","IL1R2"
"RPL325",0,0.368797832409711,1,0.996,0,"8","RPL32"
"RPS164",0,0.367294739438064,1,0.988,0,"8","RPS16"
"MZT2A5",0,0.365170792907737,0.629,0.267,0,"8","MZT2A"
"PEA152",0,0.364884248620325,0.625,0.276,0,"8","PEA15"
"RPS15A8",0,0.364056275301253,1,0.99,0,"8","RPS15A"
"UVRAG3",0,0.362920908549922,0.583,0.25,0,"8","UVRAG"
"MLEC4",0,0.359075990380919,0.578,0.247,0,"8","MLEC"
"EPB41L22",0,0.355073346255281,0.367,0.086,0,"8","EPB41L2"
"RPL245",0,0.355047891334793,0.998,0.973,0,"8","RPL24"
"C7orf50",0,0.35358986510931,0.576,0.24,0,"8","C7orf50"
"NUDT11",0,0.350457596238814,0.58,0.243,0,"8","NUDT1"
"BORCS52",0,0.349649598161176,0.368,0.099,0,"8","BORCS5"
"RPS196",0,0.3470049586627,1,0.993,0,"8","RPS19"
"PDLIM14",0,0.344692703981245,0.29,0.042,0,"8","PDLIM1"
"RPL293",0,0.34234847952442,0.998,0.986,0,"8","RPL29"
"BCL7A3",0,0.333581904447188,0.298,0.047,0,"8","BCL7A"
"LINC014203",0,0.332751002431767,0.544,0.21,0,"8","LINC01420"
"MRPS15",0,0.328027785583395,0.606,0.272,0,"8","MRPS15"
"NME12",0,0.327533840178206,0.406,0.118,0,"8","NME1"
"ARHGAP55",0,0.325298350474866,0.433,0.144,0,"8","ARHGAP5"
"MAP4K12",0,0.325293584008496,0.359,0.073,0,"8","MAP4K1"
"DST2",0,0.32302990653854,0.413,0.135,0,"8","DST"
"BATF33",0,0.322372035726831,0.378,0.106,0,"8","BATF3"
"BZW22",0,0.321485620981968,0.445,0.157,0,"8","BZW2"
"CYP2S1",0,0.316976638403706,0.299,0.06,0,"8","CYP2S1"
"YIF1B",0,0.311187498419186,0.441,0.143,0,"8","YIF1B"
"ADAM8",0,0.307910821936503,0.526,0.215,0,"8","ADAM8"
"CTSH1",3.09744664564203e-300,0.492705326785463,0.905,0.594,8.73139234940032e-296,"8","CTSH"
"CCDC88A4",4.3772141833727e-300,0.503477133250049,0.848,0.508,1.23389290615093e-295,"8","CCDC88A"
"SEPT69",3.94083322235923e-296,0.373693550079768,0.693,0.339,1.11088147705084e-291,"8","SEPT6"
"DBI5",1.90903963453563e-294,0.520077635217195,0.919,0.654,5.3813918257925e-290,"8","DBI"
"RPS298",3.97251037333724e-293,0.331823954424713,0.998,0.991,1.11981094914003e-288,"8","RPS29"
"SPECC1",2.50081668553988e-289,0.331610361857081,0.608,0.279,7.04955215486837e-285,"8","SPECC1"
"ATP5A13",4.79365805631298e-289,0.46677186718149,0.853,0.541,1.35128426949407e-284,"8","ATP5A1"
"NPM16",1.4827441431692e-286,0.438019998144686,0.975,0.781,4.17970746517967e-282,"8","NPM1"
"LY861",8.08426842000321e-286,0.417023922954762,0.813,0.458,2.2788744249147e-281,"8","LY86"
"C1orf1623",2.82912622620514e-285,0.510432627870057,0.939,0.738,7.97502391904968e-281,"8","C1orf162"
"ARF5",7.59141918480276e-283,0.38855757117423,0.677,0.345,2.13994515400405e-278,"8","ARF5"
"PFDN23",2.64832976299944e-276,0.352314859818345,0.726,0.375,7.46537676891911e-272,"8","PFDN2"
"NDUFS8",6.99996469662766e-276,0.364863331912874,0.749,0.397,1.97322004833237e-271,"8","NDUFS8"
"RUFY31",1.32305430582446e-275,0.306229965389409,0.545,0.239,3.72955778268856e-271,"8","RUFY3"
"ETHE1",9.30470444359889e-275,0.304834758670995,0.549,0.244,2.62290313560609e-270,"8","ETHE1"
"VIM4",2.26354951338649e-273,0.510330135550812,0.999,0.981,6.38071972328518e-269,"8","VIM"
"LGALS24",4.84071614366641e-271,0.56322113509368,0.893,0.577,1.36454947373813e-266,"8","LGALS2"
"ACAA11",1.79121100729334e-269,0.34652973540446,0.686,0.347,5.04924470845918e-265,"8","ACAA1"
"CXCR47",2.8466992051698e-269,0.532613028246299,0.809,0.479,8.02456038945314e-265,"8","CXCR4"
"COX5A1",1.15071440704869e-267,0.422758488400245,0.875,0.567,3.24374884202956e-263,"8","COX5A"
"MYL12A5",3.63082521593273e-266,0.424423644487259,0.974,0.852,1.02349332011928e-261,"8","MYL12A"
"FBL3",2.37251488399986e-264,0.344428603422711,0.706,0.371,6.68788220650721e-260,"8","FBL"
"RNH12",5.0366092649267e-262,0.429043742754935,0.877,0.569,1.41976978569019e-257,"8","RNH1"
"TOB11",1.19748635663619e-258,0.434085198249611,0.672,0.357,3.37559429072176e-254,"8","TOB1"
"HSP90AB19",1.84647431511396e-257,0.46530012847518,0.969,0.76,5.20502644687474e-253,"8","HSP90AB1"
"YWHAE4",8.56573005808307e-257,0.425246126784594,0.896,0.601,2.41459364607304e-252,"8","YWHAE"
"IGSF61",3.26541669088483e-254,0.490035374300688,0.871,0.575,9.20488310993526e-250,"8","IGSF6"
"HSPE17",1.18790442656605e-253,0.331863657670919,0.701,0.36,3.34858378804704e-249,"8","HSPE1"
"RPL414",2.55677857676444e-252,0.329854467639224,1,0.995,7.20730313004127e-248,"8","RPL41"
"CYCS4",9.45938872985989e-251,0.459406297688668,0.787,0.454,2.6665070890602e-246,"8","CYCS"
"MZT2B4",9.61940531234945e-251,0.397558490741985,0.891,0.596,2.71161416349819e-246,"8","MZT2B"
"VDAC12",2.39974565874964e-250,0.378004773919261,0.802,0.464,6.76464303744935e-246,"8","VDAC1"
"ATP5J21",4.00374909464176e-250,0.453729704390853,0.886,0.624,1.12861683228857e-245,"8","ATP5J2"
"CD33",8.11343966957514e-250,0.307434154305347,0.644,0.314,2.28709750845653e-245,"8","CD33"
"GSTP12",2.5561803732039e-249,0.376478773898974,0.985,0.897,7.20561685402449e-245,"8","GSTP1"
"NDUFV25",1.06830052145069e-246,0.335508720746742,0.751,0.409,3.01143233991735e-242,"8","NDUFV2"
"RBPJ1",6.20647257379942e-245,0.390862277246363,0.838,0.511,1.74954255382832e-240,"8","RBPJ"
"CLNS1A1",7.82834314683682e-243,0.320226809023144,0.678,0.354,2.20673164966183e-238,"8","CLNS1A"
"ATP5J4",9.94708343556585e-239,0.373090409919819,0.832,0.513,2.80398334965166e-234,"8","ATP5J"
"ITGAX2",1.59783401881675e-236,0.353272755938219,0.739,0.405,4.50413431564253e-232,"8","ITGAX"
"HSPD14",5.54740299331752e-234,0.34579980184583,0.724,0.395,1.56375742978627e-229,"8","HSPD1"
"BHLHE404",8.9197467928931e-234,0.351774220191824,0.524,0.247,2.51438742344864e-229,"8","BHLHE40"
"CSTB5",3.13819965659328e-232,0.351336410335719,0.94,0.69,8.84627101197079e-228,"8","CSTB"
"NDUFC22",3.60017962170938e-232,0.343926199696137,0.799,0.467,1.01485463356366e-227,"8","NDUFC2"
"ACTB2",7.83946583756297e-232,0.337495169731179,0.998,0.997,2.20986702495062e-227,"8","ACTB"
"NDUFA46",1.74104204912769e-230,0.401136173296788,0.948,0.725,4.90782343228606e-226,"8","NDUFA4"
"AP2S11",8.6551997206971e-230,0.375400989858234,0.954,0.741,2.43981424926731e-225,"8","AP2S1"
"LAMTOR2",1.05029564945039e-229,0.358766031646105,0.816,0.493,2.96067840623572e-225,"8","LAMTOR2"
"LDHA5",6.14198794284747e-228,0.39595616065543,0.888,0.579,1.73136498120927e-223,"8","LDHA"
"CKLF1",4.33307161479244e-227,0.37865788386219,0.812,0.489,1.22144955749384e-222,"8","CKLF"
"ATP5C1",2.81045638892836e-226,0.374200499608465,0.825,0.521,7.92239551475016e-222,"8","ATP5C1"
"TIPARP2",3.46694389694705e-225,0.359897108373896,0.475,0.22,9.77296815110403e-221,"8","TIPARP"
"GNAS6",3.77301415931073e-223,0.385697912972277,0.959,0.803,1.0635749613681e-218,"8","GNAS"
"SNRPE2",4.42563579867499e-222,0.323317036965983,0.773,0.45,1.24754247528849e-217,"8","SNRPE"
"RPS172",3.1157870282722e-221,0.387030188776499,0.987,0.939,8.78309205399649e-217,"8","RPS17"
"ATP5B1",3.16827541159973e-220,0.392924072876206,0.85,0.562,8.93105155775848e-216,"8","ATP5B"
"LINC004931",4.87963629137302e-220,0.322608117630811,0.719,0.394,1.37552067417514e-215,"8","LINC00493"
"CFL12",1.25461692938531e-219,0.317887197920091,0.99,0.943,3.53663966224425e-215,"8","CFL1"
"JAML1",8.89293616375892e-217,0.409440443398998,0.921,0.679,2.506829775202e-212,"8","JAML"
"PFN11",3.14585896225024e-216,0.319125708882233,0.991,0.95,8.8678618286872e-212,"8","PFN1"
"DUSP27",4.21346088582591e-216,0.398820791983842,0.54,0.261,1.18773248910547e-211,"8","DUSP2"
"HNRNPAB4",7.83698529393837e-216,0.308305660004082,0.724,0.402,2.20916778450829e-211,"8","HNRNPAB"
"PTGER41",5.22873307434673e-214,0.344032176536689,0.497,0.237,1.4739275663276e-209,"8","PTGER4"
"SUB15",1.49571154801131e-212,0.359628666140632,0.959,0.782,4.21626128268909e-208,"8","SUB1"
"RNASE63",8.5475743402769e-210,0.326281167834732,0.758,0.425,2.40947573078066e-205,"8","RNASE6"
"RPL36A6",1.35471649875932e-209,0.508838689383705,0.977,0.811,3.81881033835265e-205,"8","RPL36A"
"UQCRH1",7.26713275908214e-209,0.366273385236973,0.947,0.763,2.04853205345766e-204,"8","UQCRH"
"RPL3111",1.2613061723434e-208,0.327757868867739,0.987,0.92,3.55549596921882e-204,"8","RPL31"
"PARK72",5.06625447312552e-208,0.341562031855023,0.913,0.63,1.42812647342935e-203,"8","PARK7"
"PPIB4",1.26614608983384e-207,0.350754336677676,0.898,0.632,3.5691392126326e-203,"8","PPIB"
"NDUFB21",2.89455006094779e-206,0.359601795984452,0.92,0.65,8.15944716680572e-202,"8","NDUFB2"
"RPS106",2.07322912446253e-205,0.390342325364151,0.993,0.93,5.84422557894742e-201,"8","RPS10"
"NR4A25",3.46436829331035e-204,0.466864158453403,0.756,0.462,9.76570778201255e-200,"8","NR4A2"
"SLC25A61",2.30483860738254e-199,0.359972939512499,0.977,0.875,6.49710955035065e-195,"8","SLC25A6"
"RAN3",2.5012830853616e-195,0.320394464379621,0.835,0.527,7.05086688932582e-191,"8","RAN"
"RPL13A6",2.59574861609275e-193,0.33200941254783,0.998,0.99,7.31715577390387e-189,"8","RPL13A"
"HIST1H1D7",8.01169870644928e-192,0.321992840197705,0.475,0.231,2.25841774836099e-187,"8","HIST1H1D"
"HNRNPA14",2.73529957323083e-184,0.36131627173044,0.974,0.868,7.7105359669804e-180,"8","HNRNPA1"
"SSR1",1.26700186175159e-182,0.301496203960445,0.816,0.51,3.57155154809155e-178,"8","SSR1"
"EIF3L1",4.66605596610816e-182,0.348363897772491,0.925,0.724,1.31531451628623e-177,"8","EIF3L"
"EIF3F2",1.89988324235168e-180,0.335411974816958,0.931,0.713,5.35558087186514e-176,"8","EIF3F"
"HIST1H1E5",1.07343233558933e-179,0.313899255302337,0.581,0.314,3.02589841079276e-175,"8","HIST1H1E"
"NCL4",3.24776458596782e-176,0.376666567276174,0.935,0.736,9.15512359138469e-172,"8","NCL"
"EZR5",6.55151251940058e-176,0.361006243358327,0.782,0.477,1.84680586409383e-171,"8","EZR"
"ATP5G21",5.36288173406022e-171,0.34206766792434,0.92,0.819,1.51174273201423e-166,"8","ATP5G2"
"ARPC1B1",1.96775067561473e-170,0.300497023741628,0.976,0.908,5.54689237949036e-166,"8","ARPC1B"
"CAPG4",3.53713346388925e-168,0.336206084198119,0.826,0.55,9.9708255213574e-164,"8","CAPG"
"IFI303",5.44228966153759e-165,0.367275277775252,0.633,0.359,1.53412703269083e-160,"8","IFI30"
"GAPDH2",2.34600515995325e-164,0.301572752268305,0.996,0.951,6.61315394539221e-160,"8","GAPDH"
"COX6C3",1.8097270206585e-158,0.32002014953595,0.941,0.731,5.10143949853423e-154,"8","COX6C"
"ID12",7.24685771860978e-157,0.33028077058979,0.397,0.195,2.04281672229891e-152,"8","ID1"
"SERBP12",7.3707336643267e-157,0.313417775814666,0.924,0.708,2.07773611263705e-152,"8","SERBP1"
"LGALS11",1.57431371330507e-156,0.370178202816218,0.995,0.933,4.43783292643566e-152,"8","LGALS1"
"GDI21",4.36073821318898e-155,0.316759674469871,0.929,0.719,1.22924849491584e-150,"8","GDI2"
"MTDH3",4.28359337363661e-154,0.309959595144969,0.918,0.703,1.20750213609443e-149,"8","MTDH"
"ATP5L",6.30774022991431e-154,0.315060593241784,0.922,0.832,1.77808889341055e-149,"8","ATP5L"
"GADD45B4",8.50947044606483e-154,0.37083352617093,0.823,0.558,2.39873462404121e-149,"8","GADD45B"
"CHMP1B2",2.07332071962872e-139,0.392801267888265,0.809,0.568,5.8444837765614e-135,"8","CHMP1B"
"TAGLN24",7.1799807063472e-119,0.338049446203101,0.938,0.755,2.02396476131221e-114,"8","TAGLN2"
"RPL176",3.62054507350882e-83,0.338205375111572,0.817,0.55,1.0205954507714e-78,"8","RPL17"
"RPS4Y11",1.17935943319197e-31,0.307055838948326,0.52,0.465,3.32449630622484e-27,"8","RPS4Y1"
"TXN5",0,4.95319530355894,0.997,0.573,0,"9","TXN"
"CCL22",0,4.19292642884377,0.879,0.007,0,"9","CCL22"
"CRCT11",0,3.85942830273621,0.96,0.011,0,"9","CRCT1"
"ATP5F1E4",0,3.8151927540932,0.993,0.038,0,"9","ATP5F1E"
"BIRC34",0,3.71410136754821,0.983,0.238,0,"9","BIRC3"
"LCE3D1",0,3.61495321847343,0.956,0.012,0,"9","LCE3D"
"RACK14",0,3.5222268017481,0.993,0.036,0,"9","RACK1"
"SPRR2E1",0,3.47060895526814,0.949,0.012,0,"9","SPRR2E"
"SPRR2G1",0,3.42927180335198,0.901,0.01,0,"9","SPRR2G"
"IDO11",0,3.36658632773631,0.923,0.009,0,"9","IDO1"
"FSCN11",0,3.3531122059765,0.97,0.032,0,"9","FSCN1"
"MTRNR2L81",0,3.29776356719879,0.953,0.337,0,"9","MTRNR2L8"
"CCR7",0,3.22576151130541,0.961,0.059,0,"9","CCR7"
"CNFN1",0,3.18932054883437,0.924,0.038,0,"9","CNFN"
"MTRNR2L122",0,3.18197135879143,0.958,0.32,0,"9","MTRNR2L12"
"RAMP1",0,3.17133450129491,0.926,0.013,0,"9","RAMP1"
"MARCKSL12",0,3.17097957193158,0.975,0.268,0,"9","MARCKSL1"
"SLPI1",0,2.91430630924828,0.877,0.012,0,"9","SLPI"
"CCL17",0,2.82635512770222,0.474,0.004,0,"9","CCL17"
"MTRNR2L101",0,2.79936276879117,0.899,0.011,0,"9","MTRNR2L10"
"ATP5MG3",0,2.79273548272114,0.984,0.032,0,"9","ATP5MG"
"VMO12",0,2.69393416642547,0.816,0.041,0,"9","VMO1"
"S100A72",0,2.67135118977635,0.884,0.02,0,"9","S100A7"
"SPRR2D1",0,2.62024569168926,0.811,0.009,0,"9","SPRR2D"
"AC020656.11",0,2.5738827538815,0.678,0.009,0,"9","AC020656.1"
"CST74",0,2.56764022109469,0.943,0.147,0,"9","CST7"
"MTRNR2L11",0,2.55506761023806,0.646,0.028,0,"9","MTRNR2L1"
"LAMP3",0,2.53835828569037,0.948,0.006,0,"9","LAMP3"
"CRIP13",0,2.53367737657393,0.964,0.438,0,"9","CRIP1"
"SBSN1",0,2.46404144883779,0.871,0.012,0,"9","SBSN"
"RPS27L3",0,2.44256362592794,0.983,0.537,0,"9","RPS27L"
"ELOB3",0,2.40372737427782,0.973,0.028,0,"9","ELOB"
"ATP5MD3",0,2.37884699327493,0.963,0.025,0,"9","ATP5MD"
"RAB9A",0,2.347297907545,0.94,0.155,0,"9","RAB9A"
"JPT12",0,2.34200582765464,0.922,0.016,0,"9","JPT1"
"GPX42",0,2.33913924036266,0.989,0.787,0,"9","GPX4"
"NCCRP1",0,2.33892457369847,0.83,0.003,0,"9","NCCRP1"
"SPRR1B1",0,2.3384866311802,0.769,0.009,0,"9","SPRR1B"
"ATP5MC23",0,2.33798208396565,0.966,0.029,0,"9","ATP5MC2"
"SPRR2A1",0,2.32281657639797,0.823,0.01,0,"9","SPRR2A"
"DUSP52",0,2.31694664988231,0.916,0.102,0,"9","DUSP5"
"NOP532",0,2.30666715421243,0.955,0.021,0,"9","NOP53"
"FABP54",0,2.30310620647927,0.865,0.152,0,"9","FABP5"
"HLA-DPB15",0,2.24678155498639,0.993,0.768,0,"9","HLA-DPB1"
"S100B1",0,2.24282630192843,0.595,0.028,0,"9","S100B"
"GADD45A1",0,2.21995481429088,0.904,0.092,0,"9","GADD45A"
"MAP3K133",0,2.2179944584599,0.913,0.132,0,"9","MAP3K13"
"H2AFZ1",0,2.21778705677152,0.98,0.622,0,"9","H2AFZ"
"CSF2RA1",0,2.2074398244479,0.958,0.27,0,"9","CSF2RA"
"SEC61B4",0,2.08381907794023,0.987,0.688,0,"9","SEC61B"
"KRTDAP1",0,2.06887862974918,0.747,0.015,0,"9","KRTDAP"
"GPR157",0,2.05300280445923,0.909,0.021,0,"9","GPR157"
"TRIR3",0,2.04575820376084,0.953,0.022,0,"9","TRIR"
"CD746",0,2.02642109432543,0.999,0.968,0,"9","CD74"
"PTMS6",0,2.01581803051861,0.938,0.147,0,"9","PTMS"
"AOC1",0,1.99580312193257,0.691,0.002,0,"9","AOC1"
"HLA-DQA25",0,1.9921164658229,0.681,0.126,0,"9","HLA-DQA2"
"ATP5MF3",0,1.98041728006387,0.945,0.025,0,"9","ATP5MF"
"ISCU",0,1.9658989307118,0.965,0.386,0,"9","ISCU"
"SAMSN15",0,1.9487707126633,0.951,0.308,0,"9","SAMSN1"
"ATP5ME3",0,1.94330689428505,0.949,0.024,0,"9","ATP5ME"
"LAD1",0,1.94298708759159,0.893,0.003,0,"9","LAD1"
"PI31",0,1.93294228342336,0.642,0.009,0,"9","PI3"
"KRT171",0,1.90711631593113,0.778,0.01,0,"9","KRT17"
"TMSB4X2",0,1.89636789066769,1,0.999,0,"9","TMSB4X"
"ATP5MPL3",0,1.89207964689627,0.942,0.025,0,"9","ATP5MPL"
"GSN6",0,1.87652280090368,0.908,0.251,0,"9","GSN"
"GABARAPL22",0,1.86677017926999,0.971,0.483,0,"9","GABARAPL2"
"ATOX11",0,1.85047037433765,0.968,0.468,0,"9","ATOX1"
"BASP17",0,1.84569853321387,0.933,0.311,0,"9","BASP1"
"SPRR2B1",0,1.80059554805542,0.716,0.007,0,"9","SPRR2B"
"NUB1",0,1.74458818892553,0.932,0.372,0,"9","NUB1"
"HLA-DQA16",0,1.73995486884153,0.975,0.407,0,"9","HLA-DQA1"
"APOC1",0,1.73857491650862,0.793,0.01,0,"9","APOC1"
"HSPB15",0,1.72760646866571,0.881,0.179,0,"9","HSPB1"
"SELENOW2",0,1.72058820918826,0.887,0.016,0,"9","SELENOW"
"PPDPF3",0,1.7171109683781,0.957,0.621,0,"9","PPDPF"
"NRP21",0,1.71199850407799,0.857,0.027,0,"9","NRP2"
"PLA2G161",0,1.70791606418289,0.774,0.146,0,"9","PLA2G16"
"SQSTM12",0,1.69223316443028,0.962,0.586,0,"9","SQSTM1"
"SYNGR21",0,1.69077014130413,0.967,0.472,0,"9","SYNGR2"
"IL325",0,1.68193416969113,0.946,0.231,0,"9","IL32"
"HINT16",0,1.66373510365926,0.994,0.768,0,"9","HINT1"
"ITM2C4",0,1.64629915773896,0.653,0.058,0,"9","ITM2C"
"ATP5F1D3",0,1.63342603863478,0.916,0.022,0,"9","ATP5F1D"
"PFN12",0,1.60103784152079,0.996,0.95,0,"9","PFN1"
"STMP11",0,1.60008658695226,0.873,0.012,0,"9","STMP1"
"SEM12",0,1.59311968171108,0.911,0.02,0,"9","SEM1"
"TMEM176A1",0,1.5867277900327,0.858,0.271,0,"9","TMEM176A"
"RAC11",0,1.58644904598341,0.981,0.829,0,"9","RAC1"
"COPS93",0,1.5691705942713,0.905,0.019,0,"9","COPS9"
"CXCL164",0,1.56360494775531,0.891,0.266,0,"9","CXCL16"
"CSTB6",0,1.53639526912319,0.98,0.689,0,"9","CSTB"
"SELENOT1",0,1.52831195881596,0.874,0.014,0,"9","SELENOT"
"SERPINF13",0,1.51638152971319,0.819,0.052,0,"9","SERPINF1"
"PPA14",0,1.51133280014056,0.85,0.381,0,"9","PPA1"
"B2M2",0,1.50496528240303,1,1,0,"9","B2M"
"TUBA1B7",0,1.4964286165827,0.934,0.598,0,"9","TUBA1B"
"ATP5PF3",0,1.49328211186674,0.888,0.022,0,"9","ATP5PF"
"FTH15",0,1.49184822341829,1,0.999,0,"9","FTH1"
"MYL63",0,1.48725129808122,0.996,0.952,0,"9","MYL6"
"AC009501.1",0,1.48403403346544,0.622,0.006,0,"9","AC009501.1"
"SINHCAF",0,1.46810302279639,0.845,0.007,0,"9","SINHCAF"
"SOCS11",0,1.45344423833247,0.734,0.037,0,"9","SOCS1"
"SLC7A112",0,1.41922456112766,0.726,0.016,0,"9","SLC7A11"
"POGLUT1",0,1.41537133626455,0.856,0.1,0,"9","POGLUT1"
"DBI6",0,1.41166369403234,0.969,0.653,0,"9","DBI"
"GRSF1",0,1.39892478667835,0.914,0.303,0,"9","GRSF1"
"CDKN1A5",0,1.3968130889243,0.934,0.391,0,"9","CDKN1A"
"MGLL2",0,1.38803767905214,0.785,0.06,0,"9","MGLL"
"FAM25A",0,1.37532907956487,0.503,0.005,0,"9","FAM25A"
"CD834",0,1.3694875794254,0.934,0.418,0,"9","CD83"
"RGS17",0,1.36741739013926,0.842,0.149,0,"9","RGS1"
"ATP5MC33",0,1.36202885785733,0.849,0.022,0,"9","ATP5MC3"
"RAB133",0,1.35728832368734,0.821,0.092,0,"9","RAB13"
"MALT1",0,1.35508898194076,0.85,0.293,0,"9","MALT1"
"NABP13",0,1.35078754050345,0.873,0.315,0,"9","NABP1"
"RFTN1",0,1.34990681056952,0.883,0.14,0,"9","RFTN1"
"ATP5PO3",0,1.34974536847924,0.874,0.019,0,"9","ATP5PO"
"UBE2F",0,1.33162880116128,0.882,0.238,0,"9","UBE2F"
"LCE3E",0,1.33080867375377,0.624,0.005,0,"9","LCE3E"
"HMGN33",0,1.33046098248984,0.93,0.472,0,"9","HMGN3"
"HLA-DPA17",0,1.3260810469845,0.991,0.806,0,"9","HLA-DPA1"
"ELOC2",0,1.31781715589958,0.852,0.017,0,"9","ELOC"
"PTGIR",0,1.31675866990814,0.826,0.1,0,"9","PTGIR"
"SELENOS2",0,1.31637982961338,0.81,0.014,0,"9","SELENOS"
"RPL177",0,1.30186231866318,0.967,0.546,0,"9","RPL17"
"DUSP41",0,1.30069850525147,0.643,0.013,0,"9","DUSP4"
"HLA-DQB15",0,1.29452335714497,0.965,0.665,0,"9","HLA-DQB1"
"TSPAN332",0,1.28542141883786,0.778,0.073,0,"9","TSPAN33"
"GSTP13",0,1.28308989605837,0.986,0.898,0,"9","GSTP1"
"RTRAF3",0,1.26597568418183,0.836,0.016,0,"9","RTRAF"
"IL4I11",0,1.25853280328109,0.674,0.023,0,"9","IL4I1"
"NMRK1",0,1.25652030741609,0.731,0.081,0,"9","NMRK1"
"RPL415",0,1.25274053340667,1,0.995,0,"9","RPL41"
"REPIN12",0,1.2504583414654,0.863,0.155,0,"9","REPIN1"
"VOPP13",0,1.24457126315599,0.888,0.204,0,"9","VOPP1"
"TRAF11",0,1.2397748009201,0.789,0.045,0,"9","TRAF1"
"AC008105.3",0,1.23930748612456,0.76,0.005,0,"9","AC008105.3"
"ATP5F1B2",0,1.22401166706881,0.802,0.018,0,"9","ATP5F1B"
"TBC1D41",0,1.21646803692913,0.774,0.076,0,"9","TBC1D4"
"TUBA1C2",0,1.21578192593096,0.833,0.197,0,"9","TUBA1C"
"ATP5PD3",0,1.21073636873191,0.827,0.018,0,"9","ATP5PD"
"TMEM14C4",0,1.20889661620829,0.903,0.348,0,"9","TMEM14C"
"TMSB103",0,1.20495514356055,1,0.997,0,"9","TMSB10"
"PLEKHA51",0,1.19445019178765,0.538,0.03,0,"9","PLEKHA5"
"HLA-DRA5",0,1.1909926123972,0.995,0.957,0,"9","HLA-DRA"
"DAPP11",0,1.18942424252527,0.921,0.359,0,"9","DAPP1"
"GLS3",0,1.18415180440695,0.868,0.338,0,"9","GLS"
"RNF1452",0,1.17493029499159,0.899,0.241,0,"9","RNF145"
"POLR2J3.1",0,1.16719081622514,0.736,0.006,0,"9","POLR2J3.1"
"RELB1",0,1.16690263260057,0.884,0.182,0,"9","RELB"
"LY75",0,1.16001847022366,0.777,0.09,0,"9","LY75"
"RHOC2",0,1.15367253305148,0.909,0.241,0,"9","RHOC"
"NR4A31",0,1.15270791798439,0.731,0.045,0,"9","NR4A3"
"DYNLL14",0,1.15148740056655,0.974,0.633,0,"9","DYNLL1"
"RPL3112",0,1.15096238226494,0.991,0.92,0,"9","RPL31"
"GRAMD1A",0,1.1500406173244,0.795,0.166,0,"9","GRAMD1A"
"DMKN1",0,1.14977736444089,0.59,0.013,0,"9","DMKN"
"CYB5A",0,1.14487677152227,0.791,0.092,0,"9","CYB5A"
"ID24",0,1.13427987444842,0.981,0.726,0,"9","ID2"
"HLA-DRB15",0,1.13212721697729,0.985,0.867,0,"9","HLA-DRB1"
"RNASE7",0,1.12991362740706,0.551,0.004,0,"9","RNASE7"
"UBL51",0,1.12579044133124,0.978,0.774,0,"9","UBL5"
"LGALS12",0,1.12137680012031,0.992,0.933,0,"9","LGALS1"
"IRF42",0,1.12076909942432,0.745,0.06,0,"9","IRF4"
"TRIP10",0,1.12070958265775,0.769,0.017,0,"9","TRIP10"
"OST43",0,1.1148361113831,0.98,0.777,0,"9","OST4"
"MIF6",0,1.10707744848766,0.895,0.282,0,"9","MIF"
"SELENOH2",0,1.10472328475859,0.776,0.018,0,"9","SELENOH"
"C15orf482",0,1.10461716613345,0.451,0.037,0,"9","C15orf48"
"PEA153",0,1.08645891190653,0.888,0.268,0,"9","PEA15"
"RHOF3",0,1.0775456511021,0.85,0.185,0,"9","RHOF"
"TSPAN131",0,1.07532403749691,0.632,0.026,0,"9","TSPAN13"
"NET11",0,1.06946869662473,0.66,0.037,0,"9","NET1"
"ARPP19",0,1.06776651653171,0.898,0.278,0,"9","ARPP19"
"COX171",0,1.06358395911054,0.919,0.414,0,"9","COX17"
"TUBB2",0,1.06072608549525,0.905,0.441,0,"9","TUBB"
"HMGN16",0,1.06067684309152,0.949,0.509,0,"9","HMGN1"
"ETV31",0,1.05862731285324,0.822,0.138,0,"9","ETV3"
"OPN31",0,1.05619515164607,0.676,0.157,0,"9","OPN3"
"PERP1",0,1.04122571033914,0.633,0.016,0,"9","PERP"
"MALAT17",0,1.03805287167475,0.994,0.99,0,"9","MALAT1"
"CST6",0,1.03411974052249,0.457,0.005,0,"9","CST6"
"SQLE1",0,1.03266346326262,0.689,0.065,0,"9","SQLE"
"OSTF1",0,1.03032152018956,0.919,0.48,0,"9","OSTF1"
"EBI3",0,1.02509476452171,0.412,0.005,0,"9","EBI3"
"LDHA6",0,1.02503612178227,0.932,0.579,0,"9","LDHA"
"TRADD",0,1.02409173277896,0.854,0.195,0,"9","TRADD"
"TMEM14B1",0,1.01474379197144,0.87,0.412,0,"9","TMEM14B"
"TVP23A",0,1.00862721651034,0.647,0.005,0,"9","TVP23A"
"CYTIP2",0,0.997046310609545,0.92,0.445,0,"9","CYTIP"
"MARCKS4",0,0.994431246532865,0.95,0.62,0,"9","MARCKS"
"INSM1",0,0.993534836065867,0.537,0.001,0,"9","INSM1"
"NAV11",0,0.98730207286446,0.719,0.044,0,"9","NAV1"
"ARID1B4",0,0.986425695088864,0.834,0.215,0,"9","ARID1B"
"CFL13",0,0.983020024885114,0.993,0.943,0,"9","CFL1"
"NQO1",0,0.982367604096623,0.541,0.013,0,"9","NQO1"
"FNBP12",0,0.965692129419387,0.946,0.56,0,"9","FNBP1"
"CALML5",0,0.96367168121087,0.477,0.007,0,"9","CALML5"
"LSP11",0,0.961836273333089,0.98,0.829,0,"9","LSP1"
"MCM51",0,0.960278541522698,0.736,0.122,0,"9","MCM5"
"ATP5F1A2",0,0.958738263516592,0.722,0.015,0,"9","ATP5F1A"
"SPINT26",0,0.955880608101472,0.83,0.275,0,"9","SPINT2"
"KIF2A4",0,0.953695550779017,0.735,0.228,0,"9","KIF2A"
"CLIC24",0,0.951696983028878,0.692,0.047,0,"9","CLIC2"
"DCAF6",0,0.950978646630763,0.791,0.118,0,"9","DCAF6"
"ARHGAP45",0,0.948152080682018,0.704,0.007,0,"9","ARHGAP45"
"REL3",0,0.947824942952158,0.946,0.605,0,"9","REL"
"STK41",0,0.947818562507674,0.956,0.631,0,"9","STK4"
"NFKB13",0,0.93911198499156,0.885,0.336,0,"9","NFKB1"
"SIAH2",0,0.938189531884714,0.818,0.194,0,"9","SIAH2"
"TACSTD21",0,0.936691953263804,0.502,0.01,0,"9","TACSTD2"
"KYNU2",0,0.935137087239378,0.841,0.287,0,"9","KYNU"
"TOMM34",0,0.924449934053901,0.702,0.035,0,"9","TOMM34"
"KDM2B",0,0.924288788676277,0.781,0.13,0,"9","KDM2B"
"TBCB1",0,0.922578907409305,0.887,0.345,0,"9","TBCB"
"ARHGAP101",0,0.921771766963351,0.67,0.066,0,"9","ARHGAP10"
"ATF51",0,0.918581499088369,0.708,0.152,0,"9","ATF5"
"MAP3K14",0,0.914717194760583,0.738,0.104,0,"9","MAP3K14"
"CD595",0,0.914640913659405,0.689,0.07,0,"9","CD59"
"BTG14",0,0.914468789302944,0.996,0.917,0,"9","BTG1"
"DDB2",0,0.912894948929864,0.732,0.078,0,"9","DDB2"
"HOMER2",0,0.910462763880104,0.651,0.023,0,"9","HOMER2"
"SELENOK3",0,0.910273215436034,0.775,0.022,0,"9","SELENOK"
"ACTG14",0,0.909994717165549,0.997,0.955,0,"9","ACTG1"
"GRK31",0,0.902705105384882,0.669,0.011,0,"9","GRK3"
"IFI271",0,0.8938237644056,0.495,0.014,0,"9","IFI27"
"ATP5F1C3",0,0.89023643759874,0.686,0.016,0,"9","ATP5F1C"
"EEF1A11",0,0.888216264663343,1,0.999,0,"9","EEF1A1"
"TMEM40",0,0.887386824449054,0.464,0.005,0,"9","TMEM40"
"CD1E1",0,0.887330695296541,0.291,0.02,0,"9","CD1E"
"POLR2E",0,0.886159403411796,0.887,0.352,0,"9","POLR2E"
"GNG52",0,0.878217669739285,0.963,0.733,0,"9","GNG5"
"TFPI2",0,0.876063395741437,0.242,0.001,0,"9","TFPI2"
"ATP5IF13",0,0.873909393267817,0.697,0.019,0,"9","ATP5IF1"
"PHPT11",0,0.871404006061634,0.907,0.433,0,"9","PHPT1"
"ANXA61",0,0.867686997305677,0.823,0.34,0,"9","ANXA6"
"IL7R6",0,0.86439419859621,0.894,0.205,0,"9","IL7R"
"NSD31",0,0.857596317151869,0.674,0.011,0,"9","NSD3"
"HMG20B",0,0.856641863092735,0.742,0.201,0,"9","HMG20B"
"H2AFV2",0,0.846684347655694,0.93,0.492,0,"9","H2AFV"
"MRPS62",0,0.845357660836314,0.767,0.264,0,"9","MRPS6"
"REX1BD1",0,0.843188726408849,0.673,0.015,0,"9","REX1BD"
"TMEM176B2",0,0.842490423291682,0.816,0.364,0,"9","TMEM176B"
"SUB16",0,0.83588870278338,0.979,0.782,0,"9","SUB1"
"AC004687.1",0,0.835627383061444,0.603,0.007,0,"9","AC004687.1"
"BAX",0,0.832292371726203,0.908,0.466,0,"9","BAX"
"PLGRKT",0,0.831437765569318,0.705,0.087,0,"9","PLGRKT"
"OGA1",0,0.829857024277535,0.665,0.01,0,"9","OGA"
"PTGES21",0,0.825669011390486,0.746,0.129,0,"9","PTGES2"
"ADIRF1",0,0.824114333421914,0.418,0.008,0,"9","ADIRF"
"PNRC12",0,0.822521988264056,0.987,0.89,0,"9","PNRC1"
"PDCL3",0,0.821264827112009,0.645,0.164,0,"9","PDCL3"
"MPC22",0,0.818920925618309,0.792,0.255,0,"9","MPC2"
"CLPTM1",0,0.817072763128371,0.753,0.159,0,"9","CLPTM1"
"TNFRSF11A",0,0.810169815968826,0.539,0.006,0,"9","TNFRSF11A"
"RAB5IF1",0,0.807759147617242,0.673,0.013,0,"9","RAB5IF"
"BID3",0,0.807327234131267,0.82,0.484,0,"9","BID"
"NAA25",0,0.807095840839172,0.692,0.128,0,"9","NAA25"
"HTATIP2",0,0.80689592071824,0.752,0.205,0,"9","HTATIP2"
"ATP6V0E11",0,0.803869098033242,0.96,0.744,0,"9","ATP6V0E1"
"CERS61",0,0.803219896060933,0.803,0.221,0,"9","CERS6"
"CDSN",0,0.803080547030563,0.415,0.003,0,"9","CDSN"
"LIMCH1",0,0.802325097196739,0.497,0.007,0,"9","LIMCH1"
"FDPS",0,0.797069922806648,0.718,0.223,0,"9","FDPS"
"ADAM193",0,0.794828111688324,0.547,0.073,0,"9","ADAM19"
"SWAP701",0,0.793325482032131,0.744,0.201,0,"9","SWAP70"
"SELENOF1",0,0.791660478347958,0.663,0.015,0,"9","SELENOF"
"RPS276",0,0.790900256136656,1,0.997,0,"9","RPS27"
"GADD45GIP11",0,0.789555693919794,0.88,0.377,0,"9","GADD45GIP1"
"CSRP2",0,0.788513284524514,0.407,0.003,0,"9","CSRP2"
"CIITA5",0,0.78282606801473,0.779,0.199,0,"9","CIITA"
"PEBP19",0,0.782273272578254,0.843,0.334,0,"9","PEBP1"
"CCM2",0,0.77912212396835,0.827,0.26,0,"9","CCM2"
"ALDH21",0,0.777625691543429,0.894,0.529,0,"9","ALDH2"
"PAXX1",0,0.776227802674815,0.622,0.009,0,"9","PAXX"
"TANK",0,0.774426276651959,0.873,0.383,0,"9","TANK"
"RHEB1",0,0.7736156630708,0.835,0.279,0,"9","RHEB"
"CD70",0,0.773478125388659,0.457,0.005,0,"9","CD70"
"HIKESHI",0,0.772224133504859,0.65,0.007,0,"9","HIKESHI"
"CD92",0,0.770413841122282,0.569,0.076,0,"9","CD9"
"TNFRSF4",0,0.770216585491876,0.357,0.018,0,"9","TNFRSF4"
"CYSTM12",0,0.769515823526145,0.753,0.154,0,"9","CYSTM1"
"NDUFAF81",0,0.766908614024347,0.641,0.01,0,"9","NDUFAF8"
"AFDN",0,0.764992867085626,0.608,0.006,0,"9","AFDN"
"SNRPG1",0,0.763840703805013,0.921,0.449,0,"9","SNRPG"
"S100A21",0,0.758581815227037,0.424,0.011,0,"9","S100A2"
"RAN4",0,0.757595374438571,0.927,0.525,0,"9","RAN"
"SMIM261",0,0.754304986692515,0.643,0.012,0,"9","SMIM26"
"ETV62",0,0.751792955057964,0.835,0.318,0,"9","ETV6"
"ANKRD33B",0,0.748131373243511,0.562,0.004,0,"9","ANKRD33B"
"CREM3",0,0.747401107036593,0.664,0.107,0,"9","CREM"
"SELENOM",0,0.745162612044006,0.557,0.006,0,"9","SELENOM"
"HLA-DQB2",0,0.743810736983823,0.408,0.008,0,"9","HLA-DQB2"
"SLCO5A1",0,0.743465986264102,0.581,0.002,0,"9","SLCO5A1"
"FBXW5",0,0.742671227578075,0.86,0.335,0,"9","FBXW5"
"TUBB2B",0,0.741072269357612,0.238,0.001,0,"9","TUBB2B"
"SOCS21",0,0.739939998880701,0.535,0.014,0,"9","SOCS2"
"PSD3",0,0.734741702636435,0.501,0.008,0,"9","PSD3"
"ATP6V1G1",0,0.732357970292639,0.96,0.739,0,"9","ATP6V1G1"
"ASMTL",0,0.73108135025092,0.611,0.087,0,"9","ASMTL"
"MIR155HG",0,0.726411021024751,0.322,0.012,0,"9","MIR155HG"
"BET1",0,0.725495939889456,0.646,0.064,0,"9","BET1"
"TGIF11",0,0.724527086710645,0.752,0.18,0,"9","TGIF1"
"TBC1D13",0,0.724166576276481,0.558,0.054,0,"9","TBC1D13"
"RUBCN1",0,0.722387428403892,0.717,0.123,0,"9","RUBCN"
"CALM31",0,0.721691565083393,0.918,0.554,0,"9","CALM3"
"KRT161",0,0.721293266184664,0.408,0.008,0,"9","KRT16"
"GPR137B1",0,0.721287569201749,0.626,0.073,0,"9","GPR137B"
"RALA2",0,0.720836505831003,0.704,0.183,0,"9","RALA"
"MREG",0,0.720602538744742,0.597,0.009,0,"9","MREG"
"NME43",0,0.713963009258526,0.645,0.105,0,"9","NME4"
"ZFAS11",0,0.712021975738881,0.963,0.784,0,"9","ZFAS1"
"NBDY1",0,0.711857836697546,0.586,0.012,0,"9","NBDY"
"FAM129A",0,0.711061592398222,0.749,0.259,0,"9","FAM129A"
"ACOT91",0,0.708976377946774,0.703,0.196,0,"9","ACOT9"
"SLC44A11",0,0.703941170146101,0.718,0.218,0,"9","SLC44A1"
"COX6C4",0,0.701691994491303,0.966,0.731,0,"9","COX6C"
"RAB5B",0,0.700287398841926,0.735,0.164,0,"9","RAB5B"
"RPL35A3",0,0.69967469338638,0.999,0.987,0,"9","RPL35A"
"PSMB5",0,0.697662519395818,0.716,0.134,0,"9","PSMB5"
"RBX11",0,0.696065732150488,0.94,0.597,0,"9","RBX1"
"RTF21",0,0.694902023861929,0.605,0.012,0,"9","RTF2"
"MTHFD21",0,0.694095755617611,0.732,0.23,0,"9","MTHFD2"
"IL13RA13",0,0.693493468062911,0.861,0.354,0,"9","IL13RA1"
"ACADVL",0,0.692869792295289,0.839,0.352,0,"9","ACADVL"
"FYTTD11",0,0.690772358460127,0.826,0.308,0,"9","FYTTD1"
"FCHSD1",0,0.690673210228213,0.505,0.048,0,"9","FCHSD1"
"MRPL14",0,0.689601113316702,0.838,0.272,0,"9","MRPL14"
"MMD",0,0.689596751794377,0.627,0.052,0,"9","MMD"
"LRRK1",0,0.688786954614685,0.654,0.116,0,"9","LRRK1"
"METTL261",0,0.687551075323009,0.598,0.01,0,"9","METTL26"
"EDF1",0,0.685870133710598,0.97,0.747,0,"9","EDF1"
"CD402",0,0.684039341673881,0.537,0.071,0,"9","CD40"
"PHLDA22",0,0.683783427913973,0.573,0.08,0,"9","PHLDA2"
"AL357060.1",0,0.683448848534729,0.506,0.001,0,"9","AL357060.1"
"ARNTL2",0,0.682622259114531,0.583,0.012,0,"9","ARNTL2"
"RFLNB",0,0.681009975944173,0.301,0.004,0,"9","RFLNB"
"CKS24",0,0.680724551836294,0.626,0.069,0,"9","CKS2"
"MRPL511",0,0.679498319952705,0.863,0.368,0,"9","MRPL51"
"CD274",0,0.676543601861564,0.515,0.006,0,"9","CD274"
"CENPX1",0,0.67593102041916,0.571,0.009,0,"9","CENPX"
"IL15",0,0.674731131530607,0.692,0.145,0,"9","IL15"
"ADAM12",0,0.670332045128963,0.522,0.011,0,"9","ADAM12"
"SUMO3",0,0.669491516298098,0.897,0.436,0,"9","SUMO3"
"CAMTA12",0,0.667897757626537,0.847,0.292,0,"9","CAMTA1"
"MMP24OS1",0,0.667536599731421,0.57,0.009,0,"9","MMP24OS"
"PALLD",0,0.666623519936303,0.577,0.076,0,"9","PALLD"
"ST20",0,0.664115345606051,0.592,0.057,0,"9","ST20"
"SLC25A39",0,0.659936732316951,0.721,0.174,0,"9","SLC25A39"
"SOD13",0,0.657591264436063,0.909,0.48,0,"9","SOD1"
"MRPL41",0,0.656938535726697,0.877,0.399,0,"9","MRPL41"
"GPR160",0,0.653651992572437,0.563,0.09,0,"9","GPR160"
"LINC01857",0,0.65323795974728,0.398,0.001,0,"9","LINC01857"
"SFT2D12",0,0.652217868978179,0.803,0.311,0,"9","SFT2D1"
"CRLF2",0,0.651225647535112,0.534,0.002,0,"9","CRLF2"
"YWHAQ1",0,0.650817544967939,0.842,0.411,0,"9","YWHAQ"
"CLU2",0,0.650126319486451,0.322,0.028,0,"9","CLU"
"GNG11",0,0.649396548040883,0.441,0.013,0,"9","GNG11"
"FTX",0,0.648541294320858,0.657,0.095,0,"9","FTX"
"NDUFV26",0,0.641426794049428,0.862,0.407,0,"9","NDUFV2"
"NECTIN21",0,0.640942969191777,0.539,0.012,0,"9","NECTIN2"
"ACOT13",0,0.640563835334056,0.634,0.083,0,"9","ACOT13"
"AJ009632.2",0,0.640525293487751,0.456,0,0,"9","AJ009632.2"
"SH3PXD2A",0,0.638520118341046,0.515,0.022,0,"9","SH3PXD2A"
"CLDN4",0,0.636779430267895,0.417,0.005,0,"9","CLDN4"
"GRINA2",0,0.632326798120484,0.899,0.483,0,"9","GRINA"
"GPR1837",0,0.632297056180331,0.806,0.252,0,"9","GPR183"
"RPL36AL2",0,0.632135204991602,0.989,0.864,0,"9","RPL36AL"
"SEC61G4",0,0.630800245743386,0.936,0.615,0,"9","SEC61G"
"ISG206",0,0.628723511224186,0.686,0.198,0,"9","ISG20"
"RAB102",0,0.624296597005773,0.866,0.472,0,"9","RAB10"
"RPL215",0,0.623586493276461,0.999,0.991,0,"9","RPL21"
"TMCC3",0,0.622843316219011,0.612,0.064,0,"9","TMCC3"
"P2RY101",0,0.622767467272504,0.563,0.037,0,"9","P2RY10"
"DNAJB64",0,0.62153381515475,0.91,0.499,0,"9","DNAJB6"
"TFPI1",0,0.617377173011597,0.345,0.005,0,"9","TFPI"
"UFD11",0,0.617001918437272,0.551,0.008,0,"9","UFD1"
"HIGD1A1",0,0.615966466149797,0.718,0.161,0,"9","HIGD1A"
"ADTRP",0,0.61427457653144,0.468,0.012,0,"9","ADTRP"
"RPS27A7",0,0.611876708947833,1,0.995,0,"9","RPS27A"
"WNT5B",0,0.610886799854147,0.438,0.007,0,"9","WNT5B"
"AK8",0,0.610130105128149,0.312,0.003,0,"9","AK8"
"IAH1",0,0.607368226236697,0.781,0.246,0,"9","IAH1"
"ATP5MC12",0,0.606736832634124,0.535,0.013,0,"9","ATP5MC1"
"ANXA7",0,0.604642382996816,0.837,0.389,0,"9","ANXA7"
"NENF4",0,0.602145008868323,0.774,0.259,0,"9","NENF"
"TSTD19",0,0.600506110084276,0.719,0.194,0,"9","TSTD1"
"NDUFB4",0,0.598645514386928,0.911,0.497,0,"9","NDUFB4"
"MUC20-OT1",0,0.597266568852017,0.505,0.004,0,"9","MUC20-OT1"
"ARPC22",0,0.596133528396663,0.988,0.912,0,"9","ARPC2"
"KATNBL1",0,0.59488470947277,0.678,0.188,0,"9","KATNBL1"
"RHCG",0,0.594172791083348,0.386,0.003,0,"9","RHCG"
"TXNRD11",0,0.593532382736496,0.605,0.232,0,"9","TXNRD1"
"MYDGF2",0,0.592346364934612,0.819,0.35,0,"9","MYDGF"
"MCRIP11",0,0.591597769162064,0.515,0.008,0,"9","MCRIP1"
"RPL365",0,0.590385920341154,0.998,0.981,0,"9","RPL36"
"DSG2",0,0.589213346673755,0.423,0.003,0,"9","DSG2"
"UBB5",0,0.588982351620023,0.98,0.765,0,"9","UBB"
"RPS197",0,0.588769323245101,0.999,0.993,0,"9","RPS19"
"ACVR1C",0,0.588022487437738,0.421,0.005,0,"9","ACVR1C"
"SNRNP252",0,0.587471607900002,0.658,0.14,0,"9","SNRNP25"
"LINC01588",0,0.584301457031565,0.554,0.07,0,"9","LINC01588"
"PMAIP11",0,0.580653717158195,0.755,0.344,0,"9","PMAIP1"
"CD200",0,0.574647851823666,0.45,0.004,0,"9","CD200"
"ENO3",0,0.574203321038065,0.398,0.011,0,"9","ENO3"
"PTPN13",0,0.572696397064853,0.779,0.28,0,"9","PTPN1"
"MINK1",0,0.571970642110733,0.631,0.095,0,"9","MINK1"
"CAVIN3",0,0.571957842217759,0.388,0.003,0,"9","CAVIN3"
"RAB8B2",0,0.570932831960692,0.829,0.381,0,"9","RAB8B"
"SDCBP21",0,0.570006211591372,0.389,0.008,0,"9","SDCBP2"
"COX7A22",0,0.569936352806774,0.967,0.714,0,"9","COX7A2"
"HMGCS11",0,0.569641808955097,0.58,0.108,0,"9","HMGCS1"
"MESD1",0,0.564287550606151,0.515,0.008,0,"9","MESD"
"H6PD",0,0.562438107009723,0.623,0.116,0,"9","H6PD"
"POMP2",0,0.56109065430279,0.93,0.621,0,"9","POMP"
"SERF21",0,0.561045741496462,0.996,0.962,0,"9","SERF2"
"PARK73",0,0.560107791730728,0.946,0.63,0,"9","PARK7"
"ZFAND61",0,0.558701442694304,0.831,0.354,0,"9","ZFAND6"
"ZBTB381",0,0.557829131017197,0.639,0.164,0,"9","ZBTB38"
"PSMA21",0,0.55690484290919,0.856,0.399,0,"9","PSMA2"
"CREG11",0,0.556582141233872,0.756,0.375,0,"9","CREG1"
"MSC",0,0.556140295728082,0.395,0.006,0,"9","MSC"
"SQOR1",0,0.555876483514709,0.492,0.009,0,"9","SQOR"
"ANXA3",0,0.555323286067664,0.361,0.002,0,"9","ANXA3"
"PPIA5",0,0.554601327113244,0.987,0.866,0,"9","PPIA"
"RPS258",0,0.55386298203817,0.999,0.983,0,"9","RPS25"
"TUBB63",0,0.546667031146583,0.515,0.068,0,"9","TUBB6"
"FLT34",0,0.546591424215183,0.508,0.059,0,"9","FLT3"
"RAMMET",0,0.54369633153509,0.529,0.003,0,"9","RAMMET"
"MYO1G1",0,0.542760599991392,0.913,0.562,0,"9","MYO1G"
"RPL109",0,0.542199360100658,1,0.998,0,"9","RPL10"
"ARL21",0,0.539192972132217,0.639,0.155,0,"9","ARL2"
"GTF2E2",0,0.538121030744292,0.666,0.138,0,"9","GTF2E2"
"SYNPO",0,0.537990195647179,0.436,0.002,0,"9","SYNPO"
"LCN2",0,0.537726336212126,0.324,0.003,0,"9","LCN2"
"PPM1K2",0,0.535901267149907,0.675,0.142,0,"9","PPM1K"
"ZDHHC12",0,0.535588469754274,0.702,0.176,0,"9","ZDHHC12"
"TNFRSF18",0,0.53545917185048,0.276,0.014,0,"9","TNFRSF18"
"POLR2L",0,0.535348221134187,0.954,0.71,0,"9","POLR2L"
"PPP1R14A2",0,0.535273953829476,0.29,0.023,0,"9","PPP1R14A"
"RAB302",0,0.535221607569668,0.494,0.022,0,"9","RAB30"
"MAD2L2",0,0.535100611116804,0.638,0.157,0,"9","MAD2L2"
"HOPX3",0,0.535010807925267,0.496,0.081,0,"9","HOPX"
"ANAPC11",0,0.534314360303607,0.894,0.478,0,"9","ANAPC11"
"CMPK1",0,0.531648831045701,0.862,0.406,0,"9","CMPK1"
"ALDH1B1",0,0.530778896775096,0.36,0.012,0,"9","ALDH1B1"
"PPP1R16B1",0,0.530651055638399,0.493,0.032,0,"9","PPP1R16B"
"TEN1",0,0.529997925038703,0.492,0.005,0,"9","TEN1"
"AC114760.2",0,0.529401749187666,0.378,0.003,0,"9","AC114760.2"
"CYTOR1",0,0.528041232320276,0.351,0.009,0,"9","CYTOR"
"CISD22",0,0.526380020355831,0.626,0.157,0,"9","CISD2"
"LSM4",0,0.526158036031158,0.841,0.388,0,"9","LSM4"
"KRT6B",0,0.525381142189468,0.343,0.006,0,"9","KRT6B"
"RPL156",0,0.523333624998083,0.998,0.987,0,"9","RPL15"
"SLAMF73",0,0.521630030574833,0.582,0.084,0,"9","SLAMF7"
"RAPGEF11",0,0.516702496677327,0.769,0.268,0,"9","RAPGEF1"
"WASHC1",0,0.514236483248992,0.465,0.005,0,"9","WASHC1"
"PSMB61",0,0.513899415774599,0.841,0.444,0,"9","PSMB6"
"TRAFD1",0,0.513806243601685,0.639,0.151,0,"9","TRAFD1"
"GAS62",0,0.513774704262115,0.496,0.054,0,"9","GAS6"
"VDAC2",0,0.513494446661914,0.863,0.465,0,"9","VDAC2"
"CTTNBP2NL2",0,0.512947762282828,0.537,0.056,0,"9","CTTNBP2NL"
"COX20",0,0.51293573404655,0.728,0.252,0,"9","COX20"
"CASP32",0,0.511661555213632,0.562,0.117,0,"9","CASP3"
"AC016831.5",0,0.511428676663161,0.472,0.006,0,"9","AC016831.5"
"CCDC28B1",0,0.51108339150442,0.459,0.047,0,"9","CCDC28B"
"ALG21",0,0.510511906549887,0.55,0.091,0,"9","ALG2"
"ACTN4",0,0.50911878452223,0.828,0.446,0,"9","ACTN4"
"UQCR11",0,0.507727565342329,0.967,0.809,0,"9","UQCR11"
"RAB11A1",0,0.506852118485655,0.81,0.336,0,"9","RAB11A"
"TUBB2A",0,0.506552697040114,0.382,0.03,0,"9","TUBB2A"
"GCSAM1",0,0.505692064459146,0.433,0.014,0,"9","GCSAM"
"SSNA1",0,0.504781917983703,0.844,0.372,0,"9","SSNA1"
"STUB1",0,0.504491124570845,0.834,0.383,0,"9","STUB1"
"ERICH1",0,0.503601976617734,0.794,0.398,0,"9","ERICH1"
"TRMT1122",0,0.50340684727757,0.899,0.48,0,"9","TRMT112"
"ITGB1BP1",0,0.500954532126309,0.699,0.219,0,"9","ITGB1BP1"
"CHST7",0,0.499022127080352,0.47,0.053,0,"9","CHST7"
"CD241",0,0.498154839136312,0.379,0.015,0,"9","CD24"
"SIAH1",0,0.497265789307625,0.587,0.099,0,"9","SIAH1"
"MTHFS",0,0.497053624216245,0.611,0.116,0,"9","MTHFS"
"LYRM41",0,0.494423148148044,0.608,0.123,0,"9","LYRM4"
"WDR1",0,0.49432733750908,0.852,0.459,0,"9","WDR1"
"C19orf531",0,0.494012665760368,0.932,0.587,0,"9","C19orf53"
"H2AFY2",0,0.493609609937258,0.385,0.012,0,"9","H2AFY2"
"FAM162A3",0,0.492947719751567,0.666,0.178,0,"9","FAM162A"
"COMMD1",0,0.489626566266917,0.648,0.183,0,"9","COMMD1"
"CCL20",0,0.487790242303292,0.315,0.012,0,"9","CCL20"
"STMN15",0,0.487692724072681,0.463,0.079,0,"9","STMN1"
"C3orf14",0,0.487043504631914,0.495,0.048,0,"9","C3orf14"
"CBX61",0,0.484525785027402,0.699,0.302,0,"9","CBX6"
"HAX11",0,0.484249210648109,0.729,0.242,0,"9","HAX1"
"HMSD",0,0.483802010048732,0.414,0.002,0,"9","HMSD"
"TRIM69",0,0.483785740507141,0.607,0.107,0,"9","TRIM69"
"CLDND1",0,0.483601306652542,0.609,0.176,0,"9","CLDND1"
"HMOX13",0,0.481746596855369,0.757,0.359,0,"9","HMOX1"
"NUPR1",0,0.481692829493349,0.349,0.006,0,"9","NUPR1"
"ATP5PB3",0,0.480173084249902,0.472,0.015,0,"9","ATP5PB"
"ERG28",0,0.479972946072074,0.419,0.002,0,"9","ERG28"
"SRP143",0,0.4796730504842,0.981,0.845,0,"9","SRP14"
"CYBC11",0,0.478394864460191,0.466,0.008,0,"9","CYBC1"
"ACAT2",0,0.478326541731137,0.398,0.061,0,"9","ACAT2"
"COMMD2",0,0.477120311842972,0.64,0.177,0,"9","COMMD2"
"NIT21",0,0.476675011795597,0.548,0.099,0,"9","NIT2"
"LRRC61",0,0.47500251878597,0.412,0.012,0,"9","LRRC61"
"PRMT24",0,0.474478761648311,0.866,0.416,0,"9","PRMT2"
"EMP2",0,0.472773796071167,0.399,0.004,0,"9","EMP2"
"TBC1D8",0,0.47240950206344,0.511,0.073,0,"9","TBC1D8"
"LAMTOR5",0,0.472307348022163,0.894,0.497,0,"9","LAMTOR5"
"NEDD8",0,0.471537406576445,0.947,0.663,0,"9","NEDD8"
"ALCAM5",0,0.470282153534284,0.586,0.141,0,"9","ALCAM"
"PNMA11",0,0.470256585880796,0.409,0.024,0,"9","PNMA1"
"HLA-DOA6",0,0.469093832369514,0.54,0.075,0,"9","HLA-DOA"
"TNIP2",0,0.467253005134499,0.648,0.164,0,"9","TNIP2"
"IL1RL11",0,0.466703468117227,0.294,0.005,0,"9","IL1RL1"
"AC025164.1",0,0.466234581621133,0.403,0.003,0,"9","AC025164.1"
"ZNF302",0,0.465676844148679,0.531,0.079,0,"9","ZNF302"
"SPAG7",0,0.463773294186127,0.785,0.3,0,"9","SPAG7"
"NDUFC1",0,0.463291774328808,0.8,0.337,0,"9","NDUFC1"
"PPP1R14B3",0,0.462563002650919,0.724,0.316,0,"9","PPP1R14B"
"FYB11",0,0.462001652261051,0.302,0.018,0,"9","FYB1"
"FKBP8",0,0.461984595773729,0.881,0.49,0,"9","FKBP8"
"HNRNPA1P48",0,0.46077752714131,0.391,0.003,0,"9","HNRNPA1P48"
"CACYBP1",0,0.459708641068157,0.713,0.307,0,"9","CACYBP"
"ARMC9",0,0.458307502922699,0.339,0.006,0,"9","ARMC9"
"C17orf49",0,0.458193705491508,0.505,0.069,0,"9","C17orf49"
"MPZL1",0,0.458084256362904,0.542,0.11,0,"9","MPZL1"
"ACOT71",0,0.456936149429976,0.359,0.022,0,"9","ACOT7"
"SUMO1",0,0.456328462795053,0.881,0.461,0,"9","SUMO1"
"PCBD12",0,0.455202476486635,0.599,0.128,0,"9","PCBD1"
"KHDC4",0,0.454210742340314,0.409,0.006,0,"9","KHDC4"
"SERPINB3",0,0.451779972253641,0.291,0.004,0,"9","SERPINB3"
"N4BP2L11",0,0.451356592663044,0.684,0.22,0,"9","N4BP2L1"
"PIM21",0,0.448480624896937,0.457,0.075,0,"9","PIM2"
"RAD23A",0,0.448282924699348,0.841,0.397,0,"9","RAD23A"
"NAXE",0,0.447596477924992,0.434,0.005,0,"9","NAXE"
"UBE2A",0,0.446744600835483,0.769,0.309,0,"9","UBE2A"
"ELOA",0,0.445728214152803,0.414,0.005,0,"9","ELOA"
"LINC01871",0,0.443934579748323,0.212,0.002,0,"9","LINC01871"
"GPBP12",0,0.443710626608428,0.874,0.47,0,"9","GPBP1"
"TNFRSF9",0,0.442164004867769,0.375,0.013,0,"9","TNFRSF9"
"CDK2AP22",0,0.441157727574728,0.727,0.27,0,"9","CDK2AP2"
"RAP2A1",0,0.440216215641502,0.611,0.139,0,"9","RAP2A"
"LOR",0,0.438548832164652,0.36,0.002,0,"9","LOR"
"MBOAT2",0,0.437994519866726,0.467,0.036,0,"9","MBOAT2"
"GNA121",0,0.437525457690303,0.519,0.118,0,"9","GNA12"
"MSANTD3",0,0.437505563315855,0.387,0.027,0,"9","MSANTD3"
"CYC1",0,0.436828390580322,0.782,0.321,0,"9","CYC1"
"VSIR1",0,0.435347950827254,0.398,0.009,0,"9","VSIR"
"CHD3",0,0.434412213407408,0.683,0.248,0,"9","CHD3"
"TREML1",0,0.430396058169915,0.283,0.003,0,"9","TREML1"
"ALPK2",0,0.430281616294528,0.362,0.015,0,"9","ALPK2"
"NQO21",0,0.428477751174768,0.632,0.232,0,"9","NQO2"
"TMEM150C",0,0.426858805111936,0.307,0.001,0,"9","TMEM150C"
"ZMAT3",0,0.426505745663169,0.614,0.173,0,"9","ZMAT3"
"S1PR1",0,0.426376317311896,0.426,0.031,0,"9","S1PR1"
"DSTN4",0,0.426210468394071,0.822,0.389,0,"9","DSTN"
"NORAD1",0,0.424086780777138,0.438,0.01,0,"9","NORAD"
"KRT23",0,0.423588075029394,0.243,0.008,0,"9","KRT23"
"TFG1",0,0.423277040156242,0.647,0.193,0,"9","TFG"
"MAFF3",0,0.422217854771783,0.559,0.14,0,"9","MAFF"
"SPRED2",0,0.421259696934267,0.382,0.018,0,"9","SPRED2"
"CDK2",0,0.420009166929741,0.394,0.016,0,"9","CDK2"
"FDFT1",0,0.417373785848671,0.628,0.213,0,"9","FDFT1"
"SMIM12",0,0.416329313837424,0.651,0.173,0,"9","SMIM12"
"HIVEP12",0,0.41632879370491,0.55,0.124,0,"9","HIVEP1"
"POLR2I",0,0.415266315840741,0.747,0.284,0,"9","POLR2I"
"PDCD5",0,0.414572780915484,0.685,0.271,0,"9","PDCD5"
"IL1R11",0,0.414267730731965,0.363,0.026,0,"9","IL1R1"
"SMIM29",0,0.413638525535874,0.388,0.005,0,"9","SMIM29"
"ABCB10",0,0.413048207239892,0.472,0.072,0,"9","ABCB10"
"KRT142",0,0.413007808655399,0.235,0.014,0,"9","KRT14"
"CYCS5",0,0.412801214988283,0.864,0.452,0,"9","CYCS"
"BCL2L14",0,0.412773719749075,0.304,0.002,0,"9","BCL2L14"
"PHLDA3",0,0.412691922124994,0.35,0.003,0,"9","PHLDA3"
"DEPP1",0,0.412572062083664,0.247,0.001,0,"9","DEPP1"
"ABHD121",0,0.411256086473591,0.517,0.095,0,"9","ABHD12"
"MYO1C1",0,0.410915490485303,0.443,0.033,0,"9","MYO1C"
"LMNB1",0,0.410422446852208,0.568,0.159,0,"9","LMNB1"
"BTG32",0,0.410411178775217,0.489,0.075,0,"9","BTG3"
"RNF51",0,0.410403967411551,0.604,0.155,0,"9","RNF5"
"NDUFA6",0,0.409810728818941,0.785,0.355,0,"9","NDUFA6"
"ARL6IP12",0,0.409704875817115,0.802,0.357,0,"9","ARL6IP1"
"ABCA5",0,0.408849233055987,0.416,0.037,0,"9","ABCA5"
"CALCRL",0,0.407616243203698,0.341,0.033,0,"9","CALCRL"
"LCE1C",0,0.406724161847623,0.226,0.002,0,"9","LCE1C"
"NECAP2",0,0.406713927513464,0.768,0.316,0,"9","NECAP2"
"HSPE18",0,0.405910263683751,0.787,0.359,0,"9","HSPE1"
"CCDC1671",0,0.404855823295072,0.521,0.107,0,"9","CCDC167"
"MTSS13",0,0.404757042133255,0.722,0.245,0,"9","MTSS1"
"PDCD1LG2",0,0.404726903727595,0.347,0.003,0,"9","PDCD1LG2"
"TPRA11",0,0.400561872786102,0.492,0.08,0,"9","TPRA1"
"NUTF2",0,0.400457025709843,0.67,0.214,0,"9","NUTF2"
"CORO1B",0,0.399974286879724,0.719,0.292,0,"9","CORO1B"
"EDEM13",0,0.399145831523101,0.655,0.208,0,"9","EDEM1"
"SLC41A2",0,0.398893924552745,0.374,0.016,0,"9","SLC41A2"
"FAM118A",0,0.397354991561568,0.556,0.202,0,"9","FAM118A"
"NMB1",0,0.396910450166108,0.34,0.022,0,"9","NMB"
"EPOP",0,0.39629959957519,0.314,0.002,0,"9","EPOP"
"MAP3K20",0,0.395945286768608,0.374,0.006,0,"9","MAP3K20"
"NDUFB3",0,0.395235044926499,0.809,0.393,0,"9","NDUFB3"
"ST3GAL61",0,0.39459757542839,0.473,0.102,0,"9","ST3GAL6"
"FAM96B1",0,0.394320512612351,0.831,0.409,0,"9","FAM96B"
"NME23",0,0.394252775492809,0.434,0.058,0,"9","NME2"
"TSPAN15",0,0.392499068256407,0.374,0.006,0,"9","TSPAN15"
"MSMO1",0,0.391978064748191,0.389,0.044,0,"9","MSMO1"
"CBWD5",0,0.391763204734863,0.517,0.105,0,"9","CBWD5"
"PELP1",0,0.391561389940213,0.453,0.072,0,"9","PELP1"
"BUD231",0,0.391144922870349,0.398,0.009,0,"9","BUD23"
"TRAF52",0,0.390199441825672,0.478,0.067,0,"9","TRAF5"
"C14orf119",0,0.387842093339694,0.58,0.13,0,"9","C14orf119"
"MYL6B2",0,0.387567307646644,0.444,0.051,0,"9","MYL6B"
"TOR1AIP2",0,0.387011937456575,0.679,0.254,0,"9","TOR1AIP2"
"SESN31",0,0.386709525671781,0.562,0.203,0,"9","SESN3"
"PFDN4",0,0.386344163989008,0.656,0.207,0,"9","PFDN4"
"USP121",0,0.385909882696012,0.651,0.213,0,"9","USP12"
"BICDL1",0,0.385294174819263,0.34,0.001,0,"9","BICDL1"
"USP53",0,0.385048256643417,0.392,0.032,0,"9","USP53"
"IL2RA",0,0.382997821728615,0.227,0.008,0,"9","IL2RA"
"SRP191",0,0.382693613354601,0.713,0.246,0,"9","SRP19"
"ABCC41",0,0.381422497894976,0.383,0.024,0,"9","ABCC4"
"OSER1",0,0.381023951605896,0.681,0.23,0,"9","OSER1"
"TRPM4",0,0.380529238241992,0.272,0.03,0,"9","TRPM4"
"NPR1",0,0.38003757902212,0.336,0.001,0,"9","NPR1"
"SLC39A1",0,0.378763580288832,0.568,0.127,0,"9","SLC39A1"
"ENPP4",0,0.37819210637052,0.415,0.04,0,"9","ENPP4"
"SVIP3",0,0.377872348691491,0.532,0.127,0,"9","SVIP"
"RETREG2",0,0.377766811066201,0.378,0.005,0,"9","RETREG2"
"KRT6A1",0,0.377744617604522,0.288,0.007,0,"9","KRT6A"
"SMIM301",0,0.377379960987455,0.349,0.007,0,"9","SMIM30"
"SPRR2F",0,0.376264066395188,0.218,0.002,0,"9","SPRR2F"
"AC073111.5",0,0.375269989009879,0.339,0,0,"9","AC073111.5"
"CEP135",0,0.374877166166844,0.557,0.137,0,"9","CEP135"
"POLR2K1",0,0.374567457748271,0.748,0.289,0,"9","POLR2K"
"MZT2A6",0,0.374398008196177,0.67,0.267,0,"9","MZT2A"
"S100A13",0,0.374210846669444,0.332,0.034,0,"9","S100A13"
"MRPL53",0,0.373818784104362,0.409,0.04,0,"9","MRPL53"
"RNF115",0,0.373704158510709,0.663,0.234,0,"9","RNF115"
"IL36G",0,0.373693414385042,0.275,0.002,0,"9","IL36G"
"HES6",0,0.37338617668199,0.353,0.022,0,"9","HES6"
"UBD",0,0.372683480585449,0.268,0.001,0,"9","UBD"
"TOMM5",0,0.372479771828849,0.578,0.152,0,"9","TOMM5"
"RDX1",0,0.372274980679456,0.614,0.196,0,"9","RDX"
"SPART1",0,0.372070538936027,0.372,0.007,0,"9","SPART"
"FBXO2",0,0.37114776125697,0.268,0.006,0,"9","FBXO2"
"MAP1LC3A",0,0.369760244993986,0.381,0.026,0,"9","MAP1LC3A"
"TM4SF1",0,0.368837244377984,0.259,0.004,0,"9","TM4SF1"
"TAX1BP31",0,0.36835387149336,0.527,0.126,0,"9","TAX1BP3"
"PM20D2",0,0.368093681636666,0.373,0.04,0,"9","PM20D2"
"TENT21",0,0.367673624773636,0.373,0.01,0,"9","TENT2"
"ATP11C",0,0.36677395866887,0.512,0.105,0,"9","ATP11C"
"ARAP22",0,0.366403759310301,0.674,0.251,0,"9","ARAP2"
"CNN3",0,0.366088837053542,0.327,0.003,0,"9","CNN3"
"DOCK71",0,0.36605938241597,0.427,0.052,0,"9","DOCK7"
"SNHG12",0,0.365118843613652,0.46,0.087,0,"9","SNHG12"
"CPA4",0,0.364895541348597,0.248,0.002,0,"9","CPA4"
"CCNQ",0,0.364373071522149,0.374,0.004,0,"9","CCNQ"
"SPPL2A",0,0.362258823807953,0.737,0.302,0,"9","SPPL2A"
"SLC6A61",0,0.361984877260322,0.712,0.317,0,"9","SLC6A6"
"SPG11",0,0.361903621384201,0.709,0.303,0,"9","SPG11"
"LCE2A",0,0.361816808502325,0.242,0.002,0,"9","LCE2A"
"JPT2",0,0.361594573594147,0.364,0.003,0,"9","JPT2"
"PRR34-AS1",0,0.361248448621874,0.476,0.09,0,"9","PRR34-AS1"
"SYNPO2",0,0.361234208839591,0.295,0.004,0,"9","SYNPO2"
"HPRT1",0,0.360727261592089,0.487,0.169,0,"9","HPRT1"
"CRYBG11",0,0.3604390496334,0.361,0.009,0,"9","CRYBG1"
"GPR171",0,0.36042404083367,0.309,0.026,0,"9","GPR171"
"MIA2",0,0.360248049371955,0.361,0.005,0,"9","MIA2"
"HLA-DOB2",0,0.360089747713667,0.345,0.026,0,"9","HLA-DOB"
"TADA3",0,0.3600107951902,0.654,0.208,0,"9","TADA3"
"CNOT9",0,0.358829749248334,0.358,0.006,0,"9","CNOT9"
"TM2D2",0,0.358311516633121,0.464,0.074,0,"9","TM2D2"
"SFN1",0,0.357798768785949,0.277,0.01,0,"9","SFN"
"DPP9",0,0.357333892702996,0.538,0.14,0,"9","DPP9"
"ANTXR21",0,0.356886440499298,0.581,0.19,0,"9","ANTXR2"
"NDUFAF3",0,0.356600178667808,0.727,0.274,0,"9","NDUFAF3"
"RFX5",0,0.355097419066215,0.511,0.094,0,"9","RFX5"
"CD80",0,0.355042384802641,0.288,0.005,0,"9","CD80"
"HDGFL3",0,0.354710002951199,0.336,0.002,0,"9","HDGFL3"
"FAAP20",0,0.354592429878316,0.769,0.343,0,"9","FAAP20"
"LCE2D",0,0.354569108447526,0.233,0.002,0,"9","LCE2D"
"PRSS22",0,0.354553498171991,0.239,0.002,0,"9","PRSS22"
"SLC25A191",0,0.353850398921837,0.418,0.055,0,"9","SLC25A19"
"IGFLR12",0,0.352827462915749,0.478,0.091,0,"9","IGFLR1"
"ORAI1",0,0.352207284539936,0.648,0.26,0,"9","ORAI1"
"CHST22",0,0.35180740633662,0.464,0.097,0,"9","CHST2"
"CD5",0,0.35168937631913,0.296,0.032,0,"9","CD5"
"APOE1",0,0.351482138952403,0.289,0.01,0,"9","APOE"
"SPAG16",0,0.3501877010372,0.365,0.015,0,"9","SPAG16"
"CXorf40B",0,0.349993545628954,0.388,0.032,0,"9","CXorf40B"
"PIN1",0,0.349465176416268,0.734,0.3,0,"9","PIN1"
"H1F01",0,0.349046723516422,0.405,0.084,0,"9","H1F0"
"LCE2C",0,0.349028263995103,0.225,0.002,0,"9","LCE2C"
"SLC5A6",0,0.348623285499932,0.384,0.045,0,"9","SLC5A6"
"BEX42",0,0.348546275377445,0.467,0.136,0,"9","BEX4"
"LSM21",0,0.347903496587079,0.681,0.231,0,"9","LSM2"
"BCL7C",0,0.345533844550551,0.695,0.275,0,"9","BCL7C"
"ZDHHC18",0,0.34269214234668,0.496,0.101,0,"9","ZDHHC18"
"TEDC1",0,0.34223543714269,0.333,0.002,0,"9","TEDC1"
"SDC4",0,0.341675558776358,0.33,0.022,0,"9","SDC4"
"STOML21",0,0.341327128850342,0.632,0.191,0,"9","STOML2"
"MINDY2",0,0.341226665624308,0.321,0.004,0,"9","MINDY2"
"NDRG24",0,0.340164711049972,0.334,0.047,0,"9","NDRG2"
"CASP7",0,0.339990380367093,0.479,0.087,0,"9","CASP7"
"GCLM",0,0.339818526247452,0.379,0.056,0,"9","GCLM"
"AL035078.1",0,0.33899944345845,0.254,0.002,0,"9","AL035078.1"
"CYTH2",0,0.33880497069534,0.549,0.125,0,"9","CYTH2"
"ACHE",0,0.338382288306743,0.299,0.001,0,"9","ACHE"
"SSH1",0,0.337298254415447,0.541,0.131,0,"9","SSH1"
"MAP41",0,0.336748115379355,0.656,0.219,0,"9","MAP4"
"WASHC41",0,0.336455551954356,0.358,0.01,0,"9","WASHC4"
"RUFY32",0,0.335730592842627,0.62,0.238,0,"9","RUFY3"
"TRIM13",0,0.335535841844053,0.502,0.106,0,"9","TRIM13"
"PKIB4",0,0.334801538157644,0.257,0.028,0,"9","PKIB"
"C19orf12",0,0.334558459161112,0.425,0.057,0,"9","C19orf12"
"FAM96A",0,0.334210656982771,0.725,0.309,0,"9","FAM96A"
"BOLA3",0,0.333971583269855,0.464,0.082,0,"9","BOLA3"
"KEAP1",0,0.333971085904176,0.447,0.068,0,"9","KEAP1"
"PON22",0,0.333038257810062,0.401,0.062,0,"9","PON2"
"FAM177A1",0,0.332765907031662,0.652,0.212,0,"9","FAM177A1"
"MCOLN22",0,0.332636751114774,0.366,0.037,0,"9","MCOLN2"
"TMEM268",0,0.330713214024179,0.307,0.002,0,"9","TMEM268"
"MFSD122",0,0.330382047068054,0.551,0.209,0,"9","MFSD12"
"PXDC1",0,0.329477672843023,0.29,0.01,0,"9","PXDC1"
"AIFM2",0,0.329373581971347,0.348,0.01,0,"9","AIFM2"
"HAGH",0,0.329332244197936,0.607,0.19,0,"9","HAGH"
"WASHC3",0,0.328453423690215,0.347,0.006,0,"9","WASHC3"
"CBX52",0,0.328253563383392,0.559,0.142,0,"9","CBX5"
"PRMT14",0,0.328215403021329,0.575,0.221,0,"9","PRMT1"
"LMCD1",0,0.327901523472965,0.236,0.002,0,"9","LMCD1"
"ORMDL2",0,0.327574089884046,0.566,0.158,0,"9","ORMDL2"
"PRDM13",0,0.32712836062649,0.443,0.098,0,"9","PRDM1"
"LINC00623",0,0.326978260813704,0.313,0.018,0,"9","LINC00623"
"GPR153",0,0.326756103773175,0.288,0.006,0,"9","GPR153"
"TBCC1",0,0.326152225408287,0.504,0.117,0,"9","TBCC"
"TIFAB",0,0.325461586653077,0.247,0.008,0,"9","TIFAB"
"GRK21",0,0.325369667119636,0.353,0.011,0,"9","GRK2"
"MVD",0,0.325195837124526,0.425,0.094,0,"9","MVD"
"AVPI11",0,0.325052436710581,0.312,0.034,0,"9","AVPI1"
"CBR3",0,0.3242499864886,0.204,0.007,0,"9","CBR3"
"MPV17L",0,0.323310324519333,0.342,0.008,0,"9","MPV17L"
"MRPL183",0,0.323185740282399,0.61,0.197,0,"9","MRPL18"
"KATNAL1",0,0.321825014449061,0.366,0.023,0,"9","KATNAL1"
"INTS11",0,0.321506378068032,0.345,0.004,0,"9","INTS11"
"TPD523",0,0.321157908010014,0.395,0.039,0,"9","TPD52"
"NXT2",0,0.320798957044344,0.411,0.069,0,"9","NXT2"
"MAFG1",0,0.320763152836585,0.572,0.175,0,"9","MAFG"
"NIPSNAP21",0,0.320375042078053,0.346,0.009,0,"9","NIPSNAP2"
"AC004951.1",0,0.320208078864855,0.288,0.002,0,"9","AC004951.1"
"MFSD14C",0,0.3195851561192,0.353,0.026,0,"9","MFSD14C"
"SERPINB7",0,0.319583526346376,0.228,0.002,0,"9","SERPINB7"
"MAF1",0,0.318602827688113,0.769,0.348,0,"9","MAF1"
"BATF34",0,0.317340134961843,0.408,0.106,0,"9","BATF3"
"ILF3-DT",0,0.317025342133486,0.261,0.004,0,"9","ILF3-DT"
"TMEM39A",0,0.316984309653976,0.432,0.06,0,"9","TMEM39A"
"HILPDA",0,0.316896257111249,0.314,0.014,0,"9","HILPDA"
"ARHGAP221",0,0.316661639650574,0.29,0.029,0,"9","ARHGAP22"
"TBC1D10A",0,0.316235948588157,0.473,0.093,0,"9","TBC1D10A"
"DUSP141",0,0.316136385498214,0.316,0.011,0,"9","DUSP14"
"AC023157.3",0,0.315551804783623,0.245,0.003,0,"9","AC023157.3"
"L3MBTL4",0,0.315508277153166,0.302,0.016,0,"9","L3MBTL4"
"KLK10",0,0.314501187544661,0.232,0.002,0,"9","KLK10"
"BTN2A2",0,0.31423604718445,0.436,0.076,0,"9","BTN2A2"
"LUZP11",0,0.314150773297165,0.501,0.117,0,"9","LUZP1"
"AC026401.3",0,0.31352759910559,0.299,0.001,0,"9","AC026401.3"
"AP1S1",0,0.31340062295081,0.487,0.101,0,"9","AP1S1"
"MMP25",0,0.312809177577805,0.358,0.027,0,"9","MMP25"
"ZFYVE21",0,0.312238839744702,0.44,0.064,0,"9","ZFYVE21"
"SDC21",0,0.312233892323546,0.28,0.015,0,"9","SDC2"
"NEPRO",0,0.311515687517966,0.336,0.004,0,"9","NEPRO"
"RASGRP31",0,0.310946509780419,0.324,0.019,0,"9","RASGRP3"
"DDAH24",0,0.310339618879064,0.584,0.206,0,"9","DDAH2"
"TTN-AS1",0,0.308565685700823,0.37,0.059,0,"9","TTN-AS1"
"RAB18",0,0.307534115590315,0.69,0.278,0,"9","RAB18"
"AC245297.3",0,0.307430116137603,0.257,0.003,0,"9","AC245297.3"
"PLPBP1",0,0.306959398788761,0.329,0.007,0,"9","PLPBP"
"SLC22A23",0,0.305881969130806,0.304,0.004,0,"9","SLC22A23"
"AUTS21",0,0.305705059336399,0.319,0.029,0,"9","AUTS2"
"GTF2H5",0,0.305605265972828,0.663,0.256,0,"9","GTF2H5"
"MRPS331",0,0.305262590677148,0.597,0.197,0,"9","MRPS33"
"AAMDC",0,0.305193016674387,0.424,0.074,0,"9","AAMDC"
"VEGFB3",0,0.304903562396317,0.412,0.091,0,"9","VEGFB"
"SLC2A12",0,0.304874873023456,0.358,0.033,0,"9","SLC2A1"
"PHF5A",0,0.304329120287932,0.557,0.147,0,"9","PHF5A"
"LINC00685",0,0.303982950283036,0.332,0.046,0,"9","LINC00685"
"KXD1",0,0.303299492595388,0.653,0.24,0,"9","KXD1"
"CD581",0,0.302545432743417,0.551,0.205,0,"9","CD58"
"FLOT1",0,0.302084174477633,0.686,0.277,0,"9","FLOT1"
"ORAI21",0,0.302066397595219,0.609,0.229,0,"9","ORAI2"
"IRF2",0,0.301552673984944,0.745,0.325,0,"9","IRF2"
"HSF1",0,0.301228613711162,0.567,0.157,0,"9","HSF1"
"UPB1",0,0.301107076025535,0.265,0.003,0,"9","UPB1"
"TMEM2582",3.45006131249685e-306,0.459119332924622,0.952,0.648,9.72537783379736e-302,"9","TMEM258"
"SMIM142",4.7838250205702e-306,0.405728567000347,0.703,0.317,1.34851243504853e-301,"9","SMIM14"
"DYNLRB11",2.44927902351557e-305,0.387117887622778,0.851,0.446,6.90427263938805e-301,"9","DYNLRB1"
"SRI3",4.61405213751708e-305,0.374046882637283,0.747,0.351,1.30065515704469e-300,"9","SRI"
"RALY",1.34280035308661e-304,0.340537891104095,0.794,0.374,3.78521991531584e-300,"9","RALY"
"HLA-DRB55",2.64958744602469e-302,0.605199454880903,0.826,0.478,7.468922051599e-298,"9","HLA-DRB5"
"CHMP4B",2.79379773125752e-296,0.414671320366637,0.848,0.44,7.87543642464183e-292,"9","CHMP4B"
"RAP1B4",6.20858384033293e-293,0.452087840061039,0.927,0.574,1.75013769875145e-288,"9","RAP1B"
"PKM2",4.05859214930594e-292,0.64528715021069,0.946,0.727,1.14407654096785e-287,"9","PKM"
"PRDX13",3.2025657132368e-290,0.752748540778408,0.879,0.583,9.02771248904321e-286,"9","PRDX1"
"COX7C2",2.25661304559655e-289,0.434301899182692,0.988,0.878,6.36116651423213e-285,"9","COX7C"
"CHMP4A",1.89497408165052e-287,0.353260473807189,0.806,0.398,5.34174243876464e-283,"9","CHMP4A"
"ZNF7063",4.85124042617437e-285,0.45510169517171,0.854,0.479,1.36751616373429e-280,"9","ZNF706"
"MGST32",1.40180592254193e-284,0.444999025112004,0.785,0.415,3.95155071505345e-280,"9","MGST3"
"C1orf43",4.81576594015767e-283,0.306099567904082,0.767,0.36,1.35751626087104e-278,"9","C1orf43"
"SUMO21",8.35580427323858e-283,0.433722172622265,0.968,0.812,2.35541766658322e-278,"9","SUMO2"
"COX6A12",5.22397750113562e-282,0.455232908245891,0.948,0.667,1.47258701779512e-277,"9","COX6A1"
"YWHAH3",1.10482825011487e-280,0.398947507797283,0.772,0.372,3.11440035424882e-276,"9","YWHAH"
"PSMA32",8.02041731854281e-278,0.349288577209333,0.658,0.301,2.26087543792403e-273,"9","PSMA3"
"SOX43",5.30634364450083e-273,0.424983062025714,0.634,0.284,1.49580520994834e-268,"9","SOX4"
"RASSF41",7.40710264542568e-271,0.450271519571866,0.79,0.409,2.08798816471905e-266,"9","RASSF4"
"VDAC13",9.12649986368894e-268,0.404986143252124,0.84,0.464,2.57266904657527e-263,"9","VDAC1"
"VMA21",8.51016685656557e-265,0.345928452203345,0.784,0.39,2.39893093519727e-260,"9","VMA21"
"MRPS211",1.25493336574835e-264,0.333668494196103,0.845,0.445,3.53753166470803e-260,"9","MRPS21"
"TMEM230",8.85837270546372e-261,0.312033949229713,0.81,0.408,2.49708668194317e-256,"9","TMEM230"
"HNRNPA02",1.38560362042733e-257,0.303589030594757,0.842,0.426,3.90587804562259e-253,"9","HNRNPA0"
"TUBB4B",8.28759664530845e-256,0.458037218050652,0.779,0.427,2.336190618346e-251,"9","TUBB4B"
"RPS19BP12",3.13414951681607e-255,0.346157117503623,0.77,0.388,8.83485407295282e-251,"9","RPS19BP1"
"ENSA1",2.31539746794624e-249,0.312386008221274,0.814,0.425,6.52687392239365e-245,"9","ENSA"
"CYP27A1",9.22284607912606e-246,0.317145946313367,0.413,0.158,2.59982808124484e-241,"9","CYP27A1"
"TPI1",7.48232700600435e-245,0.450886746249849,0.962,0.741,2.10919315972257e-240,"9","TPI1"
"NDUFA1",1.00403276438781e-244,0.402051503408618,0.943,0.683,2.8302679595328e-240,"9","NDUFA1"
"ANAPC161",4.49741323833986e-243,0.368857563775,0.893,0.545,1.26777581775562e-238,"9","ANAPC16"
"TRAC4",5.53402698633303e-242,0.388469287906072,0.408,0.157,1.55998686717742e-237,"9","TRAC"
"SAP182",1.71685581254149e-229,0.370419693037024,0.916,0.603,4.8396448499732e-225,"9","SAP18"
"HSPA84",3.74036104638933e-228,0.519100112192154,0.933,0.666,1.05437037536669e-223,"9","HSPA8"
"FOXP15",1.42080326914359e-227,0.305708438353065,0.855,0.467,4.00510233538886e-223,"9","FOXP1"
"ATP1B36",1.63041852931798e-227,0.347867486086102,0.812,0.456,4.59598679229445e-223,"9","ATP1B3"
"CD861",8.92641809378282e-225,0.425225513792007,0.738,0.398,2.51626799645644e-220,"9","CD86"
"COX14",1.12612840842807e-219,0.309382335482175,0.83,0.462,3.1744433705179e-215,"9","COX14"
"ENO12",1.4684683803465e-219,0.614696952049154,0.964,0.798,4.13946551735875e-215,"9","ENO1"
"H2AFJ",1.92367332179471e-218,0.329299669013399,0.768,0.407,5.42264272680711e-214,"9","H2AFJ"
"C1orf563",2.15611734274329e-215,0.330230167831933,0.526,0.228,6.07787917745906e-211,"9","C1orf56"
"COX7A2L",2.21839889047506e-214,0.356041357850957,0.888,0.545,6.25344463236015e-210,"9","COX7A2L"
"RPL13A7",3.58494263655816e-214,0.68882046367421,0.998,0.99,1.01055947981938e-209,"9","RPL13A"
"RPS510",8.7068428953233e-213,0.348268872247116,0.994,0.934,2.45437194376269e-208,"9","RPS5"
"NDUFA11",5.47011874373201e-209,0.349014433269679,0.932,0.632,1.54197177267062e-204,"9","NDUFA11"
"ANXA24",9.28388658286982e-209,0.676238135171285,0.967,0.797,2.61703478884517e-204,"9","ANXA2"
"MAP4K41",3.72132048904846e-208,0.339064344986561,0.765,0.419,1.04900303265787e-203,"9","MAP4K4"
"MYL12A6",3.67333511156384e-206,0.471528201812039,0.974,0.853,1.03547643459873e-201,"9","MYL12A"
"ATF4",1.20016131549113e-202,0.416824040386592,0.924,0.608,3.38313473223794e-198,"9","ATF4"
"TPM43",1.79299537417656e-196,0.411056846817219,0.842,0.522,5.05427466026631e-192,"9","TPM4"
"IFNGR2",1.97229950723512e-194,0.328665060168805,0.836,0.479,5.55971508094509e-190,"9","IFNGR2"
"CHCHD21",1.73592349459594e-189,0.338568495360621,0.975,0.811,4.89339473891649e-185,"9","CHCHD2"
"BRK1",6.63132026072783e-188,0.35824300320911,0.938,0.672,1.86930286829657e-183,"9","BRK1"
"GUK12",2.66396220134083e-185,0.343610047848215,0.942,0.675,7.50944304935967e-181,"9","GUK1"
"PRDX5",2.25481852634794e-183,0.321337311158405,0.881,0.555,6.35610794392222e-179,"9","PRDX5"
"RPL358",7.63939302081613e-183,0.327374496102462,0.998,0.973,2.15346849863786e-178,"9","RPL35"
"TMA71",1.33620386701833e-182,0.338222534798562,0.982,0.859,3.76662508073798e-178,"9","TMA7"
"RGS105",1.35790905519675e-181,0.317934736341409,0.85,0.507,3.82780983569412e-177,"9","RGS10"
"SMS",1.8624811845714e-181,0.388264414432823,0.646,0.351,5.25014821118833e-177,"9","SMS"
"RPS299",1.2607460495233e-180,0.451741064214873,0.998,0.991,3.55391703900123e-176,"9","RPS29"
"UBXN1",2.24015597906458e-174,0.303672031925941,0.921,0.622,6.31477568938514e-170,"9","UBXN1"
"RPS107",3.02760278901383e-165,0.479230047793649,0.986,0.931,8.53450950195108e-161,"9","RPS10"
"SKP1",5.20115378745272e-164,0.340635583759863,0.956,0.735,1.46615324114505e-159,"9","SKP1"
"RPL45",1.25711020600458e-163,0.372645590170424,0.992,0.93,3.5436679597063e-159,"9","RPL4"
"CMTM61",5.70292803761835e-161,0.335952864116137,0.934,0.707,1.60759838452424e-156,"9","CMTM6"
"RPLP21",1.09999783399525e-155,0.338449656785619,0.999,0.992,3.10078389424921e-151,"9","RPLP2"
"FTL2",1.72345907529907e-153,0.522609488852712,0.998,0.999,4.85825878736053e-149,"9","FTL"
"NAP1L13",3.79652442677096e-153,0.495755602138547,0.973,0.825,1.07020227066246e-148,"9","NAP1L1"
"TMEM1231",4.86407066489263e-133,0.342398289512091,0.907,0.631,1.37113287972658e-128,"9","TMEM123"
"SLC25A62",2.12467657388527e-115,0.329833125919055,0.98,0.875,5.98925079412519e-111,"9","SLC25A6"
"ACTB3",5.95859741578339e-114,0.422986226709699,1,0.997,1.67966902553518e-109,"9","ACTB"
"MYL12B2",1.0844715133638e-112,0.328013702517376,0.958,0.802,3.0570167490212e-108,"9","MYL12B"
"SAT15",8.95866438990276e-86,0.303175402455546,0.992,0.959,2.52535790486969e-81,"9","SAT1"
"TALDO11",5.90921156597387e-52,0.39216703295717,0.922,0.785,1.66574764833237e-47,"9","TALDO1"
"TNFSF13B2",1.55258205129671e-39,0.474652617980488,0.787,0.649,4.3765735444003e-35,"9","TNFSF13B"
"MT-ND2",2.38523916558456e-31,0.426001968474964,0.989,0.989,6.72375068386631e-27,"9","MT-ND2"
"RPS173",2.60082179524572e-26,0.325066660982535,0.925,0.941,7.33145655861816e-22,"9","RPS17"
