"Dendritic cell"	"Natural killer (NK) cell"	"CD4+ T cell"	"B cell"	"Monocyte:CD16-"	"Natural killer T (NKT) cell"	"Naive CD4+ T cell"	"Monocyte:CD16+"	"Neutrophil"	"Naive CD8+ T cell"	"Regulatory T (Treg) cell"	"Plasma cell"	"Megakaryocyte"	"Plasmacytoid dendritic cell"	"MKI67+ progenitor cell"	"Exhausted CD8+ T cell"	"Macrophages"	"Endothelial cell"	"Mast cell"	"Fibroblast"	"keratinocyte"	"Basal cell"	"Myofibroblast"
"IGKC"	0.343480049362402	0.225528700906344	0.0961740291956874	26.7380404505268	0.133872931738414	0.110963101105635	0.0848835776764815	0.132295719844358	1.60618262111963	0.0859069932552361	0.0793795620437956	2920.14150943396	0.131484110516545	7.91740412979351	25.4451697127937	0.0681818181818182	0.0466906105695228	0.0663155374670816	0.00408163265306122	0.0234547461368653	0.18696610636539	1.2396813101693	0.00911376492771842
"CD79A"	0.0386672151378034	0.0557401812688822	0.0247113825016697	6.03027734043842	0.0183367953584987	0.0239110163847076	0.0224220771220894	0.0371146363364262	0.0731263800493571	0.167909123180689	0.0401459854014599	8.25471698113208	0.0200939172217975	0.252212389380531	0.318537859007833	0.0303030303030303	0.0184710107747563	0.00287287526933206	0	0.00165562913907285	0.0143290162579223	0.00188115525063627	0.00471401634192332
"MS4A1"	0.0287947346770876	0.0349697885196375	0.0226123461501765	5.18917282305922	0.0140391089463505	0.0332356467297189	0.00788468646051497	0.0152648907512721	0.0482530198727107	0.00780972665956692	0.0109489051094891	0.716981132075472	0.018346620072076	0.125368731563422	0.172323759791123	0.0151515151515152	0.00667008722421755	0.000957625089777352	0	0.000551876379690949	0.00440892807936071	0.00221312382427797	0.000628535512256443
"IGHM"	0.0148087206910736	0.0331570996978852	0.0133575040549566	4.52658350490493	0.0143972494806962	0.014719595044625	0.00973265984969816	0.0143669560011972	0.061891154695415	0.0070997515086972	0.0264598540145985	39.8396226415094	0.00720760074260129	0.96165191740413	4.588772845953	0	0	0.000239406272444338	0	0	0	0.000221312382427797	0
"IGHD"	0.0106951871657754	0.0159365558912387	0.00496135864898388	3.40813854910985	0.00537210801518516	0.00559477820700679	0.00369594677836639	0.00718347800059862	0.0263670606572282	0.00425985090521832	0.0072992700729927	0.0377358490566038	0.00371300644315824	0.13716814159292	0.0587467362924282	0	0	0	0	0	0	0	0
"CD79B"	0.107157548334019	0.170996978851964	0.134624558725312	3.256146300109	0.0562280638922713	0.0737977887305182	0.0787236663792041	1.01676144866806	0.0559163527730874	0.0695775647852325	0.137773722627737	1.59433962264151	0.0873648574860762	0.129793510324484	0.310704960835509	0.113636363636364	0.0169317598768599	0.351687814220733	0.0244897959183673	0.100165562913907	0.0154312482777625	0.00641805909040611	0.0835952231301069
"BANK1"	0.109214315096668	0.0254531722054381	0.00295773304074039	2.56812401598644	0.0308717140605974	0.00912481683761822	0.00283355919674757	0.00718347800059862	0.0402000259773997	0.00248491302804402	0.00821167883211679	0.264150943396226	0.014852025772633	0.200589970501475	0.129242819843342	0	0.0682401231400718	0.0971989466124012	0.00408163265306122	0.0499448123620309	0.0012400110223202	0.0299878278189665	0.0502828409805154
"RALGPS2"	0.0787741670094611	0.0691842900302115	0.0473237286518462	2.47838197892697	0.0701955447317527	0.0293059810843213	0.0772452876678576	0.0897934750074828	0.0691648266008573	0.0738374156904508	0.0145985401459854	0.971698113207547	0.0222780386589494	0.286135693215339	0.182767624020888	0.0681818181818182	0.0897896357106208	0.197988987311468	0.0122448979591837	0.245033112582781	0.284926977128686	0.93670465862565	0.506599622878693
"CD37"	2.53578774167009	2.01744712990937	2.21896765575804	9.57829720237374	3.30255712341523	1.92593579325962	1.91770358506838	5.02663873091889	1.86485257825692	1.95101171458999	1.81478102189781	2.5188679245283	1.15212405809763	4.04867256637168	1.60835509138381	2.15151515151515	0.87891226269882	0.0409384725879818	0.46530612244898	0.0347682119205298	0.160099200881786	0.0322009516432444	0.0465116279069767
"CD74"	132.461744138215	4.55377643504532	0.892090449384601	27.6337652900569	17.2766277487286	3.21080325029972	0.47690033263521	17.5621071535468	5.10793609559683	0.54490592829251	1.25456204379562	17.7830188679245	2.62302063994758	37.5191740412979	11.6070496083551	1.48484848484848	39.6100564391996	22.5812784294949	0.314285714285714	1.60761589403974	3.41926150454671	1.40699347128472	2.03174104336895
"LINC00926"	0.0361990950226244	0.0205438066465257	0.00868237763572178	1.35000605546809	0.0159014397249481	0.0109897429066205	0.00714549710484169	0.011972463334331	0.0185738407585401	0.00851970181043664	0.00821167883211679	0.0660377358490566	0.00709839467074369	0.0619469026548673	0.0456919060052219	0.00757575757575758	0.0133401744484351	0.0124491261671056	0	0.00938189845474614	0.00261780104712042	0.00309837335398916	0.00377121307353866
"HLA-DRA"	112.214109419992	4.00075528700906	0.258944757179658	23.2451253481894	18.4234653678103	2.36053017183962	0.161020081310829	19.731816821311	4.42148330952072	0.164004259850905	0.548357664233577	7.28301886792453	1.24549524953587	21.9144542772861	10.7911227154047	0.234848484848485	53.8794253463315	14.2295906152741	0.248979591836735	1.21440397350993	1.81220721961973	1.34403009848401	1.22595851665619
"TNFRSF13C"	0.0164541341011929	0.0181268882175227	0.0304360270966511	1.33171854184328	0.00436931451901726	0.0193819102171307	0.0189725267956141	0.00688416641724035	0.0142875698142616	0.0262690805821796	0.0492700729927007	0.311320754716981	0.0247897783116741	0.0648967551622419	0.0509138381201044	0.00757575757575758	0.00615700359158543	0.00742159444577448	0	0.00441501103752759	0.00730228713144117	0.0209140201394268	0.00377121307353866
"HLA-DQA1"	24.1221719457014	0.391163141993958	0.0335845816238909	3.86908077994429	1.35011818637633	0.25136539230052	0.0126894172723913	2.01287039808441	0.171710611767762	0.0124245651402201	0.117700729927007	1.47169811320755	0.230097193403953	2.98082595870206	1.52349869451697	0.0833333333333333	9.35659312467932	2.24634905434522	0.0571428571428571	0.196467991169978	0.269633507853403	0.153701449596105	0.113764927718416
"VPREB3"	0.00802139037433155	0.0061178247734139	0.00200362560824349	1.11723386217755	0.00243535563355061	0.00286399360596776	0.00234076629296538	0.00359173900029931	0.00993635537082738	0.00212992545260916	0.00364963503649635	0.0849056603773585	0.00163809107786393	0.0383480825958702	0.0156657963446475	0	0.000513083632632119	0.000478812544888676	0	0.000275938189845475	0.000551116009920088	0.00221312382427797	0.00565681961030798
"MEF2C"	1.12402303578774	0.298716012084592	0.0104951817574659	2.36914133462517	1.21502757682114	0.17143998934328	0.0066527042010595	1.64591439688716	0.609234965579945	0.0106496272630458	0.0109489051094891	3	0.0484874959047723	2.41445427728614	0.330287206266319	0.00757575757575758	0.855310415597742	3.76059372755566	0.0204081632653061	0.274006622516556	0.0106089831909617	0.0351886688060197	3.46417347580138
"FCER2"	0.0121349238996298	0.013368580060423	0.00248067932449194	0.992127891486012	0.0309433421674665	0.00499533768482749	0.00172477516323765	0.0338222089194852	0.0170801402779582	0.00319488817891374	0.00273722627737226	0.19811320754717	0.00294856394015507	0.0294985250737463	0.0274151436031332	0	0.0189840944073884	0	0	0.0011037527593819	0.000413337007440066	0.000442624764855594	0.000314267756128221
"HLA-DQB1"	23.0623200329083	0.71404833836858	0.146550901631524	4.3850066610149	2.9081011388869	0.517583588650593	0.0411482074658125	2.69619874289135	0.696454084946097	0.0493432729854455	0.327554744525547	1.38679245283019	0.393906301190346	3.54277286135693	2.22584856396867	0.212121212121212	8.59774243201642	2.38400766100072	0.0816326530612245	0.198399558498896	0.325158445852852	0.220205820515658	0.189189189189189
"HLA-DRB1"	54.7529823118058	2.05747734138973	0.262093311706898	9.44217027976263	8.00171907456486	1.58991607832689	0.077122089441912	9.40197545645016	1.83686193012079	0.0830670926517572	0.744525547445255	4.25471698113208	1.04674019875505	9.51769911504425	7.04830287206266	0.204545454545455	24.3873781426372	9.86641129997606	0.138775510204082	0.478752759381898	0.769633507853403	0.431891114307846	0.664676304211188
"HLA-DPB1"	68.7285067873303	1.72990936555891	0.387272206850491	9.21073028945137	5.25807606904949	1.48155055281737	0.163114451151903	8.27716252618976	0.936615144824003	0.36741214057508	0.777372262773723	3.08490566037736	0.996942229987987	8.63864306784661	4.93080939947781	0.363636363636364	22.2714212416624	5.46851807517357	0.142857142857143	0.780077262693157	1.29071369523285	0.374239238685404	0.84978001257071
"HLA-DPA1"	52.5867955573838	1.97522658610272	0.302070413128518	8.49473174276372	6.32934603538428	1.38191021713068	0.119255882715289	12.8443579766537	1.11865177295753	0.167199148029819	0.590328467153285	3.95283018867925	0.710603909577373	9.91297935103245	5.29503916449086	0.340909090909091	18.5192406362237	5.52717261192243	0.142857142857143	0.50551876379691	0.679388261228989	0.343255505145513	0.859522313010685
"LTB"	1.87721102426985	1.79720543806647	12.0294819196642	8.91025796294054	0.228063892271327	2.69002264553084	7.39164716028089	1.23615683926968	0.445837121704117	6.50230741924033	6.86770072992701	1.94339622641509	3.29824178224309	4.75958702064897	2.39425587467363	10.2878787878788	0.815289892252437	0.0833133828106296	0.0612244897959184	0.0753311258278146	0.56324056213833	0.0646232156689167	0.0747957259585167
"HVCN1"	0.183463595228301	0.129833836858006	0.0314855452723977	0.991764563400751	0.382279206360576	0.0775942453709871	0.0307995564863866	0.557018856629752	0.210806598259514	0.0422435214767483	0.041970802919708	0.226415094339623	0.0259910451021077	0.458702064896755	0.137075718015666	0.0303030303030303	0.153412006157004	0.0823557577208523	0.0244897959183673	0.0259381898454746	0.00826674014880132	0.00497952860462543	0.0930232558139535
"CXCR4"	3.96873714520773	1.81329305135952	3.53105619692777	4.7621412135158	1.13809899004369	3.24463833755162	1.81865221140816	1.27746183777312	0.5928692037927	2.35214767483138	2.90510948905109	1.29245283018868	1.81445888391395	3.22861356932153	2.30809399477807	3.25	1.80092355053874	0.278908307397654	0.0204081632653061	0.150386313465784	0.386607880958942	0.198185238464092	0.172532998114393
"HLA-DMA"	5.94611271081859	0.449395770392749	0.0684095029100277	2.05231924427758	2.01991261370962	0.351205541494605	0.0530984353825305	1.43609697695301	0.489414209637615	0.063187788427405	0.155109489051095	1.37735849056604	0.204106148301846	3.15339233038348	1.10704960835509	0.106060606060606	3.19497178040021	1.84294948527651	0.0326530612244898	0.0902317880794702	0.110912096996418	0.170742503043045	0.165304839723444
"HLA-DRB5"	11.0150143973673	0.644712990936556	0.068314092166778	2.17052198134916	2.31502041401046	0.44798188357533	0.0156461746950844	3.65758754863813	0.667359397324328	0.0170394036208733	0.215328467153285	1.57547169811321	0.191984274325653	2.78613569321534	1.17754569190601	0.106060606060606	1.92765520779887	0.543452238448647	0.0122448979591837	0.0171081677704194	0.0967208597409755	0.0224632068164214	0.0691389063482087
"HLA-DMB"	2.44919786096257	0.3297583081571	0.0237572750691728	1.4858907593557	1.62982594370031	0.226521912881311	0.022545275348035	0.776414247231368	0.517924405766983	0.0305289314873979	0.0410583941605839	0.367924528301887	0.0680353827672819	1.78466076696165	0.460835509138381	0.0227272727272727	1.91072344792201	0.573617428776634	0.0163265306122449	0.03780353200883	0.0308624965555249	0.0433772269558482	0.0414833438089252
"JUND"	9.14356232003291	7.11925981873112	8.06230321534205	13.1922005571031	10.5094190960533	7.27647528972959	4.84316865837132	12.5929362466327	5.72269125860501	5.69258075967341	6.26642335766423	6.72641509433962	1.9381893633286	11.2212389380531	6.54046997389034	7.74242424242424	3.81836839404823	8.07804644481685	3.58367346938775	6.01959161147903	2.21066409479195	5.03895097930729	9.3240100565682
"CD52"	5.03229123817359	4.97205438066465	9.21200267150081	11.0640668523677	5.02249122555691	7.64146796323431	4.99913761241838	12.2666866207722	2.77562021041694	5.47142350017749	7.8485401459854	9.11320754716981	4.42983509883149	2.87315634218289	11.6723237597911	7.67424242424242	2.63878912262699	0.0916926023461815	0.718367346938775	0.098233995584989	0.833149627996693	0.0916233263251079	0.131678189817725
"SWAP70"	1.79164952694364	0.095619335347432	0.0182234519606908	0.948044083807678	0.233221115965905	0.0487544958039163	0.0120734261426635	0.55552229871296	0.130666320301338	0.00603478878239262	0.0602189781021898	0.30188679245283	0.0585344545156711	0.113569321533923	0.161879895561358	0.0151515151515152	0.475628527449974	3.11946372994972	0.0653061224489796	0.388796909492274	0.136538991457702	0.302755339161226	0.810810810810811
"CD69"	0.342040312628548	1.28391238670695	2.93846007060395	2.52949012958702	0.102213308502256	1.81723724523778	1.45657262535419	0.0841065549236756	0.175931939212885	1.16009939652112	1.56021897810219	0.339622641509434	0.789669105602271	0.376106194690265	1.66579634464752	3.71969696969697	0.167265264238071	0.0533875987550874	2.24897959183673	0.0333885209713024	0.0316891705704051	0.0680535575965475	0.0235700817096166
"FCMR"	0.0944055944055944	0.262990936555891	0.352638107050854	0.959549473174276	0.00866700093116539	0.270414280005328	0.493285696685968	0.014067644417839	0.0369528510196129	0.539936102236422	0.663321167883212	0.462264150943396	0.211968985475592	0.109144542772861	0.308093994778068	0.484848484848485	0.112878399179066	0.00646396935599713	0	0.0416666666666667	0.0529071369523285	0.0234591125373465	0.217159019484601
"STX7"	1.08041958041958	0.269939577039275	0.0847247400057246	1.02918735618263	0.655110665425113	0.16977487678167	0.0675126278181594	0.96348398683029	0.383556306013768	0.0646077387291445	0.103102189781022	0.556603773584906	0.103308943977285	1.28023598820059	0.288511749347258	0.0378787878787879	0.594150846587994	0.357194158486952	0.0489795918367347	0.231788079470199	0.0949297327087352	0.251078897864336	0.938403519798869
"SNX2"	1.50164541341012	0.363821752265861	0.231752695353497	1.29356909289088	1.06804670152568	0.28706540562142	0.165948010348651	1.40885962286741	0.589102480841668	0.175718849840256	0.190693430656934	0.679245283018868	0.154198973462925	0.523598820058997	0.66710182767624	0.204545454545455	0.822986146741919	0.449126167105578	0.163265306122449	0.488962472406181	0.284375861118766	0.585703220095164	0.459773727215588
"TSC22D3"	2.3751542575072	3.55996978851964	4.84848773971949	5.97529369020225	4.15901439724948	4.25602770747303	2.59085869163484	6.87458844657288	2.1896999610339	3.44053958111466	3.94343065693431	3.5	1.0891121546358	2.50589970501475	2.47519582245431	4.41666666666667	1.04720369420215	1.01125209480488	1.00408163265306	1.6158940397351	0.145907963626343	0.322784109770942	1.21841609050911
"IRF8"	0.787124640065817	0.179909365558912	0.0101135387844671	0.823906988010173	0.513072129503617	0.0776608498734514	0.013305408402119	0.472612990122718	0.248733601766463	0.0138445154419595	0.010036496350365	0.245283018867925	0.022387244730807	8.45870206489676	0.366840731070496	0.0454545454545455	0.643406875320677	0.0804405075412976	0.0122448979591837	0.199779249448124	0.00537338109672086	0.0107336505477481	0.151162790697674
"GNB2L1"	9.68572603866722	7.23942598187311	12.7632859459975	12.9130434782609	9.95186591218394	8.14679632343146	11.757915486017	11.2933253516911	5.55520197428237	13.9627263045793	10.3722627737226	18.9433962264151	0.282625313967457	15.6843657817109	11.4425587467363	12.0151515151515	0.0348896870189841	0.0363897534115394	0.0163265306122449	0.0102097130242826	0	0	0
"GLTSCR2"	1.18983957219251	1.61329305135952	3.37572750691728	3.16131766985588	1.43463935248191	2.02297855335021	3.44265122582235	2.19066147859922	0.826925574749968	3.54916577919773	2.55839416058394	2.18867924528302	0.0551490662880856	2.22713864306785	1.42689295039164	3.46969696969697	0.00974858902001026	0.00454871917644242	0.00408163265306122	0	0	0	0
"MARCH1"	0.664952694364459	0.295468277945619	0.010781413987215	1.0959186145089	1.3898717856887	0.185093912348475	0.0104718492053714	1.25591140377133	0.810040264969477	0.012779552715655	0.010036496350365	0.19811320754717	0.0312329365512722	0.702064896755162	0.160574412532637	0.0303030303030303	0.49871729091842	0.00742159444577448	0.0122448979591837	0.0115894039735099	0.00468448608432075	0.00973774482682306	0.00314267756128221
"KLF2"	1.29164952694364	4.40808157099698	5.64602614254365	6.36066367930241	4.10450540792207	4.88457439722925	4.02550203277073	8.81652199940138	2.35524094038187	4.26411075612354	4.54835766423358	5.00943396226415	0.977175930981763	1.19616519174041	3.65665796344648	4.84848484848485	0.478707029245767	4.24563083552789	0.0693877551020408	1.38852097130243	0.209561862772114	0.3837556711298	3.1781898177247
"RPL18A"	55.4736733854381	16.3054380664653	33.2963457685335	38.0375439021436	20.0026502399542	20.0848541361396	30.4496735247012	25.6593834181383	11.5302636706066	35.5346112886049	25.0574817518248	43.6415094339623	14.8456918204652	31.6091445427729	30.2793733681462	29.8181818181818	12.0584915341201	19.3478573138616	2.42448979591837	19.8600993377483	20.6945439515018	52.3590793404891	18.5141420490258
"TXNIP"	5.4103249691485	10.407250755287	11.7339948478199	13.9566428484922	10.6140677601891	10.0709337951246	10.3989158556117	16.1502544148459	5.44979867515262	11.977990770323	9.34762773722628	8.68867924528302	1.40701102981326	5.39233038348083	4.64360313315927	10.7424242424242	2.45818368394048	8.22911180272923	1.29795918367347	2.05849889624724	0.888812344998622	1.23127143963705	2.31709616593338
"RPS23"	63.2408473879062	19.2255287009063	37.4414655090163	41.8725929514351	19.6651386003868	23.4344611695751	40.9834914377233	27.8425621071535	11.4848032211976	48.7607383741569	26.1697080291971	41.7169811320755	13.7575625204761	51.4410029498525	35.3381201044386	34.3106060606061	14.821446895844	36.6119224323677	5.42857142857143	28.8294701986755	9.90920363736567	52.9600531149718	28.8931489629164
"RPS5"	24.1336898395722	7.41110271903323	16.0681232706803	17.6275887126075	6.00458419883962	9.17210603436792	17.1693975606751	8.95899431307992	3.56643719963632	21.5406460773873	11.3138686131387	26.5283018867925	6.41345418805286	17.3598820058997	18.0313315926893	14.5909090909091	6.00718317085685	16.202058893943	2.20408163265306	14.6509381898455	8.29567373932213	31.1711851278079	17.4817724701446
"FAM65B"	0.824763471822295	1.74184290030211	1.94647457303692	2.63424972750394	1.6140677601891	1.71086985480218	1.82234815818652	2.8644118527387	1.18242628912846	1.94533191338303	1.49361313868613	1.91509433962264	0.0484874959047723	1.67256637168142	1.52872062663185	2.26515151515152	0.000513083632632119	0.00119703136222169	0	0	0	0	0
"RPS11"	30.7346770876183	9.80415407854985	15.3598893235378	22.3867021920794	17.1719074564859	10.3496736379379	14.970555623999	17.8551331936546	9.91492401610599	17.2768903088392	12.1934306569343	23.877358490566	5.90542754177132	29.330383480826	18.6710182767624	14.6060606060606	10.728065674705	18.9844385922911	4.17142857142857	15.2593818984547	7.90121245522182	32.0086311829147	15.9783155248272
"RPS27"	108.157136980666	36.2941087613293	74.4816334319244	71.8910015744217	26.3054938757969	49.8347542293859	75.3194529998768	39.9676743489973	16.1752825042213	82.0035498757543	53.5428832116788	55.5754716981132	37.9272687561428	58.712389380531	41.4660574412533	66.5757575757576	21.8671113391483	27.9731864974862	5.64489795918367	28.1103752759382	31.6715348580876	46.6914905388956	35.9654305468259
"RPSA"	19.6785273549979	7.74652567975831	18.1030436027097	15.4863751968027	5.34861399613208	10.08405488211	15.4975976345941	7.53307392996109	3.39141446941161	18.9165779197728	11.8001824817518	17.311320754717	6.07458774707874	16.1356932153392	22.1462140992167	15.5984848484848	4.64186762442278	9.52094804883888	1.77142857142857	9.12444812362031	2.73821989528796	19.5741949762089	10.2925832809554
"BTG1"	18.5880296174414	5.50415407854985	7.52809846388703	9.48903960276129	5.00637490151135	6.43552684161449	6.40409018110139	5.53067943729422	3.35816339784388	6.75612353567625	6.21532846715328	3.83962264150943	4.31953696625532	3.76253687315634	4.75848563968668	7.91666666666667	5.60749102103643	5.19942542494613	1.23673469387755	3.12168874172185	5.97561311656104	5.2738740732544	4.57510999371465
"IKZF3"	0.25668449197861	0.506117824773414	0.373533059822536	0.89354487101853	0.00974142253420242	0.593779139469828	0.214364913145251	0.0101765938341814	0.055526691778153	0.381256656017039	0.477189781021898	0.820754716981132	0.436824287430381	0.0914454277286136	0.842036553524804	0.5	0.0851718830169318	0.0304045966004309	0.0122448979591837	0.0198675496688742	0.0742628823367319	0.0190328648887905	0.0339409176618479
"KRT14"	0.289592760180996	0.00490936555891239	0.0019082148649938	0.00169553106455129	0.0146121338013036	0.000732649527108032	0.00418873968214858	0	0.0368879075204572	0	0.010036496350365	0.169811320754717	0.553783990389866	0.0457227138643068	13.4268929503916	0	1.09594663930221	8.7337802250419	0.436734693877551	6.35623620309051	3.51818682832736	190.8350116189	4.49277184160905
"KRT1"	0.103044014808721	0.006797583081571	0.0924530102089495	0.00569214000242219	0.0056586204426617	0.00586119621686426	0.00997905630158926	0.000299311583358276	0.00896220288349136	0.00319488817891374	0.0118613138686131	0.0188679245283019	0.16304466528339	0.028023598820059	2.44255874673629	0.0833333333333333	0.40687532067727	7.15202298300215	0.448979591836735	3.39569536423841	2.86318545053734	98.501825827155	1.35323695788812
"KRT10"	1.37618264088852	0.806117824773414	0.909264383169545	1.05474143151266	0.611990545089893	0.855734647662182	0.801527658001725	0.766237653397187	0.383556306013768	1.02165424210153	0.730839416058394	1.9811320754717	0.738342251829202	1.34808259587021	5.37597911227154	0.871212121212121	1.32529502308876	15.6212592769931	0.783673469387755	8.08636865342163	5.86676770460182	195.437313267677	4.36926461345066
"KRT5"	0.0662278897573015	0.00196374622356495	0.000572464459498139	0.000363328085260991	0.00508559558770862	0.000333022512321833	0.00209436984107429	0.000598623166716552	0.0110403948564749	0.00070997515086972	0.00364963503649635	0.00943396226415094	0.155618652397073	0.573746312684366	4.04830287206266	0	0.334017444843509	2.41752453914293	0.179591836734694	1.83995584988962	0.889363461008542	55.5626867323227	1.48900062853551
"LY6D"	0.0575894693541752	0.000830815709969789	0.00047705371624845	0.000121109361753664	0.00315163670224196	0	0.000862387581618825	0	0.00441615794258995	0	0.00182481751824818	0	0.075024571366168	0.00442477876106195	1.89164490861619	0	0.144689584402258	2.91333492937515	0.073469387755102	1.87969094922737	1.26439790575916	46.3942680092951	0.579824010056568
"FABP5"	6.66330728095434	0.106948640483384	0.053239194733327	0.114327237495458	0.218465725950863	0.119355268416145	0.0365898731058273	0.173900029931158	0.0886478763475776	0.110401135960241	0.0967153284671533	0.924528301886792	0.417494812711587	0.824483775811209	7.41514360313316	0.0757575757575758	4.22986146741919	7.95187933923869	0.151020408163265	3.80629139072848	7.44323505097823	84.0449264136328	1.57228158390949
"KRT6A"	0.300699300699301	0.000755287009063444	0.000572464459498139	0.000121109361753664	0.00458419883962467	6.66045024643666e-05	0.0018479733891832	0	0.00824782439277828	0.00035498757543486	0.00273722627737226	0.0377358490566038	0.174292890684722	0.0147492625368732	0.93733681462141	0	0.424833247819395	2.56356236533397	0.13469387755102	2.25055187637969	12.3689721686415	71.2321566891668	1.24732872407291
"S100A2"	0.49917729329494	0.00317220543806647	0.00333937601373915	0.00145331234104396	0.0078790917556049	0.00412947915279073	0.00147837871134656	0.00269380425022448	0.0118197168463437	0.00070997515086972	0.00364963503649635	0.00943396226415094	0.27836627716501	0.0162241887905605	3.22715404699739	0	0.527449974345818	2.31146756045008	0.187755102040816	2.00248344370861	6.72788647010196	51.5492973331858	1.53771213073539
"SFN"	0.227478403948992	0.00120845921450151	0.00181280412174411	0.0013322029792903	0.0046558269464938	0.000865858532036766	0.0016015769372921	0.00359173900029931	0.00805299389531108	0	0.00273722627737226	0.0566037735849057	0.130173637654254	0.0132743362831858	1.72454308093995	0	0.299640841457158	2.52453914292554	0.138775510204082	1.73371964679912	6.29402039129237	46.6280845413301	1.09396605908234
"KRT16"	0.655080213903743	0.00158610271903323	0.00104951817574659	0.000484437447014654	0.00522885180144689	6.66045024643666e-05	0.0018479733891832	0	0.00558514092739317	0	0.00547445255474453	0.0660377358490566	0.30610461941684	0.0103244837758112	0.567885117493473	0.00757575757575758	0.78450487429451	2.65573378022504	0.261224489795918	2.4848233995585	15.972719757509	72.1259267456014	1.29446888749214
"S100A7"	5.23220896750308	0.00521148036253776	0.00181280412174411	0.00108998425578297	0.0242103001217678	0.000333022512321833	0.00652950597511396	0	0.0331211845694246	0.00141995030173944	0.0182481751824818	0.169811320754717	1.59779403734848	0.0471976401179941	5.84725848563969	0.0151515151515152	3.55053873781426	16.6650706248504	0.76734693877551	8.01434878587196	155.833011848994	281.288148721921	6.01854179761157
"DMKN"	1.02509255450432	0.0270392749244713	0.00582005533823108	0.00472326510839288	0.00358140534345677	0.0183162381777008	0.00295675742269311	0.0011972463334331	0.00623457591895051	0.00248491302804402	0.00273722627737226	0.0188679245283019	0.280441192530305	0.00147492625368732	1.47519582245431	0.0151515151515152	0.596203181118522	4.49581039023222	0.0816326530612245	1.61423841059603	17.934279415817	54.7021135332522	1.21338780641106
"DSP"	0.107568901686549	0.00128398791540786	0.00028623222974907	0.0584958217270195	0.00265023995415801	0.0001998135073931	0.000615991129727732	0.000299311583358276	0.00467593193921288	0	0	0.0188679245283019	0.0541662116413673	0.00294985250737463	1.34986945169713	0.00757575757575758	0.120061570035916	2.02465884606177	0.0244897959183673	0.913907284768212	1.81992284375861	22.7604293460219	0.665619107479573
"SERPINB4"	0.191279308926368	0.000528700906344411	0.000667875202747829	0.000242218723507327	0.00236372752668147	0	0.00123198225945546	0	0.00487076243668009	0	0.000912408759124088	0.0283018867924528	0.0867096210549307	0.00442477876106195	1.07832898172324	0	0.158542842483325	1.34737850131673	0.102040816326531	1.18543046357616	10.2576467346376	32.3808786101582	0.358265241986172
"KRTDAP"	2.90929658576717	0.00219033232628399	0.00114492891899628	0.000605546808768318	0.0090967695723802	0.000266418009857466	0.00209436984107429	0	0.0116248863488765	0.00070997515086972	0.00638686131386861	0.0849056603773585	0.714098503876816	0.0147492625368732	0.89556135770235	0	1.74551051821447	9.82906392147474	0.191836734693878	3.50469094922737	85.9603196472858	130.555936704659	2.84098051539912
"CALML5"	0.74454956807898	0.000906344410876133	0.00038164297299876	0.000484437447014654	0.00257861184728888	0.0001998135073931	0.000492792903782186	0	0.00370177945187687	0	0.00182481751824818	0.00943396226415094	0.231844490553675	0.00737463126843658	0.120104438642298	0.00757575757575758	0.506413545407902	2.54847977016998	0.0857142857142857	0.812913907284768	11.5056489391017	35.8960938364501	0.623507228158391
"LGALS7B"	0.0226244343891403	0.000302114803625378	0.00019082148649938	0.000121109361753664	0.000931165389298761	0	0.000246396451891093	0	0.00194830497467204	0	0.000912408759124088	0	0.0435732226711805	0.00147492625368732	0.801566579634465	0	0.0933812211390457	1.66531003112282	0.102040816326531	0.629690949227373	2.52714246348856	26.2833905056988	0.316467630421119
"S100A14"	0.12813656931304	0.000302114803625378	0.00047705371624845	0.000121109361753664	0.00193395888546666	0	0.000369594677836639	0	0.00227302247045071	0.00070997515086972	0.00273722627737226	0.0188679245283019	0.0526373266353609	0.00147492625368732	0.85378590078329	0	0.102103642893792	1.30620062245631	0.0448979591836735	0.689569536423841	1.89597685312758	20.0453690383977	0.344751728472659
"PERP"	0.922665569724393	0.0254531722054381	0.0749928441942563	0.0139275766016713	0.00451257073275553	0.0619421872918609	0.00714549710484169	0.000897934750074828	0.0111702818547863	0.00461483848065318	0.0410583941605839	0.30188679245283	0.314076662662444	0.0162241887905605	1.76109660574413	0.0227272727272727	0.464340687532068	2.99832415609289	0.0816326530612245	1.45253863134658	21.589831909617	34.0790085205267	1.12759270898806
"DSG1"	0.0117235705471	0.000226586102719033	0.00028623222974907	0	0.000644652961822219	0.0001998135073931	0.000123198225945546	0.000299311583358276	0.00136381348227042	0	0	0.0283018867924528	0.0107021950420443	0.00147492625368732	0.372062663185379	0	0.0261672652642381	0.722049317692124	0.0163265306122449	0.342991169977925	0.616561036098099	9.50802257386301	0.154934003771213
"S100A16"	0.0756890168654875	0.000377643504531722	0	0.000242218723507327	0.00128930592364444	0	0.000123198225945546	0	0.0016885309780491	0	0.00182481751824818	0.0188679245283019	0.0489243201922027	0.00294985250737463	0.70757180156658	0	0.0903027193432529	3.2008618625808	0.0285714285714286	1.67687637969095	1.16974373105539	13.8519420161558	0.346951602765556
"IFI27"	0.854380913204443	0.0153323262839879	0.016601469325446	0.00508659319365387	0.0113172408853234	0.00892500333022512	0.00357274855242085	0.0254414845854535	0.00870242888686842	0.00035498757543486	0.00547445255474453	0.0471698113207547	0.231407666266244	0.0103244837758112	1.44516971279373	0.0833333333333333	0.744484350949205	21.4438592291118	0.0775510204081633	3.16583885209713	13.7682557178286	31.5147726015271	8.38214959145192
"SPINK5"	0.0524475524475524	0.000226586102719033	0.00019082148649938	0	0.000429768641214813	0	0.000123198225945546	0	0.00110403948564749	0.00035498757543486	0.00182481751824818	0	0.0176913836409304	0.00294985250737463	0.211488250652742	0	0.0415597742432016	0.758678477376107	0.00816326530612245	0.27317880794702	2.09148525764673	10.8312493083988	0.147391577624136
"FXYD3"	0.0841217605923488	0.000226586102719033	0.00019082148649938	0.000121109361753664	0.00107442160303703	0	0.000492792903782186	0	0.00181841797636057	0	0	0.0188679245283019	0.0485967019766299	0.00294985250737463	0.537859007832898	0	0.099025141097999	0.607852525736174	0.0285714285714286	0.364790286975717	0.682006062276109	9.35542768617904	0.763670647391578
"SERPINB3"	0.350678733031674	0.000302114803625378	9.54107432496899e-05	0.000242218723507327	0.00164744645799012	0	0.000123198225945546	0	0.00266268346538511	0.00035498757543486	0.00273722627737226	0.00943396226415094	0.101343234683848	0.00294985250737463	0.455613577023499	0	0.170856849666496	0.659085468039263	0.036734693877551	0.558222958057395	14.0666850372003	15.7967245767401	0.296983029541169
"DSC3"	0.0228301110654052	0.000151057401812689	0	0	0.000644652961822219	0.000133209004928733	0.000123198225945546	0	0.00110403948564749	0	0.000912408759124088	0	0.0163809107786393	0.00294985250737463	0.678851174934726	0	0.025654181631606	0.467560450083792	0.00408163265306122	0.314845474613687	0.608845411959217	7.01582383534359	0.19076052796983
"KRT6B"	0.424516659810777	0.000604229607250755	0.00019082148649938	0	0.00265023995415801	0	0.000246396451891093	0	0.00305234446031952	0	0.000912408759124088	0.0283018867924528	0.158785628480944	0.00147492625368732	0.210182767624021	0	0.364289379168804	0.6997845343548	0.0653061224489796	0.944260485651214	14.2948470653072	22.2633617350891	0.835323695788812
"LGALS7"	0.0160427807486631	0.000151057401812689	0	0	0.000286512427476542	0	0.000246396451891093	0	0.00071437849071308	0	0	0	0.0212951840122311	0.00147492625368732	0.25065274151436	0	0.0441251924063622	0.461335887000239	0.036734693877551	0.237030905077263	1.56048498208873	10.5425473055217	0.148962916404777
"CALML3"	0.044220485396956	0.000302114803625378	9.54107432496899e-05	0	0.000573024854953084	6.66045024643666e-05	0.000123198225945546	0.000299311583358276	0.000909208988180283	0	0	0.0188679245283019	0.0370208583597248	0.00147492625368732	0.140992167101828	0	0.0507952796305798	0.592769930572181	0.0122448979591837	0.302980132450331	0.616698815100579	8.26535354653093	0.111879321181647
"TMEM45A"	0.0937885643767997	0.000755287009063444	0.000572464459498139	0.000605546808768318	0.00214884320607406	0.000532836019714933	0.000123198225945546	0.00149655791679138	0.0016885309780491	0.00035498757543486	0	0.0377358490566038	0.0198755050780823	0.00147492625368732	0.193211488250653	0	0.0713186249358645	0.587024180033517	0.036734693877551	1.13134657836645	1.02714246348856	8.95783999114751	0.385606536769327
"S100A8"	13.4561908679556	11.8882930513595	0.349012498807366	6.83819789269711	47.4606403552754	9.67616890901825	0.316496242454109	8.05806644717151	56.0726717755553	0.339368122115726	0.302919708029197	6.40566037735849	3.55072622037785	5.20648967551622	12.9451697127937	0.318181818181818	13.5218060543869	20.0210677519751	1.75918367346939	12.8584437086093	187.333425186002	383.929180037623	8.31269641734758
"GJB2"	0.130399012751954	0.000302114803625378	0.00019082148649938	0	0.00171907456485925	6.66045024643666e-05	0.000123198225945546	0	0.00162358747889336	0.00035498757543486	0	0.00943396226415094	0.0261002511739653	0.00147492625368732	0.254569190600522	0	0.130323242688558	0.332295906152741	0.0408163265306122	0.299944812362031	1.1296500413337	9.11154144074361	0.115650534255185
"HSPB1"	3.29226655697244	0.256268882175227	0.531533250644023	0.291752452464575	0.178568870424755	0.289396563207673	0.548971294813355	0.553127806046094	0.0807897129497337	0.788782392616258	0.393248175182482	0.349056603773585	0.521895817407448	0.539823008849557	1.70104438642298	0.416666666666667	3.05028219599795	12.0512329423031	0.624489795918367	6.11754966887417	7.81923394874621	23.0665043709196	13.8378378378378
"AQP3"	0.119498148909914	0.0836102719033233	0.719492414845912	0.0563158532154536	0.00508559558770862	0.164180098574664	0.277565603055316	0.014067644417839	0.0177945187686713	0.235711750088747	0.471715328467153	1.42452830188679	0.28426340504532	0.084070796460177	0.860313315926893	0.371212121212121	0.0979989738327347	0.73785013167345	0.0244897959183673	0.479580573951435	0.748277762469	11.2044926413633	0.262099308610936
"NME2"	0.787330316742081	0.0311178247734139	0.0393092262188722	0.0393605425699407	0.0659694864264738	0.0299054216065006	0.0278427990636935	0.0718347800059862	0.0359137550331212	0.0362087326943557	0.0392335766423358	0.650943396226415	0.257726329583925	0.266961651917404	2.36161879895561	0.0303030303030303	1.46074910210364	3.82858510892985	0.636734693877551	6.05794701986755	0.18545053733811	11.4730552174394	2.03425518541798
"SNHG29"	0.0705470999588647	0.00143504531722054	0.00324396527048946	0.000605546808768318	0.00952653821359501	6.66045024643666e-05	0.00517432548971295	0	0.0149370048058189	0	0.0072992700729927	0.0660377358490566	0.171344326744567	0.157817109144543	1.51174934725849	0	0.570548999486916	3.06463969355997	0.497959183673469	3.33940397350993	0.150454670708184	8.71362177713843	0.979886863607794
"FGFBP1"	0.00637597696421226	7.55287009063444e-05	0	0	0.000501396748083948	6.66045024643666e-05	0.000123198225945546	0	0.000779321989868814	0	0.000912408759124088	0.00943396226415094	0.0110298132576171	0	0.325065274151436	0	0.0179579271421242	0.400526693799378	0.0163265306122449	0.353752759381898	0.167125930008267	7.79550735863672	0.117850408548083
"EEF1G"	0.32496914849856	0.0554380664652568	0.112489266291384	0.110815066004602	0.0754960246400688	0.0636739043559345	0.13194529998768	0.0688416641724035	0.0674113521236524	0.156194533191338	0.0812043795620438	0.528301886792453	0.416402751993011	0.368731563421829	1.91906005221932	0.136363636363636	1.54130323242689	3.90734977256404	0.428571428571429	4.53283664459161	0.196197299531551	11.0338607945115	1.55971087366436
"CRABP2"	0.0242698477992596	0.00241691842900302	0.00114492891899628	0.00169553106455129	0.00358140534345677	0.00246436659118156	0.000739189355673278	0.00209518108350793	0.00220807897129497	0.00106496272630458	0.00182481751824818	0	0.0191110625750792	0	0.268929503916449	0.00757575757575758	0.0441251924063622	0.429016040220254	0.00816326530612245	1.19094922737307	0.494351060898319	7.28803806572978	0.146448774355751
"JUP"	0.227272727272727	0.0350453172205438	0.00152657189199504	0.0995518953615114	0.153499033020557	0.0197815372319169	0.000862387581618825	0.240945824603412	0.0452006754123912	0.00141995030173944	0.00364963503649635	0.0471698113207547	0.0416075133777438	0.0678466076696165	0.366840731070496	0.00757575757575758	0.139558748075936	0.863059612161839	0.0938775510204082	0.36644591611479	3.16616147699091	7.85481907712736	0.370835952231301
"EMP2"	0.422459893048128	0.000377643504531722	0.00028623222974907	0.000121109361753664	0.00229209941981233	0.000133209004928733	0.000492792903782186	0	0.00129886998311469	0.00070997515086972	0.00182481751824818	0.00943396226415094	0.0339630883477121	0	0.422976501305483	0	0.126731657260133	2.12018194876706	0.00816326530612245	1.2560706401766	0.386883438963902	6.42768617904172	1.20301697045883
"S100A9"	20.6923076923077	23.2916918429003	0.696212193492987	12.9809858302047	97.5033307069694	18.0452244571733	0.65726253541949	19.740197545645	104.072412001559	0.660986865459709	0.643248175182482	11.5660377358491	4.13639838375014	9.93657817109145	20.5195822454308	0.909090909090909	18.4304771677783	26.6669858750299	1.19591836734694	15.9194260485651	169.597823091761	472.859466637158	8.25644248900063
"LYPD3"	0.234265734265734	0.00709969788519637	0.0241389180421715	0.00448104638488555	0.0116037533127999	0.00985746636472625	0.0259948256745103	0.00419036216701586	0.00610468892063904	0.0372736954206603	0.0136861313868613	0.00943396226415094	0.0554766845036584	0.00737463126843658	0.121409921671018	0.0227272727272727	0.216521292970754	0.451280823557577	0.0244897959183673	0.341059602649007	2.77707357398732	7.53789974549076	0.228786926461345
"DBI"	10.2496914849856	1.46291540785498	0.81843335559584	1.09785636429696	1.5289019411217	1.15339016917544	0.500307995564864	1.77132595031428	0.818093258864788	0.618743343982961	0.795620437956204	2.22641509433962	0.816861417494813	2.6047197640118	5.08093994778068	0.803030303030303	3.01385325808107	3.79387119942542	1.95918367346939	4.32312362030905	1.50854229815376	21.6312935708753	3.82055311125079
"MIR205HG"	0.00267379679144385	7.55287009063444e-05	0.00047705371624845	0	0.00078790917556049	6.66045024643666e-05	0.000615991129727732	0	0.000779321989868814	0	0	0.00943396226415094	0.00840886753303484	0.00294985250737463	0.516971279373368	0	0.0112878399179066	0.394302130715825	0.0163265306122449	0.28173289183223	0.0606227610912097	4.39393604072148	0.0458830923947203
"TRIM29"	0.0193336075689017	7.55287009063444e-05	0	0.000242218723507327	0.000358140534345677	0	0.000123198225945546	0	0.000779321989868814	0	0.000912408759124088	0	0.0176913836409304	0.00147492625368732	0.202349869451697	0	0.0328373524884556	0.25664352406033	0.0122448979591837	0.181291390728477	0.303527142463489	4.49850614141861	0.151162790697674
"RACK1"	16.2044426162073	0.00808157099697885	0.0126896288522088	0.00787210851398813	0.0643936680753528	0.000732649527108032	0.0227916717999261	0.000299311583358276	0.157487985452656	0.00070997515086972	0.0437956204379562	0.424528301886792	6.06279349131812	0.535398230088496	4.71018276762402	0	5.80656747049769	14.8139813263107	2.08163265306122	12.7687637969095	3.75461559658308	24.3231160783446	13.904462602137
"KRT17"	2.72254216371863	0.00219033232628399	0.000667875202747829	0.000242218723507327	0.00386791777093331	0	0.00123198225945546	0	0.00506559293414729	0.00035498757543486	0.0072992700729927	0.0283018867924528	0.641913290378945	0.00442477876106195	0.33289817232376	0	1.40687532067727	0.993775436916447	0.0857142857142857	0.65976821192053	52.169054836043	26.4481575744163	2.15744814582024
"CXCL14"	0.159810777457836	0.00158610271903323	0.00019082148649938	0.000363328085260991	0.00207721509920493	6.66045024643666e-05	0.000369594677836639	0	0.00487076243668009	0	0.000912408759124088	0	0.0805940810309053	0.00737463126843658	1.10574412532637	0	0.142637249871729	0.709839597797462	0.0326530612244898	35.0615342163355	0.237531000275558	8.87639703441408	0.704588309239472
"DAPL1"	0.0861785273549979	0.0197885196374622	0.0105905925007156	0.0121109361753664	0.0341666069765776	0.0140535500199814	0.00652950597511396	0.0338222089194852	0.0182491232627614	0.0113596024139155	0.0109489051094891	0.0566037735849057	0.0232608933056678	0.0545722713864307	0.295039164490862	0.0227272727272727	0.0543868650590046	0.322719655254968	0.0775510204081633	0.168046357615894	0.216175254891155	3.74383091733982	0.13607793840352
"IL7R"	3.67071164129988	1.69214501510574	9.57990649747162	0.825602519074724	0.0626745935104935	3.69741574530438	5.04422816311445	0.0445974259203831	0.325107156773607	5.00887468938587	2.1286496350365	0.443396226415094	2.67238178442721	0.463126843657817	1.30939947780679	8.34848484848485	1.85684966649564	0.084271007900407	0.179591836734694	0.0932671081677704	0.433590520804629	0.0655084651986279	0.0839094908862351
"LDHB"	2.1324557795146	1.05007552870091	3.87529815857266	1.02397965362723	0.602965403624382	1.41654455841215	3.51940372058642	0.390900927865908	0.41687232108066	4.03336883209088	3.0036496350365	2.33962264150943	1.29518401223108	2.75958702064897	5.30809399477807	4.14393939393939	0.504361210877373	1.13598276274838	0.461224489795918	1.79056291390728	0.268806833838523	0.837003430341928	3.28441231929604
"TRAC"	1.07712875359934	0.936480362537764	3.6165442228795	0.486980743611481	0.032232648091111	2.21400026641801	2.55217444868794	0.0356180784196348	0.16443693986232	2.88604898828541	3.87043795620438	0.575471698113208	2.20814677296058	0.256637168141593	4.15143603133159	3.71212121212121	0.265777321703438	0.0304045966004309	0.00816326530612245	0.108995584988962	0.37641223477542	0.0484674117516875	0.0559396605908234
"IL32"	6.99197860962567	3.71246223564955	8.24167541265146	1.03996608937871	0.0776448678461428	6.92999866790995	2.93384255266724	0.0658485483388207	0.346018963501753	4.06354277600284	9.9507299270073	0.990566037735849	6.36376542535765	0.668141592920354	14.7702349869452	7.9469696969697	0.886608517188302	1.92745989944937	0.0530612244897959	0.991721854304636	0.955497382198953	0.113422595994246	0.635449402891263
"CD3E"	0.529823118058412	1.23466767371601	3.0781413987215	0.463122199346009	0.0383926652818566	2.6342080724657	2.6889244794875	0.0425022448368752	0.147811404078452	3.34078807241747	2.57664233576642	0.509433962264151	1.16653925958283	0.374631268436578	2.7023498694517	3.06818181818182	0.120574653668548	0.0193919080679914	0.0122448979591837	0.0195916114790287	0.169054836042987	0.0151598981963041	0.021370207416719
"TRBC2"	1.04771698889346	1.55430513595166	3.78217727316096	1.10221630132009	0.0540075925793281	2.72046090315705	3.11260317851423	0.054175396587848	0.17859462267827	3.43166489172879	4.34306569343066	1.26415094339623	2.17877033963088	0.424778761061947	3.73759791122715	3.28787878787879	0.297075423293997	0.0280105338759876	0.0122448979591837	0.0460816777041943	0.455221824193993	0.0334181697465973	0.0609679446888749
"NOSIP"	0.729535170711641	0.564728096676737	1.92815571033298	0.402204190383917	0.310078074636487	0.680831224190755	1.95959098188986	0.358275965279856	0.233536822964021	2.40610578629748	0.583029197080292	0.839622641509434	0.397946925849077	0.430678466076696	1.36031331592689	1.78030303030303	0.299640841457158	0.713430691884127	0.118367346938776	0.384657836644592	0.81041609258749	0.674670797831139	0.571024512884978
"CD3G"	0.394076511723571	0.975906344410876	2.55032916706421	0.369746881433935	0.017477258076069	2.54509124816838	2.16631760502649	0.0167614486680635	0.11936615144824	2.49520766773163	2.46350364963504	0.30188679245283	1.00611554002403	0.231563421828909	3.12793733681462	2.49242424242424	0.100564391995895	0.017716064160881	0.00816326530612245	0.0248344370860927	0.0989253237806558	0.0175943344030098	0.0204274041483344
"MAL"	0.108391608391608	0.139274924471299	0.951054288712909	0.0947075208913649	0.00630327340448392	0.153789796190222	1.01737094985832	0.00987728225082311	0.0273412131445642	0.856585019524317	0.825729927007299	0.0849056603773585	0.204761384732991	0.0634218289085546	0.135770234986945	0.636363636363636	0.0251410979989738	0.00383050035910941	0	0.0033112582781457	0.0327914025902452	0.0071926524289034	0.231615336266499
"CD3D"	0.887700534759358	1.32364048338369	3.55777120503769	0.54281215937992	0.0491368813122269	3.4295324363927	2.8907231735863	0.0466926070038911	0.207039875308482	3.6517571884984	3.5757299270073	0.481132075471698	2.08026646281533	0.359882005899705	4.88381201044386	3.79545454545455	0.282195997947665	0.051711754847977	0.00816326530612245	0.0571192052980132	0.334251860016533	0.0471395374571207	0.059710873664362
"TCF7"	0.306046894282188	0.453700906344411	1.44022516935407	0.280610391183238	0.0378196404269035	0.66564539762888	1.7800911666872	0.0457946722538162	0.0804000519547993	1.88959886403976	0.785583941605839	0.377358490566038	0.409413563394125	0.171091445427729	0.714099216710183	1.39393939393939	0.07747562852745	0.168542015800814	0.036734693877551	0.123344370860927	0.106365389914577	0.378333517760319	0.180075424261471
"RCAN3"	0.490950226244344	0.271525679758308	1.20980822440607	0.345282790359695	0.131938972852948	0.381443985613427	1.20919058765554	0.0709368452559114	0.109429796077413	1.36031238906638	1.11222627737226	0.283018867924528	0.302719231189254	0.314159292035398	0.475195822454308	0.893939393939394	0.115443817342227	0.122097198946612	0.0122448979591837	0.0927152317880795	0.0704050702672913	0.323005422153369	0.234443746071653
"TRBC1"	0.655080213903743	1.55347432024169	2.62637152943421	0.395058738040451	0.0337368383353628	1.83268948980951	2.36885548848097	0.0302304699191859	0.141057280166255	2.08519701810437	3.10675182481752	0.443396226415094	1.41356339412471	0.200589970501475	2.68146214099217	2.99242424242424	0.204207285787583	0.0241800335168781	0.0285714285714286	0.0339403973509934	0.278038027004684	0.0299878278189665	0.0329981143934632
"RPS29"	51.7338543809132	19.4157854984894	43.0446522278409	34.9094101974083	14.9717068977867	26.6202211269482	41.4895897499076	21.4474708171206	9.645538381608	46.6897408590699	30.1304744525547	35.6792452830189	17.4853117833352	30.5796460176991	30.3720626631854	39.530303030303	14.6316059517701	19.6899688771846	3.78775510204082	16.1244481236203	18.700330669606	32.5528383313046	18.0895663104965
"ITGB1"	1.52015631427396	1.32522658610272	2.69077378112776	0.905898025917403	0.97020270754244	1.68689223391501	0.266970555623999	2.04639329542053	0.582283413430316	0.187788427405041	2.05930656934307	3.22641509433962	0.860325434094136	0.784660766961652	3.2467362924282	2.18939393939394	1.12365315546434	3.72061288005746	0.428571428571429	3.45557395143488	0.407963626343345	0.961823614031205	5.12225015713388
"CD2"	0.903948992184286	1.10959214501511	2.11029481919664	0.272617173307497	0.0400401117398467	1.81190888504063	1.10915362818775	0.0209518108350793	0.128458241330043	1.1466098686546	1.73083941605839	0.188679245283019	1.82035601179426	0.268436578171091	2.41644908616188	2.50757575757576	0.2396100564392	0.0323198467799856	0.0530612244897959	0.0344922737306843	0.233673188206117	0.0328648887905278	0.0367693274670019
"ETS1"	0.440148087206911	1.51472809667674	2.40635435550043	1.29356909289088	0.0320177637705035	1.74996669774877	2.08328200073919	0.0832086201736007	0.150019483049747	2.08413205537806	2.51277372262774	0.660377358490566	0.679043354810527	0.861356932153392	2.55352480417755	2.27272727272727	0.139045664443304	3.3974144122576	0.0408163265306122	0.670805739514349	0.531000275558005	0.11353325218546	1.36675047140163
"ZFP36L2"	2.67338543809132	3.42794561933535	5.98635626371529	2.74688143393484	4.07520951221259	4.57146663114427	2.94702476284341	3.39359473211613	2.20171450837771	3.35427760028399	2.59124087591241	2.08490566037736	2.52517199956318	4.06489675516224	3.29373368146214	5.56060606060606	1.70395074397127	5.15537467081638	0.910204081632653	5.86699779249448	0.573022871314412	3.08819298439748	1.5289126335638
"RPS12"	77.6122994652406	30.675	71.4087396240817	53.0217996851157	27.4173053506196	41.9262688157719	73.1532585930763	36.7997605507333	17.2417846473568	90.631877884274	46.9206204379562	57.1698113207547	22.0292672272578	65.2315634218289	52.5365535248042	64.5757575757576	20.9071318624936	46.6447210916926	7.2	45.0927152317881	34.923945990631	98.4694035631294	44.6307353865493
"RPL30"	48.0917317976142	21.9119335347432	46.7372388130904	39.6659803802834	20.7576104863548	28.0961769015585	50.1071824565726	26.9781502544148	12.4138849201195	54.3258785942492	33.6122262773723	35.0377358490566	15.7678278912308	36.9174041297935	29.3263707571802	40.8712121212121	13.4720369420215	31.5819966483122	7.36734693877551	22.9953090507726	9.83976302011573	45.1091070045369	26.5644248900063
"LEPROTL1"	0.83792677910325	0.727719033232628	1.79410361606717	0.376771224415647	0.408495093474679	0.963833755161849	1.76259701860293	0.690811134390901	0.287439927263281	2.09229676961306	1.63959854014599	0.650943396226415	1.13912853554658	0.572271386430678	1.40861618798956	1.65909090909091	0.448435094920472	0.596839837203735	0.506122448979592	0.284492273730684	0.228299807109397	0.764634281288038	0.513827781269642
"RPS3"	40.2001234060058	18.0858761329305	36.5554813471997	26.0725445076904	12.6755963039897	24.0723324896763	35.0033263521005	15.9102065249925	8.45512404208339	40.7642882499113	25.4270072992701	33.7169811320755	14.1498307305886	29.7861356932153	33.5156657963446	33.2727272727273	9.19189327860441	25.423509695954	4.24897959183673	19.7527593818985	8.96004408928079	45.7437202611486	20.7998114393463
"RPS25"	38.3864664747018	11.7340634441088	26.8550710810037	21.3913043478261	10.5271828665568	15.422405754629	27.1387212024147	14.7782101167315	6.41972983504351	30.1466098686546	18.1423357664234	22.688679245283	10.6006333952168	21.0280235988201	18.4751958224543	24.9242424242424	8.75628527449974	17.4476897294709	3.56326530612245	14.1746688741722	8.85836318545054	25.1098815978754	17.2800125707102
"AES"	2.83196215549157	2.47953172205438	3.49937983016888	2.45173791934117	1.01575818351121	2.56440655388304	2.81002833559197	1.06105956300509	0.687946486556696	2.90805821796237	3.39872262773723	2.57547169811321	1.15944086491209	2.41150442477876	4.81723237597911	2.93181818181818	0.454079014879425	0.118745511132392	0.0612244897959184	0.161423841059603	0.410994764397906	0.203828704216001	0.632935260842238
"GSTK1"	1.78445084327437	0.982703927492447	2.11420665966988	0.804045052682572	1.1768497958599	1.14133475422939	1.06295429345817	1.99431307991619	0.658462137939992	0.922257720979766	1.68339416058394	1.47169811320755	0.883040297040515	1.13274336283186	2.08616187989556	1.73484848484848	0.794766546947152	1.12640651185061	0.171428571428571	0.771523178807947	0.280242491044365	1.15215226291911	1.13042111879321
"RPS4X"	40.6439736733854	14.29916918429	31.3258276881977	23.8655686084534	12.6483776233794	18.2308512055415	29.5218676851053	17.2289733612691	7.56565787764645	35.800851970181	21.8485401459854	39.8867924528302	13.269192967129	33.9115044247788	30.1462140992167	29.2272727272727	9.93381221139046	28.1053387598755	5.39183673469388	21.7941501103753	8.59920088178562	47.869093725794	24.3959773727216
"RPS18"	67.5304401480872	26.4490936555891	61.8489647934357	52.7552379798958	24.2975431559344	34.6838950313041	55.9147468276457	29.5812630948818	15.1732043122483	67.6137735179269	42.3914233576642	71.6415094339623	21.7031778966911	56.4115044247788	56.4086161879896	53.6969696969697	18.3406875320677	53.3358870002394	6.05714285714286	46.7135761589404	28.2849269771287	114.666482239681	42.7247014456317
"RPS27A"	73.9049773755656	24.5563444108761	47.9521038068887	39.337774009931	19.0666857674952	30.5000666045025	47.8763089811507	24.9173900029931	11.5809845434472	53.5878594249201	30.779197080292	41.0094339622642	19.0791744020968	44.26401179941	36.3942558746736	42.9015151515151	13.7342226782966	33.7522145080201	7.31020408163265	26.1581125827815	15.8109672085974	53.3878499502047	30.284412319296
"FAM107B"	1.95701357466063	1.17983383685801	2.07442037973476	1.50466271042752	0.607334718143399	1.34514453177035	1.17297030922755	1.0107752170009	0.487530848162099	1.43059992900248	1.5793795620438	1.26415094339623	0.818171890357104	0.707964601769911	2.97780678851175	2.03030303030303	1.21549512570549	0.632271965525497	0.428571428571429	0.889900662251656	0.288922568200606	0.220427132898086	1.67976115650534
"RPL14"	34.3463595228301	11.9218277945619	23.9576376299971	17.9571272859392	10.1375259651887	15.2098707872652	22.3679931008993	14.7494762047291	5.9247304844785	27.3248136315229	16.8001824817518	23.0377358490566	8.63830949000764	19.358407079646	21.2806788511749	21.5757575757576	7.16213442791175	16.167584390711	3.81632653061224	15.9373620309051	7.57688068338385	31.5199734425141	17.3387806411062
"RPL10"	123.993006993007	36.5424471299094	72.469611678275	59.7163618747729	34.9710622448249	44.099973358199	66.0914130836516	51.5540257407962	20.2015196778802	76.155129570465	50.1751824817518	87.2547169811321	27.7753631101889	67.4365781710914	52.1566579634465	61.3333333333333	26.1077475628527	58.9686377783098	14.330612244898	45.5866445916115	21.296775971342	71.5475268341264	56.11282212445
"RPL13"	80.734471410942	32.9958459214502	72.0240435072989	62.5711517500303	35.4272616574744	41.8649926735047	71.2206480226685	38.0790182580066	21.9490842966619	84.7571884984026	51.8239051094891	64.3396226415094	27.6401659932292	63.1637168141593	51.9791122715405	64.5757575757576	22.7244740892766	49.9643284654058	6.57551020408163	49.0049668874172	20.461835216313	87.17229168972	46.7642991829038
"RPS15A"	54.0974907445496	21.2070241691843	42.4186623413796	33.6100278551532	18.2796361292171	28.1160916477954	42.1527658001725	23.1346902125112	11.2580205221457	48.0798722044728	30.0182481751825	56.6415094339623	20.4308179534782	36.1489675516224	36.1631853785901	38.3712121212121	13.4802462801437	28.240842710079	4.55102040816327	20.3758278145695	13.7810691650592	42.275755228505	22.6499057196732
"FXYD5"	2.71308103661045	1.74788519637462	3.36399198549757	1.93532760082354	2.5465224554115	1.71400026641801	2.07958605396082	3.0035917390003	1.48201065073386	2.00887468938587	2.23357664233577	2.68867924528302	1.80648684066834	2.02064896755162	2.34464751958225	2.79545454545455	1.25500256541816	2.63203255925305	0.685714285714286	0.891004415011038	0.538164783686966	0.339382538453026	0.807982401005657
"GIMAP7"	0.517688194158782	1.20468277945619	2.07747352351875	0.338016228654475	0.488145548313158	1.22285866524577	2.09239866945916	0.77252319664771	0.388816729445383	1.91622293219737	1.46532846715328	0.30188679245283	1.1833569946489	0.250737463126844	1.63446475195822	2.81060606060606	0.252950230887635	2.39717500598516	0.0244897959183673	0.0251103752759382	0.192615045467071	0.0291025782892553	0.0543683218101823
"RPL5"	27.2974084738791	9.78648036253776	20.8835988932354	17.1836017924186	9.57674951651028	12.0984414546423	21.5503264752988	11.7551631248129	5.66774905831926	24.9336173233937	15.3412408759124	24.3584905660377	6.80048050671617	21.7994100294985	18.0665796344648	18.4621212121212	6.16059517701385	18.5219056739287	4.23265306122449	14.9533664459161	3.9855332047396	29.1258160894102	18.1970458830924
"RPL3"	39.2289181406828	15.8743202416918	32.301497948669	25.3578781639821	11.4418737912757	20.2201944851472	30.5785388690403	13.9727626459144	7.40148071178075	35.6691515796947	22.4242700729927	39.6792452830189	13.4752648247243	32.5722713864307	28.097911227154	28.4621212121212	9.07337095946639	25.4747426382571	2.48979591836735	21.80353200883	8.84802976026454	49.8592453247759	23.9016341923319
"RPL11"	60.2877416700946	19.5506797583082	42.1148745348726	38.0072665617052	21.3602893775518	23.8669908085787	42.3059011950228	27.9811433702484	12.5355240940382	45.8803691870785	30.7709854014599	39.8962264150943	15.8186087146445	39.4542772861357	32.8563968668407	37.9621212121212	14.8799384299641	32.1405314819248	7.27755102040816	27.3501655629139	10.7710112978782	54.0531149717827	26.399434318039
"SARAF"	3.26923076923077	1.75370090634441	3.72636198835989	1.77328327479714	1.74206718716424	2.07446383375516	3.74695084390785	2.72313678539359	1.00064943499156	4.11572594959176	3.06478102189781	2.70754716981132	2.91536529431036	2.67994100294985	2.83028720626632	3.46212121212121	1.81015905592612	1.61383768254728	0.918367346938776	1.02649006622517	0.6234499862221	1.28781675334735	1.97957259585167
"TRADD"	2.03619909502262	0.246978851963746	0.836084343097033	0.242097614145573	0.188310292958957	0.301118955641401	0.240606135271652	0.333133792277761	0.115599428497207	0.170394036208733	0.302919708029197	1.23584905660377	0.302063994758109	0.342182890855457	0.527415143603133	0.795454545454545	0.247306310928681	0.246349054345224	0.0448979591836735	0.236479028697572	0.155690272802425	0.427796835232931	0.384349465744815
"JUNB"	10.4514603044015	6.26880664652568	10.928918996279	7.22550563158532	10.9411216961536	7.4323298254962	4.72723912775656	14.7725231966477	5.72496428107546	5.72985445509407	7.625	3.99056603773585	2.2832805503986	4.24041297935103	4.4934725848564	8.96212121212121	4.18111852231914	10.6504668422313	2.08571428571429	10.5827814569536	4.50509782309176	9.19320570985947	12.7828409805154
"EEF1B2"	12.4572192513369	5.45385196374622	11.7427726361988	11.0582536030035	4.37440011460497	6.6256160916478	13.2034002710361	6.38551331936546	2.62053513443304	16.3170039048633	7.7043795620438	16.5283018867925	2.73200829966146	13.783185840708	11.8942558746736	10.7954545454545	3.69266290405336	8.76059372755566	1.59183673469388	7.84850993377483	2.31909616974373	21.3667146176829	6.88969201759899
"RPL34"	66.8977786918963	24.5519637462236	51.3153325064402	43.610148964515	29.0138242246257	31.0765285733316	52.0551928052236	32.6785393594732	17.0637095726718	61.8104366347178	35.8476277372263	45.5471698113208	23.2192857922901	45.0044247787611	30.4712793733681	44.9166666666667	16.3001539250898	39.4033995690687	8.43265306122449	28.549944812362	15.006888950124	47.3989155693261	30.6873035826524
"TXN"	114.736116824352	0.690861027190332	0.891613395668352	0.474990916797868	1.3850010744216	0.755161848940988	0.277935197733153	0.801257108650105	0.724834394077153	0.233936812211573	0.702554744525547	4.02830188679245	1.69815441738561	6.56489675516224	5.98433420365535	0.681818181818182	7.94510005130836	5.9557098395978	1.69387755102041	6.87113686534216	4.83190961697437	15.8524952971119	4.8441231929604
"CCL22"	18.0555327025915	0.00536253776435045	0	0.000484437447014654	0.034381491297185	0	0.000246396451891093	0	0.00194830497467204	0	0.00273722627737226	0	0.191438243966365	0	0.0221932114882507	0	0.810672139558748	0.0943260713430692	0.0204081632653061	0.0405629139072848	0.633370074400661	0.0239017373022021	0.176932746700189
"BIRC3"	21.4839572192513	0.213897280966767	0.632573227745444	1.19559161923217	0.404985316238092	0.234248035167177	0.377972157200936	0.619574977551631	0.157552928951812	0.208022719204828	0.874087591240876	0.858490566037736	0.987987332095664	0.14306784660767	0.862924281984334	0.75	2.6757311441765	0.96911659085468	2.0734693877551	0.776490066225166	0.511297878203362	0.40533362841651	0.541483343808925
"IDO1"	12.5470999588647	0.00324773413897281	9.54107432496899e-05	0.0013322029792903	0.0183367953584987	0.0001998135073931	0.000123198225945546	0.000598623166716552	0.00201324847382777	0	0	0	0.0751337774380256	0	0.0169712793733681	0	0.339661364802463	0.033995690687096	0.0285714285714286	0.0259381898454746	0.217277486910995	0.0122828372247427	0.0637963544940289
"FSCN1"	10.8471822295352	0.00989425981873112	0.00486594790573419	0.00472326510839288	0.0422605830527899	0.00606100972425736	0.00135518048540101	0.00598623166716552	0.0176646317703598	0.00141995030173944	0.000912408759124088	0.00943396226415094	0.113574314731899	0.0530973451327434	0.156657963446475	0.00757575757575758	0.457157516675218	1.05889394302131	0.0653061224489796	0.487582781456954	1.15183246073298	1.21887794622109	0.31803896920176
"MARCKSL1"	15.0043192102016	0.286253776435045	0.28938078427631	0.548867627467603	0.41508487930664	0.223657919275343	0.316003449550326	1.36396288536366	0.131185868294584	0.222222222222222	0.164233576642336	0.216981132075472	0.294201157584362	0.578171091445428	0.462140992167102	0.325757575757576	0.889687018984094	1.57026574096241	0.0244897959183673	0.387693156732892	1.99669330394048	0.314706207812327	2.87680703959774
"RAMP1"	8.51789387083505	0.0846676737160121	0.00572464459498139	0.0053288119171612	0.00966979442733329	0.00619421872918609	0.00455833435998522	0.000299311583358276	0.00350694895440966	0	0.00273722627737226	0.00943396226415094	0.123293655127225	0.0501474926253687	0.0626631853785901	0	0.364802462801437	0.0981565717021786	0.0122448979591837	0.0640176600441501	0.367181041609259	0.092619232046033	1.68133249528598
"CCR7"	9.91546688605512	0.114123867069486	0.365327735903063	0.32166646481773	0.0192679607477974	0.137804715598774	0.95601823333744	0.00778210116731518	0.0364333030263671	1.09549165779198	0.378649635036496	0.0943396226415094	0.336245495249536	0.13716814159292	0.129242819843342	0.484848484848485	0.73114417650077	0.0260952836964328	0.00408163265306122	0.0433222958057395	0.254477817580601	0.0118402124598871	0.104965430546826
"VMO1"	6.85787741670095	0.0357250755287009	0.00162198263524473	0.0107787331960761	0.0147553900150419	0.0031970161182896	0.00123198225945546	0.736306495061359	0.00701389790881933	0.00070997515086972	0.00364963503649635	0.00943396226415094	0.0892213607076554	0.0147492625368732	0.0274151436031332	0	0.951257054899949	0.033277471869763	0.00816326530612245	0.0543598233995585	0.294709286304767	0.0561026889454465	0.0955373978629793
"CSF2RA"	6.7145207733443	0.0932779456193353	0.00257609006774163	0.0451737919341165	0.467731537855454	0.056680431597176	0.00221756806701984	0.296019155941335	0.241265099363554	0.00141995030173944	0.00456204379562044	0.0849056603773585	0.104510210767719	0.535398230088496	0.0496083550913838	0	0.696767573114418	0.0253770648790998	0.0204081632653061	0.0240066225165563	0.308762744557729	0.0277747039946885	0.0556253928346952
"ATP5F1E"	23.7891814068285	0.0113293051359517	0.00715580574372674	0.00544992127891486	0.0870997779528687	0.000666045024643666	0.0121966243686091	0	0.0948824522665281	0.00035498757543486	0.0301094890510949	0.537735849056604	4.25040952276947	0.432153392330383	3.23498694516971	0	10.8204207285788	6.21714148910701	1.77959183673469	5.89845474613687	3.8434830531827	8.93172513002103	6.98365807668133
"GPX4"	25.2632661456191	1.24833836858006	1.40788092739242	1.34722054014775	2.91239882529905	1.12648195017983	1.19859554022422	2.95989224782999	1.42278217950383	1.30670926517572	1.08576642335766	2.50943396226415	1.21917658621819	2.03982300884956	2.52872062663185	1.20454545454545	5.35556695741406	2.52094804883888	1.1265306122449	4.40093818984547	1.46596858638743	2.3670465862565	4.14833438089252
"LAMP3"	5.15816536404772	0.00294561933534743	0.00276691155424101	0.00108998425578297	0.00802234796934317	0.00233115758625283	0.00197117161512874	0.000598623166716552	0.00129886998311469	0.00496982605608804	0.00547445255474453	0.0188679245283019	0.0494703505514907	0	0.0261096605744125	0.181818181818182	0.269368907131863	0.0962413215226239	0.00816326530612245	0.0248344370860927	0.175254891154588	0.113422595994246	0.0518541797611565
"BASP1"	8.18490333196216	0.125604229607251	0.00486594790573419	0.623107666222599	0.510994914404412	0.0755295057945917	0.00455833435998522	0.337922777611494	0.385244836991817	0.00461483848065318	0.0191605839416058	0.915094339622642	0.0619198427432565	0.231563421828909	0.441253263707572	0	2.3401744484351	0.169020828345703	0.771428571428571	3.12748344370861	0.167539267015707	0.273984729445612	1.20395977372722
"FTH1"	270.156725627314	18.8472809667674	11.0822440606812	16.355940414194	63.4105723085739	13.5297056080991	6.37464580510041	109	24.9915573451098	6.27298544550941	8.17700729927007	18.5566037735849	13.2585999781588	29.76401179941	20.9425587467363	9.89393939393939	214.012827090816	19.0770888197271	34.6897959183673	78.7687637969095	22.2478644254616	11.2849396923758	58.5034569453174
"HLA-DQA2"	5.03064582476347	0.0567220543806647	0.00629710905447953	0.345767227806709	0.18229353198195	0.0483548687891301	0.00197117161512874	0.389404369949117	0.0261072866606053	0.00141995030173944	0.0291970802919708	0.235849056603774	0.0898765971388009	0.491150442477876	0.317232375979112	0.00757575757575758	1.16008209338122	0.353842470672732	0.00408163265306122	0.0480132450331126	0.0378892256820061	0.0285492973331858	0.0238843494657448
"RAB9A"	6.34553681612505	0.209365558912387	0.127659574468085	0.118929393242098	0.186519590287229	0.197415745304383	0.078477269927313	0.188566297515714	0.111702818547863	0.0837770678026269	0.115875912408759	0.235849056603774	0.161078955989953	0.23598820058997	0.241514360313316	0.0984848484848485	0.469471523858389	0.233181709360785	0.036734693877551	0.300220750551876	0.712593000826674	0.401903286488879	0.598680075424261
"CRIP1"	13.3665158371041	0.771299093655589	1.01955920236619	0.674579144967906	1.31251343027004	0.770614093512721	0.308241961315757	1.583956899132	0.57202234056371	0.212282570110046	0.749087591240876	4.69811320754717	1.69618870809217	0.892330383480826	5.37728459530026	0.492424242424242	2.60082093381221	2.14962892027771	0.885714285714286	4.67163355408389	0.280380270046845	1.18656633838663	6.31678189817725
"RPS27L"	13.6160016454134	0.822129909365559	0.883503482492129	0.708368656897178	0.928515149344603	0.773744505128547	0.615005543920168	1.66956001197246	0.530653331601507	0.654242101526447	0.969890510948905	3.38679245283019	1.17320082996615	1.05457227138643	3.1579634464752	0.810606060606061	2.33812211390457	2.41513047641848	0.795918367346939	2.71909492273731	1.09782309176082	1.96138098926635	5.49842866121936
"DUSP5"	5.17852735499794	0.0849697885196375	0.140158381833794	0.10512292600218	0.098345390731323	0.0993073131743706	0.0156461746950844	0.338222089194852	0.0363683595272113	0.00638977635782748	0.0447080291970803	0.528301886792453	0.136835208037567	1.14749262536873	0.159268929503916	0.159090909090909	0.469471523858389	0.917404836006703	0.0204081632653061	0.170529801324503	1.05208046293745	0.165541662055992	0.268070395977373
"MAP3K13"	4.94467297408474	0.0957703927492447	0.109340711764145	0.12958701707642	0.159802306425041	0.102371120287731	0.105088086731551	0.129302604010775	0.0870242888686842	0.135250266240682	0.0602189781021898	0.415094339622642	0.153871355247352	0.162241887905605	0.336814621409922	0.0909090909090909	0.510005130836326	0.908786210198707	0.0204081632653061	0.416114790286976	0.409892532378066	0.918999668031426	0.821181646763042
"CST3"	32.1375976964212	3.79388217522659	0.116305696021372	1.95325178636309	15.6184370747081	2.11329425869189	0.117900702229888	24.0900927865908	6.5956617742564	0.105786297479588	0.115875912408759	3.09433962264151	0.393141858687343	11.9896755162242	5.88642297650131	0.166666666666667	21.3596716264751	9.19128561168303	1.60408163265306	20.044701986755	0.746624414439239	7.06727896425805	11.9129478315525
"SYNGR2"	6.4765528589058	0.305135951661631	0.155042457780746	0.613903354729321	0.816488790201275	0.217130678033835	0.100776148823457	1.46782400478899	0.380049357059358	0.105786297479588	0.140510948905109	0.877358490566038	0.224309271595501	0.73598820058997	0.434725848563969	0.159090909090909	1.32939969214982	0.755805602106775	0.248979591836735	0.0979580573951435	0.37255442270598	0.894433993581941	0.308296668761785
"SEC61B"	16.6120937885644	1.18413897280967	1.20446522278409	0.941019740825966	1.64852087959315	1.09331290795258	0.492053714426512	1.68392696797366	0.976295622808157	0.587504437344693	0.811131386861314	12.6037735849057	1.02151359615595	9.36135693215339	3.37728459530026	1.09848484848485	2.40071831708569	3.14101029446971	1.44081632653061	3.91832229580574	2.04519151281345	4.28792740953856	3.50314267756128
"RAC1"	17.8214726450021	1.29312688821752	0.641064783894667	0.984498001695531	3.44466728744359	1.02857333155721	0.447086361956388	3.14097575576175	1.81114430445512	0.441604543840966	0.732664233576642	1.66981132075472	0.777110407338648	2.33038348082596	2.88120104438642	0.704545454545455	4.02052334530528	6.39142925544649	0.653061224489796	2.96412803532009	2.11408101405346	6.41518202943455	5.20553111250786
"TMSB4X"	386.372686137392	47.737915407855	49.4333555958401	37.5313067700133	62.7749444882172	47.0197815372319	32.6694591597881	106.113139778509	35.198921937914	34.8626198083067	44.0410583941606	40.6132075471698	45.450147428197	36.783185840708	113.575718015666	51.4090909090909	91.1749615187276	58.58079961695	7.89795918367347	27.1396247240618	25.1899972444199	15.0877503596326	43.8271527341295
"GPR157"	3.59461127108186	0.00868580060422961	0.0131666825684572	0.011142061281337	0.0257144903660196	0.00819235380311709	0.00973265984969816	0.00808141275067345	0.0107806208598519	0.0138445154419595	0.010036496350365	0.00943396226415094	0.0497979687670634	0.0103244837758112	0.0326370757180157	0.00757575757575758	0.526423807080554	0.131194637299497	0.00408163265306122	0.081401766004415	0.119316616147699	0.399690162664601	0.116279069767442
"SAMSN1"	7.01809954751131	0.283987915407855	0.386031867188245	0.177304105607363	0.6760260726309	0.296390035966431	0.129358137242824	1.01586351391799	0.291206650214314	0.104011359602414	0.333941605839416	0.245283018867925	0.921699246478104	0.107669616519174	0.798955613577023	0.371212121212121	2.64597229348384	0.051711754847977	1.37551020408163	0.0769867549668874	0.18972168641499	0.0268894544649773	0.0650534255185418
"CD83"	5.9607157548334	0.237839879154079	0.0357790287186337	0.701344313915466	1.14375761048635	0.157319834820834	0.0214364913145251	1.30170607602514	0.3425769580465	0.0173943911963081	0.0401459854014599	0.113207547169811	0.139128535546576	0.333333333333333	0.599216710182768	0.0303030303030303	4.28681375064135	0.50825951639933	0.661224489795918	0.164459161147903	0.492835491871039	0.141861237136218	0.24198617221873
"LGALS1"	40.4594816947758	4.01525679758308	1.65909741436886	1.88930604335715	10.0173340018623	3.22758758492074	0.14327953677467	11.5659982041305	6.11449538901156	0.187078452254171	1.38594890510949	11.1981132075472	2.16664846565469	3.33333333333333	13.8276762402089	0.825757575757576	11.737814263725	11.3437874072301	3.23673469387755	23.912527593819	1.61573436208322	0.832023901737302	32.0166561910748
"GSTP1"	28.0337309749074	2.50944108761329	0.618738669974239	1.40026644059586	6.08437790989184	1.68083122419076	0.437107305654799	6.16731517509728	3.06916482660086	0.588924387646432	0.489963503649635	5.17924528301887	0.821666484656547	3.45280235988201	5.50783289817232	0.651515151515151	3.59466393022063	4.46396935599713	0.253061224489796	5.71026490066225	3.50537338109672	23.921876729003	9.8117536140792
"TMEM176A"	4.61682435211847	0.123413897280967	0.00667875202747829	0.0695167736466029	0.58656256715135	0.0849873451445318	0.00468153258593076	0.387009877282251	0.272308091959995	0.0053248136315229	0.00456204379562044	0.207547169811321	0.0680353827672819	0.0442477876106195	0.0796344647519582	0	0.994869163673679	0.0737371319128561	0.110204081632653	1.64431567328918	0.159272526866905	0.0267787982737634	0.728158390949089
"H2AFZ"	14.4461127108186	0.987613293051359	1.04398435263811	0.717572968390457	1.27798868275911	0.893166378047156	0.675742269311322	2.5932355582161	0.774386283932978	0.737309194178204	1.04744525547445	2.67924528301887	1.37031778966911	1.4070796460177	13.3668407310705	0.681818181818182	1.92303745510518	2.24036389753412	0.436734693877551	2.00055187637969	4.13226784238082	5.42193205709859	3.54274041483344
"CXCL16"	4.07486631016043	0.129607250755287	0.0132620933117069	0.0794477413104033	0.432132368741494	0.0544158785133875	0.00837747936429715	1.14606405267884	0.135342252240551	0.0102946396876109	0.00547445255474453	0.113207547169811	0.0627934913181173	0.122418879056047	0.097911227154047	0	1.25346331452027	0.103423509695954	0.118367346938776	0.128863134657837	0.305731606503169	0.368042491977426	0.131049654305468
"ATOX1"	7.9917729329494	0.421525679758308	0.19397004102662	0.285091437568124	0.880166177207936	0.295857199946716	0.121227054330418	1.05447470817121	0.451941810624756	0.161874334398296	0.187956204379562	1.5188679245283	0.31200174729715	0.814159292035398	1.0757180156658	0.310606060606061	2.12878399179066	2.49102226478334	0.395918367346939	1.71688741721854	1.91719481950951	2.99092619232046	3.06316781898177
"PFN1"	45.3767996709173	8.53323262839879	6.1226982158191	4.90977352549352	8.19081727669938	7.32929266018383	3.47628434150548	15.2876384316073	4.67307442525003	4.24920127795527	5.95711678832117	8.73584905660377	4.08998580321066	8.13716814159292	25.9321148825065	6.0530303030303	8.71985633658286	5.96456787167824	1.28979591836735	4.32146799116998	2.89955910719206	6.37191545866991	6.82998114393463
"NUB1"	6.33977786918963	0.527492447129909	0.425627325636867	0.507569335109604	0.523100064465296	0.490941787664846	0.322902550203277	0.89583956899132	0.245681257306144	0.368477103301384	0.343978102189781	0.330188679245283	0.220050234793054	0.74188790560472	0.590078328981723	0.909090909090909	0.593637762955362	0.713670098156572	0.0857142857142857	0.495033112582781	0.200330669605952	0.407104127475932	0.587680703959774
"ID2"	15.9397367338544	2.5333081570997	0.936647266482206	0.71636187477292	4.81348040971277	2.11149593712535	0.481828261673032	3.14756061059563	2.09364852578257	0.832445864394746	0.322080291970803	0.613207547169811	1.20356011794256	0.98377581120944	2.52088772845953	0.848484848484849	2.9984607491021	1.68350490782859	0.791836734693877	1.88355408388521	7.58500964453017	1.51388735199734	2.05436832181018
"LSP1"	12.8745372274784	1.90135951661631	1.01354832554146	1.60651568366235	3.23494019053076	1.54502464366591	0.697425157077738	4.41005686920084	1.89563579685673	0.852680156194533	1.27098540145985	3.73584905660377	1.0373484765753	2.91592920353982	3.18407310704961	1.0530303030303	1.88147768086198	0.0644002872875269	0.0122448979591837	0.549668874172185	0.426839349683108	0.205377890892995	0.131678189817725
"TUBA1B"	11.3128342245989	1.08950151057402	0.865470852017937	0.942594162528763	1.27139889692715	0.930065272412415	0.577430085006776	3.61358874588447	0.588712819846733	0.514376996805112	0.81021897810219	1.57547169811321	0.502020312329366	3.02212389380531	19.0130548302872	0.696969696969697	3.66085171883017	3.08858032080441	0.640816326530612	5.65949227373068	0.724855332047396	4.17727121832467	2.70018856065368
"PLA2G16"	4.09543397778692	0.283761329305136	0.0574372674363133	0.0630979774736587	0.203423823508345	0.233648594644998	0.0150301835653567	0.0664471715055373	0.113326406026757	0.03798367057153	0.052007299270073	0.60377358490566	0.0868188271267882	1.06047197640118	0.219321148825065	0.0681818181818182	0.0790148794253463	0.0763706009097438	0.00816326530612245	0.0460816777041943	0.137503444475062	0.00796724576740069	0.16436203645506
"SPARCL1"	0.00761003702180173	0.0006797583081571	0	0	0.0012176778167753	0	0.000123198225945546	0	0.00071437849071308	0	0.00182481751824818	0	0.0147428197007754	0	0.0339425587467363	0	0.0328373524884556	21.2906392147474	0.00816326530612245	1.75745033112583	0.0151556902728024	0.182914684076574	13.0370835952231
"ACKR1"	0.0119292472233649	0.000302114803625378	0	0	0.000286512427476542	0	0.000123198225945546	0	0.000584491492401611	0	0	0	0.00753521895817407	0.00147492625368732	0.0130548302872063	0	0.0164186762442278	11.3545606894901	0.00408163265306122	0.0825055187637969	0.00675117112152108	0.0733650547748147	0.108422375864236
"AQP1"	0.00329082682023859	0.000604229607250755	0	0	0.000573024854953084	0	0	0	0.000194830497467204	0	0.000912408759124088	0	0.0068799825270285	0.00147492625368732	0.0195822454308094	0	0.0282195997947665	12.2027771127604	0.00408163265306122	1.02483443708609	0.0056489391016809	0.0748035852605953	0.609679446888749
"A2M"	0.307897984368573	0.0283232628398792	0.0170785230416945	0.00339106212910258	0.00365303345032591	0.0577461036366058	0.00542072194160404	0	0.00590985842317184	0.00496982605608804	0.00364963503649635	0.00943396226415094	0.0632303156055477	0.0103244837758112	0.0548302872062663	0.0151515151515152	0.517188301693176	13.9798898731147	0.16734693877551	0.378311258278146	0.0278313585009645	0.106561912138984	5.30106851037084
"MCTP1"	0.258946935417524	0.103549848942598	0.00686957351397767	0.0534092285333656	0.500895351335864	0.0629412548288264	0.00554392016754959	0.622867404968572	0.233666709962333	0.0053248136315229	0.00821167883211679	0.0566037735849057	0.0277383422518292	0.20353982300885	0.147519582245431	0.0303030303030303	0.979989738327347	26.6090495570984	0.383673469387755	0.105408388520971	0.012537889225682	0.0537789089299546	0.564424890006285
"IGFBP7"	0.68675442204854	0.484138972809668	0.00305314378399008	0.0456582293811312	0.200272186806103	0.0317703476755029	0.00283355919674757	0.126608799760551	0.0982595142226263	0.00319488817891374	0.00456204379562044	0.122641509433962	0.0667249099049907	0.187315634218289	0.45822454308094	0	0.263724987172909	29.0938472587982	0.0571428571428571	14.094646799117	0.163268117938826	0.509350448157574	39.2875549968573
"TM4SF1"	0.23241464417935	0.00113293051359517	0	0	0.00128930592364444	0	0	0	0.0016885309780491	0	0.00182481751824818	0	0.0542754177132249	0	0.0456919060052219	0	0.138532580810672	15.9006463969356	0.0122448979591837	0.160871964679912	4.78382474510885	0.982848290361846	1.29981143934632
"CCL14"	0.00102838338132456	0.000226586102719033	0	0	0.000573024854953084	0	0	0	0.000129886998311469	0	0	0	0.00600633395216774	0	0.0221932114882507	0	0.030271934325295	4.82547282738808	0	0.0551876379690949	0.00192890603472031	0.0333075135553834	0.0229415461973601
"PLVAP"	0.00781571369806664	0.00143504531722054	9.54107432496899e-05	0	0.00164744645799012	0.000266418009857466	0.000123198225945546	0.0113738401676145	0.000454604494090142	0	0	0.00943396226415094	0.00600633395216774	0.277286135693215	0.0130548302872063	0	0.0205233453052848	8.50179554704333	0.00408163265306122	0.0253863134657837	0.0104712041884817	0.0526723470178156	0.108736643620365
"VWF"	0.00493624023035788	0.0006797583081571	9.54107432496899e-05	0.000363328085260991	0.0046558269464938	0.000865858532036766	0	0.00239449266686621	0.00285751396285232	0.00070997515086972	0	0	0.00764442503003167	0.00294985250737463	0.0143603133159269	0	0.0220625962031811	7.46420876226957	0.0163265306122449	0.043046357615894	0.00620005511160099	0.0471395374571207	0.110307982401006
"TCF4"	0.568490333196216	0.0706948640483384	0.00467512641923481	0.916918977836987	0.194541938256572	0.0297722126015719	0.00726869533078724	0.176294522598025	0.0839719444083647	0.0113596024139155	0.00912408759124088	0.990566037735849	0.0324342033417058	8.84660766961652	0.254569190600522	0	0.655720882503848	15.6365812784295	0.00408163265306122	4.38520971302428	0.0351336456324056	0.723138209582826	3.70458830923947
"CAV1"	0.164952694364459	0.000755287009063444	0.00038164297299876	0.00205885914981228	0.000859537282429625	0.00113227654189423	0	0	0.00103909598649175	0	0.00182481751824818	0.30188679245283	0.0193294747187944	0.00294985250737463	0.18668407310705	0	0.0364289379168804	12.3935839118985	0.0163265306122449	2.41804635761589	0.101267566822816	1.28892331525949	9.94500314267756
"GNG11"	0.611065405183052	0.00445619335347432	0.00162198263524473	0.0325784183117355	0.00809397607621231	0.0025975755961103	0.0016015769372921	0.00389105058365759	0.0056500844265489	0.00141995030173944	0	0.0188679245283019	0.273779622146991	0.028023598820059	0.0783289817232376	0	0.0913288866085172	4.43691644721092	0.0163265306122449	0.812913907284768	0.0974097547533756	0.0808896757773597	1.13387806411062
"CLDN5"	0.00699300699300699	0.000830815709969789	0.00047705371624845	0	0.000716281068691355	0.000266418009857466	0.00431193790809412	0	0.000259773996622938	0.00106496272630458	0	0	0.0334170579884242	0.00147492625368732	0.00522193211488251	0	0.00769625448948179	6.32367728034474	0.00816326530612245	0.0234547461368653	0.0174979333149628	0.0338607945114529	0.0901948460087995
"ENG"	0.261209378856438	0.0539274924471299	0.0173647552714436	0.0342739493762868	0.172122340806532	0.0383641934194752	0.0170013551804854	0.182580065848548	0.0592284712300299	0.0241391551295705	0.0118613138686131	0.0377358490566038	0.0265370754613957	0.0693215339233038	0.0744125326370757	0.0227272727272727	0.968188814776809	8.03351687814221	0.00408163265306122	0.569812362030905	0.0325158445852852	0.0597543432555051	0.46291640477687
"SPARC"	0.018716577540107	0.0040785498489426	0.000667875202747829	0.00351217149085624	0.0209154072057876	0.00266418009857466	0.000739189355673278	0.00239449266686621	0.0141576828159501	0	0.00182481751824818	0.0377358490566038	0.0885661242765098	0.0324483775811209	0.077023498694517	0	0.124166239096973	15.3193679674407	0.0489795918367347	13.0052428256071	0.0391292367043263	0.405001659842868	18.7661847894406
"COL15A1"	0.00658165364047717	0.0006797583081571	0.00019082148649938	0	0.000214884320607406	0.000266418009857466	0.000246396451891093	0	0.000844265489024549	0	0	0	0.00666157038331331	0	0.00913838120104439	0	0.0200102616726526	6.90902561647115	0.00816326530612245	2.07726269315673	0.0118489942132819	0.0389509793072922	0.316467630421119
"IFITM3"	1.19415878239408	0.814425981873112	0.0597271252743059	0.277703766501151	1.58033092185374	0.226721726388704	0.0737957373413823	8.50434001795869	0.313871931419665	0.193113241036564	0.0383211678832117	0.566037735849057	0.149175494157475	0.265486725663717	1.03524804177546	0.340909090909091	3.38686505900462	20.2238448647355	0.938775510204082	18.3598233995585	0.648801322678424	6.31005864778134	17.0666247642992
"RAMP2"	0.0121349238996298	0.000302114803625378	0.00038164297299876	0	0.000358140534345677	0	0.000123198225945546	0.000598623166716552	0.000194830497467204	0	0	0	0.00414983073058862	0.00442477876106195	0.00783289817232376	0	0.00718317085684967	5.07493416327508	0.00408163265306122	0.2439293598234	0.00840451915128134	0.0374017926302977	0.109679446888749
"HSPG2"	0.0403126285479227	0.000981873111782477	0.000954107432496899	0.00230107787331961	0.00114604970990617	0.00126548554682297	0.00455833435998522	0.000598623166716552	0.00162358747889336	0.00461483848065318	0.000912408759124088	0.00943396226415094	0.00851807360489243	0.0486725663716814	0.0261096605744125	0.00757575757575758	0.0318111852231914	6.02633468996888	0.0612244897959184	1.280353200883	0.024937999448884	0.146287484784774	0.791011942174733
"COL4A1"	0.00246812011517894	0.0006797583081571	0	0	0.000716281068691355	0.0001998135073931	0	0	0.00162358747889336	0	0	0	0.00546030359287976	0	0.0300261096605744	0	0.012827090815803	7.49197988987311	0	2.64293598233996	0.0101956461835216	0.0946110434878831	9.92520427404148
"ADGRL4"	0.00143973673385438	0.000151057401812689	9.54107432496899e-05	0	0.000143256213738271	6.66045024643666e-05	0	0	0.000454604494090142	0	0	0	0.00414983073058862	0.00147492625368732	0.00391644908616188	0	0.0123140071831709	6.23318170936079	0	0.0311810154525386	0.00427114907688068	0.0276640478034746	0.104336895034569
"EPAS1"	0.0308515014397367	0.00332326283987915	0.00200362560824349	0.000968874894029308	0.00795071986247404	0.00313041161582523	0.000492792903782186	0.00209518108350793	0.00441615794258995	0.00070997515086972	0.00182481751824818	0	0.0146336136289178	0.00589970501474926	0.0391644908616188	0	0.221139045664443	6.97821402920757	0.106122448979592	1.02759381898455	0.234362083218518	0.467301095496293	4.49277184160905
"SYPL1"	0.607774578362814	0.148413897280967	0.263333651369144	0.672035848371079	0.37697872645226	0.16091647795391	0.233953431070593	0.347500748278958	0.202104169372646	0.246716364927228	0.258211678832117	0.30188679245283	1.8145680899858	0.532448377581121	2.37728459530026	0.265151515151515	4.75218060543869	25.3806559731865	2.16326530612245	11.7621412803532	0.530724717553045	10.4753789974549	21.0285983658077
"ADIRF"	0.727889757301522	0.00113293051359517	0.00248067932449194	0.000847765532275645	0.00250698374041974	0.000932463034501132	0.00246396451891093	0.000598623166716552	0.00324717495778673	0.0035498757543486	0.00182481751824818	0	0.158239598121656	0	0.0913838120104439	0	0.351462288353002	11.6734498443859	0.228571428571429	3.37886313465784	9.1303389363461	1.58658846962488	23.6367064739158
"COL4A2"	0.00473056355409297	0.000226586102719033	9.54107432496899e-05	0	0.000358140534345677	0	0	0	0.000454604494090142	0	0	0.00943396226415094	0.0068799825270285	0	0.0234986945169713	0	0.0297588506926629	7.18841273641369	0.00816326530612245	2.14514348785872	0.0114356572058418	0.0745822728781675	10.085795097423
"ADAMTS9"	0.00102838338132456	7.55287009063444e-05	0	0	0	0	0	0	0.00305234446031952	0	0	0	0.00404062465873103	0.00147492625368732	0	0	0.00769625448948179	9.04788125448887	0.00816326530612245	0.231512141280353	0.00234224304216037	0.0267787982737634	3.06222501571339
"EMCN"	0.00329082682023859	0	0	0	0.000358140534345677	0	0	0	0.000389660994934407	0	0	0	0.00447744894616141	0	0.00261096605744125	0	0.00974858902001026	5.04381134785731	0.00816326530612245	0.180739514348786	0.00358225406448057	0.0304304525838221	0.134820867379007
"ZNF385D"	0.00246812011517894	0.00120845921450151	0.000667875202747829	0.000726656170521981	0.00078790917556049	0.000666045024643666	0.000369594677836639	0.0011972463334331	0.00181841797636057	0.00141995030173944	0	0	0.00611554002402534	0.0604719764011799	0.0182767624020888	0	0.0194971780400205	7.86545367488628	0.00816326530612245	0.271799116997792	0.00482226508680077	0.0295452030541109	0.22784412319296
"EGFL7"	0.0104895104895105	0.00226586102719033	9.54107432496899e-05	0.00181664042630495	0.00816560418308144	0.00126548554682297	0.000492792903782186	0.0122717749176893	0.00363683595272113	0.00461483848065318	0	0.0283018867924528	0.0159440864912089	0.182890855457227	0.0574412532637076	0.00757575757575758	0.082093381221139	3.98276274838401	0.0326530612244898	0.124172185430464	0.0172223753100028	0.050127254619896	0.114707730986801
"ID3"	0.368572603866722	0.0238670694864048	0.0624940368285469	0.211456945621897	0.0561564357854022	0.0243106433994938	0.0715781692743624	0.0188566297515714	0.0185088972593843	0.0567980120695776	0.211678832116788	0.0943396226415094	0.202358851152124	0.0412979351032448	0.31331592689295	0.0757575757575758	0.641354540790149	7.00023940627244	0.0244897959183673	4.19977924944812	0.465968586387435	1.13832023901737	4.77404148334381
"MGP"	0.0275606746194981	0.00196374622356495	0.00200362560824349	0.000968874894029308	0.00236372752668147	0.00153190355668043	0.0018479733891832	0.0011972463334331	0.000844265489024549	0.00212992545260916	0.00456204379562044	0	0.0219504204433767	0.0103244837758112	0.0182767624020888	0	0.0441251924063622	8.57146277232463	0.0204081632653061	14.1542494481236	0.031138054560485	0.221865663383866	12.5575109993715
"ID1"	0.497737556561086	0.153323262839879	0.0467512641923481	0.100762988979048	0.540004297686412	0.151392034101505	0.0103486509794259	0.125112241843759	0.261527471100143	0.0184593539226127	0.0155109489051095	0.10377358490566	0.0422627498088894	0.306784660766962	0.364229765013055	0.0303030303030303	0.0656747049769112	6.53794589418243	0.0285714285714286	1.34547461368653	0.528244695508404	3.68562576076131	1.42708988057825
"CAVIN1"	0.0364047716988893	0.000226586102719033	0	0	0.000286512427476542	0	0	0	0.000519547993245876	0	0.000912408759124088	0	0.0206399475810855	0	0.0757180156657963	0	0.0441251924063622	5.26669858750299	0.0693877551020408	2.7348233995585	0.191512813447231	0.735531702998783	3.89189189189189
"PECAM1"	0.346359522830111	0.553247734138973	0.0323442419616449	0.300108998425578	1.55798295251057	0.312042094045557	0.0696069976592337	4.53067943729422	0.882517210027276	0.211217607383742	0.0410583941605839	0.443396226415094	0.0671617341924211	0.814159292035398	0.302872062663185	0.0151515151515152	0.538737814263725	8.2791477136701	0.0163265306122449	0.0800220750551876	0.0198401763571232	0.0531149717826712	0.225329981143935
"NPDC1"	0.0660222130810366	0.0299093655589124	0.202366186432592	0.0158653263897299	0.0112456127784543	0.0709337951245504	0.0168781569545399	0.00478898533373242	0.010520846863229	0.0493432729854455	0.131386861313869	0	0.0815769356776237	0.0855457227138643	0.232375979112272	0.113636363636364	0.0625962031811185	4.76322719655255	0.0122448979591837	0.336092715231788	0.0322402865803252	0.244882151156357	0.408548082966688
"SELENOW"	2.63101604278075	0.00120845921450151	0.00162198263524473	0.000363328085260991	0.00608838908387651	6.66045024643666e-05	0.0018479733891832	0	0.0100012988699831	0.00035498757543486	0.00638686131386861	0.0377358490566038	0.485748607622584	0.00884955752212389	0.647519582245431	0.00757575757575758	0.954335556695741	6.36892506583673	0.502040816326531	1.86616997792494	0.992008817856159	4.46221091070045	4.81866750471402
"EMP1"	0.276018099547511	0.0117824773413897	0.00400725121648698	0.00460215574663921	0.0700522885180145	0.00819235380311709	0.00110878403350992	0.011972463334331	0.0187037277568515	0.00035498757543486	0.000912408759124088	0	0.0466309926831932	0.0398230088495575	0.274151436031332	0	1.0302719343253	9.05578166147953	0.0816326530612245	4.52538631346578	3.70983742077707	2.5549407989377	3.06222501571339
"HSPA1A"	2.36528177704648	0.190332326283988	0.109245301020895	0.0936175366355819	0.573884392235513	0.180698015185827	0.0418873968214858	0.52948219096079	0.320885829328484	0.0298189563365282	0.212591240875912	1.0377358490566	2.09904990717484	0.790560471976401	3.69321148825065	0.128787878787879	14.5489994869164	32.8996887718458	2.93877551020408	21.6299668874172	7.05566271700193	19.7702777470399	25.2630421118793
"NFIB"	0.00411353352529823	7.55287009063444e-05	9.54107432496899e-05	0	0.000214884320607406	0	0.000123198225945546	0	0.00110403948564749	0	0	0	0.00971934039532598	0	0.122715404699739	0	0.0138532580810672	5.95235815178358	0	2.28863134657837	0.0354092036373657	1.10313157021135	2.6904462602137
"WWTR1"	0.0259152612093789	0.00264350453172205	0.00543841236523233	0.00375439021436357	0.000931165389298761	0.00446250166511256	0.00123198225945546	0.00149655791679138	0.00285751396285232	0	0.00912408759124088	0.00943396226415094	0.0180190018565032	0.00294985250737463	0.0352480417754569	0.00757575757575758	0.0210364289379169	7.07589178836486	0	1.81926048565121	0.183383852300909	0.351222750912914	1.34035197988686
"CD34"	0.00308515014397367	0.00105740181268882	0.00038164297299876	0.000484437447014654	0.000573024854953084	0.0003996270147862	0.000985585807564371	0	0.000194830497467204	0.00070997515086972	0	0	0.00436824287430381	0.128318584070796	0.0221932114882507	0	0.00615700359158543	3.69044768972947	0	0.331953642384106	0.0037200330669606	0.022905831581277	0.059710873664362
"LDB2"	0.00205676676264912	0.0129154078549849	0	0.000847765532275645	0.000429768641214813	0.000666045024643666	0	0	0.00201324847382777	0	0	0.00943396226415094	0.0122310800480507	0.00147492625368732	0.0221932114882507	0	0.0271934325295023	5.09241082116351	0.110204081632653	0.619757174392936	0.00440892807936071	0.0536682527387407	0.534255185417976
"PDLIM1"	0.317359111476759	0.0601963746223565	0.0125942181089591	0.585927092164224	0.02485495308359	0.0413613960303717	0.00197117161512874	0.0305297815025441	0.0150668918041304	0.00248491302804402	0.0072992700729927	1.0188679245283	0.0646499945396964	0.104719764011799	0.496083550913838	0.0151515151515152	0.0877373011800924	6.47210916926023	0.0122448979591837	0.652593818984547	0.0717828602920915	2.1592342591568	3.46574481458202
"ITGA6"	0.0250925545043192	0.128851963746224	0.23385173170499	0.0376650115053894	0.00716281068691354	0.128813107766085	0.328569668596772	0.00508829691709069	0.0176646317703598	0.338658146964856	0.174270072992701	0.207547169811321	0.0500163809107786	0.028023598820059	0.234986945169713	0.325757575757576	0.0395074397126732	4.26741680632033	0.00408163265306122	0.0852649006622517	0.0301736015431248	0.868208476264247	0.202388434946574
"CRIP2"	0.10386672151378	0.0396525679758308	0.248354164678943	0.0858665374833475	0.0181219110378913	0.0449580391634474	0.110878403350992	0.011972463334331	0.0148071178075075	0.0507632232871849	0.175182481751825	0.122641509433962	0.0540570055695097	0.0265486725663717	0.121409921671018	0.136363636363636	0.0348896870189841	4.71678237969835	0.0938775510204082	0.458885209713024	0.0851474235326536	0.544317804581166	1.98397234443746
"CRIM1"	0.0713698066639243	0.0391993957703927	0.011067646216964	0.0237374349037181	0.011102356564716	0.0260423604635673	0.00234076629296538	0.00299311583358276	0.0071437849071308	0.0035498757543486	0.00638686131386861	0.0188679245283019	0.0528557387790761	0.209439528023599	0.0548302872062663	0.00757575757575758	0.193945613134941	5.8012927938712	0.0938775510204082	0.423013245033113	0.120281069165059	0.298661060086312	2.65996228786926
"SPTBN1"	0.159810777457836	0.234365558912387	0.303883217250262	0.365750272496064	0.0568727168540935	0.23398161715732	0.307009979056302	0.0290332235857528	0.0774775944927913	0.336173233936812	0.252737226277372	0.424528301886792	0.0927159550070984	0.336283185840708	0.787206266318538	0.386363636363636	0.055926115956901	6.25879818051233	0.0653061224489796	2.05325607064018	0.0640672361532102	0.559809671351112	2.62036455059711
"APP"	0.494035376388318	0.0972809667673716	0.105524282034157	0.160833232408865	0.356779600315164	0.0778606633808445	0.103486509794259	0.204729123017061	0.242953630341603	0.0660276890308839	0.0693430656934307	0.179245283018868	0.098503876815551	4.45870206489676	0.197127937336815	0.0833333333333333	0.496664956387891	6.761311946373	0.00408163265306122	2.00965783664459	0.172361532102508	1.27409538563683	1.67976115650534
"IFI44L"	0.10510078157137	0.105815709969789	0.0913080812899533	0.105001816640426	0.457990115321252	0.0797921939523112	0.0397930269804115	0.27955701885663	0.060917002208079	0.0312389066382677	0.0228102189781022	0.0943396226415094	0.0347275308507153	0.25811209439528	0.0574412532637076	1.90909090909091	0.0584915341200616	0.694038783816136	0.0204081632653061	0.130242825607064	0.0261780104712042	0.40787872081443	0.230672532998114
"HERC5"	0.0715754833401892	0.0882175226586103	0.095696975479439	0.0738767106697348	0.172193968913402	0.0921806314106834	0.0516200566711839	0.1736007183478	0.0294194051175477	0.0450834220802272	0.16514598540146	0.169811320754717	0.0635579338211205	0.200589970501475	0.143603133159269	0.924242424242424	0.0441251924063622	0.268374431410103	0.0122448979591837	0.0916114790286976	0.0093689721686415	0.0572092508575855	0.163733500942803
"MX1"	0.372480460715755	0.172280966767372	0.132525522373819	0.244035363933632	0.50540792206862	0.142999866790995	0.113342367869903	0.418138281951512	0.110274061566437	0.106851260205893	0.166970802919708	0.528301886792453	0.0849623239052091	0.772861356932153	0.366840731070496	2.40151515151515	0.190867111339148	0.570026334689969	0.0326530612244898	0.172461368653422	0.0792229264260127	0.96281951975213	0.27561282212445
"XAF1"	0.401069518716578	0.426283987915408	0.297776929682282	0.365871381857818	0.732039252202564	0.325562808045824	0.225945546384132	0.747979646812332	0.271398882971815	0.21618743343983	0.286496350364964	0.188679245283019	0.103854974336573	0.202064896755162	0.398172323759791	2.3030303030303	0.197024114930734	0.892267177400048	0.0489795918367347	0.323399558498896	0.0323780655828052	0.669469956844085	0.276555625392835
"IFI6"	0.443233237350884	0.366767371601208	0.255128327449671	0.212910257962941	0.809111095193754	0.336619155454909	0.237402981397068	0.813828195151152	0.212495129237563	0.257011004614839	0.25456204379562	0.726415094339623	0.143824396636453	0.13716814159292	0.77154046997389	3.66666666666667	0.388404309902514	1.29614555901365	0.191836734693878	0.966059602649007	0.597547533755856	2.88602412304968	1.31238214959145
"EIF2AK2"	0.473056355409297	0.307099697885196	0.26762713481538	0.311008840983408	0.561421101640284	0.301118955641401	0.174941480842676	0.481293026040108	0.204766852838031	0.223997160099397	0.243613138686131	0.443396226415094	0.14622693021732	0.5	0.558746736292428	1.82575757575758	0.244227809132889	0.985396217380895	0.0979591836734694	0.600165562913907	0.0573160650316892	0.365054774814651	0.756442489000628
"ISG15"	0.951254627725216	0.641616314199396	0.474954679896956	0.407533002301078	1.09949144044123	0.554216065005994	0.297770112110386	1.50703382220892	0.231848291985972	0.389421370252041	0.551094890510949	1.43396226415094	0.600851807360489	0.309734513274336	1.49738903394256	5.21969696969697	0.894817855310416	1.50011970313622	0.2	0.813741721854305	0.756682281620281	0.769613809892663	3.63324952859837
"STAT1"	0.888934594816948	0.469410876132931	0.526858124224788	0.322756449073513	1.05243177422821	0.47162648195018	0.347911790070223	0.943130799161928	0.399402519807767	0.438409655662052	0.460766423357664	0.518867924528302	0.199410287211969	0.797935103244838	1.25587467362924	3.03787878787879	0.810672139558748	0.606416088101508	0.155102040816327	1.02566225165563	0.0826674014880132	1.15713179152374	0.908862350722816
"GBP1"	0.632044426162073	0.206646525679758	0.22784085488026	0.0939808647208429	0.324117183582838	0.202477687491674	0.139583589996304	0.692906315474409	0.0751396285231848	0.194178203762868	0.238138686131387	0.10377358490566	0.114120345091187	0.0486725663716814	1.10443864229765	1.37878787878788	0.458696767573114	0.949724682786689	0	0.357615894039735	0.0505648939101681	0.695031537014496	0.592394720301697
"EPSTI1"	0.939531057178116	0.204833836858006	0.135864898387558	0.205643696257721	0.392880166177208	0.140535500199814	0.0666502402365406	0.502544148458545	0.0954669437589297	0.0610578629747959	0.192518248175182	0.179245283018868	0.111608605438462	0.151917404129794	0.454308093994778	1.1969696969697	0.355566957414058	0.207325831936797	0.0285714285714286	0.29387417218543	0.0491871038853679	0.296226623879606	0.152105593966059
"SAMD9L"	0.784862196626902	0.266767371601208	0.164678942848965	0.293447983529127	0.309433421674665	0.202144664979353	0.101638536405076	0.507632445375636	0.103325107156774	0.108626198083067	0.155109489051095	0.660377358490566	0.111499399366605	0.185840707964602	0.348563968668407	1.09090909090909	0.186762442278091	0.237251615992339	0.0571428571428571	0.138796909492274	0.0236979884265638	0.0420493526612814	0.0656819610307982
"MX2"	0.33833813245578	0.244788519637462	0.236427821772732	0.240402083081022	0.728529474965977	0.219262022112695	0.207096217814463	0.832984136486082	0.304065463047149	0.210507632232872	0.182481751824818	0.19811320754717	0.100687998252703	0.297935103244838	0.147519582245431	1.53030303030303	0.216521292970754	0.146756045008379	0.0326530612244898	0.336092715231788	0.0338936346100854	0.0999225406661503	0.521684475172847
"ISG20"	1.289592760181	0.652114803625378	1.25484209521992	1.39723870655202	0.137955733829955	0.805381643799121	0.81963779721572	0.27087698293924	0.117677620470191	1.16755413560525	1.66149635036496	10.4716981132075	0.902478977831167	0.458702064896755	1.61879895561358	3	0.349409953822473	0.313861623174527	0.0122448979591837	0.126655629139073	1.7751446679526	0.172955626867323	0.170647391577624
"LY6E"	1.10242698477993	1.38829305135952	1.10218490602042	1.02131524766864	1.23909462072917	1.179432529639	0.664531230750277	3.43639628853637	0.306987920509157	0.812921547745829	0.729014598540146	1.47169811320755	0.569509664737359	0.479351032448378	2.79373368146214	3.23484848484848	0.45767060030785	2.02705290878621	0.240816326530612	3.40452538631347	0.31248277762469	1.44395263915016	1.23130106851037
"IRF9"	0.311600164541341	0.240785498489426	0.225932640015266	0.237858786484195	0.16904233221116	0.201078992939923	0.175803868424295	0.309787488775816	0.0951422262631511	0.206957756478523	0.227189781021898	0.358490566037736	0.134978704815988	0.398230088495575	0.4177545691906	0.757575757575758	0.142637249871729	0.470672731625569	0.0612244897959184	0.303256070640177	0.043675943786167	0.528493969237579	0.375864236329353
"C19orf66"	0.526943644590703	0.291842900302115	0.266100562923385	0.22744338137338	0.249480696225199	0.278273611296124	0.206480226684736	0.270278359772523	0.132874399272633	0.247781327653532	0.239963503649635	0.377358490566038	0.194059189690947	0.123893805309735	0.284595300261097	0.75	0.0913288866085172	0.0423749102226478	0.00816326530612245	0.0328366445916115	0.0854229815376137	0.0532256279738851	0.103079824010057
"TRIM22"	0.635129576306047	0.518353474320242	0.396336227459212	0.642727382826693	0.619224983883676	0.459571067004129	0.318097819391401	0.794372942232864	0.296337186647617	0.314873979410721	0.433394160583942	0.188679245283019	0.207054712242001	1.3716814159292	0.493472584856397	1.40151515151515	0.234479220112878	0.469236293990903	0.0204081632653061	0.324227373068433	0.0530449159548085	0.343808786101582	0.148648648648649
"SP100"	0.929452900041135	0.802643504531722	0.779601183093216	1.42921157805498	0.845856314017621	0.762155321699747	0.53997782431933	1.00269380425022	0.533510845564359	0.61945331913383	0.769160583941606	1.16037735849057	0.411379272687561	0.749262536873156	1.22845953002611	1.99242424242424	0.553617239610056	2.19104620541058	0.191836734693878	0.84878587196468	0.0806007164508129	0.810335288259378	1.1125078566939
"CD48"	2.27005347593583	2.35506042296073	3.67092834653182	2.71648298413467	2.94606403552754	2.70720660716664	3.14303314032278	5.30410056869201	1.59592154825302	3.69542066027689	2.41605839416058	3.76415094339623	0.942229987987332	1.29203539823009	2.12402088772846	4.15909090909091	0.769625448948179	0.0186736892506584	0.195918367346939	0.0372516556291391	0.0771562413888123	0.02611486112648	0.0125707102451289
"RARRES3"	0.456807897984369	1.53285498489426	1.27525999427536	0.462758871260748	0.446099849580976	1.39443186359398	0.936676111863989	0.846752469320563	0.226457981556046	1.14731984380547	1.01094890510949	2.08490566037736	0.441301736376543	0.275811209439528	1.51305483028721	1.85606060606061	0.0677270395074397	0.0225041896097678	0.00816326530612245	0.0482891832229581	0.0996142187930559	0.0157131791523736	0.0499685732243872
"SAMD9"	0.379679144385027	0.458836858006042	0.358744394618834	0.404020830810222	0.358856815414369	0.408618622618889	0.27965997289639	0.586351391798863	0.183075724120016	0.335463258785943	0.431569343065693	0.433962264150943	0.224964508026646	0.333333333333333	0.528720626631854	1.29545454545455	0.125192406362237	0.132391668661719	0.0530612244897959	0.0844370860927152	0.12234775420226	0.194976208918889	0.0898805782526713
"BST2"	1.62957630604689	0.998111782477341	0.569506726457399	0.670219207944774	1.40534345677244	0.702011455974424	0.423185906122952	2.00868003591739	0.707299649305105	0.538161164359247	0.43521897810219	1.65094339622642	0.33471661024353	2.18436578171091	1.32506527415144	1.64393939393939	0.855823499230375	1.44338041656691	0.636734693877551	0.720198675496689	0.0957564067236153	0.160894102025008	1.32526712759271
"IFITM1"	0.185726038667215	0.437009063444109	0.475908787329453	0.0996730047232651	0.0129646873433135	0.361129612361796	0.351607736848589	0.131098473510925	0.0254578516690479	0.374866879659212	0.262773722627737	0.283018867924528	0.745331440428088	0.0589970501474926	0.595300261096606	0.962121212121212	0.0872242175474602	1.98635384247067	0.0530612244897959	0.731788079470199	0.107192063929457	0.445280513444727	1.93557510999371
"SLFN5"	0.406828465651995	0.732779456193353	0.924148459116497	0.189051713697469	0.201633120836616	0.714599706940189	0.735739805346803	0.499251721041604	0.150019483049747	0.947106851260206	1.18886861313869	0.254716981132075	0.518838047395435	0.153392330383481	0.89556135770235	1.53030303030303	0.189840944073884	1.05171175484798	0.16734693877551	0.459437086092715	0.0975475337558556	0.125594777027775	0.452859836580767
"SMCHD1"	0.989921842863019	0.988746223564955	1.09302547466845	1.53251786363086	1.43392307141322	1.04402557612895	0.805223604780091	1.63304399880275	0.988699831146902	0.702165424210153	1.39963503649635	2.12264150943396	0.7138800917331	0.912979351032448	1.60835509138381	2.20454545454545	0.577732170343766	0.820684701939191	0.130612244897959	0.408940397350993	0.118765500137779	0.286046254287927	0.586737900691389
"PHF11"	0.756478815302345	0.351283987915408	0.370289094552047	0.367445803560615	0.431344459565934	0.359597708805115	0.271036097080202	0.526189763543849	0.218924535653981	0.278665246716365	0.396897810218978	0.443396226415094	0.225292126242219	0.42330383480826	0.513054830287206	0.939393939393939	0.218573627501283	0.430691884127364	0.0816326530612245	0.408940397350993	0.114356572058418	0.366935930065287	0.385920804525456
"IL2RG"	1.40394899218429	1.49569486404834	1.67388607957256	1.05885914981228	0.298904089964902	1.50965765285733	0.996180854995688	0.472612990122718	0.20067541239122	1.14412495562655	1.35127737226277	1.66037735849057	0.677186851588948	1.18436578171091	2.40992167101828	1.83333333333333	0.48435094920472	0.128800574575054	0.195918367346939	0.0234547461368653	0.12510333425186	0.0226845191988492	0.0307982401005657
"UBE2L6"	0.473262032085562	0.359969788519637	0.291479820627803	0.273586048201526	0.578898359716353	0.300319701611829	0.18947887150425	0.815624064651302	0.211001428756981	0.21618743343983	0.281934306569343	0.5	0.176149393906301	0.454277286135693	0.823759791122715	1.03787878787879	0.246793227296049	0.516159923389993	0.073469387755102	0.437086092715232	0.0992008817856159	0.766736748921102	0.414833438089252
"PSMB9"	2.73056355409297	1.32719033232628	1.09445663581719	1.08731984982439	1.22455411503474	1.18489409884108	0.588764321793766	2.4483687518707	0.567541239121964	0.730919417820376	0.985401459854015	2.58490566037736	0.765097739434313	1.08702064896755	4.22323759791123	2.24242424242424	0.704463827603899	1.39071103662916	0.102040816326531	0.657560706401766	0.184072747313309	0.646342812880381	0.888120678818353
"ADAR"	1.08453311394488	0.668051359516616	0.491269916992653	0.56231076662226	0.946493804168756	0.598641268149727	0.36762350622151	1.11463633642622	0.470840368879075	0.442314518991835	0.470802919708029	0.952830188679245	0.330675985584798	0.874631268436578	1.03916449086162	1.28030303030303	0.496664956387891	1.1987072061288	0.130612244897959	0.547185430463576	0.115321025075778	0.659732212017262	0.805468258956631
"RNF213"	2.17030028794735	1.93058912386707	1.16076710237573	0.896572605062371	1.76097700737769	1.70474224057546	0.721079216459283	2.25202035318767	0.809066112482141	1.03798367057153	1.01824817518248	1.44339622641509	0.815004914273234	1.63864306784661	2.15404699738903	2.88636363636364	0.772703950743971	0.420876226957146	0.118367346938776	0.365894039735099	0.18710388536787	0.412194312271772	0.424261470773099
"GIMAP4"	0.479432332373509	0.933006042296073	1.25398339853067	0.284122562674095	1.02915263949574	0.943985613427468	1.09473943575213	1.30290332235858	0.599623327704897	1.02094426695066	0.969890510948905	0.292452830188679	0.690073168068145	0.18141592920354	1.8355091383812	1.84848484848485	0.296562339661365	2.008618625808	0.0122448979591837	0.021523178807947	0.115045467070818	0.022905831581277	0.0427404148334381
"SYNE2"	0.316330728095434	1.59833836858006	1.51092453010209	0.519801380646724	0.0242819282286369	1.79266018382843	0.550080078846865	0.0407063753367255	0.156383945967009	0.539226127085552	1.64233576642336	0.424528301886792	0.829420115758436	0.3023598820059	2.3668407310705	1.98484848484848	0.0974858902001026	4.12592769930572	0.0530612244897959	0.390452538631347	0.135298980435382	1.70211353325219	1.39786297925833
"DCN"	0.0131633072809543	0.000302114803625378	0.00019082148649938	0.000121109361753664	0.00114604970990617	0	0.000492792903782186	0	0.000584491492401611	0	0.00182481751824818	0	0.0172545593535001	0.00147492625368732	0.0626631853785901	0	0.0569522832221652	0.289920995930093	0.0163265306122449	56.9834437086093	0.0176357123174428	0.681199513112759	1.20144563167819
"COL1A1"	0.027972027972028	0.000377643504531722	0.00152657189199504	0.0013322029792903	0.00143256213738271	0.000666045024643666	0.00110878403350992	0	0.00142875698142616	0.00212992545260916	0.00273722627737226	0.0188679245283019	0.0245713661679589	0.0103244837758112	0.0613577023498695	0	0.0528476141611083	1.36006703375628	0.036734693877551	53.4530905077263	0.0405070267291265	0.621002545092398	17.4079195474544
"COL1A2"	0.191896338955162	0.000302114803625378	0.00028623222974907	0	0.00164744645799012	0	0.000123198225945546	0	0.00175347447720483	0	0.000912408759124088	0.00943396226415094	0.0230424811619526	0.00442477876106195	0.0261096605744125	0	0.0631092868137506	1.29135743356476	0.0326530612244898	43.485651214128	0.0256268944612841	0.454243664933053	15.1021370207417
"COL3A1"	0.00493624023035788	0.000377643504531722	0.00038164297299876	0	0.00114604970990617	0	0.000246396451891093	0	0.00103909598649175	0	0.000912408759124088	0	0.019438680790652	0.0132743362831858	0.0300261096605744	0	0.0723447922011288	1.20277711276035	0.0653061224489796	41.1887417218543	0.0140534582529622	0.454575633506695	13.8384663733501
"CCDC80"	0.0267379679144385	0.000906344410876133	0.00028623222974907	0.00145331234104396	0.00272186806102715	0.000532836019714933	0.000369594677836639	0.00179586950014966	0.00259773996622938	0.00035498757543486	0.000912408759124088	0	0.0103745768264716	0.0103244837758112	0.0169712793733681	0	0.0446382760389944	0.268613837682547	0.036734693877551	18.0789183222958	0.0148801322678424	0.100807790195861	1.61847894406034
"COL6A1"	0.0427807486631016	0.00347432024169184	0.00858696689247209	0.00205885914981228	0.00179070267172839	0.00686026375382976	0.00800788468646052	0.000299311583358276	0.00175347447720483	0.015264465743699	0.00182481751824818	0.00943396226415094	0.0222780386589494	0.00147492625368732	0.0339425587467363	0.0227272727272727	0.0944073884043099	0.942303088340915	0.0122448979591837	18.5971302428256	0.591347478644255	0.206705765187562	8.22847265870522
"CFD"	0.446318387494858	0.743957703927492	0.0413128518271157	0.355334867385249	2.61628823150204	0.367923271613161	0.0390538376247382	6.59952110146663	1.21645668268606	0.060702875399361	0.0282846715328467	0.584905660377358	0.0630119034618325	0.287610619469027	0.321148825065274	0.0378787878787879	0.894817855310416	0.253770648790998	0.0122448979591837	37.401766004415	0.0451915128134472	0.678875733097267	1.01162790697674
"SFRP2"	0.000617030028794735	0.000151057401812689	0	0	0.000358140534345677	0	0	0	0.000129886998311469	0	0	0	0.00425903680244622	0	0.0156657963446475	0	0.00923550538737814	0.0500359109408667	0.0122448979591837	12.1150662251656	0.00316891705704051	0.0693814318911143	0.160276555625393
"COL6A2"	0.0458658988070753	0.111404833836858	0.026142543650415	0.0217996851156594	0.00300838048850369	0.137405088583988	0.0262412221264014	0.00149655791679138	0.00584491492401611	0.0454384096556621	0.0182481751824818	0.0283018867924528	0.0384405372938735	0.0250737463126844	0.0483028720626632	0.053030303030303	0.0790148794253463	0.841513047641848	0.0408163265306122	20.9944812362031	0.600440892807936	0.207148389952418	13.6574481458202
"COL6A3"	0.0125462772521596	0.00151057401812689	0.00372101898673791	0.0013322029792903	0.00107442160303703	0.00146529905421606	0.00357274855242085	0.000299311583358276	0.000909208988180283	0.00674476393326234	0.00547445255474453	0	0.0185650322157912	0.00589970501474926	0.0456919060052219	0	0.0225756798358132	0.434522384486474	0.0204081632653061	14.3325055187638	0.00744006613392119	0.10501272546199	4.45663104965431
"PTGDS"	0.0296174413821473	0.792900302114804	0.0240435072989219	0.0664890396027613	0.0119618938471456	0.0739976022379113	0.00579031661944068	0.0131697096677641	0.0240290946876218	0.00461483848065318	0.0136861313868613	0.150943396226415	0.0101561646827564	18.4115044247788	0.0509138381201044	0.0227272727272727	0.0702924576706003	0.300694278190089	0.0122448979591837	13.610651214128	0.00537338109672086	0.128914462764192	0.25801382778127
"APOE"	0.421020156314274	0.00264350453172205	0.00181280412174411	0.0013322029792903	0.00594513287013824	0.00106567203942987	0.0016015769372921	0.00149655791679138	0.00318223145863099	0.00212992545260916	0.00273722627737226	0.0188679245283019	0.122638418696079	0.0117994100294985	0.328981723237598	0	2.41559774243202	1.2283935839119	0.0612244897959184	18.707229580574	0.713970790851474	3.54863339603851	14.7655562539283
"APOD"	0.0189222542163719	0	0	0.000605546808768318	0.000214884320607406	0	0	0	0.000389660994934407	0	0	0	0.00906410396418041	0	0.00130548302872063	0	0.0169317598768599	0.753890351927221	0.00408163265306122	13.3650662251656	0.0181868283273629	0.118180812216444	0.689189189189189
"MMP2"	0.00761003702180173	0	0	0.000121109361753664	0.000358140534345677	0	0	0	0.000129886998311469	0	0	0	0.00666157038331331	0.00147492625368732	0.00783289817232376	0	0.0472036942021549	0.518553986114436	0.00816326530612245	11.6192052980132	0.00730228713144117	0.0702666814208255	0.223444374607165
"C1R"	0.0156314273961333	0.00672205438066465	0.00343478675698884	0.00242218723507327	0.00401117398467159	0.0041960836552551	0.00394234323025748	0.00179586950014966	0.00298740096116379	0.00390486332978346	0.00273722627737226	0	0.0114666375450475	0.00737463126843658	0.0900783289817232	0.00757575757575758	0.025654181631606	0.591333492937515	0.00816326530612245	12.435706401766	0.0257646734637641	0.901184021245989	3.01602765556254
"LUM"	0.00246812011517894	0	0	0	0.000501396748083948	0	0	0	0.000194830497467204	0	0.000912408759124088	0	0.00578792180845255	0	0.00652741514360313	0	0.012827090815803	0.084271007900407	0.0163265306122449	12.4831677704194	0.00358225406448057	0.0889675777359743	0.499685732243872
"FBLN1"	0.00226244343891403	0	0	0	0.000214884320607406	0	0	0	0.000194830497467204	0	0	0	0.00535109752102217	0	0.0378590078328982	0	0.017444843509492	0.100550634426622	0.0122448979591837	9.53532008830022	0.0119867732157619	0.22252960053115	0.285669390320553
"NNMT"	0.00699300699300699	0.000604229607250755	0	0	0.000501396748083948	0	0	0	0.000974152487336018	0	0	0	0.0092825161078956	0	0.0261096605744125	0	0.0456644433042586	2.66459181230548	0.0122448979591837	14.7673841059603	0.0135023422430422	0.143963704769282	3.1269641734758
"C1S"	0.00781571369806664	0.000528700906344411	0.00124033966224597	0.00157442170279763	0.00250698374041974	0.00106567203942987	0.000492792903782186	0.00149655791679138	0.00123392648395896	0.00035498757543486	0	0	0.00939172217975319	0.00147492625368732	0.0339425587467363	0	0.0482298614674192	0.255446492698109	0.0122448979591837	8.85182119205298	0.0281069165059245	0.337944007967246	1.81898177247014
"MT2A"	2.62258329905389	1.16812688821752	0.76605285755176	0.45852004359937	1.87830384642934	1.31690422272546	0.361217198472342	3.53367255312781	0.5968307572412	0.629392971246006	0.796532846715328	0.613207547169811	0.984383531724364	0.445427728613569	7.56919060052219	2.60606060606061	4.549512570549	6.91884127364137	0.975510204081633	77.2320640176601	1.42256820060623	15.5645678875733	26.0241986172219
"CXCL12"	0.00102838338132456	7.55287009063444e-05	0	0	0.000214884320607406	6.66045024643666e-05	0.000123198225945546	0	0.000194830497467204	0	0	0	0.00578792180845255	0	0.0169712793733681	0	0.102616726526424	1.96049796504668	0.00816326530612245	8.83995584988963	0.00303113805456049	0.0473608498395485	1.96417347580138
"CTSK"	0.0359934183463595	0.0151057401812689	0.00896860986547085	0.0142909046869323	0.039681971205501	0.0117889969361929	0.00443513613403967	0.0254414845854535	0.0231198856994415	0.00425985090521832	0.00912408759124088	0.0188679245283019	0.0128863164791962	0.0206489675516224	0.0391644908616188	0.00757575757575758	0.130323242688558	0.101508259516399	0.0122448979591837	8.38327814569536	0.025213557453844	0.108111098815979	1.18761785040855
"TIMP1"	3.53229123817359	0.890030211480363	0.904875488980059	0.395906503572726	2.13673805601318	0.552084720927135	0.281507946285573	5.7195450463933	0.923041953500455	0.235711750088747	0.320255474452555	0.943396226415094	0.590477230534018	0.408554572271386	0.972584856396867	0.696969696969697	5.1405849153412	4.3952597558056	1.62448979591837	37.8104304635762	0.528658032515845	0.709638154254731	8.69610307982401
"C3"	0.0170711641299877	0.00498489425981873	0.00028623222974907	0.00230107787331961	0.0088818852517728	0.000865858532036766	0.000492792903782186	0.0673451062556121	0.00422132744512274	0	0	0.00943396226415094	0.00436824287430381	0.00294985250737463	0.00783289817232376	0	0.145715751667522	0.0316016279626526	0.00408163265306122	6.50993377483444	0.0111600992008818	0.0347460440411641	0.059710873664362
"IGFBP4"	0.0754833401892225	0.0126132930513595	0.0185096841904398	0.0311251059706915	0.00229209941981233	0.0177167976555215	0.00258716274485647	0.000897934750074828	0.00181841797636057	0.00070997515086972	0.00456204379562044	0	0.0273015179643988	0.0103244837758112	0.10443864229765	0	0.236531554643407	4.72228872396457	0.0122448979591837	10.3573399558499	0.0232846514191237	0.156246541994025	4.55719673161534
"FBN1"	0.117235705471	0.000377643504531722	0.00028623222974907	0.000242218723507327	0.00107442160303703	0.000333022512321833	0.000246396451891093	0	0.000584491492401611	0	0	0	0.004586655018019	0.0162241887905605	0.0182767624020888	0	0.0112878399179066	0.943500119703136	0.00816326530612245	7.22599337748344	0.00592449710664095	0.035963262144517	0.870835952231301
"IGFBP5"	0.00658165364047717	7.55287009063444e-05	0	0	0.00078790917556049	0	0.000246396451891093	0	0.000194830497467204	0	0	0	0.00513268537730698	0.00294985250737463	0.0234986945169713	0	0.00718317085684967	0.476897294709121	0	7.52814569536424	0.00413337007440066	0.111209472169968	4.55593966059082
"CFH"	0.0053475935828877	0.0167673716012085	0.0680278599370289	0.00460215574663921	0.00150419024425184	0.0432263220993739	0.000739189355673278	0.000897934750074828	0.0037667229510326	0	0.00821167883211679	0.00943396226415094	0.0121218739761931	0.0162241887905605	0.00913838120104439	0.0303030303030303	0.0241149307337096	0.488149389514005	0.0122448979591837	5.00938189845475	0.00192890603472031	0.0385083545424367	1.28158390949089
"PLAC9"	0.00246812011517894	7.55287009063444e-05	9.54107432496899e-05	0	0.000573024854953084	0	0.000123198225945546	0	6.49434991557345e-05	0	0.00182481751824818	0	0.00611554002402534	0	0.0261096605744125	0	0.0261672652642381	0.662676562125928	0.0326530612244898	6.6280353200883	0.00881785615872141	0.133672678986389	3.18070395977373
"SERPINF1"	2.55203619909502	0.0108006042296072	0.00372101898673791	0.0174397480925276	0.0313731108086813	0.00752630877847342	0.00418873968214858	0.0074827895839569	0.0116898298480322	0.0351437699680511	0.00273722627737226	0.0754716981132075	0.0370208583597248	3.57669616519174	0.066579634464752	0	0.591072344792201	0.260713430691884	0.0326530612244898	6.99834437086093	0.0896941306144944	0.170410534469404	2.96920175989943
"SERPING1"	0.0269436445907034	0.0101208459214502	0.00047705371624845	0.00617657744943684	0.0648950648234367	0.00659384574397229	0.000246396451891093	0.0392098174199342	0.00824782439277828	0	0.000912408759124088	0.0188679245283019	0.00753521895817407	0.172566371681416	0.0456919060052219	0	0.232939969214982	1.37586784773761	0	5.61534216335541	0.0259024524662441	0.16775478588027	2.7416719044626
"GSN"	6.63615795968737	0.177794561933535	0.00887319912222116	0.0979774736587138	0.366377766635628	0.0534834154788864	0.00566711839349513	0.162226878180186	0.152032731523574	0.0053248136315229	0.0109489051094891	0.0754716981132075	0.0977394343125478	1.00294985250737	0.402088772845953	0.0227272727272727	2.41662390969728	7.22240842710079	0.187755102040816	8.62168874172185	0.233122072196197	1.32975544981742	4.79006913890635
"SELENOM"	0.694570135746606	0.000604229607250755	0.000667875202747829	0.000121109361753664	0.00114604970990617	0	0.000862387581618825	0	0.00623457591895051	0	0.000912408759124088	0.179245283018868	0.215026755487605	0	0.0300261096605744	0	0.223191380194972	1.77687335408188	0.126530612244898	6.78587196467991	0.169054836042987	0.178156467854376	5.51068510370836
"CLU"	0.734471410941999	0.0177492447129909	0.0420761377731133	0.0102942957490614	0.0330921853735406	0.0297722126015719	0.00234076629296538	0.0062855432505238	0.0404597999740226	0.00070997515086972	0.00273722627737226	0	0.242000655236431	0.0589970501474926	0.219321148825065	0.00757575757575758	0.0641354540790149	3.48910701460378	1.40408163265306	8.86975717439294	0.340176357123174	0.223636162443289	0.935260842237586
"FSTL1"	0.135746606334842	7.55287009063444e-05	9.54107432496899e-05	0	0.000358140534345677	0.000133209004928733	0.000492792903782186	0.000299311583358276	0.000454604494090142	0	0	0	0.00709839467074369	0.00294985250737463	0.0130548302872063	0	0.0138532580810672	0.98731146756045	0	5.17853200883002	0.134885643427942	0.0423813212349231	0.855436832181018
"PCOLCE"	0.027972027972028	0.0216012084592145	0.0125942181089591	0.011142061281337	0.00852374471742712	0.0156520580791262	0.00615991129727732	0.0158635139179886	0.00707884140797506	0.0102946396876109	0.00821167883211679	0.00943396226415094	0.0163809107786393	0.00294985250737463	0.0261096605744125	0.00757575757575758	0.0200102616726526	0.203255925305243	0.00408163265306122	4.61506622516556	0.0108845411959217	0.0580945003872967	2.0021998742929
"PLPP3"	0.0053475935828877	0.000453172205438066	0	0.00472326510839288	0.00214884320607406	0.000333022512321833	0	0.00149655791679138	0.00246785296791791	0	0	0	0.009173310036038	0	0.0143603133159269	0	0.110826064648538	3.4103423509696	0.00816326530612245	6.53725165562914	0.0181868283273629	0.104127475932278	5.61439346323067
"MT1M"	0.199712052653229	0.000226586102719033	0	0.000121109361753664	0.0012176778167753	6.66045024643666e-05	0	0	0.000584491492401611	0	0	0	0.00808124931746205	0	0.0248041775456919	0	0.362750128270908	0.255207086425664	0.00816326530612245	7.4235651214128	0.0577294020391292	0.30884142967799	4.08045254556882
"CD63"	4.65199506375977	1.81525679758308	0.539738574563496	0.628920915586775	1.86419310937612	1.07333155721327	0.195515584575582	2.04639329542053	0.917197038576439	0.333688320908768	0.384124087591241	2.74528301886792	0.835426449710604	1.46017699115044	2.29895561357702	0.424242424242424	7.2555156490508	8.37969834809672	4.26530612244898	22.0259381898455	1.2544778175806	2.02522961159677	16.26461345066
"THY1"	0.000617030028794735	0.000151057401812689	0.00019082148649938	0	7.16281068691354e-05	0	0	0	6.49434991557345e-05	0	0	0.00943396226415094	0.000873648574860762	0	0.00261096605744125	0	0.00615700359158543	0.251376586066555	0.00408163265306122	3.51020971302428	0.00179112703224029	0.0369591678654421	1.07165304839723
"PRRX1"	0.00411353352529823	0	0	0	0.000358140534345677	0	0	0	6.49434991557345e-05	0	0	0	0.00338538822758545	0	0.00522193211488251	0	0.00769625448948179	0.458463011730907	0.00408163265306122	5.29332229580574	0.00316891705704051	0.0470288812659068	5.43180389692018
"MT1X"	0.645824763471822	0.200906344410876	0.22450147886652	0.0834443502482742	0.238378339660483	0.276475289729586	0.166071208574597	0.135288835677941	0.162163917391869	0.25204117855875	0.231751824817518	0.320754716981132	0.388009173310036	0.14306784660767	1.95822454308094	0.257575757575758	1.39404822986147	0.954273401963131	0.253061224489796	15.0008278145695	0.577431799393772	8.95153258824831	4.3874921433061
"RARRES2"	0.427190456602221	0.000151057401812689	0	0	0.000859537282429625	0	0.000123198225945546	0	0.000324717495778673	0	0	0.0188679245283019	0.0104837828983291	0.00147492625368732	0.00130548302872063	0	0.0184710107747563	0.166387359348815	0	4.47682119205298	0.0133645632405621	0.0470288812659068	1.32620993086109
"AEBP1"	0.0195392842451666	0.00755287009063444	0.0075374487167255	0.0412982923579993	0.00107442160303703	0.00579459171439989	0.0285819884193668	0.000598623166716552	0.0018833614755163	0.033013844515442	0.0127737226277372	0.0188679245283019	0.0092825161078956	0.395280235988201	0.0130548302872063	0.0151515151515152	0.017444843509492	0.214986832655016	0.0122448979591837	4.01710816777042	0.0270046844860843	0.044705101250415	3.05531112507857
"FBLN2"	0.0399012751953928	0.00181268882175227	0.00038164297299876	0.00847765532275645	0.000644652961822219	0.00186492606900226	0	0	0.000519547993245876	0.0173943911963081	0.00182481751824818	0	0.0022933275090095	0.00589970501474926	0.00522193211488251	0	0.00974858902001026	0.712233660521906	0	3.88493377483444	0.00192890603472031	0.0303197963926082	0.174104336895035
"LCE3D"	12.0503907856849	0.00581570996978852	0	0.000968874894029308	0.0134660840913975	0	0.000492792903782186	0	0.0196129367450318	0	0.00821167883211679	0.0849056603773585	2.73746860325434	0	0.233681462140992	0	5.18830169317599	0.43763466602825	0.122448979591837	0.301876379690949	295.531000275558	5.11165209693482	6.83155248271527
"CRCT1"	14.6795557383793	0.00891238670694864	9.54107432496899e-05	0.0013322029792903	0.0133944559845283	6.66045024643666e-05	0.000615991129727732	0	0.0211715807247695	0	0.010036496350365	0.0849056603773585	3.10243529540242	0	0.266318537859008	0	6.57106208311955	0.604500837921954	0.159183673469388	0.422461368653422	273.852025351336	5.4522518534912	8.19170333123821
"SPRR2E"	11.5403126285479	0.00664652567975831	9.54107432496899e-05	0.000968874894029308	0.0141107370532197	0	0.00123198225945546	0	0.0151967788024419	0.00035498757543486	0.00912408759124088	0.0943396226415094	2.41170689090313	0.00147492625368732	0.280678851174935	0	5.7444843509492	0.832415609288963	0.2	0.491169977924945	240.705704050703	13.769281841319	7.75109993714645
"CNFN"	7.92821883998355	0.0258308157099698	0.0047705371624845	0.153566670703645	0.0424754673733973	0.0135873185027308	0.00652950597511396	0.0113738401676145	0.0295492921158592	0.00319488817891374	0.0127737226277372	0.0566037735849057	1.56983728295293	0.0206489675516224	0.193211488250653	0.00757575757575758	3.39096972806567	0.639932966243716	0.0816326530612245	0.285871964679912	173.492146596859	9.35299324997234	4.31835323695789
"SPRR2G"	10.9905388728918	0.00400302114803625	0	0.000242218723507327	0.0088818852517728	0	0.000739189355673278	0	0.0107156773606962	0	0.00547445255474453	0.0283018867924528	2.39030250081905	0	0.206266318537859	0	4.62083119548486	0.459420636820685	0.0938775510204082	0.31953642384106	155.443648387986	2.9339382538453	6.17630421118793
"SPRR2D"	5.49444672974085	0.00302114803625378	9.54107432496899e-05	0.000847765532275645	0.00544373612205429	0	0.000739189355673278	0	0.00707884140797506	0	0	0.0754716981132075	1.10745877470787	0.00147492625368732	0.122715404699739	0.00757575757575758	2.70189840944074	0.349054345223845	0.0693877551020408	0.211092715231788	108.281344723064	5.68927741507137	3.61627906976744
"SLPI"	6.66227889757302	0.00400302114803625	9.54107432496899e-05	0.0013322029792903	0.0090967695723802	0.0001998135073931	0.000369594677836639	0.0143669560011972	0.00954669437589297	0	0.00547445255474453	0.0188679245283019	1.37774380255542	0	0.176240208877285	0	3.27552591072345	0.643763466602825	0.0857142857142857	1.0825055187638	116.531000275558	9.30828814872192	4.28661219358894
"SPRR1B"	3.69374742904155	0.00241691842900302	0.00019082148649938	0.000605546808768318	0.00350977723658764	0	0.000739189355673278	0	0.00506559293414729	0	0.000912408759124088	0.0660377358490566	0.832477885770449	0	0.0992167101827676	0	1.80708055413032	0.748144601388556	0.0448979591836735	0.390176600441501	104.641223477542	17.4260263361735	2.79132620993086
"SPRR2A"	4.23632250102838	0.00158610271903323	0.00047705371624845	0.000242218723507327	0.00701955447317527	0	0.000985585807564371	0	0.00681906741135212	0.00035498757543486	0.00364963503649635	0.0660377358490566	0.857922900513269	0.00884955752212389	0.22845953002611	0	2.08517188301693	0.70529087862102	0.0897959183673469	0.475441501103753	107.829567373932	15.4669691269227	3.08736643620365
"SBSN"	4.25339366515837	0.00302114803625378	0.00028623222974907	0.000363328085260991	0.00487071126710121	0	0.000246396451891093	0	0.00785816339784388	0	0.00547445255474453	0.0471698113207547	0.938953805831604	0.00294985250737463	0.33420365535248	0	1.84864032837352	2.0232224084271	0.0775510204081633	0.917770419426049	111.266602369799	30.2609272988824	2.53394091766185
"SPRR2B"	2.42492801316331	0.00105740181268882	9.54107432496899e-05	0.000121109361753664	0.00329489291598023	0	0.000123198225945546	0	0.00305234446031952	0	0.000912408759124088	0.00943396226415094	0.525171999563176	0	0.0535248041775457	0	1.10620831195485	0.0833133828106296	0.0244897959183673	0.0684326710816777	51.0976853127583	1.2404559035078	1.37429289754871
"FAM25A"	1.43397778691896	0.000906344410876133	9.54107432496899e-05	0	0.0012176778167753	0	0.000123198225945546	0	0.00175347447720483	0	0.000912408759124088	0	0.318990935896036	0.00147492625368732	0.0300261096605744	0	0.630066700872242	0.0962413215226239	0.00816326530612245	0.0460816777041943	32.9171948195095	1.33484563461326	1.02954116907605
"LCE3E"	1.4220485396956	0.000604229607250755	0	0	0.00186233077859752	0	0	0	0.00162358747889336	0	0.000912408759124088	0	0.319864584470897	0	0.0430809399477807	0	0.650076962544895	0.0490782858510893	0.0326530612244898	0.0322847682119205	36.341278589143	0.501051233816532	0.85512256442489
"PI3"	2.86322501028383	0.00438066465256798	0.00028623222974907	0.000121109361753664	0.0218465725950863	0	0.000862387581618825	0	0.00577997142486037	0	0.00273722627737226	0.0188679245283019	0.620290488151141	0.00147492625368732	0.101827676240209	0	1.28065674704977	0.45582954273402	0.036734693877551	0.393211920529801	55.444888399008	16.4258050237911	1.28126964173476
"MTRNR2L8"	27.8842040312629	0.591616314199396	0.700314855452724	0.833474627588713	1.14819855311224	0.579459171439989	0.616114327953677	1.43938940436995	0.700025977399662	0.951366702165424	0.585766423357664	0.820754716981132	4.48585781369444	0.85693215339233	2.10443864229765	0.795454545454545	7.86711133914828	0.910940866650706	0.302040816326531	0.95364238410596	49.1315789473684	2.12448821511564	11.2416719044626
"MTRNR2L1"	7.29514603044015	0.0262839879154079	0.0247113825016697	0.037786120867143	0.0604541221975503	0.0183162381777008	0.0204509055069607	0.0517809039209817	0.0445512404208339	0.020234291799787	0.0155109489051095	0.0283018867924528	0.839903898656765	0.0471976401179941	0.467362924281984	0.0227272727272727	1.7732170343766	0.303567153459421	0.0448979591836735	0.404801324503311	22.2471755304492	0.482903618457453	4.8296668761785
"MTRNR2L12"	36.0409296585767	1.22703927492447	2.1676366758897	2.94392636550805	1.60540075925793	1.31823631277474	1.59221387212024	1.715953307393	1.00142875698143	1.9378771742989	1.89324817518248	2.64150943396226	9.50267554876051	1.65486725663717	4.43472584856397	1.5	16.5336069779374	26.1864974862341	1.28571428571429	17.0731236203091	88.8053182694957	12.4300099590572	36.4723444374607
"RNASE7"	1.06787330316742	0.000377643504531722	0	0.000121109361753664	0.00107442160303703	0	0	0	0.00103909598649175	0	0	0.0188679245283019	0.242000655236431	0	0.0339425587467363	0	0.429964084145716	0.0402202537706488	0.0122448979591837	0.0253863134657837	22.8973546431524	0.38574748257165	0.571967316153363
"MTRNR2L10"	8.59995886466475	0.00634441087613293	0.00171739337849442	0.00363328085260991	0.0201991261370962	0.00113227654189423	0.00221756806701984	0.00299311583358276	0.0177945187686713	0.00248491302804402	0.0173357664233577	0.0188679245283019	1.21164136726002	0.00294985250737463	0.535248041775457	0	2.3930220625962	0.233660521905674	0.0816326530612245	0.30242825607064	13.4141636814549	0.61170742503043	3.63733500942803
"CDSN"	0.660222130810366	0.0006797583081571	0	0	0.000501396748083948	0	0.000123198225945546	0	0.000584491492401611	0	0	0.00943396226415094	0.145680899858032	0	0.0117493472584856	0	0.264238070805541	0.0457265980368686	0.00408163265306122	0.0195916114790287	19.7288509231193	0.477924089852827	0.424890006285355
"FCHSD1"	0.678938708350473	0.0505287009063444	0.0332983493941418	0.0456582293811312	0.0419024425184442	0.0474890102570934	0.030676358260441	0.05208021550434	0.0290946876217691	0.0351437699680511	0.0383211678832117	0.0283018867924528	0.162826253139675	0.0427728613569322	0.0900783289817232	0.0227272727272727	0.328886608517188	0.0737371319128561	0.0122448979591837	0.0642935982339956	9.80228713144117	0.161890007745933	0.329666876178504
"TACSTD2"	0.787535993418346	0.00188821752265861	0.00028623222974907	0.000121109361753664	0.00551536422892343	0.000466231517250566	0.000123198225945546	0.000598623166716552	0.00487076243668009	0	0.00273722627737226	0	0.163153871355247	0.00294985250737463	0.257180156657963	0	0.413032324268856	0.6744074694757	0.0204081632653061	0.232064017660044	15.844723064205	6.14119729998893	0.572910119421747
"TMEM40"	0.690456602221308	0.0006797583081571	9.54107432496899e-05	0.000363328085260991	0.00114604970990617	0.0001998135073931	0.000246396451891093	0.0011972463334331	0.00116898298480322	0.00035498757543486	0	0	0.191438243966365	0	0.0287206266318538	0	0.344279117496152	0.153698826909265	0.00408163265306122	0.070916114790287	13.2947092863048	1.99147947327653	0.440603394091766
"CST6"	0.758946935417524	0.000453172205438066	0	0.000242218723507327	0.00193395888546666	0.0001998135073931	0.000123198225945546	0.000598623166716552	0.000974152487336018	0	0	0	0.17483892104401	0	0.0326370757180157	0	0.491021036428938	0.0869044768972947	0.00408163265306122	0.0424944812362031	9.91691926150455	0.935266128139869	0.36392206159648
"RHCG"	0.467503085150144	0.000226586102719033	0	0	0.000931165389298761	0	0	0	0.00103909598649175	0	0.000912408759124088	0.00943396226415094	0.098503876815551	0	0.010443864229765	0	0.203694202154951	0.0459660043093129	0.0122448979591837	0.0455298013245033	12.0607605400937	1.14163992475379	0.247014456316782
"CSTA"	5.29041546688606	0.683987915407855	0.020322488312184	0.370473537604457	3.34668003724662	0.485347009457839	0.0188493285696686	2.06914097575576	2.13066632030134	0.0195243166489173	0.0246350364963504	0.5	0.27792945287758	0.266961651917404	0.382506527415144	0.0151515151515152	1.13853258081067	0.826669858750299	0.0571428571428571	0.457505518763797	29.4222926426013	17.3928294788093	0.896291640477687
"CLDN4"	0.465034965034965	0.000151057401812689	0	0	0.000573024854953084	0	0.000123198225945546	0	0.000909208988180283	0	0	0	0.108332423282735	0	0.0261096605744125	0.00757575757575758	0.239096972806567	0.183145798419919	0.00408163265306122	0.0910596026490066	11.2412510333425	2.50038729666925	0.359522313010685
"IL1RL1"	0.384615384615385	0.000906344410876133	9.54107432496899e-05	0.000242218723507327	0.000286512427476542	0.000932463034501132	0.000123198225945546	0	0.00116898298480322	0	0	0	0.0817953478213389	0	0.0417754569190601	0	0.199076449461262	0.0404596600430931	1.70204081632653	0.149282560706402	9.44364838798567	0.214562354763749	0.283469516027656
"SPRR1A"	0.0549156725627314	7.55287009063444e-05	0	0	7.16281068691354e-05	0	0	0	6.49434991557345e-05	0	0	0	0.0164901168504969	0	0	0	0.0169317598768599	0.00598515681110845	0	0.0022075055187638	8.40672361532103	0.501493858581388	0.0559396605908234
"SDCBP2"	0.4179350061703	0.0040785498489426	0.00629710905447953	0.00278551532033426	0.00501396748083948	0.00406287465032636	0.00369594677836639	0.00838072433403173	0.00285751396285232	0.00425985090521832	0.00547445255474453	0.0188679245283019	0.0870372392705034	0.00294985250737463	0.0234986945169713	0	0.237044638276039	0.219056739286569	0.00816326530612245	0.0513245033112583	9.00358225406448	0.632178820405002	0.396291640477687
"PHLDA2"	0.893048128342246	0.0262839879154079	0.0207041312851827	0.013685357878164	0.131652460425471	0.0211802317836686	0.00381914500431194	0.0251421730020952	0.0407195739706455	0.00070997515086972	0.0173357664233577	0.0849056603773585	0.169487823522988	0.0176991150442478	0.268929503916449	0.0151515151515152	0.807080554130323	0.697629877902801	0.510204081632653	0.7560706401766	9.19013502342243	6.85481907712736	2.80295411690761
"CD24"	0.378445084327437	0.0047583081570997	0.000763285945997519	0.539784425336079	0.00429768641214813	0.00193153057146663	0.00135518048540101	0.00299311583358276	0.00766333290037667	0.00319488817891374	0	0.10377358490566	0.10079720432456	0.0147492625368732	0.0456919060052219	0	0.160595177013853	0.221690208283457	0.00816326530612245	0.152317880794702	11.4950399559107	3.94212681199513	0.356379635449403
"PPIF"	1.16618675442205	0.148942598187311	0.0428394237191108	0.107545113237253	0.668934890050856	0.118622618889037	0.0316619440680054	0.201137384016761	0.250552019742824	0.0298189563365282	0.0547445255474453	0.273584905660377	0.175821775690728	0.128318584070796	0.511749347258486	0.0606060606060606	0.952796305797845	0.114436198228394	0.0204081632653061	0.348233995584989	11.5902452466244	0.75390063074029	0.403519798868636
"CSTB"	12.8860551213492	1.0273413897281	0.972617116687339	0.747486980743612	1.87465081297901	0.843679232716132	0.559812738696563	4.49236755462436	0.95889076503442	0.601348952786652	0.789233576642336	1.44339622641509	1.13650758982199	0.622418879056047	2.45691906005222	0.909090909090909	8.1708568496665	1.91764424227915	0.979591836734694	1.9417770419426	28.2718379718931	13.0960495739737	3.71275927089881
"ELOC"	1.52591526120938	0.00105740181268882	0.00038164297299876	0	0.00651815772509133	6.66045024643666e-05	0.000739189355673278	0	0.00590985842317184	0	0.00182481751824818	0.0377358490566038	0.403407229441957	0.0221238938053097	0.522193211488251	0	1.18624935864546	1.62700502753172	0.277551020408163	1.1614238410596	7.39942132818958	2.00143853048578	1.88403519798869
"CPA4"	0.234471410941999	0.000226586102719033	0	0	0.000143256213738271	0	0	0	0.000649434991557345	0	0	0	0.0471770230424812	0	0.00652741514360313	0	0.104669061056952	0.0153220014364376	0	0.0124172185430464	4.7234775420226	0.156246541994025	0.136706473915776
"NUPR1"	0.383792677910325	0.000604229607250755	0.00047705371624845	0	0.00128930592364444	0.0001998135073931	0.000369594677836639	0	0.000779321989868814	0	0	0	0.0879108878453642	0.00442477876106195	0.180156657963446	0	0.487429451000513	0.998802968637778	0.0326530612244898	3.40066225165563	5.60319647285754	3.19121389841762	2.57165304839723
"NDRG2"	0.650143973673385	0.0157099697885196	0.0284324014884076	0.0132009204311493	0.0177637705035456	0.0172505661382709	0.0287051866453123	0.00359173900029931	0.00857254188855695	0.0266240681576145	0.0164233576642336	0.0188679245283019	0.0725128317134433	0.0206489675516224	0.137075718015666	0.0303030303030303	0.354540790148794	0.263107493416327	0.0489795918367347	0.199227373068433	4.62152108018738	0.547526834126369	0.976744186046512
"GADD45B"	3.10119292472234	1.17598187311178	1.00400725121649	0.81058495821727	1.39309505049782	1.32076728386839	0.409634101268942	1.03292427416941	0.583971944408365	0.607383741569045	0.723540145985402	1.21698113207547	0.621054930654144	1.58997050147493	1.59399477806789	1.24242424242424	2.97691123653155	5.59133349293752	3.48979591836735	6.05849889624724	18.7468999724442	6.68396591789311	11.1756756756757
"KLK10"	0.224393253805019	0.000151057401812689	0	0.000121109361753664	0.000286512427476542	0	0	0	0.000194830497467204	0	0	0	0.0495795566233483	0	0.0587467362924282	0	0.109799897383273	0.0885803208044051	0	0.0516004415011038	5.55318269495729	1.5334734978422	0.214330609679447
"ATF4"	3.20032908268202	0.626283987915408	0.505104474763858	0.661620443260264	1.29675524675883	0.571666444651659	0.350006159911297	1.21580365160132	0.703208208858293	0.40610578629748	0.404197080291971	2.80188679245283	0.497870481598777	1.03982300884956	1.32375979112272	0.409090909090909	1.18573627501283	3.05123294230309	0.23265306122449	1.47792494481236	8.83879856709837	2.18247205931172	2.83720930232558
"KRT80"	0.137597696421226	0.000226586102719033	0	0	0.000286512427476542	0	0	0	0.000779321989868814	0	0	0	0.0340722944195697	0	0.00522193211488251	0	0.0697793740379682	0.0311228154177639	0	0.0154525386313466	4.87131441168366	0.445723138209583	0.151791326209931
"JPT1"	4.82208967503085	0.000830815709969789	0.00038164297299876	0.000484437447014654	0.0100995630685481	0.000133209004928733	0.00135518048540101	0	0.00759838940122094	0.00035498757543486	0.0072992700729927	0.00943396226415094	0.555749699683302	0.0132743362831858	1.37728459530026	0	1.04976911236532	0.64735456068949	0.224489795918367	0.578366445916115	5.43414163681455	2.28162000663937	0.719987429289755
"RNASE1"	0.142122583299054	0.00649546827794562	0.00038164297299876	0.00278551532033426	0.0390373182436788	0.00306380711336086	0.000369594677836639	0.000897934750074828	0.015651383296532	0	0	0	0.0261002511739653	0.00884955752212389	0.676240208877285	0.00757575757575758	9.08876346844536	3.98850849892267	0.122448979591837	0.173841059602649	0.0699917332598512	0.0876397034414075	0.0744814582023884
"C1QA"	0.100575894693542	0.083987915407855	0.000763285945997519	0.0245852004359937	0.0822290666857675	0.00739309977354469	0.00135518048540101	1.79766536964981	0.0071437849071308	0.00248491302804402	0	0.0943396226415094	0.00971934039532598	0.0147492625368732	0.703655352480418	0	5.89327860441252	0.0483600670337563	0.0285714285714286	0.139072847682119	0.0172223753100028	0.0522297222529601	0.0138277812696417
"C1QB"	0.0606746194981489	0.0278700906344411	0.00038164297299876	0.00714545234346615	0.0235656471599456	0.00213134407885973	0.000492792903782186	0.675546243639629	0.00240290946876218	0.00035498757543486	0	0.0471698113207547	0.00655236431145572	0.00442477876106195	0.814621409921671	0	5.40584915341201	0.0342350969595403	0.036734693877551	0.134933774834437	0.0141912372554423	0.041385415513998	0.0307982401005657
"FTL"	194.976758535582	26.1888217522659	8.63524472855643	20.744822574785	83.1125277558914	17.9992007459704	7.59184427744241	158.184675246932	44.2161319651903	9.21441249556266	7.98540145985401	35.1037735849057	13.8271267882494	22.9513274336283	29.6762402088773	6.56060606060606	335.684966649564	19.3981326310749	17.7591836734694	52.2039183222958	155.063516120143	13.0525616908266	49.2510999371464
"CTSB"	1.68017276840806	0.554833836858006	0.202557007919092	0.333535182269589	2.48305995272545	0.413347542293859	0.121473450782309	1.90811134390901	1.24736978828419	0.0727724529641463	0.139598540145985	0.60377358490566	0.302282406901824	1.86725663716814	1.30939947780679	0.21969696969697	12.2642380708055	1.70936078525257	0.326530612244898	2.26407284768212	1.62386332322954	1.98904503706982	1.74858579509742
"MRC1"	0.285479226655697	0.00415407854984894	0.00124033966224597	0.00145331234104396	0.0251414655110665	0.0013986945517517	0.000246396451891093	0.0011972463334331	0.00201324847382777	0	0.010036496350365	0	0.00600633395216774	0.0339233038348083	0.152741514360313	0	3.5079527963058	0.13191285611683	0.00816326530612245	0.0557395143487859	0.00923119316616148	0.0202500829921434	0.0122564424890006
"C1QC"	0.0351707116412999	0.00219033232628399	0	0.000847765532275645	0.00737769500752095	0.000133209004928733	0.000123198225945546	0.0912900329242742	0.00071437849071308	0.00035498757543486	0	0	0.00491427323359179	0.00294985250737463	0.29242819843342	0	3.46998460749102	0.0129279387119943	0.0408163265306122	0.0571192052980132	0.0170845963075227	0.0156025229611597	0.00659962287869265
"CXCL8"	2.48128342245989	0.977190332326284	0.0436027096651083	0.5405110815066	6.10830169758613	0.769548421473292	0.0356042872982629	1.49536067045795	3.4597999740226	0.0383386581469649	0.0401459854014599	0.405660377358491	0.156710713115649	0.382005899705015	1.04830287206266	0.0606060606060606	21.4012314007183	2.10294469715107	0.0775510204081633	1.53559602649007	1.78451364012125	0.530153812105787	0.405719673161534
"GPR183"	4.16454134101193	0.262764350453172	1.05171262284133	0.787574179484074	0.830384642933887	0.316104968695884	0.538745842059874	0.0811134390900928	0.203532926354072	0.098686545970891	0.58485401459854	0.452830188679245	0.574751556186524	5.28761061946903	0.976501305483029	1.0530303030303	6.58594150846588	0.0794828824515202	0.224489795918367	0.168046357615894	0.131441168365941	0.0632953413743499	0.13953488372093
"INSIG1"	0.951871657754011	0.186555891238671	0.0860604904112203	0.137095797505147	0.321681827949287	0.118622618889037	0.0571639768387335	1.17898832684825	0.10033770619561	0.0585729499467519	0.0958029197080292	0.254716981132075	0.162607840995959	0.215339233038348	0.617493472584856	0.0909090909090909	3.83991790661878	1.5242997366531	0.179591836734694	1.03835540838852	0.734499862220998	0.535575965475268	0.440289126335638
"STAB1"	0.113122171945701	0.0896525679758308	0.0102089495277168	0.0559525251301926	0.426330492085094	0.068136406021047	0.0107182456572625	0.114337024842861	0.281659955838421	0.0120695775647852	0.0109489051094891	0.0660377358490566	0.0168177350660697	0.0412979351032448	0.097911227154047	0.00757575757575758	2.10261672652642	0.773761072540101	0.0285714285714286	0.0353200883002208	0.0238357674290438	0.0244550182582716	0.0282840980515399
"CTSZ"	7.07610037021802	0.621978851963746	0.12937696784658	0.976141455734528	2.46457990115321	0.405421606500599	0.068991006529506	3.07333133792278	1.20788414079751	0.0550230741924033	0.152372262773723	1.32075471698113	0.193622365403516	2.93952802359882	1.07702349869452	0.0984848484848485	6.41046690610569	1.09480488388796	0.13469387755102	1.11092715231788	0.211215210801874	0.125705433218989	1.78566939032055
"CTSL"	0.189633895516248	0.0530211480362538	0.0266195973666635	0.0185297323483105	0.081441157510207	0.0133209004928733	0.041271405691758	0.81592337623466	0.0268216651513184	0.00390486332978346	0.0072992700729927	0.0188679245283019	0.0753521895817407	0.0191740412979351	0.143603133159269	0.0454545454545455	3.4361210877373	0.775676322719655	0.036734693877551	3.47130242825607	2.15637916781482	0.785880270001107	1.3240100565682
"DAB2"	0.129164952694364	0.115785498489426	0.00181280412174411	0.014048685963425	0.0749229997851157	0.0223125083255628	0.000739189355673278	0.05208021550434	0.0263670606572282	0.00141995030173944	0.000912408759124088	0.0283018867924528	0.0356011794255761	1.19174041297935	0.204960835509138	0	2.1836839404823	1.07349772564041	0.0163265306122449	2.3076710816777	0.0143290162579223	0.0289919220980414	0.473915776241358
"IER3"	3.70793911970383	0.501812688821752	0.0733708615590115	0.239312098825239	2.66571162524174	0.409684294658319	0.0503880744117285	0.469320562705777	1.16346278737498	0.0482783102591409	0.0666058394160584	0.490566037735849	0.175930981762586	0.262536873156342	1.43994778067885	0.0984848484848485	7.12467932272961	6.58439071103663	1.02448979591837	11.8995584988962	3.43841278589143	6.90870864224853	6.00282840980515
"FPR3"	0.205882352941176	0.00445619335347432	0.00019082148649938	0.00242218723507327	0.0366735907169973	0.00286399360596776	0.000123198225945546	0.0263394193355283	0.00253279646707365	0.00035498757543486	0.000912408759124088	0	0.00600633395216774	0.00294985250737463	0.0274151436031332	0	1.54335556695741	0.00718218817333014	0.0489795918367347	0.0135209713024283	0.0155690272802425	0.00475821622219763	0.00848522941546197
"NPC2"	3.15857671740025	0.954380664652568	0.343383264955634	0.900084776553228	3.41537139173412	0.61515918476089	0.306024393248737	5.69380425022448	1.3352383426419	0.255591054313099	0.260036496350365	2.02830188679245	0.320410614830185	6.99115044247788	1.0757180156658	0.401515151515151	6.02103642893792	2.81493895140053	0.995918367346939	2.91418322295806	0.670983742077707	1.75268341263694	2.48428661219359
"TGFBI"	0.623200329082682	0.307099697885196	0.0133575040549566	0.168947559646361	1.45376405701597	0.206407353137072	0.00874707404213379	0.968572283747381	0.831276789193402	0.00816471423500177	0.0145985401459854	0.19811320754717	0.0385497433657311	1.83185840707965	0.31331592689295	0.053030303030303	3.17855310415598	0.0766100071821882	0.00816326530612245	0.569812362030905	0.0278313585009645	0.212570543321899	1.67001885606537
"CD14"	0.425750719868367	0.796450151057402	0.0288140444614064	0.468935448710185	4.1276412864408	0.594578393499401	0.0282123937415301	0.76384316073032	2.71756072217171	0.0276890308839191	0.0364963503649635	0.613207547169811	0.0834334388992028	0.303834808259587	0.506527415143603	0.0606060606060606	5.1118522319138	0.225760114915011	0.0326530612244898	0.132726269315673	0.049875998897768	0.0978200730330862	0.131992457573853
"GLUL"	0.600370218017277	0.439425981873112	0.138631809941799	0.250938597553591	1.63018408423465	0.33861729052884	0.0581495626462979	1.46513020053876	0.878165995583842	0.0255591054313099	0.0501824817518248	0.254716981132075	0.197007753631102	0.482300884955752	0.68798955613577	0.0454545454545455	3.94817855310416	2.2283935839119	1.38367346938776	2.70033112582781	0.458115183246073	1.06185681088857	1.43180389692018
"MS4A7"	0.710407239819005	0.513066465256798	0.0105905925007156	0.28497032820637	1.33844280495667	0.171972825362995	0.0107182456572625	6.97366058066447	0.591440446811274	0.0124245651402201	0.0109489051094891	0.283018867924528	0.0439008408867533	0.163716814159292	0.20757180156658	0.0151515151515152	2.52437147255003	0.0105338759875509	0.0489795918367347	0.0245584988962472	0.0370625516671259	0.0113975876950315	0.0232558139534884
"SAT1"	29.6548745372275	4.48489425981873	1.41808987692014	3.27322272011626	13.5686555404341	2.9594378579992	0.623629419736356	30.6064052678839	5.94590206520327	0.698615548455804	1.84671532846715	5.17924528301887	1.74904444687125	3.23451327433628	4.47389033942559	2.87121212121212	24.306824012314	22.6466363418722	1.64489795918367	5.50524282560706	4.43069716175255	5.94057762531814	15.1125078566939
"FCGR2A"	0.36096256684492	0.289274924471299	0.0108768247304647	0.15998546687659	1.37024568440656	0.170041294791528	0.00899347049402489	1.32624962586052	0.599623327704897	0.0159744408945687	0.0118613138686131	0.207547169811321	0.0283935786829748	0.129793510324484	0.24934725848564	0.0303030303030303	2.53617239610056	0.034713909504429	0.0448979591836735	0.04939293598234	0.0108845411959217	0.0171517096381543	0.0452545568824639
"PLAUR"	0.72192513368984	0.278172205438066	0.023375632096174	0.140607968996003	1.2891626674307	0.182629545757293	0.0134286066280646	1.12630948817719	0.667684114820106	0.0131345402910898	0.0136861313868613	0.207547169811321	0.0639947581085508	0.255162241887906	0.283289817232376	0.0151515151515152	3.41097998973833	0.359348814938951	0.395918367346939	0.817604856512141	0.802838247451088	0.448157574416289	0.410747957259585
"FCER1G"	4.63039901275195	3.80067975830816	0.067073752504532	1.04565822938113	6.73762624453836	0.987078726521913	0.0688678083035604	18.3774319066148	3.42284712300299	0.222932197373092	0.128649635036496	1.5	0.294419569728077	7.68879056047198	1.69712793733681	0.0833333333333333	8.15905592611596	0.0620062245630836	3.06530612244898	0.0949227373068433	0.103472030862497	0.0636273099479916	0.0716530483972345
"FCGRT"	1.96544631838749	0.568504531722054	0.148363705753268	0.422187235073271	2.3606475180861	0.411615825229786	0.193421214734508	2.34390900927866	1.16690479283024	0.192403265885694	0.127737226277372	0.839622641509434	0.0993775253904117	1.84808259587021	0.677545691906005	0.113636363636364	3.36326321190354	2.40890591333493	0.0775510204081633	1.78366445916115	0.12744557729402	0.311165209693482	1.09648020113136
"C5AR1"	0.428630193336076	0.416087613293051	0.0118309321629615	0.209398086472084	1.70345963756178	0.227454375915812	0.0121966243686091	3.05776713558815	0.946486556695675	0.00958466453674121	0.010036496350365	0.320754716981132	0.0386589494375887	0.166666666666667	0.177545691906005	0.0454545454545455	2.53976398152899	0.050993536030644	0.342857142857143	0.0560154525386313	0.074951777349132	0.0459223193537678	0.0458830923947203
"RBPJ"	1.65117235705471	0.364199395770393	0.317526953534968	0.312946590771467	1.05780388224339	0.338683895031304	0.210545768140939	0.843160730320263	0.544811014417457	0.22861199858005	0.261861313868613	0.30188679245283	0.524735175275745	0.448377581120944	1.13838120104439	0.371212121212121	2.86505900461775	1.51903279865932	0.126530612244898	1.75165562913907	0.309451639570129	0.640810003319686	1.47014456316782
"CSF1R"	0.39572192513369	0.245770392749245	0.00486594790573419	0.115538331112995	0.768784471026431	0.0980418276275476	0.00554392016754959	2.70338222089195	0.25379919470061	0.00567980120695776	0.010036496350365	0.160377358490566	0.0162717047067817	0.165191740412979	0.118798955613577	0.00757575757575758	1.39353514622884	0.0363897534115394	0.00408163265306122	0.0449779249448124	0.00799118214384128	0.0255615801704105	0.166561910747957
"RBM47"	0.791855203619909	0.138444108761329	0.00400725121648698	0.0898631464212184	0.671226989470668	0.096110297056081	0.0050511272637674	0.467225381622269	0.436615144824003	0.00283990060347888	0.0072992700729927	0.509433962264151	0.0328710276291362	0.348082595870207	0.14621409921671	0	2.22626988199076	0.0976777591572899	0.0326530612244898	0.115066225165563	0.413061449435106	0.695474161779352	0.0914519170333124
"SRGN"	18.1916906622789	5.27009063444109	2.22211621028528	1.94901295870171	13.6514576319748	4.05428266950846	0.676235062215104	11.4759054175397	7.09709053123782	0.624423145189918	1.90693430656934	7.21698113207547	3.33493502238724	6.85693215339233	6.18276762402089	2.35606060606061	17.619291944587	2.97653818530045	8.13469387755102	0.330298013245033	0.574125103334252	0.176717937368596	0.464173475801383
"AIF1"	5.13615795968737	3.18361027190332	0.210094456635817	1.57103064066852	11.2023494019053	1.60949780205142	0.62572378957743	28.3597725231966	5.22496428107546	1.31487397941072	0.16970802919708	2.5188679245283	0.225292126242219	2.27728613569322	1.87467362924282	0.318181818181818	8.59671626475116	0.0684701939190807	0.130612244897959	0.146523178807947	0.0407825847340865	0.0752462100254509	0.0292269013199246
"MS4A6A"	2.093171534348	0.698867069486405	0.0411220303406164	0.402446409107424	3.9623952438937	0.531903556680432	0.0226684735739805	1.06854235258905	2.06156643719964	0.0173943911963081	0.0218978102189781	0.858490566037736	0.0634487277492629	2.72861356932153	0.54177545691906	0.0757575757575758	3.19343252950231	0.0277711276035432	0.102040816326531	0.0601545253863135	0.00385781206944062	0.0257828925528383	0.00628535512256443
"SOD2"	1.64294529000411	1.01057401812689	0.511210762331839	0.707642000726656	4.19640426903517	0.777873984281337	0.306270789700628	3.97815025441485	2.29984413560203	0.270855520056798	0.418795620437956	0.981132075471698	0.28885006006334	0.821533923303835	1.63054830287206	0.409090909090909	9.02206259620318	6.88556380177161	0.102040816326531	20.6628035320088	0.897630201157344	5.77990483567556	3.61659333752357
"CTSC"	2.32558617852736	1.05687311178248	0.373533059822536	0.32033426183844	0.855740992765561	0.810976422006128	0.17481828261673	2.88506435199042	0.446746330692298	0.229676961306354	0.437956204379562	0.69811320754717	0.449929016053293	3.1622418879056	1.84856396866841	0.424242424242424	3.48486403283735	1.6090495570984	0.359183673469388	1.99806843267108	0.140672361532102	1.75578178599093	1.84663733500943
"CTSD"	1.09934183463595	1.51412386706949	0.281080049613587	0.628557587501514	3.74693789843134	0.968762488344212	0.241838117531108	2.54384914696199	3.07351604104429	0.301384451544196	0.302007299270073	1.43396226415094	0.410724036256416	1.0353982300885	1.31201044386423	0.28030303030303	7.65982555156491	1.06799138137419	1.01632653061224	1.45833333333333	1.46913750344448	3.91224964036738	4.34663733500943
"NAMPT"	2.48395721925134	1.18980362537764	0.188149985688389	0.679544628799806	6.00952653821359	0.849007592913281	0.106073672539115	5.31367853935947	2.65489024548643	0.123890663826766	0.177007299270073	0.745283018867924	0.470787375778093	0.797935103244838	1.7088772845953	0.189393939393939	7.5910723447922	3.84486473545607	0.685714285714286	8.01738410596026	1.44943510608983	2.93261037955074	5.62664990571967
"TPSB2"	0.000822706705059646	0.00113293051359517	0.000572464459498139	0	0.000214884320607406	0	0	0	0.00850759838940122	0	0	0	0.0375668887190128	0	0.450391644908616	0	0.00410466906105695	0.100550634426622	27.5387755102041	0.0480132450331126	0.0279691375034445	0.0902954520305411	0.0210559396605908
"HPGD"	0.110242698477993	0.0416163141993958	0.0571510352065643	0.0151386702192079	0.0113172408853234	0.060676701745038	0.0181101392139953	0.00778210116731518	0.017859462267827	0.078452254171104	0.243613138686131	0.188679245283019	0.245058425248444	0.0294985250737463	0.808093994778068	0.0454545454545455	0.102616726526424	0.0471630356715346	21.8857142857143	0.176876379690949	0.37531000275558	0.143853048578068	0.474858579509742
"TPSAB1"	0.000205676676264912	0.000604229607250755	0.00038164297299876	0	0.000143256213738271	0	0	0.000299311583358276	0.00480581893752435	0	0	0	0.026973899748826	0	0.31201044386423	0	0.00461775269368907	0.0608091932008619	19.2367346938776	0.0284216335540839	0.0118489942132819	0.0410534469403563	0.0128849780012571
"CTSG"	0.00205676676264912	0.0020392749244713	0.000858696689247209	0.000726656170521981	0.00379628966406418	0.00173171706407353	0.000123198225945546	0	0.0119496038446551	0	0	0	0.0230424811619526	0.0176991150442478	0.159268929503916	0	0.00205233453052848	0.0651185061048599	15.5387755102041	0.0452538631346578	0.00909341416368145	0.0590904061082218	0.00785669390320553
"CPA3"	0.000205676676264912	0.000226586102719033	0.00038164297299876	0	0.000143256213738271	0	0	0	0.00461098844005715	0	0.000912408759124088	0	0.0185650322157912	0.0634218289085546	0.168407310704961	0	0.000513083632632119	0.0167584390711037	9.16734693877551	0.0160044150110375	0.00785340314136126	0.0234591125373465	0.00125707102451289
"HPGDS"	0.00205676676264912	0.000453172205438066	0.00524759087873295	0.000605546808768318	0.000358140534345677	0.000266418009857466	0.000615991129727732	0	0.00136381348227042	0	0.000912408759124088	0	0.00644315823959812	0.0737463126843658	0.0992167101827676	0	0.0323242688558235	0.0122097198946612	2.30204081632653	0.00910596026490066	0.00234224304216037	0.0116189000774593	0.00219987429289755
"MS4A2"	0.0213903743315508	0.000302114803625378	0	0.000363328085260991	0.000143256213738271	6.66045024643666e-05	0.000123198225945546	0	0.00123392648395896	0	0	0	0.0156164682756361	0.0176991150442478	0.0953002610966057	0	0.00461775269368907	0.0100550634426622	2.75102040816327	0.00689845474613687	0.00537338109672086	0.00918446387075357	0.0059710873664362
"CMA1"	0	0	0	0	0	0	0	0	0.000844265489024549	0	0	0	0.00349459429944305	0.00147492625368732	0.0365535248041775	0	0.000513083632632119	0.0122097198946612	2.39183673469388	0.00413907284768212	0.0012400110223202	0.0122828372247427	0.00188560653676933
"KIT"	0.0429864253393665	0.00377643504531722	0.00353019750023853	0.000726656170521981	0.000286512427476542	0.00113227654189423	0.000123198225945546	0	0.0018833614755163	0	0	0	0.0442284591023261	0.0191740412979351	0.0496083550913838	0	0.0102616726526424	0.0416566914053148	2.13061224489796	0.0137969094922737	0.0254891154588041	0.0143853048578068	1.14267756128221
"LTC4S"	0.0664335664335664	0.00755287009063444	0.019082148649938	0.00254329659682693	0.00737769500752095	0.00972425735979752	0.00320315387458421	0.00149655791679138	0.00409144044681127	0.00993965211217607	0.00273722627737226	0.0377358490566038	0.032652615485421	0.0147492625368732	0.12532637075718	0.0227272727272727	0.262698819907645	0.2240842710079	2.23673469387755	0.0860927152317881	0.00895563516120143	0.057762531813655	0.01414204902577
"GATA2"	0.000617030028794735	0.000302114803625378	9.54107432496899e-05	0.000242218723507327	0.000286512427476542	0	0.000123198225945546	0	0.000974152487336018	0	0	0	0.00731680681445888	0.135693215339233	0.0469973890339426	0	0.00564391995895331	0.876226957146277	1.84897959183673	0.011037527593819	0.00427114907688068	0.0112869315038176	0.041169076052797
"HDC"	0.000205676676264912	0.000302114803625378	0	0	0	0	0.000123198225945546	0	0.000324717495778673	0	0	0	0.00447744894616141	0	0.0496083550913838	0	0.00205233453052848	0.00790040699066316	1.70204081632653	0.00441501103752759	0.000413337007440066	0.0070819962376895	0.00314267756128221
"VWA5A"	0.0263266145619087	0.0158610271903323	0.0084915561492224	0.0124742642606273	0.0196977293890123	0.00785933129079526	0.0102254527534804	0.0236456150853038	0.015651383296532	0.0070997515086972	0.0118613138686131	0.0188679245283019	0.022387244730807	0.0265486725663717	0.0522193211488251	0.00757575757575758	0.0569522832221652	0.147474263825712	1.1265306122449	0.166114790286976	0.00785340314136126	0.088192984397477	0.0798240100565682
"ARHGAP18"	0.293911970382559	0.127945619335347	0.0510447476385841	0.064066852367688	0.181505622806389	0.102704142800053	0.013305408402119	0.148458545345705	0.103649824652552	0.0113596024139155	0.0565693430656934	0.235849056603774	0.0952276946598231	0.398230088495575	0.348563968668407	0.0757575757575758	1.16983068240123	0.477615513526454	1.2530612244898	0.249172185430464	0.0144667952604023	0.132455460883036	0.225015713387806
"SELENOK"	1.15713698066639	0.000906344410876133	0.00333937601373915	0.000968874894029308	0.0257861184728888	0.000133209004928733	0.0018479733891832	0	0.0167554227821795	0.00035498757543486	0.00456204379562044	0.377358490566038	0.607404171671945	0.0781710914454277	0.436031331592689	0	1.72857875833761	1.35551831457984	2.24897959183673	1.23758278145695	2.3917057040507	1.29047250193648	2.70333123821496
"LGALS3"	4.04257507198684	0.696450151057402	0.320770918805457	0.371442412498486	2.80560131795717	0.478420141201545	0.0202045090550696	3.09368452559114	1.29964930510456	0.0205892793752219	0.494525547445255	1.44339622641509	0.898329147100579	0.240412979351032	1.74412532637076	0.0909090909090909	4.82657773217034	7.99114196791956	5.85714285714286	9.58029801324503	3.768944612841	8.76319575080226	7.96448774355751
"SEPTIN7"	0.0479226655697244	0.000830815709969789	0.00200362560824349	0.000605546808768318	0.00737769500752095	0.000133209004928733	0.00221756806701984	0	0.0104559033640733	0.00035498757543486	0.0109489051094891	0.0660377358490566	0.273233591787703	0.0575221238938053	0.985639686684073	0	0.639815289892252	3.1841034235097	1.06530612244898	2.47075055187638	0.043951501791127	2.29534137434989	7.10967944688875
"ANXA1"	7.13039901275195	3.58262839879154	4.0316763667589	1.29017803076178	7.87780244968125	3.59750899160783	1.0427497844031	5.91888656090991	5.35855305883881	0.656727014554491	0.799270072992701	1.08490566037736	1.65152342470241	1.74631268436578	5.98302872062663	3.64393939393939	3.96305797845049	6.28513287048121	8.52244897959184	8.05656732891832	14.2880958941857	7.70963815425473	3.76869893148963
"VIM"	42.9300699300699	6.12114803625378	7.64602614254365	4.46530216785758	19.0512140964114	5.93579325962435	3.53788345447826	13.3953906016163	11.9866216391739	4.30848420305289	5.0456204379562	18.7735849056604	4.89232281314841	12.5044247787611	25.8629242819843	4.99242424242424	21.4489481785531	70.0316016279627	13.3142857142857	62.3990066225166	0.93868834389639	1.49596104902069	71.26461345066
"LMNA"	1.40189222542164	0.141163141993958	0.255605381165919	0.0714545234346615	0.582264880739202	0.118023178366858	0.00640630774916841	0.136486082011374	0.0842966619041434	0.00567980120695776	0.286496350364964	0.566037735849057	0.6103527356121	0.115044247787611	2.40600522193211	0.121212121212121	3.47665469471524	9.89059133349294	2.4530612244898	7.69674392935982	1.07839625241113	7.59732212017262	9.463230672533
"PRDX1"	5.16125051419169	0.591389728096677	0.759374105524282	0.675184691776674	1.18551679679106	0.615292393765819	0.364173955895035	1.92726728524394	0.683984933108196	0.416755413560525	0.779197080291971	3.95283018867925	0.929343671508136	1.15634218289086	5.51958224543081	0.583333333333333	4.18676244227809	5.251615992339	3.08979591836735	4.10292494481236	0.829842931937173	9.40854265796171	5.04399748585795
"CAPG"	3.73118058412176	0.319712990936556	0.205705562446331	0.506358241492067	1.39373970345964	0.244838151059012	0.0427497844031046	0.459443280454954	0.924730484478504	0.0266240681576145	0.0602189781021898	0.575471698113208	0.297149721524517	1.5811209439528	0.951697127937337	0.159090909090909	2.28527449974346	0.38520469236294	1.58775510204082	0.437362030905077	0.218930834940755	1.83667146176829	0.674732872407291
"RNASEK"	0.599341834635952	0.143202416918429	0.0879687052762141	0.124984861329781	0.274478905522527	0.122086053017184	0.0496488850560552	0.306195749775516	0.144369398623198	0.0461483848065318	0.0848540145985401	0.283018867924528	0.338757234902261	0.278761061946903	0.891644908616188	0.0606060606060606	1.84710107747563	3.46301173090735	1.26938775510204	2.26241721854305	0.151832460732984	2.78676551953082	2.0556253928347
"ATP5MC2"	5.08227067050596	0.00249244712990937	0.000667875202747829	0.00230107787331961	0.0221330850225629	0.000133209004928733	0.00455833435998522	0.000299311583358276	0.0306533316015067	0	0.00547445255474453	0.10377358490566	1.50060063339522	0.079646017699115	1.61227154046997	0	2.603899435608	4.07134306918841	1.00408163265306	2.7712472406181	0.823780655828052	6.06982405665597	5.561282212445
"PLIN2"	0.419991772932949	0.244864048338369	0.2461597175842	0.162165435388156	0.435427261657474	0.26814972692154	0.162498460022176	0.663573780305298	0.225613716067022	0.175363862264821	0.153284671532847	0.283018867924528	0.267773288194824	0.132743362831858	0.768929503916449	0.272727272727273	2.81426372498717	2.18003351687814	1.50612244897959	3.49254966887417	0.668503720033067	0.908487329866106	1.12507856693903
"CLIC1"	4.67050596462361	2.52515105740181	1.52619024902204	2.07533002301078	3.28694219611776	2.08412148661249	0.418504373537021	4.37264292128105	1.82049616833355	0.443024494142705	1.50912408759124	6.87735849056604	1.35481052746533	2.96902654867257	6.98955613577024	1.4469696969697	3.79322729604926	5.73042853722768	2.6734693877551	2.99862030905077	0.675943786166988	4.2046032975545	3.94028912633564
"SERPINB1"	2.86610448375154	1.10732628398792	0.504818242534109	0.718905171369747	2.51744144402263	0.810909817503663	0.407662929653813	1.91918587249327	1.87245096765814	0.425275115370962	0.367700729927007	0.537735849056604	0.324560445560773	2.02212389380531	1.52088772845953	0.613636363636364	1.69368907131863	0.81900885803208	2.22857142857143	0.585264900662252	0.428906034720309	1.96979085979861	0.472658705216845
"LMO4"	0.72151378033731	0.340407854984894	0.229749069745253	0.343587259295143	0.585488145548313	0.236445983748501	0.0465689294074165	0.787788087398982	0.341343031562541	0.126020589279375	0.0328467153284672	1.29245283018868	0.264497106039096	0.812684365781711	0.781984334203655	0.174242424242424	0.528476141611083	1.06200622456308	1.04081632653061	1.99917218543046	0.116423257095619	1.02622551731769	1.81552482715273
"UBB"	7.22665569724393	3.15007552870091	2.38116591928251	2.81797262928424	2.00308000859537	2.72279206074331	1.4868793889368	3.31068542352589	1.08390700090921	2.08910188143415	1.95164233576642	5.47169811320755	1.75166539259583	5.00294985250738	7.32767624020888	1.98484848484848	3.28219599794767	6.63825712233661	3.0530612244898	6.935706401766	11.12055662717	8.29666924864446	9.57291011942175
"HSP90AA1"	8.56849033319622	4.06283987915408	3.8003053143784	3.24427758265714	3.98868275911468	4.14246703077128	2.23111987187385	6.9060161628255	1.98610209118067	2.82570110046148	3.1286496350365	5.42452830188679	3.09173310036038	7.5117994100295	18.065274151436	3.93939393939394	15.1318624935865	17.8415130476418	6.04081632653061	15.3879690949227	16.6993662165886	22.2012836118181	18.0333123821496
"LAPTM4A"	1.93541752365282	0.481948640483384	0.305218967655758	0.491461789996367	1.03918057445742	0.386439323298255	0.187754096341013	1.29392397485783	0.576373555007144	0.196308129215477	0.276459854014599	0.707547169811321	0.274980888937425	1.32153392330383	0.751958224543081	0.25	1.24320164186762	3.0653579123773	1.39183673469388	5.84271523178808	0.777624689997244	2.48301427464867	5.01791326209931
"SLC2A3"	0.754010695187166	0.711706948640483	0.891708806411602	0.668039239433208	1.54795501754889	0.751365392300519	0.389429592213872	0.29332535169111	1.40933887517859	0.36599219027334	0.566605839416058	0.339622641509434	0.786720541662116	0.293510324483776	1.2976501305483	1.00757575757576	2.56593124679323	7.96887718458224	1.67755102040816	3.42273730684327	0.0458804078258473	0.145291579063849	3.46071653048397
"DAD1"	1.72192513368984	0.794788519637462	1.01870050567694	0.681724597311372	0.598596089105365	0.771613161049687	0.787852654921769	0.827895839568991	0.35673464086245	0.891018814341498	0.829379562043796	4.34905660377358	0.560554766845037	1.7330383480826	2.14621409921671	1.01515151515152	1.00307850179579	2.45439310509935	1.42040816326531	2.57560706401766	0.964177459355194	2.19918114418502	2.73318667504714
"PEBP1"	3.21657754010695	0.566087613293051	1.19416086251312	0.87901174760809	0.373039180574457	0.731916877580924	0.942712824935321	0.397785094283149	0.19275230549422	1.04934327298545	0.982664233576642	5.11320754716981	0.638309490007644	1.82448377581121	2.38250652741514	1.13636363636364	0.920985120574654	1.92793871199425	1.21224489795918	2.79001103752759	0.305456048498209	4.06097156135886	5.03299811439346
"PRDX6"	2.30789798436857	0.571299093655589	0.584009159431352	0.553106455128981	0.798080366735907	0.583655255095244	0.557225575951706	0.860520802155043	0.466424210936485	0.822151224707135	0.528284671532847	1.55660377358491	0.354810527465327	1.60324483775811	1.60313315926893	0.568181818181818	0.656747049769112	1.82116351448408	1.28163265306122	2.54773730684327	0.427114907688068	3.40411641031316	1.88654934003771
"ELF1"	1.21554915672563	0.873942598187311	1.11792767865662	1.03923943320819	1.16195114963112	0.925402957239909	0.737341382284095	1.56330439988028	0.657877646447591	0.850905218317359	0.994525547445255	1.23584905660377	0.690182374140002	1.13569321533923	1.5378590078329	1.46212121212121	1.46280143663417	2.69260234618147	1.17142857142857	1.21771523178808	0.533066960595205	0.902511895540555	1.23821495914519
"SQSTM1"	9.21698889345948	0.682552870090634	0.464936551855739	0.578539421097251	1.31129575245326	0.583388837085387	0.298632499692004	1.12571086501048	0.699831146902195	0.345402910898119	0.460766423357664	1.30188679245283	0.75341268974555	0.694690265486726	0.793733681462141	0.454545454545455	3.01744484350949	5.50921714148911	1.15918367346939	3.04028697571744	4.77128685588316	1.57596547526834	3.56096794468887
"TNFAIP3"	1.38728918140683	1.24380664652568	2.30226123461502	0.491461789996367	1.99047346178641	1.86885573464766	0.670937538499446	0.68931457647411	0.766333290037667	0.752928647497338	0.937956204379562	0.830188679245283	0.51588948345528	0.752212389380531	2.08746736292428	2.25757575757576	3.26526423807081	3.21235336365813	2.17142857142857	2.97958057395143	0.543675943786167	2.01803695916787	2.40446260213702
"NOP53"	4.21596051007816	0.00332326283987915	0.00343478675698884	0.00363328085260991	0.0145405056944345	6.66045024643666e-05	0.00418873968214858	0	0.0639693466683985	0	0.0191605839416058	0.160377358490566	2.21863055585891	0.0811209439528024	0.629242819843342	0	1.21498204207286	3.30859468518075	0.187755102040816	1.93156732891832	1.12524111325434	2.76120393936041	2.97988686360779
"FYB1"	0.499794323323735	0.00158610271903323	0.00209903635149318	0	0.0165460926867703	0.0001998135073931	0.00172477516323765	0	0.0274711001428757	0	0.020985401459854	0	1.12493174620509	0.0206489675516224	0.463446475195822	0	1.39096972806567	0.0756523820924108	0.0204081632653061	0.0631898454746137	0.140534582529622	0.0486887241341153	0.0279698302954117
"ATP5MG"	7.82291238173591	0.00415407854984894	0.00353019750023853	0.00254329659682693	0.0262875152209727	6.66045024643666e-05	0.00332635210052975	0	0.0415638394596701	0.00035498757543486	0.00821167883211679	0.30188679245283	2.3631101889265	0.179941002949853	2.43472584856397	0.0151515151515152	3.67367880964597	3.54584630117309	1.05714285714286	3.25579470198675	2.6186277211353	7.42237468186345	4.89094908862351
"TRIR"	3.56725627313863	0.00226586102719033	0.00171739337849442	0.000968874894029308	0.0116037533127999	6.66045024643666e-05	0.00258716274485647	0	0.028120535134433	0	0.0118613138686131	0.0566037735849057	1.19296712897237	0.0634218289085546	0.860313315926893	0	1.32016418676244	2.54943739525976	0.457142857142857	1.58664459161148	1.83094516395701	2.63251078897864	2.51131363922062
"RPL17"	8.29514603044015	1.24184290030211	2.33679992367141	1.96887489402931	1.26659981376692	1.4893432796057	2.21300973265985	1.41454654295121	0.856994414859073	2.81824636137735	1.65054744525547	3.85849056603774	4.92224527683739	2.68436578171091	7.76762402088773	2.11363636363636	6.00410466906106	20.355039502035	2.46938775510204	18.4897902869757	2.43303940479471	32.4717273431448	13.9349465744815
"ELOB"	5.12607980255039	0.00354984894259819	0.00143116114874535	0.00157442170279763	0.0186949358928444	0.0001998135073931	0.00209436984107429	0	0.0213664112222367	0.00035498757543486	0.0118613138686131	0.283018867924528	1.27661898001529	0.056047197640118	1.33289817232376	0	2.9712673165726	3.63107493416328	0.848979591836735	3.95529801324503	2.42270597960871	6.18291468407657	5.61565053425519
"ATP5F1D"	2.52941176470588	0.0020392749244713	0.00114492891899628	0.000847765532275645	0.0105293317097629	0.0001998135073931	0.00221756806701984	0	0.0183140667619171	0	0.00547445255474453	0.10377358490566	0.923774161843398	0.0442477876106195	1.20757180156658	0.00757575757575758	1.47357619291945	2.51256882930333	0.595918367346939	2.31788079470199	0.68613943235051	6.4936372690052	3.5389692017599
"ATP5MPL"	3.09337721102427	0.00158610271903323	0.000858696689247209	0.000605546808768318	0.0125349187020987	6.66045024643666e-05	0.00221756806701984	0	0.0161709312897779	0	0.0072992700729927	0.160377358490566	0.888937424920826	0.0663716814159292	1.20626631853786	0	2.22062596203181	2.24874311706967	0.453061224489796	2.35292494481236	1.41223477542023	5.3598539338276	3.1781898177247
"ATP5ME"	3.26100370218017	0.00151057401812689	0.000667875202747829	0.000847765532275645	0.010600959816632	6.66045024643666e-05	0.00147837871134656	0	0.0136381348227042	0.00035498757543486	0.0072992700729927	0.254716981132075	0.936551272250737	0.0309734513274336	1.01697127937337	0.00757575757575758	1.95587480759364	2.34905434522384	0.628571428571429	2.17080573951435	0.982639845687517	5.60517870974881	3.93054682589566
"LCK"	0.478815302344714	0.736404833836858	1.1065738002099	0.226837834564612	0.0209870353126567	0.945584121486613	0.916964395712702	0.0170607602514217	0.0674113521236524	1.16080937167199	1.13959854014599	0.254716981132075	1.05569509664737	0.0929203539823009	1.80809399477807	0.954545454545455	0.14520266803489	0.0462054105817572	0.00408163265306122	0.0242825607064018	0.205015155690273	0.0285492973331858	0.0449402891263356
"ATP5MD"	4.90004113533525	0.00219033232628399	0.00038164297299876	0.00108998425578297	0.0156865554043407	6.66045024643666e-05	0.00209436984107429	0	0.0148720613066632	0	0.00547445255474453	0.122641509433962	0.976083870263187	0.0693215339233038	1.22715404699739	0	2.12981015905593	2.9238688053627	0.718367346938775	2.5733995584989	1.66960595205291	6.60838773929401	4.53142677561282
"ACAP1"	0.974701768819416	0.677567975830816	0.940368285468944	0.657623834322393	0.224195974500394	0.773677900626082	0.765184181347789	0.0553726429212811	0.217560722171711	0.97373091941782	0.85948905109489	0.594339622641509	0.991154308179535	0.64306784660767	0.903394255874674	0.856060606060606	0.305284761416111	0.067991381374192	0.0408163265306122	0.121412803532009	0.421603747588867	0.0895208586920438	0.131678189817725
"RPL31"	21.0643767996709	3.98700906344411	7.73189581146837	6.74845585563764	4.68877587565361	4.71486612495005	8.77491684119749	4.61239149955103	3.10163657617872	10.0685126020589	5.83029197080292	7.31132075471698	6.53019547886862	8.83480825958702	7.54308093994778	7.79545454545455	5.23499230374551	8.27819008858032	1.43673469387755	7.29884105960265	8.38261228988702	13.9216554166206	8.44531741043369
"IKZF1"	1.69415878239408	0.80309667673716	0.856311420665967	0.789875257357394	0.780531480552969	0.782669508458772	0.888628803745226	1.78629152948219	0.45005844914924	0.828895988640398	0.614963503649635	0.830188679245283	1.19471442612209	1.35103244837758	1.32245430809399	0.795454545454545	0.627501282709082	0.0335168781422073	0.322448979591837	0.0309050772626932	0.199503995591072	0.0188115525063627	0.0351979886863608
"MIF"	2.94672974084739	0.472205438066465	0.7384791527526	0.54414436235921	0.395745290451973	0.50153190355668	0.509671060736725	0.441783897036815	0.225613716067022	0.561590344337948	0.531934306569343	2.81132075471698	1.39445233154963	0.778761061946903	4.28720626631854	0.575757575757576	1.90764494612622	4.22911180272923	0.824489795918367	5.72847682119205	2.8476164232571	13.9424587805688	5.11187932118165
"RPL36A"	10.0448375154258	2.83262839879154	6.24291575231371	4.66271042751605	3.30900365303345	3.65558811775676	5.62720216828878	4.88775815624065	1.92921158592025	7.62690805821796	3.63503649635036	8.04716981132075	3.97280768810746	5.35398230088496	6.911227154047	5.71969696969697	3.93689071318625	5.67536509456548	1.09795918367347	6.67384105960265	3.97974648663544	14.7795728671019	4.42111879321182
"RPL13A"	53.6571369806664	12.9149546827795	26.4088350348249	25.9215211335836	15.6903516940047	15.4954708938324	23.8133546876925	16.5534271176295	10.0119496038447	26.0312389066383	19.4206204379562	26.5566037735849	17.1244949219177	28.1489675516224	26.2402088772846	24.0681818181818	12.4961518727553	19.7512568829303	3.00816326530612	22.9544701986755	16.4492973270874	47.3785548301427	21.7023884349466
"EVL"	0.890991361579597	1.48595166163142	1.87510733708616	1.03209398086472	0.247976505980947	1.3590648727854	1.5187877294567	1.36246632744687	0.192622418495909	1.86510472133475	1.95255474452555	0.679245283018868	1.20399694222999	0.387905604719764	2.1201044386423	2.11363636363636	0.359158542842483	0.632750778070385	0.0612244897959184	0.442328918322296	0.224855332047396	0.387407325439858	0.710559396605908
"RPL41"	126.891608391608	25.2323262839879	48.6002289857838	43.8856727625045	24.9520091683977	31.8657919275343	42.4045829740052	35.367554624364	14.4643460189635	50.5754348597799	33.7244525547445	63.0283018867925	31.4842197226166	41.8097345132743	49.443864229765	43.2651515151515	29.7675731144177	40.4484079482882	9.02857142857143	43.712472406181	35.8032515844585	90.5704326657076	49.5119421747329
"STK4"	6.09625668449198	1.4583836858006	1.66501288045034	1.4414436235921	1.13365804741781	1.37964566404689	1.26660096094616	1.36396288536366	0.788414079750617	1.4266950656727	1.62773722627737	1.68867924528302	1.50027301517964	1.10324483775811	1.87206266318538	1.62878787878788	1.72652642380708	0.610964807277951	0.546938775510204	0.318708609271523	0.706530724717553	0.338386632732101	0.42583280955374
"B2M"	265.193953105718	68.7655589123867	73.5580574372674	48.8263291752452	50.275839839553	74.6894232050087	44.7925341875077	79.1903621670159	26.3517989349266	51.2477813276535	64.7025547445255	112.075471698113	48.0802664628153	67.0368731563422	91.420365535248	81.030303030303	52.747562852745	79.1003112281542	15.8857142857143	48.9108719646799	41.6233122072196	47.6850724798052	84.4704588309239
"OST4"	10.7013574660633	2.05294561933535	2.93168590783322	2.11541722175124	2.19267960747797	2.34241374716931	2.16705679438216	2.7467824004789	1.32250941680738	2.66844160454384	2.14142335766423	8.32075471698113	1.99257398711368	4.62536873156342	3.94255874673629	2.75	2.77424320164187	3.54776155135265	1.75918367346939	3.82312362030905	1.524111325434	4.5661170742503	4.75424261470773
"SOD1"	3.2848621966269	0.978474320241692	1.71958782558916	1.06370352428243	0.613208222906669	1.09431197548954	1.42712824935321	2.25830589643819	0.395181192362644	1.40291089811857	1.77189781021898	1.78301886792453	1.21415310691274	1.21681415929204	3.48563968668407	1.39393939393939	1.02257567983581	2.3698826909265	0.408163265306122	2.39100441501104	0.484155414714797	2.0374017926303	4.01571338780641
"RPL7"	25.7801316330728	6.45196374622356	10.6263715294342	9.98583020467482	11.2859394026216	7.03010523511389	11.3803129234939	10.1960490870997	6.6625535783868	13.1004614838481	8.74543795620438	12.4622641509434	7.22201594408649	13.4631268436578	13.7167101827676	10.0151515151515	5.34735761929194	7.70696672252813	1.62448979591837	10.1600441501104	8.08184072747313	23.9352661281399	7.80829666876178
"PPP2R5C"	1.95063759769642	1.75188821752266	1.85230416944948	0.791570788421945	0.795859895422964	2.25642733448781	0.820130590119502	0.898533373241544	0.525977399662294	0.731274405395811	1.49908759124088	1.10377358490566	1.37086382002839	1.30973451327434	2.60704960835509	1.95454545454545	0.678809645972293	1.24227914771367	0.248979591836735	0.60182119205298	0.258748966657481	0.756224410755782	1.05593966059082
"RAP1B"	3.45948169477581	1.22907854984894	0.584295391661101	0.593556981954705	0.968412004870711	0.976954842147329	0.530984353825305	2.47051780903921	0.557410053253669	0.800141995030174	0.483576642335766	0.877358490566038	1.09937752539041	0.836283185840708	1.98563968668407	0.651515151515151	2.22729604925603	4.54680392626287	0.420408163265306	1.99282560706402	0.684210526315789	1.2476485559367	3.45411690760528
"STMN1"	0.894693541752365	0.161555891238671	0.131666825684572	0.179120746033668	0.031731251343027	0.175636072998535	0.216336084760379	0.0353187668362766	0.0277958176386544	0.273340433084842	0.18978102189781	0.39622641509434	0.235885115212406	2.78318584070796	12.1906005221932	0.0681818181818182	0.396100564391996	2.16064160881015	0.673469387755102	0.653697571743929	0.242904381372279	1.35852605953303	1.43808925204274
"HMGB2"	1.0738379267791	0.823716012084592	0.844480488503005	0.790359694804408	1.10951937540291	0.906820301052351	0.538006652704201	0.904220293325352	1.01688530978049	0.498757543485978	0.960766423357664	0.877358490566038	0.522441847766736	0.848082595870207	15.9595300261097	0.787878787878788	0.487942534633145	1.45559013646158	0.142857142857143	0.747792494481236	0.468035271424635	1.82250746929291	0.71558768070396
"TOP2A"	0.0218017276840806	0.00732628398791541	0.0100181280412174	0.00750878042872714	0.00680467015256787	0.00832556280804582	0.00135518048540101	0.00239449266686621	0.00727367190544227	0.00248491302804402	0.0118613138686131	0.0283018867924528	0.0173637654253576	0.023598820058997	4.20626631853786	0	0.0205233453052848	0.441225760114915	0.00408163265306122	0.314845474613687	0.0108845411959217	0.881708531592343	0.244186046511628
"CENPF"	0.0304401480872069	0.0134441087613293	0.0249022039881691	0.0157442170279763	0.00501396748083948	0.0119222059411216	0.0295675742269311	0.0113738401676145	0.00487076243668009	0.025204117855875	0.0237226277372263	0.0660377358490566	0.0264278693895381	0.023598820058997	3.55744125326371	0.0378787878787879	0.0246280143663417	0.439071103662916	0.00408163265306122	0.205022075055188	0.012537889225682	0.799159012946774	0.155876807039598
"MKI67"	0.0199506375976964	0.00664652567975831	0.00496135864898388	0.00339106212910258	0.00522885180144689	0.00552817370454243	0.00221756806701984	0.000897934750074828	0.00506559293414729	0.00958466453674121	0.0182481751824818	0.0471698113207547	0.0108114011139019	0.00442477876106195	4.0378590078329	0.00757575757575758	0.0179579271421242	0.241321522623893	0	0.133002207505519	0.00482226508680077	0.602190992586035	0.100251414204903
"NUSAP1"	0.0715754833401892	0.0129909365558912	0.0136437362847057	0.0196197166040935	0.0262875152209727	0.0143199680298388	0.00246396451891093	0.0197545645016462	0.0155214962982205	0.00248491302804402	0.0301094890510949	0.113207547169811	0.0374576826471552	0.0737463126843658	3.22062663185379	0	0.0359158542842483	0.255685898970553	0.00408163265306122	0.219646799116998	0.161476990906586	0.718048024786987	0.130421118793212
"TYMS"	0.0368161250514192	0.00483383685800604	0.00133575040549566	0.00278551532033426	0.000859537282429625	0.0023977620887172	0.00135518048540101	0	0.00136381348227042	0.00070997515086972	0.00456204379562044	0.0943396226415094	0.0174729714972152	0.028023598820059	3.6331592689295	0.00757575757575758	0.0292457670600308	0.570744553507302	0.0408163265306122	0.295253863134658	0.00881785615872141	0.402124598871307	0.411062225015713
"PTTG1"	0.236939531057178	0.0486404833836858	0.064306840950291	0.0472326510839288	0.0198409856027505	0.0799920074597043	0.0220524824442528	0.0311284046692607	0.0133783608260813	0.0241391551295705	0.196167883211679	0.575471698113208	0.149721524516763	0.0855457227138643	3.50783289817232	0.053030303030303	0.232939969214982	0.404117787886043	0.0612244897959184	0.363134657836645	0.364425461559658	1.88027000110656	0.512570710245129
"HMGB1"	6.2420814479638	3.93587613293051	3.84953725789524	4.22368899115902	4.30663992550677	3.76715065938457	2.76037945053591	4.2496258605208	2.55591635277309	2.98402555910543	3.07116788321168	6.92452830188679	2.23097084197881	6.79498525073746	27.8655352480418	3.71212121212121	3.297075423294	9.44553507301891	1.55918367346939	7.38162251655629	0.99986222099752	12.3995795064734	8.40603394091766
"PCNA"	0.373303167420814	0.105815709969789	0.0951245110199408	0.0732711638609665	0.0800802234796934	0.0840548821100306	0.0581495626462979	0.125411553427118	0.0470840368879075	0.0681576144834931	0.0802919708029197	0.188679245283019	0.101124822540133	0.156342182890855	3.18537859007833	0.0757575757575758	0.181118522319138	0.730189130955231	0.0857142857142857	0.427704194260486	0.136952328465142	1.03917229168972	0.617850408548083
"RRM2"	0.00740436034553682	0.0074773413897281	0.00047705371624845	0.000968874894029308	0.00171907456485925	0.00246436659118156	0.000985585807564371	0.00179586950014966	0.00201324847382777	0	0.00364963503649635	0.0283018867924528	0.00677077645517091	0.00442477876106195	2.39686684073107	0.0151515151515152	0.0123140071831709	0.216423270289682	0	0.106512141280353	0.00923119316616148	0.43543211242669	0.108736643620365
"BIRC5"	0.018510900863842	0.00302114803625378	0.000572464459498139	0.00290662468208793	0.00300838048850369	0.00153190355668043	0.000739189355673278	0.00269380425022448	0.00246785296791791	0.00035498757543486	0	0.0849056603773585	0.00775363110188926	0.00294985250737463	1.85509138381201	0	0.0189840944073884	0.183385204692363	0	0.170253863134658	0.037475888674566	0.429346021909926	0.120993086109365
"SMC4"	0.331345125462773	0.152870090634441	0.156664440415991	0.144241249848613	0.164601389585273	0.142600239776209	0.0666502402365406	0.239449266686621	0.0978698532276919	0.073482428115016	0.220802919708029	0.471698113207547	0.181391285355466	0.334808259587021	2.76370757180157	0.151515151515152	0.202154951257055	0.607134306918841	0.0653061224489796	0.390176600441501	0.132543400385781	0.785105676662609	0.479258328095537
"TPX2"	0.0160427807486631	0.00347432024169184	0.00486594790573419	0.00351217149085624	0.00164744645799012	0.00426268815771946	0.000739189355673278	0.000299311583358276	0.00266268346538511	0.00035498757543486	0.020985401459854	0.0377358490566038	0.0116850496887627	0.0339233038348083	1.60052219321149	0	0.0220625962031811	0.188412736413694	0.00408163265306122	0.114238410596026	0.00744006613392119	0.396149164545756	0.13953488372093
"CKS1B"	0.357260386672151	0.0896525679758308	0.0754698979105047	0.128133704735376	0.0500680467015257	0.058145730651392	0.0614759147468276	0.40796168811733	0.0240290946876218	0.0674476393326234	0.072992700729927	0.245283018867925	0.0734956863601616	0.281710914454277	2.09921671018277	0.0606060606060606	0.108773730118009	0.476179075891788	0.0285714285714286	0.510761589403974	0.0704050702672913	1.03020914020139	0.511942174732872
"SMC2"	0.184286301933361	0.091238670694864	0.0730846293292625	0.0890153808889427	0.0560848076785331	0.0672705474890103	0.063816681039793	0.152648907512721	0.0274711001428757	0.0841320553780618	0.0748175182481752	0.141509433962264	0.0621382548869717	0.205014749262537	1.71409921671018	0.0833333333333333	0.0923550538737814	0.394541536988269	0.0204081632653061	0.254966887417219	0.0235602094240838	0.535133340710413	0.285355122564425
"TUBB"	4.15795968737145	0.462839879154079	0.367903825970804	0.416010657623834	0.681756321180431	0.381310776608499	0.264136996427251	1.22478299910207	0.344720093518639	0.319843805466809	0.328467153284672	0.632075471698113	0.416730370208584	1.2212389380531	9.64490861618799	0.287878787878788	1.68034889687019	2.92291118027292	0.457142857142857	4.06512141280353	0.285340314136126	2.89797499170079	2.2049025769956
"PTMA"	37.5316742081448	15.8672960725076	17.5639729033489	21.8539421097251	19.1662488360433	15.1866258159052	14.8232105457681	27.8700987728225	9.67625665670866	16.3560525381612	15.6478102189781	26.2924528301887	9.39434312547778	25.8008849557522	61.2741514360313	16.0681818181818	16.2683427398666	47.4438592291118	11.2857142857143	21.6741169977925	5.61807660512538	52.617682859356	39.7840980515399
"HMGN2"	4.99465240641711	1.50619335347432	1.47438221543746	1.98413467361027	2.02607263090037	1.45470893832423	1.40470617223112	3.44806944028734	1.15768281595012	1.50905218317359	1.48905109489051	2.36792452830189	0.674675111936224	3.26253687315634	13.9921671018277	1.35606060606061	1.43406875320677	1.76490304045966	0.493877551020408	2.28504415011038	0.464453017360154	2.97477038840323	2.07196731615336
"HIST1H4C"	1.30974907445496	0.797583081570997	1.20923575994657	1.14472568729563	0.328987894849939	0.823231650459571	0.871134655660958	0.300808141275067	0.288154305753994	0.993255236066738	0.87956204379562	1.16981132075472	0.386043464016599	1.53097345132743	16.5966057441253	1.31060606060606	0.26885582349923	1.19080679913814	0.151020408163265	0.930739514348786	0.128685588316341	2.78521633285382	1.02294154619736
"NUDT1"	0.845948169477581	0.228247734138973	0.182425341093407	0.236284364781398	0.303273404483919	0.204942054082856	0.147837871134656	0.429512122119126	0.156578776464476	0.186013489527867	0.191605839416058	0.216981132075472	0.150049142732336	0.902654867256637	2.2023498694517	0.227272727272727	0.436121087737301	0.271965525496768	0.179591836734694	0.608443708609272	0.0890052356020942	1.05366825273874	0.50534255185418
"CKS2"	0.831756478815302	0.0568731117824773	0.0478961931113443	0.0689112268378346	0.0770718429911897	0.0529505794591714	0.0129358137242824	0.0730320263394193	0.0340303935576049	0.0163294284700035	0.072992700729927	0.235849056603774	0.261439336027083	0.323008849557522	1.9490861618799	0.0303030303030303	0.742432016418676	0.839358391189849	0.379591836734694	0.421081677704194	3.21121521080187	1.21699679097045	0.828724072910119
"RPA3"	0.551419169066228	0.203776435045317	0.296250357790287	0.303984498001696	0.160446959386863	0.212534967363794	0.200813108291241	0.356180784196348	0.0935835822834134	0.225772097976571	0.235401459854015	0.641509433962264	0.209020421535437	0.415929203539823	2.62924281984334	0.272727272727273	0.267316572601334	0.504668422312665	0.0693877551020408	0.497792494481236	0.0967208597409755	0.910368485116742	0.490571967316153
"DUT"	0.998971616618675	0.391465256797583	0.591737429634577	0.469783214242461	0.430986319031588	0.423871053683229	0.422323518541333	0.631547440885962	0.236978828419275	0.433439829605964	0.41514598540146	0.89622641509434	0.307196680135416	0.951327433628319	6.67624020887728	0.462121212121212	0.321703437660339	1.84821642327029	0.216326530612245	1.37610375275938	0.108156516946817	1.59909261923205	1.78535512256442
"ANP32E"	0.734265734265734	0.4952416918429	0.644117927678657	0.590044810463849	0.365947997994413	0.54209404555748	0.385364050757669	0.369350493864113	0.25198077672425	0.485623003194888	0.496350364963504	0.858490566037736	0.270394233919406	0.463126843657817	3.99608355091384	0.643939393939394	0.286300667008722	0.704093847258798	0.114285714285714	0.477097130242826	0.0614494351060898	0.701228283722474	0.605908233815211
"GAPDH"	19.9263677498972	4.81283987915408	3.77110962694399	3.40280973719269	11.2050712699663	4.51918209670974	1.92571146975484	7.75426519006286	7.84692817248993	2.01384451544196	3.89689781021898	13.7924528301887	3.91481926395108	4.79646017699115	29.0104438642298	3.54545454545455	9.24320164186762	17.7414412257601	1.41224489795918	14.2157836644592	5.81234499862221	32.5345800597543	17.0141420490258
"DEK"	2.82846565199506	1.26941087613293	1.23127564163725	1.11057284728109	1.94026215887114	1.21106966830958	0.745965258100283	2.01616282550135	1.02214573321211	0.764643237486688	0.97536496350365	0.509433962264151	0.628371737468603	1.38938053097345	7.14621409921671	1.25757575757576	1.44535659312468	2.48958582714867	0.383673469387755	1.75358719646799	0.710664094791954	2.61104348788315	2.15713387806411
"NASP"	0.787124640065817	0.445845921450151	0.42448239671787	0.531548988736829	0.388152711123845	0.382309844145464	0.304915609215227	0.49476204729123	0.205805948824523	0.371317003904863	0.39963503649635	0.745283018867924	0.316479196243311	0.908554572271386	3.98041775456919	0.462121212121212	0.500256541816316	2.4692362939909	0.195918367346939	1.12527593818985	0.245659961421879	1.66094943012062	1.22250157133878
"PPIA"	13.2636774989716	3.49622356495468	3.49899818719588	3.90759355698195	3.74242532769859	3.38697215931797	2.49981520266108	5.38790781203233	1.94927912715937	3.21228257011005	3.30656934306569	9.0377358490566	2.08376105711478	7.37315634218289	16.1292428198433	3.43939393939394	4.33658286300667	8.88316973904716	0.96734693877551	6.45971302428256	2.66285478093139	16.5917893106119	9.69610307982401
"H2AFV"	3.85129576306047	0.706570996978852	0.712050376872436	0.502967179362965	0.790559415514648	0.719262022112695	0.470370826660096	0.966177791080515	0.47395765683855	0.567270145544906	0.663321167883212	1.88679245283019	0.62990062247461	1.59882005899705	5.18276762402089	0.734848484848485	0.804515135967163	0.455111323916687	0.240816326530612	0.519591611479029	0.43648387985671	0.896425805023791	0.628535512256442
"NUCKS1"	1.94405594405594	1.02243202416918	1.03243965270489	1.07956885067216	0.755103502614426	1.03743173038497	0.986817789823827	1.01197246333433	0.425639693466684	1.22080227192048	0.934306569343066	0.971698113207547	0.387463142950748	1.80383480825959	5.60052219321149	1.09848484848485	0.995382247306311	3.07254010055063	0.416326530612245	3.74006622516556	0.163957012951226	3.31337833351776	3.30138277812696
"RAN"	4.40497737556561	0.852567975830816	1.16105333460548	0.915465665495943	0.893345748871857	0.833488743839084	0.829247258839473	1.27237354085603	0.481101441745681	0.923677671281505	1.00547445255474	2.60377358490566	0.91689417931637	1.6858407079646	6.73368146214099	1.04545454545455	1.26731657260133	3.07158247546086	0.416326530612245	3.19784768211921	1.79911821438413	6.93736859577293	3.41954745443118
"RANBP1"	1.39633895516248	0.410498489425982	0.483732468275928	0.434540389972145	0.406704390802951	0.392500333022512	0.372921029937169	0.595031427716253	0.219768801143006	0.411430599929002	0.387773722627737	0.933962264150943	0.374030796112264	0.834808259587021	3.79242819843342	0.522727272727273	0.509492047203694	1.59348814938951	0.224489795918367	1.34243929359823	0.145770184623863	2.60728117738187	1.4588309239472
"C12orf75"	0.553681612505142	0.937084592145015	0.398530674553955	0.256146300108998	0.0223479693431703	1.06061009724257	0.0894419120364667	0.0221490571685124	0.0453955059098584	0.187788427405041	0.480839416058394	1.21698113207547	0.342251829201704	6.29351032448378	3.28720626631854	0.28030303030303	0.182657773217034	0.248503710797223	0.0448979591836735	0.870033112582781	0.113943235050978	1.62310501272546	0.635763670647392
"UBE2S"	0.816125051419169	0.36095166163142	0.346627230226123	0.297081264381737	0.308932024926581	0.398694551751698	0.123814217075274	0.372343609697695	0.177555526691778	0.173233936812212	0.252737226277372	0.537735849056604	0.189581740744785	0.721238938053097	2.89556135770235	0.378787878787879	0.359158542842483	0.431170696672253	0.102040816326531	0.605684326710817	2.56613392119041	0.94976208918889	0.604965430546826
"HIST1H1C"	0.519333607568902	0.441691842900302	0.518557389562065	0.623107666222599	0.218250841630256	0.44325296390036	0.319945792780584	0.31936545944328	0.182166515131835	0.286119985800497	0.431569343065693	1.45283018867925	0.124276509773943	1.07669616519174	3.44516971279373	0.598484848484849	0.161108260646485	0.239885084989227	0.0448979591836735	0.207781456953642	2.64866354367594	0.711076684740511	0.333752357008171
"HIST1H1D"	0.507610037021802	0.741767371601208	1.0168877015552	0.82778248758629	0.22455411503474	0.719861462634874	0.832327214488111	0.345106255612092	0.210676711261203	0.756123535676251	0.687956204379562	0.811320754716981	0.0804848749590477	1.69321533923304	4.36031331592689	1.21969696969697	0.0410466906105695	0.146756045008379	0.0204081632653061	0.0300772626931567	0.0104712041884817	0.343587473719155	0.0314267756128221
"TMPO"	0.680584121760592	0.5452416918429	0.482873771586681	0.66246820879254	0.699806604111453	0.46263487411749	0.458297400517433	2.08620173600718	0.541888556955449	0.576144834930777	0.528284671532847	0.471698113207547	0.213825488697172	0.634218289085546	3.34725848563969	0.507575757575758	0.314007183170857	0.498204452956667	0.0448979591836735	0.269867549668874	0.0460181868283274	0.584486001991811	0.319610307982401
"ANP32B"	2.31921020156314	1.1820996978852	1.80641160194638	1.48407411892939	1.78153427404914	1.24756893566005	1.70432425773069	2.45136186770428	0.974412261332641	1.93006744763933	1.56478102189781	2.10377358490566	0.735830512176477	2.27581120943953	7.21018276762402	1.79545454545455	0.914828116983068	2.04117787886043	0.281632653061224	1.37555187637969	0.354367594378617	2.67953967024455	2.11596480201131
"TUBA1C"	2.89222542163719	0.132401812688822	0.159049708997233	0.115901659198256	0.238449967767352	0.155321699746903	0.0416410003695947	0.211313977850943	0.135147421743084	0.0479233226837061	0.107664233576642	0.339622641509434	0.168395762804412	0.324483775811209	2.33420365535248	0.0681818181818182	0.943047716777835	1.24874311706967	0.151020408163265	1.71799116997792	1.44791953706255	5.78720814429567	1.6926461345066
"SLC25A5"	3.98519127930893	1.09803625377643	0.918614636008015	1.27794598522466	1.93875796862689	0.883375516184894	0.710607367253911	3.10655492367555	0.90226003377062	0.906993255236067	0.791970802919708	2.87735849056604	0.699574096319755	2.75073746312684	6.92558746736292	0.96969696969697	1.71010774756285	3.29734259037587	0.412244897959184	2.37693156732892	0.883990079911821	10.7552285050349	4.53488372093023
"TUBB4B"	2.75586178527355	0.62333836858006	0.525713195305791	0.435751483589681	0.636344101425399	0.622285866524577	0.141554761611433	0.783897036815325	0.389531107936096	0.167199148029819	0.448905109489051	0.849056603773585	0.370317789669106	0.740412979351032	4.11618798955614	0.553030303030303	1.07234479220113	2.60976777591573	0.248979591836735	2.05187637969095	5.8607054284927	7.5477481465088	2.475487115022
"SUB1"	9.6951871657754	1.91253776435045	1.98149031580956	1.92043114932784	2.21825084163026	1.97835353669908	1.24898361463595	2.54893744387908	1.26607351604104	1.25701100461484	1.84945255474453	26.0094339622642	1.69411379272688	4.35545722713864	10.1997389033943	2.27272727272727	2.81888147768086	3.15369882690926	1.35918367346939	3.52814569536424	3.46734637641223	7.77780236804249	2.8752357008171
"CALM3"	3.88996297819827	0.772583081570997	0.708520179372197	0.520770255540753	1.00680467015257	0.673704542427068	0.727978317112234	1.53906016162826	0.606961943109495	0.726659566915158	0.797445255474453	1.5188679245283	0.547013213934695	0.59882005899705	4.38120104438642	0.772727272727273	1.49409953822473	0.864735456068949	0.56734693877551	1.37748344370861	0.464453017360154	0.915348013721368	1.58139534883721
"ARL6IP1"	1.60057589469354	0.443353474320242	0.365327735903063	0.389972144846797	0.468018050282931	0.440788597309178	0.226807933965751	0.551331936545944	0.264709702558774	0.267660631877884	0.413321167883212	0.650943396226415	0.349568636016163	1.06637168141593	2.57180156657963	0.393939393939394	1.09338122113905	1.24156092889634	0.179591836734694	0.776490066225166	3.1399834665197	1.45070266681421	0.913262099308611
"HIST1H1E"	0.59337721102427	0.819486404833837	0.745825779982826	0.79108635097493	0.362438220757825	0.770147861995471	0.469878033756314	0.584854833882071	0.283868034809716	0.408235711750089	0.62956204379562	0.981132075471698	0.0511084416293546	0.985250737463127	2.83942558746736	1.06818181818182	0.0487429451000513	0.115633229590615	0.0285714285714286	0.0907836644591612	0.0155690272802425	0.230718158680978	0.0509113764927718
"LYZ"	59.5353763883176	14.9138972809668	0.483255414559679	8.05849582172702	76.4822720435499	11.1992806713734	0.46113095971418	18.5989224782999	48.2465904662943	0.485623003194888	0.444343065693431	11.7075471698113	1.40187834443595	7.37463126843658	6.80548302872063	0.492424242424242	26.0123140071832	0.276035432128322	0.220408163265306	0.338024282560706	0.527280242491044	0.246431337833352	0.180389692017599
"FCN1"	3.0785684903332	2.61231117824773	0.0871100085869669	1.40062976868112	12.1834395816919	1.73111762355135	0.0810644326721695	9.98413648608201	7.23145863099104	0.0887468938587149	0.0802919708029197	1.9622641509434	0.213716282625314	0.994100294985251	0.698433420365535	0.159090909090909	1.0974858902001	0.00598515681110845	0.00816326530612245	0.0165562913907285	0.0093689721686415	0.00575412194312272	0.00659962287869265
"CTSS"	5.54504319210202	6.20513595166163	0.728365613968133	4.38670219207945	26.475109232863	4.02537631543892	0.52309966736479	31.5609099072134	14.2494479802572	0.5193468228612	0.660583941605839	5.27358490566038	0.702850278475483	5.14749262536873	2.39295039164491	1.06060606060606	5.87583376090303	0.648790998324156	0.0693877551020408	0.608443708609272	0.0679250482226509	0.117406218877946	0.382778126964173
"IL1B"	1.43500617030029	0.517447129909366	0.0166968800686957	0.29223688991159	3.91999140462718	0.409950712668176	0.0136750030799556	1.11523495959294	1.06156643719964	0.0149094781682641	0.0155109489051095	0.188679245283019	0.0576608059408103	0.268436578171091	0.766318537859008	0.0151515151515152	11.7065161621344	0.0785252573617429	0	0.125275938189845	0.0174979333149628	0.0676109328316919	0.0342551854179761
"GPX1"	4.65466886055121	1.87598187311178	0.502528384696117	1.68499455007872	8.8055296898503	1.45537498334887	0.379450535912283	3.05926369350494	4.84108325756592	0.610223642172524	0.482664233576642	3.63207547169811	0.528338975647046	9.28908554572271	1.4621409921671	0.454545454545455	0.034376603386352	0.00311228154177639	0.0122448979591837	0.000551876379690949	0	0	0
"LGALS2"	3.35355820649938	0.616012084592145	0.0160290048659479	0.334019619716604	3.93016259580259	0.470893832423072	0.0157693729210299	0.770428015564202	1.38881672944538	0.020234291799787	0.0264598540145985	0.386792452830189	0.0571147755815223	0.210914454277286	0.297650130548303	0.0303030303030303	0.947665469471524	0.0411778788604261	0.00816326530612245	0.0284216335540839	0.0158445852852025	0.0254509239791966	0.0197988686360779
"VCAN"	2.23611682435212	2.33376132930514	0.0623032153420475	1.31803318396512	11.9166965117112	1.8446783002531	0.0614759147468276	1.78509428314876	9.79893492661385	0.0578629747958821	0.0638686131386861	1.00943396226415	0.227148629463798	0.914454277286136	0.531331592689295	0.106060606060606	1.64802462801437	0.293512090016758	0.0122448979591837	8.49586092715232	0.00909341416368145	0.037069824056656	0.532055311125079
"MNDA"	3.68284656519951	1.62839879154079	0.0465604427058487	1.02422187235073	7.79041615930091	1.1861595843879	0.0443513613403967	4.14157437892846	5.9348616703468	0.0468583599574015	0.0474452554744526	1.08490566037736	0.149939936660478	0.651917404129793	0.682767624020888	0.053030303030303	1.51667521806054	0.0203495331577687	0.0244897959183673	0.0275938189845475	0.00757784513640121	0.0191435210800044	0.0751099937146449
"FGL2"	2.71678321678322	1.33058912386707	0.0551474095983208	0.669129223688991	6.20958384069909	0.803649926735047	0.0357274855242085	6.49146961987429	2.90342901675542	0.0287539936102236	0.0565693430656934	0.754716981132076	0.121983182264934	0.551622418879056	0.664490861618799	0.0909090909090909	2.48845561826578	0.313382810629639	0.00408163265306122	1.36479028697572	0.00881785615872141	0.0355206373796614	0.0703959773727216
"TYROBP"	17.1600164541341	5.76019637462236	0.114492891899628	1.92818214848008	14.8640498531624	2.44325296390036	0.110755205125046	20.4866806345406	7.83095207169762	0.123890663826766	0.119525547445255	2.75471698113208	0.546357977503549	6.67846607669617	2.1710182767624	0.159090909090909	12.4135454079015	0.101987072061288	1.45714285714286	0.141004415011038	0.549738219895288	0.0869757662941242	0.140791954745443
"CYBB"	0.932743726861374	1.24478851963746	0.0303406163534014	1.17294416858423	5.82701812191104	0.792193952311176	0.0280891955155846	6.12601017659383	3.51948304974672	0.025204117855875	0.0410583941605839	1.27358490566038	0.105602271486295	2.91002949852507	0.41644908616188	0.0454545454545455	2.49974345818368	0.0102944697151065	0.0244897959183673	0.0306291390728477	0.00950675117112152	0.0125041496071705	0.00628535512256443
"SERPINA1"	0.799259563965446	1.03293051359517	0.0331075279076424	0.520043599370231	4.16718000143256	0.56254162781404	0.0326475298755698	8.26309488177193	1.98856994414859	0.0308839190628328	0.0246350364963504	0.660377358490566	0.0730588620727312	0.346607669616519	0.284595300261097	0.0454545454545455	0.769625448948179	0.00526693799377544	0.00408163265306122	0.0115894039735099	0.0136401212455222	0.00818855814982848	0.00754242614707731
"PSAP"	4.02920608802962	3.22235649546828	0.407308462932926	1.79435630374228	11.6822577179285	1.93652590915146	0.31452507083898	18.2388506435199	5.83497856864528	0.332623358182464	0.393248175182482	3.82075471698113	0.449382985694005	4.65191740412979	1.52349869451697	0.484848484848485	7.57311441765008	2.26095283696433	0.542857142857143	3.89597130242826	1.00261780104712	1.39415735310391	3.62979258328096
"RP11-1143G9.4"	1.648292883587	0.826208459214501	0.0259517221639157	0.435145936780913	3.77394169472101	0.5878513387505	0.0241468522853271	0.84196348398683	2.72944538251721	0.0301739439119631	0.0246350364963504	0.490566037735849	0.0519820902042154	0.432153392330383	0.257180156657963	0.053030303030303	0.00410466906105695	0	0.00408163265306122	0	0	0	0
"NEAT1"	18.7023858494447	11.3077039274924	2.53267817956302	5.74688143393484	42.5616359859609	7.91761023045158	1.48392263151411	40.1310984735109	19.6133264060268	1.43982960596379	3.09580291970803	10.1603773584906	3.21819373157148	5.60766961651917	11.1135770234987	2.87878787878788	19.8614674191893	13.7603543212832	4.00408163265306	16.1639072847682	22.2595756406724	44.4078787208144	10.5826524198617
"S100A12"	0.608597285067873	1.42197885196375	0.0358744394618834	0.798837350127165	5.9921209082444	1.15505528173705	0.0322779351977331	0.616581861718049	7.1132614625276	0.042953496627618	0.0437956204379562	0.650943396226415	0.148411051654472	0.628318584070796	0.411227154046997	0.0454545454545455	0.410979989738327	0.014843188891549	0.0163265306122449	0.0121412803532009	2.05800496004409	0.430784552395707	0.0471401634192332
"AP1S2"	3.62854792266557	1.07001510574018	0.321152561778456	0.847038876105123	4.74622161736265	0.793193019848142	0.205125046199335	3.56659682729722	2.51065073386154	0.215122470713525	0.342153284671533	1.00943396226415	0.279676750027302	1.89970501474926	1.0443864229765	0.295454545454545	1.29348383786557	1.37012209719895	0.261224489795918	0.414735099337748	0.146596858638743	0.145844860019918	1.78692646134507
"CLEC7A"	1.02241875771288	0.624320241691843	0.0278599370289095	0.299019014169795	2.85989542296397	0.390901824963368	0.0258716274485647	3.03831188266986	1.38725808546564	0.0223642172523962	0.031021897810219	0.367924528301887	0.0496887626952059	0.247787610619469	0.305483028720627	0.0227272727272727	1.34530528476142	0.0576969116590855	0.0122448979591837	0.0226269315673289	0.129925599338661	0.413632842757552	0.0150848522941546
"FOS"	21.058206499383	13.8054380664653	11.2985402156283	11.4513745912559	41.7895566220185	12.9449846809644	3.91277565603055	36.8946423226579	24.4136251461229	5.36102236421725	5.48540145985401	9.21698113207547	1.4213170252266	13.8716814159292	9.28590078328982	11.0075757575758	7.34530528476142	9.41560928896337	4.39183673469388	14.7207505518764	2.15265913474786	12.5532809560695	14.3148962916405
"LST1"	3.82990538872892	2.69788519637462	0.285087300830073	1.40123531548989	7.355776806819	1.14073531370721	0.18036220278428	29.2544148458545	3.81848291985972	0.204827831025914	0.150547445255474	1.4622641509434	0.231298460194387	1.75221238938053	1.03133159268929	0.310606060606061	3.18265777321703	0.0464448168542016	0.0612244897959184	0.0438741721854305	0.0617249931110499	0.0322009516432444	0.0257699560025141
"FOSB"	4.77108185931715	3.83164652567976	1.82797442992081	3.2676516894756	11.4677315378555	3.52550952444385	0.864851546137736	6.6183777312182	6.68268606312508	1.16577919772808	1.41879562043796	3.15094339622642	0.356776236758764	5.01327433628319	2.98302872062663	1.99242424242424	1.80605438686506	1.51615992338999	1.75510204081633	2.73979028697572	1.11959217415266	2.7906384862233	1.56976744186047
"MPEG1"	1.03990127519539	0.619033232628399	0.0202270775689343	0.478745307012232	3.00286512427477	0.405288397495671	0.0197117161512874	2.55821610296318	1.67476295622808	0.0173943911963081	0.0164233576642336	0.528301886792453	0.0531833569946489	3.523598820059	0.254569190600522	0.0227272727272727	0.931759876859928	0.00670337562844146	0.00816326530612245	0.0165562913907285	0.00496004408928079	0.0100697134004648	0.00502828409805154
"NCF1"	0.851707116412999	0.849244712990937	0.295582482587539	1.92382221145695	3.83876513143758	0.686292793392833	0.318467414069237	1.24842861418737	2.58364722691259	0.350017749378772	0.239051094890511	2.25471698113208	0.229005132685377	2.75368731563422	0.413838120104439	0.295454545454545	0.722934838378656	0.0100550634426622	0.00816326530612245	0.010485651214128	0.0942408376963351	0.0213566449042824	0.0197988686360779
"CPVL"	3.28033730974907	0.459214501510574	0.0152657189199504	0.249000847765532	2.60926867702887	0.306846942853337	0.0167549587285943	1.85453457048788	0.862189894791531	0.0173943911963081	0.0182481751824818	0.39622641509434	0.0433548105274653	0.330383480825959	0.775456919060052	0.0227272727272727	1.80554130323243	0.26214986832655	0.00408163265306122	0.120584988962472	0.0037200330669606	0.0711519309505367	0.0295411690760528
"COTL1"	14.527972027972	2.97930513595166	1.4304932735426	2.4017197529369	9.46178640498532	1.98234980684694	0.564617469508439	20.8467524693206	4.87732173009482	0.755413560525382	1.06751824817518	4.11320754716981	1.36507589821994	1.47197640117994	8.37859007832898	1.39393939393939	4.3242688558235	1.88891548958583	0.285714285714286	0.457229580573951	0.720721961972995	0.266681420825495	0.890006285355123
"CSF3R"	0.515220074043603	0.522960725075529	0.0437935311516077	0.283880343950587	2.40928300265024	0.398161715731984	0.0406554145620303	0.610595630050883	1.63917391869074	0.0369187078452254	0.0364963503649635	0.339622641509434	0.0476138473299115	0.351032448377581	0.16710182767624	0.0833333333333333	0.290918419702412	0.0107732822599952	0.00816326530612245	0.00910596026490066	0.00137779002480022	0.00276640478034746	0.0043997485857951
"RP11-160E2.6"	0.990333196215549	0.896827794561934	0.277168209140349	0.668523676880223	3.28758684907958	0.745237778073798	0.192435628926943	2.16013169709668	1.88738797246396	0.306709265175719	0.457116788321168	1.30188679245283	0.0603909577372502	1.9646017699115	0.690600522193211	0.310606060606061	0.0025654181631606	0.000718218817333014	0	0	0	0	0
"SPI1"	4.45392842451666	0.895543806646526	0.0330121171643927	0.705098704129829	3.34933027720077	0.489343279605701	0.0295675742269311	6.09308590242442	1.7208078971295	0.0390486332978346	0.0291970802919708	1.02830188679245	0.092279130719668	0.566371681415929	0.41644908616188	0.053030303030303	2.55977424320164	0.0181948767057697	0.0979591836734694	0.0328366445916115	0.0953430697161753	0.0234591125373465	0.0317410433689503
"TYMP"	12.2202797202797	1.4987915407855	0.206468848392329	0.890032699527673	6.36308287371965	0.949247369122153	0.106689663668843	6.96258605208022	2.9886998311469	0.110046148384807	0.181569343065693	2.87735849056604	0.554002402533581	1.06637168141593	1.45169712793734	0.545454545454545	4.75474602360185	1.55757720852286	0.273469387755102	3.78587196467991	1.25048222650868	7.74969569547416	1.87932118164676
"RGS2"	1.88379267791032	1.14252265861027	0.195973666634863	0.978079205522587	4.00179070267173	0.81863593978953	0.0710853763705803	3.35139179886262	2.68593323808287	0.105431309904153	0.172445255474453	1.20754716981132	0.298897018674238	3.60029498525074	0.72845953002611	0.189393939393939	2.32324268855823	0.37084031601628	1.15102040816327	0.559326710816777	0.456599614218793	0.235255062520748	0.370521684475173
"CTD-3252C9.4"	0.556766762649116	0.509365558912387	0.0784276309512451	0.28957248395301	2.16667860468448	0.389902757426402	0.0290747813231489	1.33702484286142	1.13157552928952	0.0401135960241392	0.0556569343065693	0.330188679245283	0.0362564158567216	0.414454277286136	0.161879895561358	0.106060606060606	0.00359158542842483	0.000718218817333014	0.00816326530612245	0	0	0	0
"KLF4"	2.01563142739613	0.91095166163142	0.0625894475717966	0.563037422792782	4.10916123486856	0.588250965765286	0.0475545152149809	3.43909009278659	2.30939082997792	0.0433084842030529	0.0401459854014599	0.518867924528302	0.098503876815551	1.05014749262537	0.494778067885117	0.0606060606060606	0.867111339148281	2.61431649509217	0.0489795918367347	2.67080573951435	2.50358225406448	2.51820294345469	0.810182275298554
"DUSP1"	7.97058823529412	6.32764350453172	3.96708329357886	5.84655443865811	16.8225055511783	5.78213667243906	1.38942959221387	18.0727327147561	8.98584231718405	1.85303514376997	2.91058394160584	3.89622641509434	0.955989953041389	3.66961651917404	3.90600522193211	3.54545454545455	7.51564905079528	8.41201819487671	2.93877551020408	10.2814569536424	1.45604849820887	7.63538784995021	5.18384663733501
"GRN"	4.27519539284245	0.906344410876133	0.0966510829119359	0.6479350853821	4.21774944488217	0.66457972558945	0.0736725391154367	2.21640227476803	2.54578516690479	0.0749023784167554	0.0866788321167883	1.19811320754717	0.174948127115868	3.43510324483776	0.838120104438642	0.121212121212121	3.44433042585942	2.09384725879818	0.106122448979592	1.65397350993377	0.286029209148526	2.54586699125816	1.77435575109994
"NCF2"	0.952900041135335	0.596525679758308	0.0311993130426486	0.34613055589197	2.71449036601963	0.39276675103237	0.0219292842183073	2.6492068243041	1.71431354721392	0.0170394036208733	0.0328467153284672	0.5	0.0618106366713989	0.305309734513274	0.220626631853786	0.0151515151515152	1.15597742432016	0.0124491261671056	0.0285714285714286	0.0137969094922737	0.131165610360981	0.0608609051676441	0.0773098680075424
"DUSP6"	0.192924722336487	0.598716012084592	0.0436027096651083	0.31173549715393	2.58276627748729	0.372652191288131	0.0168781569545399	3.02484286141874	1.29614235615015	0.0195243166489173	0.0364963503649635	0.349056603773585	0.0574423937970951	0.337758112094395	0.255874673629243	0.0984848484848485	0.967162647511544	1.0529087862102	0.502040816326531	0.118377483443709	0.0257646734637641	0.201504924200509	0.0870521684475173
"TKT"	3.70855614973262	1.42009063444109	0.482587539356932	1.05171369746881	5.24389370388941	1.02277873984281	0.358260441049649	5.20293325351691	3.42966619041434	0.466098686545971	0.458029197080292	1.60377358490566	0.394343125477777	1.47492625368732	1.82245430809399	0.424242424242424	1.1965110312981	1.0485994733062	0.122448979591837	0.96523178807947	0.197299531551392	2.70255615801704	1.53582652419862
"LINC00936"	0.889345948169478	0.871299093655589	0.406640587730178	0.796051834806831	3.07893417376979	0.615692020780605	0.222003203153875	3.74169410356181	1.60202623717366	0.279375221867235	0.467153284671533	0.424528301886792	0.056131920934804	0.349557522123894	0.391644908616188	0.340909090909091	0.00410466906105695	0.000478812544888676	0.00408163265306122	0	0	0	0
"CD36"	0.717194570135747	0.47726586102719	0.0165060585821964	0.262201768196682	2.54516152138099	0.36119621686426	0.0131822101761735	0.67195450463933	1.74522665281205	0.0149094781682641	0.0136861313868613	0.320754716981132	0.0598449273779622	1.13421828908555	0.195822454308094	0	1.24012314007183	0.980847498204453	0.00816326530612245	0.0714679911699779	0.0720584182970515	0.723580834347682	0.455688246385921
"MCL1"	3.71842863019334	2.01367069486405	0.985879209999046	1.2579629405353	6.20815127856171	1.74983348874384	0.532585930762597	3.95959293624663	3.83075724120016	0.579339723109691	0.798357664233577	2.60377358490566	0.749044446871246	2.33628318584071	1.83681462140992	1.18939393939394	2.86454592098512	2.13861623174527	0.836734693877551	2.31098233995585	1.1420501515569	2.20515657851057	1.53079824010057
"C10orf54"	0.988482106129165	0.987084592145015	0.423909932258372	0.498607242339833	2.93839982809254	0.700213134407886	0.292718984846618	4.49805447470817	1.58481620989739	0.348952786652467	0.395985401459854	1.0188679245283	0.0502347930544938	0.724188790560472	0.621409921671018	0.295454545454545	0.00667008722421755	0	0	0	0	0	0
"CD68"	0.671945701357466	0.60083081570997	0.013834557771205	0.317306527794599	2.44237518802378	0.341081657120021	0.0135518048540101	4.0071834780006	1.30848162098974	0.0184593539226127	0.0173357664233577	0.509433962264151	0.101670852899421	1.60914454277286	0.306788511749347	0.053030303030303	3.04976911236532	0.0383050035910941	0.0530612244897959	0.287251655629139	0.68503720033067	0.053336284165099	0.126335637963545
"FCGR3A"	0.0705470999588647	1.88935045317221	0.0180326304741914	0.291146905655807	0.243177422820715	0.387904622352471	0.0130590119502279	13.7425920383119	0.100077932198987	0.0191693290734824	0.0237226277372263	0.339622641509434	0.0306869061919843	0.26401179941003	0.573107049608355	0.0227272727272727	0.761929194458697	0.00430931290399808	0.0204081632653061	0.0157284768211921	0.00275558004960044	0.00852052672347018	0.00219987429289755
"CDKN1C"	0.0900863842040313	0.346676737160121	0.0182234519606908	0.123894877073998	0.0921137454337082	0.0346343412814706	0.01466058888752	6.59054175396588	0.0457202234056371	0.0149094781682641	0.0319343065693431	0.0754716981132075	0.0353827672818609	0.135693215339233	0.0900783289817232	0.0227272727272727	0.206772703950744	0.675843907110366	0.0204081632653061	0.744757174392936	0.478368696610637	0.247427243554277	1.07322438717788
"LINC01272"	0.0787741670094611	0.351435045317221	0.0102089495277168	0.148601186871745	0.750805816202278	0.114626348741175	0.00960946162375262	5.03472014366956	0.44122613326406	0.0106496272630458	0.00912408759124088	0.235849056603774	0.0150704379163481	0.106194690265487	0.0704960835509138	0.0227272727272727	0	0	0	0	0	0	0
"LYN"	2.00719868366927	0.864577039274924	0.0159335941226982	1.02519074724476	2.21423966764558	0.347475689356601	0.0155229764691388	6.37324154444777	1.10709183010781	0.0134895278665247	0.0200729927007299	0.679245283018868	0.0738233045757344	2.10029498525074	0.462140992167102	0.0227272727272727	1.40995382247306	0.66171893703615	0.191836734693878	0.0946467991169978	0.0569027280242491	0.222972225296005	0.130421118793212
"TCF7L2"	0.0401069518716578	0.206117824773414	0.011067646216964	0.0755722417342861	0.302557123415228	0.0705341681097642	0.00677590242700505	2.99940137683328	0.103454994155085	0.0181043663471778	0.0109489051094891	0.0377358490566038	0.0358195915692913	0.0707964601769911	0.0822454308093995	0.00757575757575758	0.158029758850693	2.73952597558056	0.0244897959183673	1.46881898454746	0.037751446679526	0.549186676994578	1.18007542426147
"WARS"	0.604895104895105	0.416540785498489	0.0480870145978437	0.21654353881555	1.34668003724662	0.202877314506461	0.0326475298755698	3.72463334331039	0.490842966619041	0.0365637202697906	0.0392335766423358	1.18867924528302	0.0417167194496014	0.352507374631268	0.33289817232376	0.121212121212121	0.334530528476142	0.265501556140771	0.0448979591836735	0.177980132450331	0.0745384403416919	0.218103352882594	0.628221244500314
"TNFRSF1B"	1.81489099136158	1.08768882175227	0.311134433737239	0.554680876831779	3.14117899863907	0.728386838950313	0.10040655414562	6.46183777312182	1.35030523444603	0.0635427760028399	0.631386861313869	0.716981132075472	0.517199956317571	0.632743362831858	0.985639686684073	0.287878787878788	2.0702924576706	1.10557816614795	0.0244897959183673	0.181843267108168	0.0898319096169744	0.025008299214341	0.248271527341295
"LILRB2"	0.337309749074455	0.371148036253776	0.0143116114874535	0.173307496669493	1.24410858821001	0.172572265885174	0.0131822101761735	3.27716252618976	0.608520587089232	0.0113596024139155	0.0173357664233577	0.19811320754717	0.0256634268865349	0.31858407079646	0.097911227154047	0.0227272727272727	0.633658286300667	0.00718218817333014	0.00816326530612245	0.0140728476821192	0.00344447506200055	0.00486887241341153	0.00408548082966688
"FAM26F"	0.588646647470177	0.319335347432024	0.062780269058296	0.808404989705704	0.773583554186663	0.130478220327694	0.0548232105457681	2.87937743190661	0.287959475256527	0.0301739439119631	0.0145985401459854	0.292452830188679	0.0124494921917659	0.455752212389381	0.087467362924282	0.0227272727272727	0.00513083632632119	0.000239406272444338	0	0	0	0	0
"LRRC25"	0.300904977375566	0.258383685800604	0.00562923385173171	0.130555891970449	0.772222620156149	0.114559744238711	0.00652950597511396	2.54354983537863	0.41154695414989	0.00390486332978346	0.00638686131386861	0.132075471698113	0.014305995413345	0.191740412979351	0.0691906005221932	0.00757575757575758	0.223191380194972	0.00478812544888676	0	0.00275938189845475	0.00385781206944062	0.00188115525063627	0.000628535512256443
"STXBP2"	1.02591526120938	0.786480362537764	0.160290048659479	0.452101247426426	2.37046056872717	0.494005594778207	0.108537637058026	4.70727327147561	1.59897389271334	0.115370962016329	0.156934306569343	0.849056603773585	0.184995085726766	0.718289085545723	0.533942558746736	0.159090909090909	0.635710620831195	0.0265740962413215	0.126530612244898	0.0182119205298013	0.12510333425186	0.255947770277747	0.0637963544940289
"RHOC"	3.33319621554916	0.693580060422961	0.115542410075374	0.186629526462396	0.237160661843707	0.25975755961103	0.0291979795490945	3.37533672553128	0.0557215222756202	0.0323038693645722	0.116788321167883	0.19811320754717	0.208583597248007	0.408554572271386	0.503916449086162	0.0833333333333333	0.64648537711647	2.65669140531482	0.208163265306122	1.25938189845475	0.68889501240011	0.563018700896315	2.07008170961659
"IFITM2"	2.23303167420814	4.19206948640483	2.22440606812327	1.48673852488797	2.07413509060956	2.53463434128147	1.33411358876432	11.7874887758156	1.01519677880244	1.61980830670927	1.06478102189781	1.04716981132075	1.34039532598012	1.13421828908555	3.45953002610966	2.90151515151515	1.76346844535659	7.34905434522384	1.3265306122449	5.07781456953642	0.289611463213006	0.267566670355206	6.08328095537398
"NAP1L1"	11.1668037844508	1.9964501510574	2.54784848773972	2.88700496548383	3.07735835541867	1.66950845877181	2.43341135887643	11.7108650104759	1.45973503052344	2.79694710685126	2.35857664233577	2.72641509433962	1.41902369771759	4.32005899705015	6.25195822454308	2.38636363636364	1.9312467932273	4.69212353363658	0.697959183673469	3.2682119205298	0.890879030035823	3.10279960163771	4.94940289126336
"POU2F2"	1.00020567667626	0.750528700906344	0.289953248735808	1.64466513261475	2.24339230714132	0.478553350206474	0.19280522360478	4.68751870697396	1.16632030133784	0.275470358537451	0.368613138686131	1.11320754716981	0.185977940373485	0.564896755162242	0.434725848563969	0.303030303030303	0.419702411493073	0.0734977256404118	0.0163265306122449	0.0499448123620309	0.0879030035822541	0.0526723470178156	0.0672532998114393
"HES4"	0.273549979432332	0.136631419939577	0.00772827020322488	0.0603124621533245	0.112527755891412	0.0217130678033835	0.0140445977577923	2.22089194851841	0.0253929081698922	0.00887468938587149	0.0072992700729927	0.00943396226415094	0.0342907065632849	0.0589970501474926	0.0796344647519582	0.00757575757575758	0.289379168804515	0.464448168542016	0.0408163265306122	0.55794701986755	1.07564067236153	0.240566559699015	3.58548082966688
"PILRA"	0.394076511723571	0.273262839879154	0.0100181280412174	0.139396875378467	0.969199914046272	0.139003596643133	0.00887027226807934	2.38252020353188	0.471814521366411	0.00638977635782748	0.0072992700729927	0.207547169811321	0.019438680790652	0.0973451327433628	0.0783289817232376	0.0151515151515152	0.718317085684967	0.0258558774239885	0.0285714285714286	0.0176600441501104	0.0118489942132819	0.020692707756999	0.0166561910747957
"LYST"	2.82784862196627	0.825528700906344	0.144070222307032	0.742400387549958	1.96712269894707	0.565472225922472	0.0906738942959221	4.21131397785094	1.24983764125211	0.119985800496983	0.166970802919708	0.405660377358491	0.270831058206836	0.330383480825959	0.635770234986945	0.242424242424242	0.575166752180605	0.9006463969356	0.4	0.531181015452539	0.224993111049876	0.409206595108996	1.33155248271527
"MTSS1"	1.35540929658577	0.321374622356495	0.0696498425722736	0.595252513019256	0.330635341307929	0.137138670574131	0.0271036097080202	2.23615683926968	0.0754643460189635	0.0205892793752219	0.0282846715328467	0.188679245283019	0.0811401113901933	0.0663716814159292	0.199738903394256	0.0454545454545455	0.620318111852232	0.306918841273641	0.208163265306122	0.232891832229581	0.114356572058418	0.866106008631183	0.268384663733501
"LILRA5"	0.172768408062526	0.287311178247734	0.00591546608148077	0.136974688143393	1.03602893775518	0.145930464899427	0.00640630774916841	2.22837473810236	0.617742563969347	0.00496982605608804	0.010036496350365	0.169811320754717	0.0169269411379273	0.193215339233038	0.0691906005221932	0	0.094920472036942	0.000478812544888676	0.00408163265306122	0.000275938189845475	0.000413337007440066	0.000110656191213898	0.00125707102451289
"HMOX1"	2.39531057178116	0.221601208459214	0.00515218013548326	0.111299503451617	0.62803524102858	0.084121486612495	0.00677590242700505	2.26369350493864	0.259903883621249	0.0053248136315229	0.010036496350365	0.160377358490566	0.0410614830184558	0.0766961651917404	0.139686684073107	0	1.92508978963571	1.21881733301412	0.036734693877551	0.570088300220751	0.839211904105814	0.21345579285161	0.294154619736015
"ASAH1"	0.979226655697244	0.781873111782477	0.200648793054098	0.57817609301199	2.42769142611561	0.482882642866658	0.163730442281631	4.14486680634541	1.26003377061956	0.182818601348953	0.176094890510949	0.839622641509434	0.191110625750792	0.551622418879056	0.47911227154047	0.174242424242424	1.81118522319138	0.652382092410821	0.844897959183673	0.727373068432671	0.112978782033618	0.747039946885028	3.23884349465745
"SPN"	0.568901686548745	0.771148036253776	0.382406258944757	0.175366355819305	0.566864837762338	0.501398694551752	0.215473697178761	2.76563903023047	0.294713599168723	0.242456514022009	0.31478102189781	0.594339622641509	0.264278693895381	0.958702064896755	1.17754569190601	0.386363636363636	0.167265264238071	0.00718218817333014	0.0857142857142857	0.00883002207505519	0.0530449159548085	0.00896315148832577	0.00974230043997486
"VASP"	1.382764294529	0.913821752265861	0.330598225360176	0.650841710064188	1.83511209798725	0.616491274810177	0.178267832943206	4.00149655791679	1.06357968567346	0.256656017039404	0.331204379562044	0.688679245283019	0.276618980015289	0.553097345132743	1.10574412532637	0.287878787878788	1.45869676757311	1.34833612640651	0.138775510204082	0.268487858719647	0.154312482777625	0.484010180369592	1.20458830923947
"HCK"	1.27067050596462	0.315256797583082	0.0114492891899628	0.238464333292964	1.17914189527971	0.1708405488211	0.00936306517186153	2.4612391499551	0.653591375503312	0.00816471423500177	0.0118613138686131	0.160377358490566	0.032106585126133	0.1976401179941	0.130548302872063	0.0303030303030303	0.74089276552078	0.0174766578884367	0.00408163265306122	0.0311810154525386	0.0297602645356848	0.0106229943565342	0.0194846008799497
"PTPN6"	0.857671740024681	0.65166163141994	0.263524472855644	0.808768317790965	1.25320535778239	0.401824963367524	0.205371442651226	3.10236456150853	0.7015846213794	0.276535321263756	0.318430656934307	1.16037735849057	0.143387572349023	0.588495575221239	0.943864229765013	0.257575757575758	0.837352488455618	0.128082355757721	0.285714285714286	0.0212472406181015	0.0403692477266465	0.143853048578068	0.122564424890006
"NFKBIZ"	1.16104483751543	0.863519637462236	0.380402633336514	0.567639578539421	2.89012248406275	0.61622485680032	0.354564494271283	5.08440586650703	1.57137290557215	0.334398296059638	0.352189781021898	0.764150943396226	0.257617123512067	1.06489675516224	0.828981723237598	0.515151515151515	1.63519753719856	2.98587502992578	0.922448979591837	2.32119205298013	0.839349683108294	2.84729445612482	1.88183532369579
"BCL2A1"	2.02735499794323	0.321148036253776	0.138154756225551	0.381857817609301	1.15006088389084	0.233115758625283	0.123691018849329	2.68452559114038	0.50623457591895	0.116790912318069	0.0875912408759124	0.207547169811321	0.0829966146117724	0.147492625368732	0.322454308093995	0.196969696969697	2.46177526936891	0.0327986593248743	0.0571428571428571	0.0452538631346578	0.0606227610912097	0.0209140201394268	0.339409176618479
"SIGLEC10"	0.124845742492801	0.109894259818731	0.0028623222974907	0.130071454523435	0.261084449537999	0.0341681097642201	0.0034495503264753	1.5064351990422	0.0881283283543317	0.00390486332978346	0.00638686131386861	0.0188679245283019	0.0163809107786393	0.0412979351032448	0.0378590078328982	0	0.115956900974859	0.00598515681110845	0	0.0033112582781457	0.0106089831909617	0.00365165431005865	0.0100565681961031
"ACTA2"	0.0841217605923488	0.0227341389728097	0.0250930254746684	0.013685357878164	0.0189098202134518	0.0281071000399627	0.0101022545275348	0.0188566297515714	0.0139628523184829	0.00816471423500177	0.0529197080291971	0.0754716981132075	0.0587528666593863	0.0250737463126844	0.0613577023498695	0.0151515151515152	0.0497691123653155	1.76250897773522	0.0163265306122449	0.699503311258278	0.0157068062827225	0.302976651543654	41.257385292269
"TAGLN"	0.0359934183463595	0.0435800604229607	0.00629710905447953	0.0498970570425094	0.0813695294033379	0.0160516850939123	0.00739189355673278	0.512720742292727	0.0400051954799325	0.00780972665956692	0.0072992700729927	0.0943396226415094	0.0104837828983291	0.0339233038348083	0.0261096605744125	0.00757575757575758	0.06054386865059	1.93751496289203	0.0204081632653061	0.761313465783664	0.0234224304216037	0.294234812437756	18.4063482086738
"C11orf96"	0.0290004113533525	0.00634441087613293	0.00305314378399008	0.00569214000242219	0.0122484062746222	0.00692686825629413	0.00110878403350992	0.000897934750074828	0.00272762696454085	0.00248491302804402	0.010036496350365	0.0377358490566038	0.0123402861199083	0.00884955752212389	0.02088772845953	0.0151515151515152	0.0903027193432529	1.68206847019392	0.0163265306122449	8.34105960264901	0.18903279140259	0.198185238464092	28.6062225015713
"CALD1"	0.0300287947346771	0.0020392749244713	0.00171739337849442	0.00411771829962456	0.00107442160303703	0.0023977620887172	0.00147837871134656	0.000299311583358276	0.000909208988180283	0.00212992545260916	0.00273722627737226	0.00943396226415094	0.0353827672818609	0.00737463126843658	0.163185378590078	0	0.0492560287326834	4.98372037347379	0.0122448979591837	6.810706401766	0.0822540644805732	1.4570100697134	26.6354494028913
"TPM2"	0.0306458247634718	0.0159365558912387	0.0196546131094361	0.00884098340801744	0.00866700093116539	0.0186492606900226	0.0209436984107429	0.00538760850044897	0.00707884140797506	0.0209442669506567	0.0155109489051095	0.0377358490566038	0.0161624986349241	3.19174041297935	0.02088772845953	0.0303030303030303	0.0446382760389944	0.881493895140053	0.0122448979591837	1.51876379690949	0.0132267842380821	0.20748035852606	21.8768070395977
"MYL9"	0.208761826408885	0.00385196374622357	0.00019082148649938	0.00750878042872714	0.00365303345032591	0.000932463034501132	0.000246396451891093	0.00179586950014966	0.00194830497467204	0.00212992545260916	0	0.0188679245283019	0.0736048924320192	0.00147492625368732	0.0156657963446475	0	0.0374551051821447	2.15609288963371	0	1.67687637969095	0.018737944337283	0.182361403120505	20.8482086737901
"TPM1"	0.319621554915673	0.0850453172205438	0.0545749451388226	0.0475959791691898	0.101353771219827	0.0572132676168909	0.046445731181471	0.195749775516312	0.0557215222756202	0.0486332978345758	0.0383211678832117	0.0566037735849057	0.0923883367915256	0.146017699115044	0.219321148825065	0.0681818181818182	0.175987685992817	1.67344984438592	0.0897959183673469	2.24613686534216	0.0596583080738495	0.585703220095164	13.5672532998114
"RGS16"	0.0516248457424928	0.00770392749244713	0.0402633336513691	0.0138064672399176	0.00150419024425184	0.0152524310643399	0.00640630774916841	0.000299311583358276	0.00214313547213924	0.00141995030173944	0.0118613138686131	0.169811320754717	0.0566779512940919	0.0265486725663717	0.0691906005221932	0.0151515151515152	0.103129810159056	3.23102705290879	0	3.71274834437086	0.137227886470102	0.248755117848844	7.70207416719045
"CPE"	0.00164541341011929	7.55287009063444e-05	0	0.000242218723507327	0.000214884320607406	0.0001998135073931	0	0.000299311583358276	0.000259773996622938	0	0	0	0.00786283717374686	0	0.00391644908616188	0	0.0143663417136993	0.411060569786928	0	1.23454746136865	0.00854229815376137	0.0553280956069492	6.27592708988058
"NDUFA4L2"	0.0580008227067051	0.000830815709969789	0.00171739337849442	0.0039966089378709	0.000286512427476542	0.00106567203942987	0.00172477516323765	0	0.000584491492401611	0.00035498757543486	0.00456204379562044	0.0188679245283019	0.0190018565032216	0	0.0391644908616188	0	0.0395074397126732	0.904476897294709	0	0.21219646799117	1.57729402039129	3.0039836228837	7.72564424890006
"CRYAB"	0.10386672151378	0.000151057401812689	0	0	0.000143256213738271	0	0	0	0.000519547993245876	0	0	0	0.0277383422518292	0	0.0195822454308094	0	0.06054386865059	0.207565238209241	0.0408163265306122	2.58995584988962	0.725268669054836	1.01372136771052	6.12539283469516
"MAP1B"	0.00452488687782805	0.00219033232628399	0.00209903635149318	0.00472326510839288	0.000358140534345677	0.00166511256160916	0.0018479733891832	0.000598623166716552	0.00103909598649175	0.00070997515086972	0.00182481751824818	0.0283018867924528	0.00655236431145572	0.00147492625368732	0.0509138381201044	0	0.0153925089789636	2.05003591094087	0.00816326530612245	2.29221854304636	0.0136401212455222	0.281398694256944	6.18101822752986
"DSTN"	1.99218428630193	0.872507552870091	0.874821104856407	0.32990190141698	0.484850655397178	0.819834820833888	0.437723296784526	1.21131397785094	0.278217950383167	0.424210152644657	0.512773722627737	1.71698113207547	0.423173528448182	2.06194690265487	2.52088772845953	0.75	0.745510518214469	7.02561647115154	0.477551020408163	4.31567328918322	3.6503168917057	7.7914130795618	14.3673790069139
"LHFPL6"	0.0244755244755245	7.55287009063444e-05	0	0	0.000429768641214813	0	0	0	0.000454604494090142	0	0	0	0.00622474609588293	0.00147492625368732	0.0248041775456919	0	0.0785017957927142	2.69834809672013	0.00816326530612245	2.24668874172185	0.00978230917608157	0.114529157906385	5.6414204902577
"CRISPLD2"	0.0429864253393665	0.061178247734139	0.0047705371624845	0.0356061523555771	0.292887328987895	0.0489543093113094	0.0034495503264753	0.0338222089194852	0.236783997921808	0.00248491302804402	0.000912408759124088	0.0377358490566038	0.017800589712788	0.0250737463126844	0.0300261096605744	0	0.0718317085684967	0.269092650227436	0.00816326530612245	3.05656732891832	0.222375310002756	0.207369702334846	7.81521055939661
"SYNPO2"	0.313039901275195	0.00287009063444109	0.00314855452723977	0.00278551532033426	0.00487071126710121	0.00213134407885973	0.00320315387458421	0.00269380425022448	0.00298740096116379	0.00319488817891374	0.000912408759124088	0	0.00884569182046522	0.00294985250737463	0.00522193211488251	0.00757575757575758	0.0153925089789636	0.341153938233182	0	0.261037527593819	0.0205290713695233	0.0511231603408211	4.41703331238215
"LPP"	0.852529823118058	0.354305135951662	0.208090831027574	0.299382342255056	0.523744717427118	0.27500999067537	0.098312184304546	0.804250224483688	0.269385634497987	0.0866169684061058	0.208029197080292	0.216981132075472	0.272578355356558	0.368731563421829	0.403394255874674	0.21969696969697	0.848127244740893	4.02082834570266	0.171428571428571	1.98703090507726	0.0515293469275282	0.708420936151378	9.1759899434318
"SOD3"	0.000205676676264912	0	0	0	7.16281068691354e-05	0	0	0	0.000194830497467204	0	0	0	0.00207491536529431	0	0.00783289817232376	0	0.0082093381221139	0.179075891788365	0	4.57395143487859	0.00275558004960044	0.0568772822839438	5.47077309868008
"NR2F2"	0.00267379679144385	0	0	0	0	0	0	0	0.000324717495778673	0	0	0	0.00338538822758545	0	0.00652741514360313	0	0.0025654181631606	2.16926023461815	0.00408163265306122	0.529525386313466	0.00978230917608157	0.059864999446719	4.5345694531741
"EPS8"	0.0849444672974085	0.0216767371601208	0.00772827020322488	0.011868717451859	0.0502113029152639	0.00885839882776076	0.00591351484538623	0.302903322358575	0.0126639823353682	0.00425985090521832	0.0072992700729927	0.0283018867924528	0.0264278693895381	0.0103244837758112	0.0678851174934726	0	0.224217547460236	2.27579602585588	0.0163265306122449	1.15562913907285	0.0301736015431248	0.120393936040721	5.19453174104337
"NOTCH3"	0.0226244343891403	0.000377643504531722	0	0.000484437447014654	0.0012176778167753	0.000333022512321833	0.000123198225945546	0.00508829691709069	0.000909208988180283	0	0	0	0.0107021950420443	0.0265486725663717	0.0404699738903394	0	0.0492560287326834	0.31290399808475	0.00408163265306122	0.304635761589404	0.0931386056764949	0.537346464534691	4.16027655562539
"EBF1"	0.112505141916907	0.00332326283987915	0.00104951817574659	0.292721327358605	0.00078790917556049	0.00113227654189423	0.000123198225945546	0.000299311583358276	0.00448110144174568	0.00070997515086972	0	0.0943396226415094	0.00720760074260129	0.00589970501474926	0.00391644908616188	0	0.0236018471010775	5.15082595163993	0	2.84713024282561	0.00647561311656104	0.0341927630850946	5.71684475172847
"TIMP3"	0.00431921020156314	7.55287009063444e-05	0	0.00121109361753664	0.000573024854953084	0	0	0	0.000454604494090142	0	0	0	0.00797204324560446	0.00147492625368732	0.0130548302872063	0	0.0851718830169318	2.68829303327747	0.110204081632653	1.5394591611479	0.0143290162579223	0.0836560805577072	4.05625392834695
"DLC1"	0.00370218017276841	0.00181268882175227	0.00019082148649938	0.000242218723507327	0.0044409426258864	0.000732649527108032	0.000246396451891093	0.0176593834181383	0.00259773996622938	0	0	0	0.00611554002402534	0.0117994100294985	0.0287206266318538	0	0.0179579271421242	3.24587024180034	0.444897959183673	1.80408388520971	0.00771562413888123	0.0500165984286821	5.48680075424261
"MYLK"	0.041958041958042	0.0020392749244713	0.00228985783799256	0.00484437447014654	0.00644652961822219	0.00193153057146663	0.00147837871134656	0.0011972463334331	0.00435121444343421	0.00319488817891374	0.00182481751824818	0	0.0270831058206836	0.0648967551622419	0.02088772845953	0	0.0241149307337096	0.919798898731147	0.00816326530612245	0.163907284768212	0.00895563516120143	0.0599756556379329	3.97171590194846
"COL18A1"	0.0248868778280543	0.0243202416918429	0.0275737047991604	0.0197408259658472	0.0228493660912542	0.021446649793526	0.0867315510656647	0.0329242741694104	0.0150668918041304	0.0656727014554491	0.0164233576642336	0.245283018867925	0.022933275090095	0.0265486725663717	0.0613577023498695	0.0227272727272727	0.0266803488968702	2.17716064160881	0.0857142857142857	2.07533112582781	0.0147423532653624	0.32698904503707	5.05656819610308
"SLIT3"	0.00123406005758947	0	9.54107432496899e-05	0.000121109361753664	7.16281068691354e-05	0	0.000123198225945546	0	6.49434991557345e-05	0	0	0	0.00775363110188926	0.00147492625368732	0.00522193211488251	0	0.0143663417136993	0.309791716542973	0	3.02897350993377	0.00316891705704051	0.0459223193537678	5.13010685103708
"MFGE8"	0.0812422871246401	0.0248489425981873	0.0556244633145692	0.0158653263897299	0.00780746364873576	0.0251765019315306	0.039916225206357	0.00448967375037414	0.00824782439277828	0.0592829250976216	0.0611313868613139	0	0.0966473735939718	0.0265486725663717	0.16579634464752	0.0303030303030303	0.0451513596716265	0.463969355997127	0.0163265306122449	1.42908388520971	0.461421879305594	0.349009627088636	4.64267756128221
"ADAMTS1"	0.00555327025915261	0.040785498489426	0.000667875202747829	0.00169553106455129	0.000644652961822219	0.00626082323165046	0.000615991129727732	0	0.00136381348227042	0	0	0	0.00578792180845255	0	0.0378590078328982	0	0.0138532580810672	3.34354800095763	0.00408163265306122	1.99889624724062	0.0370625516671259	0.290251189554056	4.73915776241358
"LEF1"	0.0742492801316331	0.170090634441088	0.619120312947238	0.0988252391909895	0.00952653821359501	0.22345810576795	1.06295429345817	0.011972463334331	0.0337706195609819	1.25807596734114	0.862226277372263	0.179245283018868	0.225292126242219	0.0471976401179941	0.469973890339426	0.590909090909091	0.0205233453052848	0.412975819966483	0.00408163265306122	0.0645695364238411	0.0406448057316065	0.0309837335398916	0.395977372721559
"RPS3A"	57.0505964623612	19.6743202416918	38.466940177464	33.883492793993	21.1135305493876	23.7100706007726	43.7157816927436	23.8901526489075	12.5196778802442	51.0191693290735	28.4251824817518	35.6792452830189	13.7800589712788	49.8613569321534	32.434725848564	34.9469696969697	11.5500256541816	22.0514723485755	3.66530612244898	19.2326158940397	10.8166161476991	46.2354763749032	20.2708988057825
"RPL32"	56.7280954339778	22.6259818731118	47.7771205037687	42.0492915102337	24.8274478905523	28.4336619155455	51.1287421461131	26.7045794672254	15.0673464086245	60.9517216897409	35.7153284671533	41.622641509434	18.0742601288632	40.9896755162242	36.0156657963446	41.8939393939394	16.1754746023602	41.1728513287048	6.4530612244898	31.0769867549669	15.5417470377514	60.2011729556269	34.3306096794469
"PIK3IP1"	0.239201974496092	0.423036253776435	0.915179849251026	0.429574906140245	0.141537139173412	0.540495537498335	1.28803745226069	0.306495061358875	0.120600077932199	1.4724884629038	0.993613138686131	0.216981132075472	0.438025554220815	0.151917404129794	0.35509138381201	1.00757575757576	0.123140071831709	0.24227914771367	0.0693877551020408	0.118653421633554	0.396252411132543	0.196082770831028	0.138277812696417
"RPL9"	38.8564376799671	13.5827039274924	27.2651464554909	24.4152840014533	16.7983668791634	16.0769282003463	29.3730442281631	17.7800059862317	9.94531757371087	33.2662406815761	19.6897810218978	22.9528301886792	9.30938080157257	28.5162241887906	18.822454308094	24.1742424242424	8.26013340174448	13.8652142686138	2.38775510204082	13.4759933774834	9.27845136401212	27.9666924864446	12.6429918290383
"OXNAD1"	0.131221719457014	0.205815709969789	0.51397767388608	0.106697347704978	0.0288661270682616	0.291527907286533	0.837008747074042	0.040107752170009	0.0461748278997272	1.22364217252396	0.395985401459854	0.0849056603773585	0.131920934803975	0.0870206489675516	0.248041775456919	0.666666666666667	0.0615700359158543	0.153220014364376	0.0285714285714286	0.0985099337748344	0.0155690272802425	0.107447161668695	0.133878064110622
"RPS13"	40.5524475524476	12.564501510574	24.1003721018987	22.7565701828751	18.6546808967839	14.5038630611429	28.3434766539362	19.9377431906615	10.7023639433693	33.1700390486333	17.7618613138686	28.5754716981132	9.42284591023261	27.8952802359882	20.2154046997389	21.8863636363636	11.1303232426886	23.8434282978214	3.90612244897959	18.7458609271523	12.6328189583907	35.7789089299546	21.3306096794469
"RPS6"	46.9082682023858	15.4128398791541	34.0098273065547	28.0042388276614	15.406704390803	19.0377647528973	34.769249722804	18.6991918587249	9.46993115989089	42.7121050763223	25.6624087591241	32.2830188679245	13.204761384733	33.4026548672566	30.7885117493473	31.0151515151515	11.2001026167265	34.8522863299018	3.35102040816327	22.9594370860927	13.541333700744	55.4088746265354	27.2536140791955
"RPL21"	69.1705059646236	18.5724320241692	35.4176128232039	33.0150175608575	20.3438865410787	22.3411482616225	38.8515461377356	26.7300209518108	12.0741654760358	45.9027334043308	25.7408759124088	34.3962264150943	15.7550507808234	34.1401179941003	27.5261096605744	31.969696969697	11.0856849666496	12.6693799377544	3.19183673469388	15.799944812362	18.4353816478369	34.3732433329645	12.2661847894406
"RPS8"	58.1830522418758	18.7674471299094	42.6439271061922	41.9284243672036	24.087601174701	23.4742906620488	43.00455833436	28.0026938042502	13.4196648915444	51.550230741924	31.0547445255474	53.0754716981132	12.1911106257508	52.1873156342183	37.8955613577023	38.6590909090909	14.3052847614161	40.3902322240843	5.6	33.7155077262693	10.6285478093139	67.1490538895651	36.2869264613451
"RPL22"	23.0534759358289	7.61676737160121	14.6447858028814	13.6512050381494	9.76513143757611	8.67337151991475	16.0214364913145	10.7006884166417	5.72892583452396	18.7149449769258	11.4014598540146	15.8018867924528	5.03723927050344	16.594395280236	14.0483028720627	13.0378787878788	5.28527449974346	8.54584630117309	2.06938775510204	8.60126931567329	5.23367318820612	19.4294566781011	7.96448774355751
"RPS14"	64.2819827231592	23.7841389728097	44.9146073847915	34.5459610027855	26.5428694219612	29.5719328626615	47.3808057163977	31.2190960790183	16.4587608780361	54.8374156904508	29.779197080292	43.5566037735849	16.6908376105711	43.1076696165192	34.7872062663185	39.6742424242424	16.7701385325808	36.5302848934642	5.51020408163265	25.1012693156733	13.0599338660788	61.0359632621445	31.3874921433061
"RPL19"	47.2669683257919	18.6110271903323	36.6646312374773	33.3250575269468	19.0462717570375	22.6681763687225	36.9104348897376	23.7413947919785	11.6811274191453	43.0212992545261	26.0638686131387	37.4150943396226	14.0121218739762	35.169616519174	30.7819843342037	33.2954545454545	13.9199589533094	29.1065357912377	4.67755102040816	24.6873620309051	10.5821162854781	48.6257607613146	28.404462602137
"RPL37"	59.4372686137392	18.5162386706949	36.615590115447	34.5001816640426	21.2564286225915	22.5634074863461	36.9610693606012	24.1951511523496	12.5184439537602	42.959176428825	27.2928832116788	39.5660377358491	12.7209784864038	40.1637168141593	31.4412532637076	32.5606060606061	13.9102103642894	30.9262628680871	4.33877551020408	26.2373068432671	16.1589969688619	42.6335066946996	25.3324952859837
"RPS21"	31.1162073220897	10.4356495468278	21.8378017364755	20.2972023737435	9.62939617505909	13.6553216997469	21.4732043858568	12.1589344507632	5.92908169892194	26.986155484558	15.0930656934307	23.1603773584906	9.4723162607841	19.3097345132743	21.6984334203655	19.75	8.59671626475116	18.3646157529327	2.7265306122449	11.8449227373068	8.30118489942133	30.8848069049463	14.1621621621622
"CD8B"	0.135335252982312	0.35309667673716	0.358935216105333	0.155625529853458	0.0123200343814913	1.23611296123618	0.053221633608476	0.00957797066746483	0.0414339524613586	3.51721689740859	0.126824817518248	0.19811320754717	0.320301408758327	0.0988200589970502	0.689295039164491	0.424242424242424	0.0405336069779374	0.00909743835288485	0	0.0107615894039735	0.06255166712593	0.00652871528162001	0.0100565681961031
"RP11-291B21.2"	0.00617030028794735	0.0554380664652568	0.0347295105428871	0.0267651689475596	0.00157581835112098	0.118889036898894	0.00320315387458421	0.000897934750074828	0.00629951941810625	1.08200212992545	0.00912408759124088	0	0.000546030359287976	0.0117994100294985	0.0678851174934726	0.0303030303030303	0	0	0.00408163265306122	0	0	0	0
"CD8A"	0.149938296997121	0.392824773413897	0.174601660146933	0.108392878769529	0.0118186376334073	1.12308512055415	0.0215596895404706	0.0062855432505238	0.0389660994934407	1.29499467518637	0.0574817518248175	0.150943396226415	0.334279785956099	0.0943952802359882	0.830287206266319	0.272727272727273	0.0307850179579271	0.0129279387119943	0	0.00965783664459161	0.0545604849820887	0.00940577625318137	0.0087994971715902
"CD27"	0.187371452077334	0.190483383685801	0.804407976338136	0.304226716725203	0.006876298259437	0.41321433328893	0.881360108414439	0.00808141275067345	0.0404597999740226	1.15938942137025	1.19343065693431	5.21698113207547	0.468603254340941	0.0634218289085546	0.915143603133159	0.833333333333333	0.0543868650590046	0.00598515681110845	0	0.00827814569536424	0.0779829154036925	0.00564346575190882	0.0116279069767442
"RPL10A"	25.7071164129988	8.925	19.0231848106097	17.2712849703282	8.24081369529403	11.2630211802318	18.4924233091043	11.7315175097276	4.93921288479023	23.21228257011	13.8722627737226	21.8962264150943	6.99901714535328	20.7035398230088	18.3681462140992	16.6893939393939	6.08106721395588	16.7694517596361	1.73061224489796	15.5888520971302	6.03761366767705	30.6979085979861	18.5411690760528
"NUCB2"	0.202385849444673	0.414274924471299	0.345577712050377	0.158895482620807	0.137454337081871	0.455441587851339	0.687199704324258	0.125710865010476	0.098584231718405	1.26659566915158	0.25	2.42452830188679	0.137490444468712	2.22861356932153	1.50130548302872	0.416666666666667	0.230887634684454	0.986114436198228	0.351020408163265	1.40011037527594	1.33562965004133	0.679429014053336	0.649277184160905
"TRABD2A"	0.209995886466475	0.107477341389728	0.385173170498998	0.0873198498243914	0.0133228278776592	0.14033568669242	0.686337316742639	0.0146662675845555	0.0264969476555397	0.780262690805822	0.203467153284672	0.0849056603773585	0.0776455170907503	0.0693215339233038	0.135770234986945	0.378787878787879	0.0230887634684454	0.082116351448408	0.00408163265306122	0.125551876379691	0.0154312482777625	0.0117295562686732	0.0263984915147706
"RPS28"	65.0898807075278	19.7821752265861	38.3339376013739	33.901174760809	24.2519876799656	24.3590648727854	38.2392509547863	26.1080514815923	14.3765424081049	47.5090521831736	27.5374087591241	43.5566037735849	14.4737359397182	42.1120943952802	30.3746736292428	34.4772727272727	14.5761929194459	20.8407948288245	4.03265306122449	19.6294150110375	24.7568200606228	46.5289365940024	22.4226901319925
"RGS10"	3.51048951048951	0.524018126888217	0.931495086346723	0.377497880586169	0.934746794642218	0.666444651658452	1.3721818405815	1.14546542951212	0.423821275490323	1.8768193113241	0.833029197080292	0.707547169811321	0.750573331877252	1.00884955752212	1.79634464751958	1.06818181818182	1.62698819907645	0.0976777591572899	0.579591836734694	0.581953642384106	0.293193717277487	0.310279960163771	1.08233815210559
"CD7"	0.433360756890169	1.87364048338369	0.874725694113157	0.248153082233257	0.088818852517728	0.896363394165446	1.30614759147468	0.0664471715055373	0.1087154175867	1.8757543485978	0.728102189781022	0.311320754716981	0.857704488369553	0.349557522123894	1.34725848563969	1	0.115956900974859	0.0335168781422073	0.036734693877551	0.0366997792494481	0.168641499035547	0.0172623658293682	0.0292269013199246
"GNLY"	0.75545043192102	22.7151812688822	0.338231084820151	1.68693229986678	0.195902872287085	8.93639270014653	0.124553406430947	0.176593834181383	0.643590076633329	0.12708555200568	0.22992700729927	1.22641509433962	1.39150376760948	1.26843657817109	8.68015665796345	1.25757575757576	0.205233453052848	0.0442901604022025	0.2	0.0248344370860927	0.309176081565169	0.0297665154365387	0.0461973601508485
"NKG7"	0.527972027972028	15.9761329305136	0.282797442992081	1.52391909894635	0.217534560561564	12.080325029972	0.0964642109153628	0.573480993714457	0.542667878945318	0.144124955626553	0.202554744525547	1.4811320754717	0.75068253794911	1.29203539823009	8.43342036553525	1.06818181818182	0.0938943047716778	0.0244194397893225	0.0408163265306122	0.0171081677704194	0.0895563516120143	0.0177049905942237	0.0166561910747957
"GZMB"	0.210818593171534	3.79516616314199	0.0266195973666635	0.266319486496306	0.0270037962896641	1.38717197282536	0.0192189232475052	0.0287339120023945	0.115339654500584	0.0181043663471778	0.0282846715328467	0.339622641509434	0.474609588293109	17.169616519174	2.19060052219321	0.0303030303030303	0.0436121087737301	0.016279626526215	0.00816326530612245	0.00689845474613687	0.0618627721135299	0.0262255173176939	0.0254556882463859
"PRF1"	0.0820649938296997	2.57492447129909	0.0757561301402538	0.190505026038513	0.016904233221116	0.994738244305315	0.0250092398669459	0.0128703980844059	0.0802701649564879	0.0528931487397941	0.10036496350365	0.179245283018868	0.171125914600852	0.160766961651917	1.20365535248042	0.0454545454545455	0.0210364289379169	0.0172372516159923	0	0.00910596026490066	0.0242491044364839	0.00354099811884475	0.0207416719044626
"FGFBP2"	0.0483340189222542	3.07416918429003	0.0245205610151703	0.263655080537726	0.0215600601676098	1.91388037831357	0.0135518048540101	0.0209518108350793	0.0759189505130536	0.0475683351082712	0.0228102189781022	0.150943396226415	0.0357103854974337	0.179941002949853	1.0822454308094	0.0681818181818182	0.00102616726526424	0.000957625089777352	0.00408163265306122	0.158388520971302	0.00799118214384128	0.0153812105787319	0.0248271527341295
"GZMA"	0.242492801316331	4.44410876132931	0.569888369430398	0.438536998910016	0.032805672946064	3.52737445051285	0.0401626216582481	0.0332235857527686	0.158851798934927	0.0472133475328364	0.20985401459854	0.349056603773585	0.798514797422737	0.315634218289086	5.49477806788512	0.939393939393939	0.0800410466906106	0.0272923150586545	0	0.0149006622516556	0.0755028933590521	0.0222418944339936	0.0188560653676933
"KLRD1"	0.0703414232825997	2.13950151057402	0.0366377254078809	0.172580840498971	0.014253993266958	1.16910883175703	0.0102254527534804	0.0125710865010476	0.070203922587349	0.0181043663471778	0.0246350364963504	0.160377358490566	0.146554548432893	0.138643067846608	0.984334203655353	0.121212121212121	0.0241149307337096	0.135025137658607	0.0408163265306122	0.0408388520971302	0.0409203637365665	0.0117295562686732	0.0914519170333124
"CTSW"	0.165569724393254	2.42703927492447	0.324396527048946	0.244883129465908	0.0277200773583554	1.61049686958838	0.171491930516201	0.0269380425022448	0.0942979607741265	0.87362442314519	0.157846715328467	0.19811320754717	0.316260784099596	0.367256637168142	1.59138381201044	0.5	0.0328373524884556	0.00766100071821882	0.114285714285714	0.00496688741721854	0.0354092036373657	0.0073033086201173	0.0087994971715902
"CST7"	9.08782394076512	3.6691087613293	0.295200839614541	0.361753663558193	0.0496382780603109	2.95957106700413	0.0278427990636935	0.0287339120023945	0.135861800233797	0.0241391551295705	0.319343065693431	0.320754716981132	0.808889374249208	0.261061946902655	2.06788511749347	0.522727272727273	1.04566444330426	0.0481206607613119	0.489795918367347	0.0466335540838852	0.414577018462386	0.0281066725683302	0.0813953488372093
"CD247"	0.199300699300699	1.93557401812689	0.856216009922717	0.221024585200436	0.0291526394957381	0.849407219928067	0.820869779475176	0.0197545645016462	0.0804649954539551	0.599929002484913	0.977189781021898	0.216981132075472	0.580648684066834	0.148967551622419	1.70626631853786	0.916666666666667	0.0625962031811185	0.0409384725879818	0.00816326530612245	0.0171081677704194	0.0668228162028107	0.0116189000774593	0.027027027027027
"CCL4"	0.22110242698478	2.36487915407855	0.0307222593264002	0.243066489039603	0.509633980373899	1.57386439323298	0.0181101392139953	0.441484585453457	0.228211456033251	0.0159744408945687	0.0264598540145985	0.443396226415094	0.585890575515999	0.13716814159292	1.79895561357702	0.0909090909090909	1.81580297588507	0.035432128321762	0.0693877551020408	0.0554635761589404	0.0486359878754478	0.0320902954520305	0.0194846008799497
"CCL5"	1.22871246400658	8.72696374622356	1.57952485449862	1.26232287755844	0.145763197478691	13.0371653123751	0.0922754712332142	0.113139778509428	0.503571892453565	0.352147674831381	0.393248175182482	1.22641509433962	2.73692257289505	0.933628318584071	6.48825065274151	2.65151515151515	0.277578245253976	0.0739765381853005	0.0204081632653061	0.109547461368653	0.574400661339212	0.0610822175500719	0.120993086109365
"KLRB1"	0.506993006993007	2.45823262839879	2.13653277359031	0.294901295870171	0.0281498459995702	2.03796456640469	0.190834051989651	0.0308290930859024	0.110274061566437	0.0386936457223997	0.402372262773723	0.226415094339623	1.19941028721197	0.162241887905605	1.25195822454308	1.48484848484848	0.196511031298102	0.0141249700742159	0.0775510204081633	0.0242825607064018	0.240424359327638	0.0295452030541109	0.0260842237586424
"GZMM"	0.179144385026738	1.80981873111782	0.575135960309131	0.248758629042025	0.0273619368240097	1.70181164246703	0.526549217691265	0.0257407961688117	0.0850110403948565	1.08519701810437	0.335766423357664	0.188679245283019	0.360926067489352	0.171091445427729	0.990861618798956	0.651515151515151	0.0374551051821447	0.0105338759875509	0.00408163265306122	0.0107615894039735	0.0553871589969689	0.00774593338497289	0.011313639220616
"GZMH"	0.102426984779926	2.37364048338369	0.0444614063543555	0.308465544386581	0.0292242676026073	3.37784734248035	0.0193421214734508	0.0245435498353786	0.0992336667099623	0.0159744408945687	0.0474452554744526	0.273584905660377	0.181282079283608	0.255162241887906	2.08485639686684	0.113636363636364	0.025654181631606	0.00574575053866411	0	0.00772626931567329	0.018600165334803	0.00320902954520305	0.00219987429289755
"EFHD2"	2.72357054709996	2.78353474320242	0.271348153802118	0.707036453917888	3.0241386720149	1.75995737311842	0.111494394480719	3.61418736905118	1.58825821535264	0.124600638977636	0.259124087591241	1.13207547169811	0.250846347056896	1.03687315634218	2.18276762402089	0.378787878787879	1.73935351462288	0.895858271486713	0.224489795918367	0.397626931567329	0.136125654450262	0.76640478034746	0.298240100565682
"HCST"	1.67071164129988	4.82228096676737	2.46484114111249	1.13491582899358	2.8732898789485	4.84054882110031	1.7232967845263	2.64471715055373	1.76561891154695	3.28079517216897	2.05656934306569	3.19811320754717	1.22911433875723	3.20206489675516	3.45691906005222	2.84090909090909	1.93842996408415	0.0402202537706488	0.787755102040816	0.0676048565121413	0.152934692752824	0.0630740289919221	0.0427404148334381
"PLAC8"	0.479432332373509	1.87749244712991	0.61244156091976	1.73622381010052	0.998639065969486	0.89170107899294	0.862141185166934	3.08829691709069	0.519353162748409	0.881079162229322	0.312956204379562	0.962264150943396	0.132903789450693	8.74483775811209	1.07180156657963	1.03030303030303	0.0851718830169318	0.0418960976777592	0.00408163265306122	0.0135209713024283	0.0221824193992835	0.0104016819741065	0.0166561910747957
"ABHD17A"	0.702797202797203	1.66268882175227	0.656425913557867	0.510233741068185	0.539646157152066	1.22991874250699	0.456079832450413	0.700987728225082	0.347123002987401	0.578274760383387	0.638686131386861	0.462264150943396	0.326744566997925	0.715339233038348	1.56919060052219	0.795454545454545	0.366854797331965	1.0653579123773	0.0938775510204082	0.443432671081678	0.131165610360981	0.942790749142415	0.675675675675676
"ARL4C"	4.19827231591937	2.69554380664653	2.39328308367522	0.749666949255177	1.07850440512857	2.62268549353936	1.20660342491068	0.679137982639928	0.389725938433563	0.901668441604544	1.74452554744526	1.14150943396226	0.987004477448946	3.49115044247788	3.16710182767624	2.09090909090909	2.35761929194459	0.41608810150826	1.00816326530612	0.447847682119205	0.171948195095068	0.194090959389178	0.288183532369579
"HOPX"	0.735911147675854	1.71495468277946	0.325923098940941	0.25784183117355	0.0159730678318172	0.786266151591848	0.0134286066280646	0.0296318467524693	0.0544226522925055	0.0198793042243521	0.0602189781021898	0.0849056603773585	0.334498198099814	0.205014749262537	1.22715404699739	0.28030303030303	0.237557721908671	0.852765142446732	0.0612244897959184	0.177152317880795	12.8642876825572	7.78576961380989	2.53865493400377
"JAK1"	2.79370629370629	2.25173716012085	1.41847151989314	1.43865810827177	1.22376620585918	1.43872385773278	1.09794258962671	2.0215504340018	0.712560072736719	1.17287894923678	1.53284671532847	1.50943396226415	0.81926395107568	1.98082595870206	2.37467362924282	1.54545454545455	1.0159055926116	3.03423509695954	0.253061224489796	1.61203090507726	0.350096445301736	1.03452473165874	1.46668761785041
"ITGB2"	3.04874537227478	2.9666163141994	0.994656998378017	1.09361753663558	4.48234367165676	2.05747968562675	0.634101268941727	5.50164621370847	2.67508767372386	0.680511182108626	0.829379562043796	1.5377358490566	0.435404608496232	1.38495575221239	2.56005221932115	0.878787878787879	2.5064135454079	0.03255925305243	0.0775510204081633	0.0402869757174393	0.0808762744557729	0.0212459887130685	0.0194846008799497
"SEPT7"	2.58658988070753	2.37749244712991	1.83770632573228	2.02543296596827	1.21323687414942	2.27940588783802	1.37008747074042	1.84615384615385	0.743992726328095	1.7057152999645	1.41332116788321	1.64150943396226	0.695424265589167	2.17699115044248	3.30417754569191	1.78030303030303	0.445869676757311	0.218817333014125	0.122448979591837	0.285320088300221	0.630063378341141	0.333407104127476	0.753928346951603
"RUNX3"	1.19415878239408	1.00543806646526	0.406831409216678	0.333292963546082	0.337798151994843	0.840682030105235	0.164716028089196	0.774618377731218	0.144434342122354	0.381256656017039	0.288321167883212	0.320754716981132	0.681009064103964	0.261061946902655	1.47911227154047	0.727272727272727	0.851718830169318	0.0371079722288724	0.146938775510204	0.175772626931567	0.0786718104160926	0.0390616354985061	0.659962287869265
"CYBA"	11.5633484162896	7.21170694864048	3.01326209331171	6.25844737798232	9.44137239452761	5.07339816171573	1.63496365652335	14.0541753965878	5.33673204312248	2.1618743343983	2.68339416058394	21.5188679245283	2.81434967784209	15.9277286135693	8.30548302872063	2.88636363636364	7.80297588506927	0.750059851568111	0.759183673469388	2.74034216335541	0.698677321576192	0.478919995573752	2.29918290383407
"PLEK"	2.50802139037433	1.57915407854985	0.0602041789905543	0.78248758629042	2.19919776520307	1.19914746236846	0.0174941480842676	2.95211014666268	1.12215872191194	0.0159744408945687	0.0328467153284672	0.981132075471698	0.137381238396855	4.59587020648968	1.23107049608355	0.143939393939394	2.75371985633658	0.0404596600430931	0.122448979591837	0.0662251655629139	0.0318269495728851	0.0231271439637048	0.0166561910747957
"RAC2"	1.18325791855204	2.05332326283988	1.71300448430493	1.65738161559889	1.32640928300265	1.65565472225922	1.18479733891832	2.78389703681532	0.901610598779062	1.66808661696841	1.75456204379562	3.45283018867925	0.79065196024899	2.35840707964602	4.83289817232376	2.16666666666667	0.562852744997435	0.0464448168542016	1.37551020408163	0.0394591611479029	0.120694406172499	0.0960495739736638	0.024198617221873
"BIN2"	0.446935417523653	1.26404833836858	0.876729319721401	0.502119413830689	0.805028293102213	1.01072332489676	0.677097449796723	2.08141275067345	0.605013638134823	0.787717429889954	0.887773722627737	0.933962264150943	0.466965163263077	0.616519174041298	1.21148825065274	0.848484848484849	0.289892252437147	0.0146037826191046	0.114285714285714	0.011037527593819	0.0665472581978507	0.0105123381653203	0.01414204902577
"HLA-C"	22.3171534348005	11.2157099697885	9.35759946569984	7.00351217149086	8.45183009813051	11.3146396696417	6.17038314648269	12.8389703681532	4.67742563969347	7.58182463613774	8.22171532846715	16.8584905660377	5.74347493720651	6.76253687315634	14.144908616188	10.6590909090909	5.53976398152899	10.9672013406751	1.02448979591837	6.05049668874172	3.76081565169468	6.02025008299214	9.88686360779384
"MBP"	1.10736322501028	1.2464501510574	0.902585631142067	0.575632796415163	0.778740777881241	1.05241774343946	0.536158679315018	0.840167614486681	0.473113391349526	0.522896698615548	0.81478102189781	0.528301886792453	0.855847985147974	1.1165191740413	1.31331592689295	1.0530303030303	1.14571575166752	0.0914531960737371	0.175510204081633	0.36644591611479	0.329980710939653	0.60174836782118	1.10276555625393
"CALM1"	7.7614150555327	6.78564954682779	7.25016696880069	3.88930604335715	3.14024783324977	7.05714666311443	4.08266600960946	5.22298712960192	2.08416677490583	4.42456514022009	5.76459854014599	5.83962264150943	2.57213061046194	4.96017699115044	15.902088772846	6.28030303030303	4.11646998460749	11.1639932966244	1.76734693877551	5.36782560706402	5.00234224304216	12.2602633617351	9.19893148962916
"LCP1"	7.86404771698889	3.87922960725076	1.94323060776643	2.15744217027976	6.95687987966478	3.24830158518716	0.978193914007638	9.41514516611793	3.88102350954669	1.30741924032659	1.5228102189781	2.22641509433962	0.881292999890794	4.34955752212389	7.13054830287206	2.15151515151515	3.89789635710621	0.0940866650706249	0.457142857142857	0.0805739514348786	0.183246073298429	0.0615248423149275	0.0590823381521056
"HLA-F"	1.85911147675854	1.3892749244713	1.20742295582483	0.952161802107303	0.940620299405487	1.35726655121886	0.879635333251201	1.36037114636336	0.515391609299909	1.25239616613419	1.00547445255474	1.22641509433962	0.44370426995741	0.640117994100295	1.23498694516971	1.64393939393939	0.441251924063622	1.23988508498923	0.0489795918367347	0.450331125827815	0.266326811793883	0.362841650990373	0.884978001257071
"CDC42SE1"	1.74372686137392	1.06563444108761	0.782081862417708	0.769165556497517	0.833321395315522	0.824630345011323	0.690772452876679	1.2044298114337	0.54643460189635	0.710330138445154	0.821167883211679	1.06603773584906	0.377306978267992	0.467551622418879	1.2154046997389	0.628787878787879	0.675731144176501	0.371558534833613	0.142857142857143	0.283940397350993	0.43772389087903	0.562908044705101	0.395977372721559
"ATM"	0.700534759358289	1.24259818731118	0.941990268104189	1.08962092769771	0.630613852875868	1.08352204609032	1.30787236663792	0.989224782999102	0.452980906611248	1.82534611288605	0.726277372262774	0.735849056603774	0.492519384077755	0.846607669616519	0.849869451697128	1.12121212121212	0.424320164186762	0.294948527651424	0.0653061224489796	0.344370860927152	0.0982364287682557	0.129910368485117	0.564110622250157
"LITAF"	2.53619909502262	1.48489425981873	0.805648316000382	0.68826450284607	1.17412792779887	1.38370853869722	0.729579894049526	1.03621670158635	0.588323158851799	0.827476038338658	0.77463503649635	1.65094339622642	0.502675548760511	1.10619469026549	1.32114882506527	0.757575757575758	2.55772190867111	0.968637778309792	0.43265306122449	0.875827814569536	1.84045191512813	0.589797499170079	1.94814582023884
"PTPRC"	4.67091731797614	6.03157099697885	5.45959355023376	4.19922490008478	6.6333357209369	6.58338883708539	4.06751262781816	12.9009278659084	3.94460319522016	3.93148739794107	5.37956204379562	2.69811320754717	2.59517309162389	3.36135693215339	7.34334203655352	5.93939393939394	2.46998460749102	0.086425664352406	0.424489795918367	0.110651214128035	0.219068613943235	0.0624100918446387	0.0515399120050283
"CCND3"	0.644179350061703	1.02477341389728	0.833412842286041	0.556618626619838	0.5957309648306	0.841081657120021	0.737464580510041	1.01017659383418	0.501428756981426	0.91089811856585	0.500912408759124	0.311320754716981	0.442721415310691	0.710914454277286	1.39817232375979	0.954545454545455	0.317598768599282	0.810629638496529	0.212244897959184	0.248896247240618	0.0950675117112152	0.270443731326768	0.398491514770585
"DUSP2"	0.944055944055944	1.03670694864048	0.869573513977674	0.511202615962214	0.608265883532698	2.0609431197549	0.20303067635826	0.233762346602814	0.225159111572932	0.328363507277245	0.535583941605839	0.575471698113208	0.689745549852572	0.297935103244838	1.34595300261097	1.0530303030303	1.43919958953309	0.147713670098157	0.0448979591836735	0.0888520971302428	0.160925874896666	0.672789642580502	0.133249528598366
"LYAR"	0.339160839160839	0.661858006042296	0.566358171930159	0.220782366476929	0.210658262302127	1.14539762887971	0.107921645928299	0.304998503442083	0.155669567476296	0.222577209797657	0.227189781021898	0.273584905660377	0.362891776782789	0.234513274336283	1.2023498694517	0.643939393939394	0.184197024114931	0.382331817093608	0.126530612244898	0.254139072847682	0.0879030035822541	0.585481907712737	0.220615964802011
"CD99"	1.9489921842863	1.94003021148036	1.80020990363515	0.923095555286424	1.46064035527541	2.29465831890236	0.586053960822964	0.304399880275367	0.882257436030653	0.525026624068158	1.33120437956204	2.76415094339623	0.980779731353063	2.53687315634218	4.47650130548303	1.74242424242424	1.16880451513597	1.58822121139574	0.681632653061224	3.09023178807947	0.251722237531	0.754564567887573	2.2561282212445
"C9orf142"	0.373920197449609	0.845015105740181	0.602137200648793	0.384522223567882	0.419597450039395	0.892633542027441	0.305901195022792	0.507033822208919	0.251006624236914	0.63258785942492	0.393248175182482	0.5	0.0147428197007754	1.88495575221239	1.05483028720627	0.560606060606061	0.00153925089789636	0.000239406272444338	0	0	0	0	0
"JUN"	5.19909502262443	7.81986404833837	8.42934834462361	8.5852004359937	11.4561994126495	10.3440788597309	3.31957619810275	7.30709368452559	7.73529029744123	4.52964146254881	6.50912408759124	11.2358490566038	0.854755924429398	5.26548672566372	6.58093994778068	8.84848484848485	2.22780913288866	5.96720134067513	1.64897959183673	7.45833333333333	3.47023973546432	11.8635609162333	3.69516027655563
"PIK3R1"	0.458658988070753	1.03413897280967	1.36074802022708	0.459731137216907	0.437003080008595	1.26981483948315	0.686090920290748	0.718647111643221	0.317184049876607	0.616968406105786	1.12317518248175	0.377358490566038	0.404608496232391	0.702064896755162	1.00522193211488	1.47727272727273	0.456644433042586	0.723006942781901	0.281632653061224	1.75	0.0513915679250482	0.362620338607945	0.790069138906348
"SRSF7"	3.24084738790621	2.32333836858006	2.75155042457781	2.47559646360664	1.17348327483705	2.72725456240842	1.59270666502402	1.81771924573481	0.796856734640862	1.8991835285765	2.07299270072993	2	1.05766080594081	3.94100294985251	4.73629242819843	3.03787878787879	1.18419702411493	2.25975580560211	0.277551020408163	1.64210816777042	3.52397354643152	3.17129578399911	1.90100565681961
"CLEC2D"	0.55820649938297	0.58429003021148	0.962121934929873	0.897541479956401	0.0930449108230069	0.968962301851605	0.882099297770112	0.0733313379227776	0.128263410832576	1.13773517926873	0.844890510948905	0.669811320754717	0.843180080812493	0.261061946902655	1.52349869451697	1.1969696969697	0.228322216521293	0.150825951639933	0.0163265306122449	0.0880242825607064	0.133232295398181	0.053336284165099	0.175047140163419
"SELK"	0.465857671740025	0.748942598187311	0.903062684858315	0.683541237737677	0.57495881383855	0.855934461169575	0.488480965874091	0.952409458246034	0.312702948434862	0.536031238906638	0.631386861313869	3.42452830188679	0.0164901168504969	0.946902654867257	0.879895561357702	0.833333333333333	0.0025654181631606	0.000239406272444338	0.00816326530612245	0	0	0	0
"ATPIF1"	0.837309749074455	1.12628398791541	1.21696403014979	1.00036332808526	0.878590358856815	1.13787132010124	0.919305162005667	1.10805148159234	0.54247304844785	1.05537806176784	1.12317518248175	2.56603773584906	0.0294856394015507	1.60914454277286	2.57310704960836	1.27272727272727	0.0025654181631606	0.000718218817333014	0.00408163265306122	0	0	0	0
"CLEC12A"	0.597902097902098	0.484516616314199	0.016315237095697	0.239069880101732	1.97120550103861	0.29072865325696	0.0157693729210299	2.49146961987429	1.2451617093129	0.0124245651402201	0.0164233576642336	0.377358490566038	0.0337446762039969	0.26401179941003	0.150130548302872	0.0151515151515152	0.233966136480246	0.00718218817333014	0.0897959183673469	0.0146247240618102	0.000137779002480022	0.00331968573641695	0.0043997485857951
"APLP2"	1.85026737967914	1.12764350453172	0.173933784944185	0.958096160833232	3.86426473748299	0.787132010123884	0.130959714180116	3.02304699191859	2.51695025327965	0.0972665956691516	0.20985401459854	0.877358490566038	0.189254122529213	0.752212389380531	0.839425587467363	0.189393939393939	2.05900461775269	3.44146516638736	0.155102040816327	2.27373068432671	0.548773766877928	1.54752683412637	1.78001257071025
"TSPO"	7.32435211846977	2.13345921450151	1.29043030245206	1.3653869444108	6.26609841701884	1.76375382975889	0.782431932980165	6.02753666566896	4.41037797116509	0.762868299609514	1.15784671532847	3.14150943396226	0.921480834334389	1.28761061946903	2.86292428198433	1.10606060606061	2.69214982042073	3.32391668661719	0.869387755102041	2.48013245033113	0.841416368145495	10.0982626977979	4.43400377121307
"LTA4H"	0.903743315508021	0.545619335347432	0.181948287377159	0.624924306648904	1.8162022777738	0.396096976155588	0.196993963286929	2.4540556719545	1.30900116898298	0.223642172523962	0.163321167883212	0.575471698113208	0.145571693786175	0.737463126843658	0.454308093994778	0.113636363636364	0.623909697280657	0.368446253291836	0.00408163265306122	0.134933774834437	0.140672361532102	0.476706871749474	0.314896291640478
"BRI3"	4.79884821061292	1.41042296072508	0.472187768342715	0.982439142545719	4.88933457488719	0.961236179565739	0.456819021806086	6.93145764741096	2.88777763345889	0.436634717784878	0.43521897810219	1.44339622641509	0.391612973681337	3.12684365781711	1.18668407310705	0.371212121212121	4.40379681888148	3.30380655973187	0.330612244897959	2.68846578366446	0.801736015431248	1.57707203718048	3.80923947203017
"KCTD12"	1.03496503496504	0.420619335347432	0.0254746684476672	0.24197650478382	2.26029654036244	0.312108698548022	0.019834914377233	0.94103561807842	1.39057020392259	0.0283990060347888	0.0155109489051095	0.367924528301887	0.0411706890903134	0.609144542772861	0.221932114882507	0.0303030303030303	1.52488455618266	4.60067033756284	0.0163265306122449	0.97682119205298	0.0852852025351337	0.139316144738298	0.282526712759271
"OGFRL1"	2.16639243109831	0.474093655589124	0.077855166491747	0.36562916313431	1.99247904877874	0.334554415878513	0.0299371689047678	1.32086201736007	1.15359137550331	0.0518281860134895	0.0538321167883212	0.415094339622642	0.119580648684067	0.480825958702065	0.424281984334204	0.0681818181818182	0.874807593637763	0.196073737131913	0.0163265306122449	0.379966887417219	0.0924497106640948	0.34403009848401	0.16781898177247
"FGR"	0.807280954339778	0.864577039274924	0.027382883312661	0.449194622744338	2.21037174987465	0.46689756227521	0.0234076629296538	3.20772223885064	1.2576308611508	0.0273340433084842	0.0255474452554745	0.452830188679245	0.0496887626952059	0.269911504424779	0.318537859007833	0.00757575757575758	0.608004104669061	0.172611922432368	0.00816326530612245	0.00607064017660044	0.00785340314136126	0.00464756003098373	0.00817096165933375
"EVI2B"	1.38811188811189	1.13587613293051	0.947237858982921	1.70957975051471	3.55554759687701	1.00499533768483	0.587532339534311	3.87638431607303	2.13664112222367	0.612353567625133	0.743613138686131	2.11320754716981	0.587747078737578	1.40265486725664	1.14621409921671	0.871212121212121	0.793227296049256	0.0239406272444338	0.126530612244898	0.0231788079470199	0.0841829705152935	0.0158238353435875	0.0197988686360779
"JCHAIN"	0.0839160839160839	0.0216767371601208	0.00820532391947333	1.00254329659683	0.0144688775875654	0.0117223924337285	0.00677590242700505	0.0134690212511224	0.0570203922587349	0.00638977635782748	0.00821167883211679	231.292452830189	0.0512176477012122	10.1150442477876	2.40078328981723	0.00757575757575758	0.0148794253463315	0.00215465645199904	0	0.00275938189845475	0.0698539542573712	0.00553280956069492	0.00282840980515399
"MZB1"	0.0143973673385438	0.0132175226586103	0.00686957351397767	0.316579871624077	0.00530047990831602	0.0105235113893699	0.00307995564863866	0.00568692008380724	0.0181841797636057	0.0035498757543486	0.00182481751824818	30.122641509434	0.0173637654253576	3.77138643067847	0.560052219321149	0	0.00564391995895331	0.00311228154177639	0.00408163265306122	0.0011037527593819	0.00661339211904106	0.0104016819741065	0.00251414204902577
"DERL3"	0.00596462361168244	0.00324773413897281	0.00200362560824349	0.0987041298292358	0.0032232648091111	0.0023977620887172	0.00147837871134656	0.00299311583358276	0.00532536693077023	0.00212992545260916	0.00364963503649635	7.41509433962264	0.00316697608387026	1.91002949852507	0.163185378590078	0	0.0025654181631606	0.00790040699066316	0	0.0149006622516556	0.00509782309176082	0.0069713400464756	0.0191703331238215
"TNFRSF17"	0.000617030028794735	0.000453172205438066	9.54107432496899e-05	0.0469904323604215	0.000644652961822219	0.0001998135073931	0.000492792903782186	0.000598623166716552	0.00110403948564749	0.00035498757543486	0	5.27358490566038	0.000109206071857595	0.138643067846608	0.182767624020888	0	0.000513083632632119	0.000239406272444338	0	0.000275938189845475	0.000137779002480022	0.000110656191213898	0.000942803268384664
"TNFRSF13B"	0.0102838338132456	0.00166163141993958	0.00028623222974907	0.296112389487707	0.000859537282429625	0.000865858532036766	0.000492792903782186	0.00149655791679138	0.00422132744512274	0.00106496272630458	0.00456204379562044	1.57547169811321	0.00873648574860762	0.0117994100294985	0.0887728459530026	0	0.0169317598768599	0.00622456308355279	0	0.00193156732891832	0.00537338109672086	0.00807790195861458	0.0043997485857951
"POU2AF1"	0.00267379679144385	0.00302114803625378	0.00248067932449194	0.317427637156352	0.00186233077859752	0.00273078460103903	0.0016015769372921	0.0011972463334331	0.0035718924535654	0.0035498757543486	0.0072992700729927	1.82075471698113	0.00196570929343671	0.00884955752212389	0.12532637075718	0	0.00615700359158543	0.0134067512568829	0	0.00717439293598234	0.00137779002480022	0.00354099811884475	0.00848522941546197
"IGHA1"	0.135746606334842	0.036178247734139	0.0228031676366759	0.657260506237132	0.0443377981519948	0.0290395630744638	0.0226684735739805	0.0410056869200838	0.107611378101052	0.0319488817891374	0.0282846715328467	621.528301886792	0.223326416948782	0.0619469026548673	4.85248041775457	0.0151515151515152	0.0379681888147768	0.00359109408666507	0.00408163265306122	0.00827814569536424	0.0608983190961697	0.00409427907491424	0.0059710873664362
"CD38"	0.0993418346359523	0.194939577039275	0.00725121648697643	0.0853821000363328	0.0546522455411503	0.0261089649660317	0.0332635210052975	0.0365160131697097	0.0259124561631381	0.0298189563365282	0.0155109489051095	2.94339622641509	0.00764442503003167	0.199115044247788	0.432114882506527	0.113636363636364	0.021549512570549	0.00526693799377544	0	0.0146247240618102	0.00151556902728024	0.00907380767953967	0.0087994971715902
"GNG7"	0.333813245577951	0.0130664652567976	0.0170785230416945	0.555165314278794	0.0265740276484493	0.0123884374583722	0.0257484292226192	0.00838072433403173	0.0205870892323678	0.0255591054313099	0.0145985401459854	1.99056603773585	0.0172545593535001	0.81858407079646	0.0652741514360313	0.00757575757575758	0.219086711133915	0.258558774239885	0.0204081632653061	0.0629139072847682	0.0278313585009645	0.0266681420825495	0.290069138906348
"ITM2C"	3.48930481283422	0.0293051359516616	0.0903539738574563	0.198861571999516	0.0158298116180789	0.0496203543359531	0.0580263644203523	0.00478898533373242	0.0190284452526302	0.128150514731984	0.14963503649635	7.97169811320755	0.3723927050344	5.90412979351032	0.651436031331593	0.0606060606060606	0.154438173422268	0.048838879578645	0.330612244897959	0.55242825607064	0.180214935243869	0.055549407989377	0.862664990571967
"EAF2"	0.225832990538873	0.0675981873111783	0.0324396527048946	0.605425699406564	0.148699949860325	0.040695351005728	0.0305531600344955	0.402574079616881	0.0804649954539551	0.033013844515442	0.0291970802919708	2.55660377358491	0.0211859779403735	0.377581120943953	0.189295039164491	0.053030303030303	0.121600820933812	0.050993536030644	0.0204081632653061	0.0226269315673289	0.0216313033893635	0.0448157574416289	0.0421118793211816
"IGLC2"	0.317153434800494	0.0712990936555891	0.0354927964888846	7.87089742037059	0.0445526824726023	0.0382975889170108	0.0333867192312431	0.0445974259203831	0.625990388362125	0.0326588569400071	0.0264598540145985	689.72641509434	0.102544501474282	0.588495575221239	3.15665796344648	0.0151515151515152	0.0677270395074397	0.0112520948048839	0	0.016280353200883	0.448195095067512	0.143299767621998	0.00817096165933375
"SEL1L3"	0.275401069518717	0.068202416918429	0.0941704035874439	0.56097856364297	0.0143972494806962	0.0877181297455708	0.0517432548971295	0.0179586950014966	0.0234446031952202	0.0553780617678381	0.0958029197080292	1.82075471698113	0.136944414109424	1.12389380530973	0.206266318537859	0.106060606060606	0.082093381221139	0.23509695954034	0.0326530612244898	0.0424944812362031	0.0236979884265638	0.0438198517207038	0.0201131363922062
"FAM46C"	0.0308515014397367	0.170921450151057	0.245014788665204	0.31403657502725	0.00537210801518516	0.262421739709604	0.0356042872982629	0.0074827895839569	0.0150668918041304	0.0262690805821796	0.275547445255474	2.22641509433962	0.00436824287430381	0.0604719764011799	0.265013054830287	0.340909090909091	0	0.000239406272444338	0	0	0	0	0
"PRDX4"	0.494446729740847	0.112764350453172	0.13223929014407	0.0988252391909895	0.11188310292959	0.0904489143466098	0.0783540717013675	0.301107452858426	0.0600727367190544	0.0869719559815406	0.0839416058394161	3.45283018867925	0.108223217210877	0.240412979351032	0.573107049608355	0.159090909090909	0.203694202154951	1.02418003351688	0.179591836734694	1.33416114790287	0.0741251033342519	0.803806572977758	0.877435575109994
"FKBP11"	0.192102015631427	0.37583081570997	0.432019845434596	0.134310282184813	0.0432633765489578	0.393899027574264	0.177898238265369	0.0278359772523197	0.0509806468372516	0.281860134895279	0.162408759124088	7.19811320754717	0.309599213716283	0.234513274336283	0.657963446475196	0.386363636363636	0.0836326321190354	0.368685659564281	0.0448979591836735	0.643763796909492	0.0737117663268118	0.253845302644683	0.304839723444375
"SLAMF7"	0.891402714932127	0.271223564954683	0.00877778837897147	0.0422671672520286	0.046558269464938	0.21400026641801	0.00209436984107429	0.269679736605807	0.0234446031952202	0.00390486332978346	0.00364963503649635	1.60377358490566	0.0795020203123294	0.884955752212389	0.224543080939948	0.0227272727272727	0.351462288353002	0.0122097198946612	0.0122448979591837	0.00993377483443709	0.106227610912097	0.0499059422374682	0.0493400377121307
"SEC11C"	0.638831756478815	0.41261329305136	0.565308653754413	0.389851035485043	0.235656471599456	0.437524976688424	0.241591721079216	0.424423825202035	0.150474087543837	0.272275470358537	0.480839416058394	15.4056603773585	0.340504532051982	1.19616519174041	1.52480417754569	0.484848484848485	0.476141611082606	0.554225520708643	0.212244897959184	0.158388520971302	0.30958941857261	1.00287706097156	0.846008799497172
"CRELD2"	0.446112710818593	0.185800604229607	0.174410838660433	0.11602276856001	0.107657044624311	0.168309577727454	0.0891955155845756	0.139778509428315	0.06409923366671	0.120695775647852	0.109489051094891	2.5377358490566	0.121873976193076	0.29646017699115	0.560052219321149	0.166666666666667	0.248332478193946	0.335887000239406	0.138775510204082	0.636313465783664	0.111600992008818	0.437091955294899	0.628849780012571
"LMAN1"	0.329288358700123	0.283006042296073	0.356645358267341	0.243793145210125	0.172193968913402	0.319368589316638	0.216952075890107	0.193654594432805	0.103065333160151	0.291089811856585	0.283759124087591	4.94339622641509	0.164901168504969	1.11356932153392	1.01174934725849	0.439393939393939	0.287326834273987	1.11371797941106	0.293877551020408	1.92770419426049	0.148801322678424	0.974106451255948	0.862350722815839
"MANF"	0.573632250102838	0.28987915407855	0.25541455967942	0.147268983892455	0.143614354272617	0.257026775009991	0.135025255636319	0.181682131098474	0.0957916612547084	0.151579694710685	0.166970802919708	5.07547169811321	0.218412143715191	0.87905604719764	0.994778067885117	0.174242424242424	0.53258081067214	0.74670816375389	0.26530612244898	0.712748344370861	0.366078809589419	1.15890229058316	0.872407291011942
"PDIA4"	0.356437679967092	0.239501510574018	0.168972426295201	0.150781155383311	0.278848220041544	0.198214999333955	0.108044844154244	0.283448069440287	0.152941940511755	0.133120340788072	0.117700729927007	4.0188679245283	0.0962105493065414	1.01032448377581	0.678851174934726	0.159090909090909	0.541816316059518	0.576490304045966	0.130612244897959	0.859823399558499	0.167539267015707	0.470510125041496	0.464802011313639
"HSP90B1"	2.65158371040724	1.66170694864048	1.44804885030054	1.31476323119777	1.7544588496526	1.60117223924337	0.900209436984107	1.99760550733313	0.887517859462268	1.09584664536741	0.95529197080292	38.9716981132075	0.498962542317353	8.24631268436578	4.45691906005222	1.28787878787879	2.45356593124679	4.26334689968877	1.14285714285714	6.9114238410596	1.44185726095343	3.16930397255726	3.82620993086109
"ERLEC1"	0.469559851912793	0.235045317220544	0.234996660623986	0.207460336684026	0.172766993768355	0.236779006260823	0.148084267586547	0.271176294522598	0.108455643590077	0.173943911963081	0.164233576642336	3.21698113207547	0.130282843726111	0.442477876106195	0.434725848563969	0.21969696969697	0.211903540277065	0.434522384486474	0.183673469387755	0.670529801324503	0.0790851474235326	0.321013610711519	0.634192331866751
"UBE2J1"	0.609008638420403	0.340483383685801	0.164965175078714	0.549352064914618	0.835685122842203	0.248568003197016	0.0943698410742885	1.41304998503442	0.476880114300558	0.0979765708200213	0.140510948905109	6.18867924528302	0.104073386480288	2.0353982300885	0.62532637075718	0.272727272727273	0.457157516675218	0.598276274838401	0.0571428571428571	0.291114790286976	0.175530449159548	0.251632178820405	0.35166561910748
"SDF2L1"	0.709173179761415	0.396299093655589	0.284896479343574	0.176577449436841	0.274693789843134	0.321699746902891	0.151780214364913	0.377731218198144	0.150019483049747	0.179268725594604	0.196167883211679	5.20754716981132	0.238615267008846	0.532448377581121	1.35770234986945	0.325757575757576	0.796305797845049	0.436677040938473	0.387755102040816	0.641004415011038	0.18503720033067	0.468186345026004	0.759270898805783
"SSR3"	2.34306869600987	0.473716012084592	0.493082721114397	0.395664284849219	0.93782680323759	0.446583189023578	0.246766046568929	1.21550434001796	0.487725678659566	0.309549165779198	0.323905109489051	7.97169811320755	0.364311455716938	1.8834808259587	1.44778067885117	0.515151515151515	1.02360184710108	0.873832894421834	0.571428571428571	1.45336644591611	0.410856985395426	1.38685404448379	1.17944688874921
"MYDGF"	2.15302344714109	0.431042296072508	0.372578952390039	0.280368172459731	0.451328701382422	0.361063007859331	0.220894419120365	0.705178090392098	0.250876737238602	0.237131700390486	0.238138686131387	7.15094339622642	0.239379709511849	1.29646017699115	1.09530026109661	0.363636363636364	0.863006670087224	1.03662915968398	0.23265306122449	1.80684326710817	0.50289335905208	0.987495850392829	1.28472658705217
"VIMP"	0.271287535993418	0.420845921450151	0.333174315427917	0.261111783940899	0.458849652603682	0.403689889436526	0.150671430331403	0.790481891649207	0.253604364203143	0.148384806531771	0.22992700729927	4.15094339622642	0.0112482254013323	3.14306784660767	0.506527415143603	0.272727272727273	0.000513083632632119	0	0	0.000551876379690949	0	0	0
"SSR4"	4.13759769642123	1.87061933534743	2.18347485926915	1.63667191473901	2.03631545018265	1.92473691221527	1.43784649501047	2.09218796767435	1.17885439667489	1.70074547390841	1.26277372262774	35.4433962264151	1.18554111608605	6.70501474926254	3.11879895561358	2.03787878787879	1.77578245253976	2.85300454871918	2.06530612244898	3.91694260485651	1.11118765500138	4.47349784220427	3.17379006913891
"XBP1"	0.674825174825175	0.708157099697885	0.577712050376872	0.270558314157684	0.631473390158298	0.563207672838684	0.380436121719847	0.395989224782999	0.38108845304585	0.335818246361377	0.212591240875912	6.80188679245283	0.331331222015944	1.6401179941003	0.74934725848564	0.621212121212121	0.812211390456644	1.0675125688293	0.473469387755102	1.06512141280353	0.31427390465693	1.20593117184907	1.26209930861094
"PPIB"	2.98724804607158	1.55407854984894	1.62255509970423	1.10802955068427	1.36981591576535	1.52284534434528	0.863865960330171	1.49117030829093	0.757046369658397	0.981540646077387	1.1021897810219	24.7924528301887	0.750900950092825	5.47050147492625	4.87859007832898	1.53787878787879	1.57414058491534	3.08307397653819	1.40816326530612	6.88189845474614	0.490631027831358	4.2157795728671	3.2784412319296
"SPCS1"	2.72562731386261	0.891087613293051	1.11019940845339	0.953978442533608	0.884320607406346	0.953110430265086	0.86694591597881	1.31547440885962	0.543771918430965	1.04366347177849	0.877737226277372	10.1698113207547	0.69935568417604	5.32890855457227	2.26892950391645	0.984848484848485	0.840944073884043	1.6468757481446	0.706122448979592	1.78725165562914	0.356158721410857	2.65552727675113	2.07825267127593
"FKBP2"	1.50267379679144	0.454531722054381	0.428680469420857	0.322514230350006	0.473246902084378	0.40741974157453	0.201675495872859	0.695001496557917	0.261852188595922	0.259850905218317	0.186131386861314	4.83962264150943	0.254231735284482	2.09144542772861	0.676240208877285	0.53030303030303	0.606977937403797	0.142686138376825	0.0489795918367347	0.211644591611479	0.413750344447506	0.290693814318911	0.953488372093023
"SPCS2"	1.71966269025093	0.844788519637462	0.820246159717584	0.879496185055105	0.653964615715207	0.806447315838551	0.453862264383393	0.935648009577971	0.37576308611508	0.500532481363152	0.60492700729927	8.65094339622642	0.636452986786065	2.10619469026549	2.6331592689295	0.772727272727273	1.08568496664956	1.57409624132152	0.689795918367347	2.19564017660044	1.08748966657481	2.04924200509018	2.0345694531741
"RPN2"	1.03187988482106	0.480060422960725	0.454727602328022	0.369141334625167	0.710980588783038	0.442919941388038	0.290131822101762	0.675845555222987	0.410767632160021	0.330493432729854	0.360401459854015	3.66037735849057	0.246696516326308	1.46902654867257	1.29503916449086	0.439393939393939	0.767060030785018	1.26358630596122	0.195918367346939	1.41694260485651	0.37489666574814	1.40942790749142	1.28001257071025
"SPCS3"	1.1600164541341	0.783610271903323	0.634672264096937	0.541116628315369	1.11009240025786	0.723724523777807	0.356412467660466	1.24004788985334	0.641381997662034	0.422790202342918	0.438868613138686	6.39622641509434	0.276291361799716	2.21238938053097	1.90469973890339	0.674242424242424	0.896357106208312	1.35767297103184	0.424489795918367	0.759657836644592	0.49710664094792	0.89155693261038	0.736957888120679
"HERPUD1"	2.10695187165775	0.699320241691843	0.462932926247495	1.06334019619717	1.57861184728888	0.697349140801918	0.190464457311815	1.57048787788087	0.798610209118067	0.241391551295705	0.528284671532847	6.70754716981132	0.670088456918205	5.05899705014749	1.40469973890339	0.28030303030303	1.80861980502822	1.73545606894901	0.351020408163265	1.11699779249448	1.1379167814825	1.35708752904725	1.64456316781898
"PDIA6"	1.26285479226656	0.601737160120846	0.526381070508539	0.456097856364297	0.659694864264737	0.524244038897029	0.214241714919305	0.859622867404969	0.331341732692557	0.223287184948527	0.393248175182482	6.16037735849057	0.336354701321393	1.44542772861357	2.48825065274151	0.401515151515151	0.944586967675731	2.04141728513287	0.457142857142857	2.59243929359823	0.268255717828603	1.94013500055328	1.74670018856065
"HSPA5"	1.320649938297	1.26706948640483	1.00257609006774	0.723991764563401	1.35355633550605	1.18795790595444	0.46445731181471	1.14516611792876	0.654435640992337	0.543130990415335	0.58485401459854	7.70754716981132	0.306213825488697	2.47050147492625	2.24543080939948	1.03787878787879	1.53155464340688	0.862820205889394	0.526530612244898	1.9817880794702	1.28809589418573	1.77404005754122	1.43243243243243
"CALR"	3.0662278897573	1.44018126888218	0.966892472092358	1.01247426426063	1.14282644509706	1.33535366990809	0.656276949611926	1.63424124513619	0.537082738017924	0.798012069577565	0.782846715328467	10.0471698113208	0.562302063994758	2.64749262536873	4.7088772845953	1.03030303030303	3.76757311441765	3.77328225999521	0.595918367346939	5.77842163355408	0.87324331771838	4.31592342591568	3.92520427404148
"RABAC1"	1.66310160427807	0.859743202416918	0.847056578570747	0.844132251423035	0.832032089391877	0.865525509524444	0.515584575582112	0.762645914396887	0.538446551500195	0.74582889598864	0.681569343065693	6.10377358490566	0.691929671289724	1.54867256637168	1.11749347258486	0.696969696969697	0.728578758337609	2.3952597558056	0.477551020408163	2.9939293598234	0.536649214659686	1.75478588027	3.1580766813325
"OSTC"	1.56931303990128	0.514954682779456	0.540311039022994	0.405595252513019	0.654895781104505	0.488544025576129	0.378218553652827	0.64411852738701	0.351993765424081	0.45509407170749	0.312043795620438	4.32075471698113	0.322594736267336	2.21828908554572	1.5509138381201	0.5	0.699332991277578	1.34689968877185	0.469387755102041	2.16059602649007	0.242353265362359	1.53435874737192	1.52199874292898
"SEC61G"	4.38153023447141	1.0286253776435	1.05944089304456	0.757417948407412	1.27505193037748	1.01491940855202	0.592460268572133	1.50224483687519	0.750422132744512	0.723819666311679	0.681569343065693	8.34905660377358	0.804521131374904	3.6858407079646	3.02872062663185	1.09848484848485	1.84812724474089	2.26933205649988	1.0530612244898	2.91528697571744	4.3910168090383	3.53701449596105	3.30263984915148
"CCDC50"	1.31468531468531	0.114501510574018	0.0515218013548326	0.695046627104275	0.278490079507199	0.0835220460903157	0.0125662190464457	0.211613289434301	0.131965190284453	0.00603478878239262	0.0976277372262774	0.943396226415094	0.0673801463361363	7.66519174041298	0.454308093994778	0.0681818181818182	0.32683427398666	2.22935120900168	0.0285714285714286	0.623068432671082	0.333149627996693	0.247980524510346	0.897862979258328
"PPP1R14B"	2.68202385849445	0.289954682779456	0.455777120503769	0.408986314642122	0.41923930950505	0.295657386439323	0.219292842183073	0.662975157138581	0.187556825561761	0.256301029463969	0.22536496350365	1.08490566037736	0.365949546794802	10.2477876106195	1.58355091383812	0.272727272727273	0.805028219599795	1.82690926502274	0.269387755102041	2.28062913907285	0.550289335905208	4.58647781343366	1.80703959773727
"PLD4"	0.441176470588235	0.0362537764350453	0.00152657189199504	0.181664042630495	0.0689062388081083	0.0105235113893699	0.00123198225945546	0.315773720442981	0.024223925185089	0.00283990060347888	0.00182481751824818	0.10377358490566	0.00316697608387026	5.11356932153392	0.0417754569190601	0	0.0887634684453566	0.00215465645199904	0	0.00248344370860927	0.000275558004960044	0.00309837335398916	0.00157133878064111
"IRF7"	0.607980255039079	0.184818731117825	0.0977006010876825	0.192442775826571	0.392378769429124	0.125149860130545	0.0783540717013675	0.602514217300209	0.14371996363164	0.0805821796237132	0.0885036496350365	0.830188679245283	0.120235885115212	6.14011799410029	0.201044386422977	0.553030303030303	0.253976398152899	0.325353124251855	0.0326530612244898	0.108167770419426	0.304491595480849	0.357308841429678	0.248585795097423
"UGCG"	0.624434389140271	0.100981873111782	0.142066596698788	0.243429817124864	0.0906095551894563	0.0989742906620488	0.124307009979056	0.124812930260401	0.0512404208338745	0.0834220802271921	0.158759124087591	0.273584905660377	0.127661898001529	6.41297935103245	0.22845953002611	0.174242424242424	0.480246280143663	3.22121139573857	0.110204081632653	1.53559602649007	2.42229264260127	0.80613035299325	2.18353236957888
"LILRA4"	0.0168654874537227	0.0040785498489426	0.000667875202747829	0.0226474506479351	0.00494233937397035	0.00106567203942987	0.000862387581618825	0.0131697096677641	0.00415638394596701	0.00070997515086972	0	0.0943396226415094	0.000982854646718357	3.71386430678466	0.00391644908616188	0	0.000513083632632119	0.000239406272444338	0	0	0	0.000331968573641695	0
"ALOX5AP"	0.992184286301933	0.737839879154079	0.675221829978056	0.520528036817246	0.267172838621875	0.507992540295724	0.188986078600468	0.0368153247530679	0.436420314326536	0.221512247071353	0.586678832116788	0.254716981132075	1.04706781697062	7.04867256637168	1.62793733681462	0.712121212121212	1.61723961005644	0.0380655973186498	0.910204081632653	0.0427704194260486	0.193717277486911	0.0329755449817417	0.043997485857951
"IL3RA"	0.177087618264089	0.0285498489425982	0.00419807270298636	0.0373016834201284	0.0484922283504047	0.00892500333022512	0.00406554145620303	0.437892846453158	0.015651383296532	0.00496982605608804	0.00364963503649635	0.0283018867924528	0.00556950966473736	3.13421828908555	0.0234986945169713	0	0.227296049256029	0.419679195594925	0	0.0107615894039735	0.0104712041884817	0.00852052672347018	0.0138277812696417
"BCL11A"	0.537433155080214	0.0536253776435045	0.00257609006774163	0.699285454765653	0.206718716424325	0.0249766884241375	0.00295675742269311	0.246632744687219	0.0805948824522665	0.00283990060347888	0.000912408759124088	0.150943396226415	0.0153980561319209	3.27728613569322	0.181462140992167	0.00757575757575758	0.408414571575167	0.0904955709839598	0.00816326530612245	0.134933774834437	0.0336180766051254	1.16941462874848	0.0889377749842866
"CLIC3"	0.204031262854792	1.34214501510574	0.0442705848678561	0.0863509749303621	0.0107442160303703	0.296456640468896	0.00874707404213379	0.00808141275067345	0.0300688401091051	0.0394036208732694	0.020985401459854	0.122641509433962	0.0866004149830731	4.50737463126844	0.328981723237598	0.0757575757575758	0.0312981015905593	0.171414891070146	0.0163265306122449	0.0775386313465784	0.347478644254616	2.37866548633396	0.0449402891263356
"PTPRS"	0.00431921020156314	0.00490936555891239	0.00124033966224597	0.0104154051108151	0.00143256213738271	0.00253097109364593	0.00542072194160404	0.000897934750074828	0.00292245746200805	0.00993965211217607	0.000912408759124088	0.0377358490566038	0.00775363110188926	2.50737463126844	0.0117493472584856	0.0151515151515152	0.0179579271421242	0.119942542494613	0.0408163265306122	0.51766004415011	0.0155690272802425	0.138541551399801	0.438717787554997
"SCT"	0.0113122171945701	0.00166163141993958	0.000572464459498139	0.000242218723507327	0.000573024854953084	0.000266418009857466	0.000246396451891093	0.000299311583358276	0.00123392648395896	0.00035498757543486	0.00182481751824818	0.0283018867924528	0.00251173965272469	2.43952802359882	0.010443864229765	0	0.000513083632632119	0.00119703136222169	0	0	0.000826674014880132	0.00154918667699458	0.000628535512256443
"SPIB"	0.402920608802962	0.00755287009063444	0.00162198263524473	0.593799200678212	0.0117470095265382	0.00372985213800453	0.00110878403350992	0.00778210116731518	0.00850759838940122	0.00106496272630458	0.000912408759124088	0.226415094339623	0.0157256743474937	2.38643067846608	0.0613577023498695	0.00757575757575758	0.127757824525398	0.00574575053866411	0	0.00441501103752759	0.0234224304216037	0.00896315148832577	0.0191703331238215
"IRF4"	1.70608802961744	0.0262839879154079	0.0102089495277168	0.0922853336562916	0.0484206002435356	0.0261089649660317	0.0202045090550696	0.0221490571685124	0.0165605922847123	0.00461483848065318	0.0319343065693431	0.981132075471698	0.0649776127552692	2.09144542772861	0.279373368146214	0.00757575757575758	0.357619291944587	0.0181948767057697	0.00408163265306122	0.0251103752759382	0.0555249379994489	0.0153812105787319	0.382778126964173
"CLEC4C"	0.0399012751953928	0.00158610271903323	0.00047705371624845	0.00738767106697348	0.0010027934961679	0.000466231517250566	0.000246396451891093	0	0.0020781919729835	0.00070997515086972	0.000912408759124088	0.0566037735849057	0.00109206071857595	1.99705014749263	0.00261096605744125	0	0	0.00550634426621978	0	0.00413907284768212	0	0.00243443620670577	0.00314267756128221
"TSPAN13"	1.42122583299054	0.00460725075528701	0.00124033966224597	0.32166646481773	0.00537210801518516	0.00186492606900226	0.000862387581618825	0.00239449266686621	0.00350694895440966	0.00141995030173944	0.00182481751824818	0.132075471698113	0.0222780386589494	2.10619469026549	0.066579634464752	0	0.0513083632632119	1.11491501077328	0	0.0513245033112583	0.165334802976026	0.204050016598429	0.0876807039597737
"SMPD3"	0.0641711229946524	0.0166163141993958	0.00448430493273543	0.0104154051108151	0.00422605830527899	0.0106567203942987	0.00406554145620303	0.0167614486680635	0.00363683595272113	0.0053248136315229	0.0191605839416058	0.0283018867924528	0.017800589712788	1.85840707964602	0.0195822454308094	0.00757575757575758	0.0251410979989738	0.014843188891549	0	0.00883002207505519	0.818269495728851	0.0128361181808122	0.0348837209302326
"CYB561A3"	0.587618264088852	0.114501510574018	0.0826257036542315	0.650599491340681	0.220686197263806	0.0983748501398694	0.0731797462116546	0.240945824603412	0.125925444862969	0.0915867944621938	0.0748175182481752	0.245283018867925	0.101234028611991	2.51622418879056	0.263707571801567	0.0909090909090909	0.44073884043099	0.0964807277950682	0.0244897959183673	0.101269315673289	0.0923119316616148	0.214451698572535	3.1948460087995
"MAPKAPK2"	0.380913204442616	0.246827794561934	0.130426486022326	0.175971902628073	0.360647518086097	0.224390568802451	0.0623383023284465	0.542053277461838	0.190609170022081	0.0741924032658857	0.118613138686131	0.594339622641509	0.197226165774817	2.64454277286136	0.425587467362924	0.174242424242424	0.668034889687019	1.1036629159684	0.0693877551020408	0.725165562913907	0.257095618627721	0.550625207480358	1.09050911376493
"PTCRA"	0.000411353352529823	0.00151057401812689	0.00047705371624845	0.00121109361753664	0.00157581835112098	0.0003996270147862	0.000492792903782186	0.00329242741694104	0.000909208988180283	0.00070997515086972	0	0.0283018867924528	0.059626515234247	1.69174041297935	0.00261096605744125	0	0.00102616726526424	0.0019152501795547	0	0.000551876379690949	0	0.000774593338497289	0.000314267756128221
"DNASE1L3"	0.238379267791032	0.0020392749244713	0.00028623222974907	0.0432360421460579	0.00286512427476542	0.000599440522179299	0.00110878403350992	0.00329242741694104	0.00162358747889336	0.00141995030173944	0.000912408759124088	0.0188679245283019	0.00185650322157912	1.63421828908555	0.107049608355091	0	0.140071831708568	0.454871917644242	0.00816326530612245	0.0361479028697572	0.0148801322678424	0.335288259378112	0.0116279069767442
"GAPT"	0.339983545865899	0.100377643504532	0.00438889418948574	0.601429090468693	0.439008667000931	0.0636739043559345	0.00443513613403967	0.481293026040108	0.295752695155215	0.00283990060347888	0.00364963503649635	0.141509433962264	0.0115758436169051	2.03982300884956	0.0783289817232376	0.00757575757575758	0.0805541303232427	0.00119703136222169	0.130612244897959	0.000827814569536424	0.00151556902728024	0.000885249529711187	0.000628535512256443
"SLC15A4"	0.40580008227067	0.199848942598187	0.0291002766911554	0.121593799200678	0.226702958240814	0.12614892766751	0.0182333374399409	0.219395390601616	0.139953240680608	0.0191693290734824	0.0264598540145985	0.0849056603773585	0.0359287976411488	1.69469026548673	0.131853785900783	0.0454545454545455	0.212929707542329	0.101508259516399	0.0122448979591837	0.128311258278146	0.0526315789473684	0.138320239017373	0.278126964173476
"RNASE6"	0.827437268613739	0.18821752265861	0.0236618643259231	0.324936417585079	0.983382279206361	0.142267217263887	0.00936306517186153	0.164322059263694	0.58267307442525	0.00567980120695776	0.00456204379562044	0.745283018867924	0.0239161297368134	2.25958702064897	0.204960835509138	0.0303030303030303	1.14109799897383	0.00933684462532918	0.00408163265306122	0.0129690949227373	0.0110223201984018	0.00818855814982848	0.0043997485857951
"FAM129C"	0.0180995475113122	0.00996978851963746	0.00438889418948574	0.645149570061766	0.00694792636630614	0.00426268815771946	0.00258716274485647	0.00508829691709069	0.0144824003117288	0.00496982605608804	0.00456204379562044	0.132075471698113	0.0141967893414874	1.46312684365782	0.0169712793733681	0	0.00564391995895331	0.000478812544888676	0	0.000551876379690949	0.00702672912648112	0.000331968573641695	0.00502828409805154
"SOX4"	1.84224598930481	0.171450151057402	0.0134529147982063	0.186508417100642	0.460210586634195	0.0970427600905821	0.0560551928052236	0.748578269979048	0.359332380828679	0.105431309904153	0.0848540145985401	0.160377358490566	0.129518401223108	4.28761061946903	0.370757180156658	0.0227272727272727	0.449974345818368	2.31721331098875	0.6	1.76048565121413	0.533755855607605	0.697797941794843	2.45788812067882
"OFD1"	0.596256684491979	0.302190332326284	0.33527335177941	0.436599249121957	0.0905379270825872	0.320301052351139	0.245903658987311	0.112241843759353	0.0735160410442915	0.285410010649627	0.291058394160584	0.245283018867925	0.219504204433767	2.29203539823009	0.357702349869452	0.454545454545455	0.157003591585428	0.356954752214508	0.0897959183673469	0.185706401766004	0.355056489391017	0.389067168308067	0.33218101822753
"RRBP1"	0.812628547922666	0.339577039274924	0.124797252170594	0.168826450284607	0.428407707184299	0.214066870920474	0.0634470863619564	0.717150553726429	0.250422132744512	0.0678026269080582	0.0967153284671533	2.12264150943396	0.0883477121327946	2.48230088495575	0.571801566579634	0.0606060606060606	0.57875833760903	1.52142686138377	0.248979591836735	2.13576158940397	0.209699641774594	1.03197963926082	1.00377121307354
"RTKN2"	0.04648292883587	0.0273413897280967	0.102661959736666	0.0127164829841347	0.00207721509920493	0.0372985213800453	0.0455833435998522	0.000897934750074828	0.00629951941810625	0.0124245651402201	1.28923357664234	0	0.162826253139675	0.0117994100294985	0.184073107049608	0.159090909090909	0.0159055926115957	0.016279626526215	0.00816326530612245	0.0151766004415011	0.0323780655828052	0.0345247316587363	0.0285983658076681
"SKAP1"	0.149321266968326	0.634214501510574	0.733994847819865	0.295506842678939	0.00766420743499749	0.646263487411749	0.528520389306394	0.00838072433403173	0.0468242628912846	0.548100816471424	0.949817518248175	0.188679245283019	0.576717265479961	0.0914454277286136	1.24151436031332	0.78030303030303	0.0543868650590046	0.0476418482164233	0.338775510204082	0.0179359823399559	0.0318269495728851	0.0146066172402346	0.0333123821495915
"SPOCK2"	0.350473056355409	0.484063444108761	1.03196259898865	0.298655686084534	0.0152567867631259	0.765152524310643	0.631883700874707	0.0113738401676145	0.063839459670087	0.802981895633653	0.944343065693431	0.141509433962264	0.802118597794037	0.113569321533923	1.18798955613577	0.803030303030303	0.109286813750641	0.0383050035910941	0.00816326530612245	0.0209713024282561	0.113667677046018	0.0125041496071705	0.0204274041483344
"MALAT1"	610.852118469766	230.482628398792	251.968419043984	261.256388518833	113.191676813982	258.086452644199	258.144265122582	214.75396587848	79.5739057020392	278.160454384097	265.774635036496	239.537735849057	135.184230643224	293.682890855457	149.889033942559	271.219696969697	135.112365315546	119.987790280105	78.4897959183673	119.105132450331	225.08500964453	193.033418169747	115.203645505971
"TTC39C"	0.350061703002879	0.288670694864048	0.847438221543746	0.247910863509749	0.213021989828809	0.40375649393899	0.418504373537021	0.167913798263993	0.15209767502273	0.357117500887469	0.97536496350365	0.10377358490566	0.609369880965382	0.474926253687316	0.903394255874674	0.742424242424242	0.196511031298102	0.202298300215466	0.0163265306122449	0.424944812362031	0.0888674565996142	0.732986610600863	0.192960402262728
"WHSC1L1"	0.308926367749897	0.581797583081571	0.949146073847915	1.01998304468935	0.562423895136452	0.645331024377248	0.735247012443021	0.547440885962287	0.397194440836472	0.540291089811857	1.04470802919708	0.89622641509434	0.018892650431364	0.728613569321534	0.89686684073107	0.856060606060606	0.00359158542842483	0.000718218817333014	0	0.000551876379690949	0	0	0
"TRAF3IP3"	0.701974496092143	0.977492447129909	1.36265623509207	0.95833837955674	0.596877014540506	0.911349407219928	1.34902057410373	0.93055971266088	0.422327575009742	1.53709620163294	1.48540145985401	1.88679245283019	0.718357540679262	0.747787610619469	1.4242819843342	1.28787878787879	0.159055926115957	0.0126885324395499	0.122448979591837	0.0135209713024283	0.116974373105539	0.0504592231935377	0.0179132620993086
"SELL"	1.14952694364459	0.916087613293051	1.11048564068314	1.54596100278552	1.47095480266457	0.727854002930598	1.62153504989528	0.441185273870099	1.43096506039745	1.8686545970891	1.68886861313869	0.726415094339623	0.443267445669979	3.17994100294985	1.48433420365535	1.5530303030303	0.0682401231400718	0.0576969116590855	0.0163265306122449	0.00827814569536424	0.0735739873243318	0.00475821622219763	0.0100565681961031
"ARID5B"	0.47573015220074	0.279456193353474	0.748688102280317	0.726050623713213	0.0447675667932097	0.344478486745704	0.396575089318714	0.187069739598922	0.0739706455383816	0.101171458998935	1.13868613138686	0.858490566037736	0.742164464344218	0.125368731563422	0.968668407310705	0.621212121212121	0.809645972293484	3.50945654776155	0.502040816326531	4.5794701986755	5.29402039129237	1.15016045147726	4.3318667504714
"EPB41"	0.516865487453723	0.534592145015106	0.726839042076138	0.510354850429938	0.284291956163599	0.586852271213534	0.633608476037945	0.203232565100269	0.222041823613456	0.687610933617323	0.95529197080292	0.547169811320755	0.457682647155182	0.442477876106195	0.784595300261097	0.681818181818182	0.224217547460236	0.421833852046924	0.0244897959183673	0.102649006622517	0.0862496555524938	0.340378444173952	0.235072281583909
"SEPT6"	1.43500617030029	0.790483383685801	1.05505199885507	1.0297929029914	0.358140534345677	0.792793392833355	1.07391893556733	0.644717150553726	0.210027276269645	1.31948881789137	1.16240875912409	1.52830188679245	0.494157475155619	1.93952802359882	1.86161879895561	1.10606060606061	0.138532580810672	0.0205889394302131	0.0163265306122449	0.0336644591611479	0.104436483879857	0.0123934934159566	0.0311125078566939
"C12orf57"	1.593171534348	1.34176737160121	2.41732659097414	1.45961002785515	1.28278776591935	1.81130944451845	2.78391031169151	1.45734809937145	0.809650603974542	3.29925452609159	2.51459854014599	2.28301886792453	0.813585235339085	2.45575221238938	1.92819843342037	2.41666666666667	0.472036942021549	1.60761311946373	0.404081632653061	2.84878587196468	0.50261780104712	2.15812769724466	4.51319924575739
"ARHGDIB"	3.72562731386261	3.50679758308157	3.83684762904303	3.53663558193048	3.66377766635628	3.36945517516984	2.94985832204016	6.78180185573182	2.38141317054163	3.72559460418885	4.03740875912409	5.16981132075472	2.01856503221579	3.11799410029499	10.5496083550914	3.71212121212121	2.66957414058492	1.86210198707206	1.04897959183673	0.320364238410596	0.351887572333976	0.575965475268341	2.09302325581395
"OCIAD2"	0.440559440559441	0.316465256797583	0.699074515790478	0.41915950102943	0.017477258076069	0.437125349673638	0.657878526549218	0.0116731517509728	0.0485127938693337	0.720624778132765	0.757299270072993	0.820754716981132	0.642677732881948	0.570796460176991	1.10835509138381	0.765151515151515	0.115443817342227	0.966722528130237	0.0489795918367347	0.0576710816777042	0.224993111049876	0.945557153922762	0.068196103079824
"KIF2A"	2.33792677910325	0.517900302114804	0.904016792290812	0.434177061886884	0.195902872287085	0.712401758358865	0.652581002833559	0.288536366357378	0.130731263800494	0.865814696485623	0.902372262773723	0.509433962264151	0.340176913836409	0.601769911504425	1.14751958224543	0.810606060606061	0.220625962031811	0.650706248503711	0.0448979591836735	0.344922737306843	0.0847340865252136	0.397698351222751	0.456945317410434
"CDKN1B"	0.656519950637598	0.411329305135952	0.813567407690106	0.469177667433693	0.364372179643292	0.49313973624617	0.512381421707527	0.582161029631847	0.248149110274062	0.527866524671637	0.837591240875912	0.60377358490566	0.37872665720214	0.35693215339233	0.62532637075718	0.765151515151515	0.394048229861467	0.704333253531243	0.0489795918367347	0.303807947019868	0.136676770460182	0.341816974659732	0.863607793840352
"PSIP1"	1.06437679967092	0.538519637462236	0.997233088445759	0.726535061160228	0.29245756034668	0.631677101372053	1.01207342614266	0.394791978449566	0.19671385894272	1.03230386936457	1.01003649635036	0.39622641509434	0.417276400567872	0.663716814159292	1.89556135770235	0.96969696969697	0.236018471010775	1.0253770648791	0.0653061224489796	0.604028697571744	0.0717828602920915	0.377116299656966	0.693274670018856
"RPS26"	19.0773344302756	6.86140483383686	12.2618070794771	10.4972750393605	7.01941121696154	8.95211136272812	11.8106443267217	8.604010775217	3.96934666839849	13.4103656372027	11.0255474452555	13.622641509434	5.26133012995523	10.5132743362832	12.3433420365535	12.9015151515152	4.19907644946126	3.93368446253292	1.13877551020408	6.09547461368653	4.70473959768531	10.9440079672458	5.40540540540541
"ANKRD12"	2.54895104895105	1.23972809667674	1.94704703749642	1.53518226958944	0.925936537497314	1.42253896363394	1.29493655291364	1.3436096976953	0.599038836212495	1.22577209797657	1.7728102189781	2.25471698113208	1.05340176913836	3.0693215339233	1.35117493472585	2.06060606060606	1.36531554643407	1.37921953555183	0.289795918367347	1.18211920529801	0.693992835491871	1.37434989487662	1.28629792583281
