"","p_val","avg_log2FC","pct.1","pct.2","p_val_adj","cluster","gene"
"IL7R",0,2.18098335612569,0.851,0.247,0,"0","IL7R"
"LTB",0,1.72031146614182,0.863,0.373,0,"0","LTB"
"TCF7",0,1.4000323932242,0.616,0.176,0,"0","TCF7"
"LDHB",0,1.39058483663364,0.774,0.432,0,"0","LDHB"
"TRAC",0,1.29728153068694,0.722,0.245,0,"0","TRAC"
"CD3E",0,1.25823613868037,0.779,0.274,0,"0","CD3E"
"TRBC2",0,1.21541489616002,0.705,0.319,0,"0","TRBC2"
"RCAN3",0,1.2127107531467,0.53,0.161,0,"0","RCAN3"
"CD3D",0,1.16534204891565,0.81,0.289,0,"0","CD3D"
"CD3G",0,1.14824267381064,0.74,0.24,0,"0","CD3G"
"NOSIP",0,1.11666501681488,0.567,0.294,0,"0","NOSIP"
"LEPROTL1",0,1.05056417294981,0.647,0.35,0,"0","LEPROTL1"
"RPS12",0,1.04622486977721,0.997,0.994,0,"0","RPS12"
"ETS1",0,1.00930338592611,0.736,0.382,0,"0","ETS1"
"RPL30",0,0.978910037612128,0.995,0.986,0,"0","RPL30"
"EEF1B2",0,0.973676342968687,0.945,0.884,0,"0","EEF1B2"
"RPS29",0,0.973327569149459,0.992,0.982,0,"0","RPS29"
"PIK3IP1",0,0.963485064532159,0.516,0.219,0,"0","PIK3IP1"
"RPSA",0,0.955458281246249,0.962,0.918,0,"0","RPSA"
"GLTSCR2",0,0.954762794521533,0.801,0.521,0,"0","GLTSCR2"
"RPS25",0,0.953970336401431,0.983,0.972,0,"0","RPS25"
"RPS3A",0,0.950719547886913,0.992,0.98,0,"0","RPS3A"
"RPS27",0,0.92076754351899,0.998,0.993,0,"0","RPS27"
"RPS3",0,0.917541597484234,0.992,0.978,0,"0","RPS3"
"RPL5",0,0.903905430415229,0.975,0.953,0,"0","RPL5"
"RPL32",0,0.901810267599396,0.996,0.99,0,"0","RPL32"
"RPS4X",0,0.901049002376275,0.986,0.97,0,"0","RPS4X"
"RPL13",0,0.894586944855726,0.998,0.993,0,"0","RPL13"
"RPS15A",0,0.89431700596559,0.99,0.985,0,"0","RPS15A"
"RPS27A",0,0.891821232633153,0.995,0.989,0,"0","RPS27A"
"IL32",0,0.890807028875876,0.817,0.391,0,"0","IL32"
"SARAF",0,0.885904472823712,0.822,0.661,0,"0","SARAF"
"RPL9",0,0.885722096615875,0.987,0.961,0,"0","RPL9"
"RPS6",0,0.883826735540906,0.99,0.982,0,"0","RPS6"
"RPL34",0,0.879653853261783,0.994,0.988,0,"0","RPL34"
"RPL14",0,0.864759292524824,0.982,0.971,0,"0","RPL14"
"RPL21",0,0.860287853101536,0.992,0.976,0,"0","RPL21"
"RPL3",0,0.856079208743161,0.989,0.972,0,"0","RPL3"
"RPS21",0,0.830833581214975,0.967,0.959,0,"0","RPS21"
"RPL11",0,0.827510997358277,0.994,0.984,0,"0","RPL11"
"RPS18",0,0.81552354218009,0.998,0.991,0,"0","RPS18"
"RPS10",0,0.810472574648885,0.941,0.925,0,"0","RPS10"
"GIMAP7",0,0.809176449092828,0.598,0.334,0,"0","GIMAP7"
"RPL22",0,0.80532089927899,0.962,0.943,0,"0","RPL22"
"RPL10A",0,0.801985487421448,0.97,0.951,0,"0","RPL10A"
"RPS8",0,0.800172883186703,0.989,0.983,0,"0","RPS8"
"RPS14",0,0.794343037862584,0.996,0.987,0,"0","RPS14"
"CD69",0,0.78863500178632,0.613,0.304,0,"0","CD69"
"GNB2L1",0,0.785660854353124,0.948,0.709,0,"0","GNB2L1"
"RPL39",0,0.780372142914453,0.99,0.981,0,"0","RPL39"
"RPS5",0,0.778912241075147,0.959,0.94,0,"0","RPS5"
"RPS23",0,0.770404665720364,0.993,0.982,0,"0","RPS23"
"RPS20",0,0.766763680143879,0.966,0.942,0,"0","RPS20"
"RPL37",0,0.759549186802476,0.989,0.983,0,"0","RPL37"
"RPL19",0,0.758779535378915,0.994,0.984,0,"0","RPL19"
"RPS28",0,0.756906165681144,0.988,0.974,0,"0","RPS28"
"RPL36",0,0.756190645066001,0.975,0.971,0,"0","RPL36"
"RPL10",0,0.753035383282803,0.998,0.991,0,"0","RPL10"
"CD2",0,0.739787471756387,0.607,0.267,0,"0","CD2"
"TOMM7",0,0.73805616380219,0.907,0.855,0,"0","TOMM7"
"RPL6",0,0.738014486321931,0.979,0.908,0,"0","RPL6"
"RPL38",0,0.732615137886264,0.964,0.958,0,"0","RPL38"
"RPS13",0,0.721744847801666,0.982,0.977,0,"0","RPS13"
"AES",0,0.711693815310148,0.787,0.565,0,"0","AES"
"RPS16",0,0.710615730532674,0.983,0.975,0,"0","RPS16"
"RPL23A",0,0.708863192007572,0.986,0.968,0,"0","RPL23A"
"RPL35A",0,0.696622790097537,0.98,0.982,0,"0","RPL35A"
"NPM1",0,0.696011093441189,0.884,0.804,0,"0","NPM1"
"C12orf57",0,0.689686763627705,0.723,0.544,0,"0","C12orf57"
"RPL18",0,0.689146136950463,0.986,0.98,0,"0","RPL18"
"RPS26",0,0.682681918187168,0.864,0.848,0,"0","RPS26"
"RPL24",0,0.672314812338378,0.97,0.963,0,"0","RPL24"
"RPLP2",0,0.666172410911336,0.987,0.987,0,"0","RPLP2"
"SEPT6",0,0.658271614283007,0.542,0.334,0,"0","SEPT6"
"EVL",0,0.657807998554522,0.657,0.421,0,"0","EVL"
"RPL27A",0,0.649099371544497,0.987,0.976,0,"0","RPL27A"
"SNHG8",0,0.646043138631477,0.628,0.45,0,"0","SNHG8"
"TRAF3IP3",0,0.642350957350515,0.586,0.387,0,"0","TRAF3IP3"
"RPS7",0,0.630071578631736,0.982,0.974,0,"0","RPS7"
"GCC2",0,0.627305191262114,0.519,0.368,0,"0","GCC2"
"EEF1A1",0,0.62375958934881,0.999,0.993,0,"0","EEF1A1"
"GYPC",0,0.617967396383314,0.52,0.326,0,"0","GYPC"
"FOXP1",0,0.617158886053824,0.581,0.445,0,"0","FOXP1"
"RPL28",0,0.615803400729885,0.996,0.991,0,"0","RPL28"
"TPT1",0,0.615222140681414,0.998,0.997,0,"0","TPT1"
"AAK1",0,0.610887007691713,0.569,0.397,0,"0","AAK1"
"RPL18A",0,0.609143488653347,0.991,0.982,0,"0","RPL18A"
"RPL12",0,0.601069650316485,0.982,0.975,0,"0","RPL12"
"RPS2",0,0.599634516165382,0.995,0.983,0,"0","RPS2"
"CD48",0,0.598381694692942,0.805,0.622,0,"0","CD48"
"RPL36A",0,0.574841427035873,0.859,0.779,0,"0","RPL36A"
"MALAT1",0,0.574150743909023,0.999,0.936,0,"0","MALAT1"
"RPL29",0,0.57332440091761,0.982,0.975,0,"0","RPL29"
"ZFP36L2",0,0.564917567613818,0.833,0.752,0,"0","ZFP36L2"
"RPL23",0,0.560836081213742,0.962,0.934,0,"0","RPL23"
"FAM107B",0,0.560301077114871,0.628,0.469,0,"0","FAM107B"
"RPS15",0,0.559531964592133,0.986,0.985,0,"0","RPS15"
"EIF3E",0,0.555210174871203,0.799,0.72,0,"0","EIF3E"
"RPS19",0,0.554451311946602,0.994,0.99,0,"0","RPS19"
"FYB",0,0.548718737127041,0.751,0.52,0,"0","FYB"
"RPL27",0,0.544989711529187,0.963,0.953,0,"0","RPL27"
"RPL7A",0,0.538414934447625,0.984,0.972,0,"0","RPL7A"
"RPL13A",0,0.538108313273478,0.993,0.983,0,"0","RPL13A"
"ATM",0,0.527461855547821,0.584,0.447,0,"0","ATM"
"RPL41",0,0.524954195265547,0.992,0.994,0,"0","RPL41"
"NSA2",0,0.522642497739773,0.691,0.615,0,"0","NSA2"
"CXCR4",0,0.518808812704036,0.703,0.502,0,"0","CXCR4"
"FAM65B",0,0.515492392502825,0.71,0.53,0,"0","FAM65B"
"RGS10",0,0.509611759461249,0.51,0.372,0,"0","RGS10"
"HINT1",0,0.506330692811525,0.846,0.777,0,"0","HINT1"
"RPL31",0,0.504474131704051,0.935,0.909,0,"0","RPL31"
"LYZ",0,3.19627398611165,0.998,0.412,0,"1","LYZ"
"VCAN",0,2.85008509173762,0.97,0.181,0,"1","VCAN"
"S100A12",0,2.78777059603157,0.891,0.113,0,"1","S100A12"
"FCN1",0,2.70493363479569,0.984,0.184,0,"1","FCN1"
"MNDA",0,2.6316484769086,0.958,0.162,0,"1","MNDA"
"CTSS",0,2.56662736325737,0.996,0.507,0,"1","CTSS"
"S100A9",0,2.49420349845317,0.998,0.577,0,"1","S100A9"
"GPX1",0,2.21642636176828,0.965,0.29,0,"1","GPX1"
"CD14",0,2.20684037501012,0.893,0.105,0,"1","CD14"
"CXCL8",0,2.19975996404216,0.586,0.116,0,"1","CXCL8"
"CYBB",0,2.18467755932656,0.954,0.177,0,"1","CYBB"
"FGL2",0,2.03801360574976,0.943,0.19,0,"1","FGL2"
"TYROBP",0,2.03196547751647,0.992,0.353,0,"1","TYROBP"
"MS4A6A",0,2.01922102483292,0.889,0.101,0,"1","MS4A6A"
"IL1B",0,2.00762348408275,0.507,0.057,0,"1","IL1B"
"LGALS2",0,1.94312264463628,0.729,0.082,0,"1","LGALS2"
"PSAP",0,1.94157610755492,0.988,0.475,0,"1","PSAP"
"AIF1",0,1.93743022116173,0.983,0.277,0,"1","AIF1"
"S100A8",0,1.89779778331641,0.993,0.455,0,"1","S100A8"
"NEAT1",0,1.86855202022076,0.997,0.768,0,"1","NEAT1"
"RP11-1143G9.4",0,1.85425019265919,0.747,0.094,0,"1","RP11-1143G9.4"
"SERPINA1",0,1.85131199571389,0.904,0.129,0,"1","SERPINA1"
"AP1S2",0,1.84566472109138,0.915,0.285,0,"1","AP1S2"
"CSF3R",0,1.83655509022716,0.822,0.091,0,"1","CSF3R"
"TKT",0,1.80739375082374,0.949,0.371,0,"1","TKT"
"FOSB",0,1.79860460222126,0.966,0.593,0,"1","FOSB"
"GRN",0,1.7930843209924,0.918,0.248,0,"1","GRN"
"NCF1",0,1.77164414426374,0.837,0.227,0,"1","NCF1"
"NCF2",0,1.77044041502761,0.854,0.123,0,"1","NCF2"
"CD36",0,1.76038935101971,0.784,0.095,0,"1","CD36"
"MPEG1",0,1.75817103723913,0.854,0.124,0,"1","MPEG1"
"KLF4",0,1.73183515342111,0.86,0.228,0,"1","KLF4"
"TYMP",0,1.72619341290221,0.95,0.322,0,"1","TYMP"
"FOS",0,1.70563803690486,0.997,0.781,0,"1","FOS"
"CLEC7A",0,1.68698364256666,0.836,0.129,0,"1","CLEC7A"
"NAMPT",0,1.67375046674817,0.876,0.296,0,"1","NAMPT"
"DUSP6",0,1.66523040944974,0.68,0.124,0,"1","DUSP6"
"RGS2",0,1.65183485554759,0.82,0.251,0,"1","RGS2"
"CST3",0,1.64125186611206,0.989,0.357,0,"1","CST3"
"LST1",0,1.62369742945091,0.971,0.245,0,"1","LST1"
"CLEC12A",0,1.61885115803848,0.757,0.095,0,"1","CLEC12A"
"COTL1",0,1.60274514577748,0.982,0.467,0,"1","COTL1"
"SPI1",0,1.58011424434681,0.868,0.164,0,"1","SPI1"
"APLP2",0,1.57373795384669,0.91,0.334,0,"1","APLP2"
"CTD-3252C9.4",0,1.56344545877175,0.666,0.107,0,"1","CTD-3252C9.4"
"MCL1",0,1.56286449323013,0.958,0.527,0,"1","MCL1"
"SRGN",0,1.56206052105159,0.989,0.609,0,"1","SRGN"
"BRI3",0,1.54208631360287,0.943,0.409,0,"1","BRI3"
"RP11-160E2.6",0,1.53068532908627,0.764,0.206,0,"1","RP11-160E2.6"
"FPR1",0,1.50391126282899,0.685,0.06,0,"1","FPR1"
"KCTD12",0,1.50303842497799,0.765,0.127,0,"1","KCTD12"
"CD68",0,1.49295992813362,0.805,0.129,0,"1","CD68"
"LINC00936",0,1.48383489265033,0.766,0.213,0,"1","LINC00936"
"FCER1G",0,1.46565096190401,0.947,0.251,0,"1","FCER1G"
"CPVL",0,1.45643886086958,0.74,0.105,0,"1","CPVL"
"CTSD",0,1.45093709115228,0.897,0.364,0,"1","CTSD"
"DMXL2",0,1.45034103262947,0.697,0.09,0,"1","DMXL2"
"DUSP1",0,1.44929534533991,0.989,0.707,0,"1","DUSP1"
"SLC11A1",0,1.43938093864195,0.707,0.094,0,"1","SLC11A1"
"STXBP2",0,1.43218627740004,0.782,0.192,0,"1","STXBP2"
"TSPO",0,1.42805596443165,0.966,0.565,0,"1","TSPO"
"EGR1",0,1.42486110416745,0.588,0.194,0,"1","EGR1"
"LRRK2",0,1.42117783278928,0.662,0.09,0,"1","LRRK2"
"C10orf54",0,1.40588646805458,0.855,0.229,0,"1","C10orf54"
"TNFSF13B",0,1.39245688161799,0.74,0.124,0,"1","TNFSF13B"
"CFP",0,1.38301656477387,0.742,0.119,0,"1","CFP"
"S100A6",0,1.37307495464377,0.997,0.871,0,"1","S100A6"
"OGFRL1",0,1.35923754062248,0.759,0.171,0,"1","OGFRL1"
"TNFAIP2",0,1.35549225407707,0.749,0.145,0,"1","TNFAIP2"
"FTL",0,1.33909655946339,1,0.969,0,"1","FTL"
"RNF130",0,1.33414792152326,0.771,0.168,0,"1","RNF130"
"FGR",0,1.33240369336127,0.796,0.168,0,"1","FGR"
"SAT1",0,1.32086025236419,0.986,0.651,0,"1","SAT1"
"PLBD1",0,1.31101353624835,0.61,0.093,0,"1","PLBD1"
"CD302",0,1.3054168363559,0.68,0.097,0,"1","CD302"
"C5AR1",0,1.30087551653423,0.61,0.085,0,"1","C5AR1"
"MEGF9",0,1.29698803979004,0.668,0.127,0,"1","MEGF9"
"JAML",0,1.29293477653456,0.79,0.18,0,"1","JAML"
"CEBPD",0,1.28800835196659,0.863,0.254,0,"1","CEBPD"
"TALDO1",0,1.27038114252329,0.864,0.361,0,"1","TALDO1"
"IGSF6",0,1.26970389841965,0.662,0.096,0,"1","IGSF6"
"FCGRT",0,1.25892975785168,0.806,0.231,0,"1","FCGRT"
"BLVRB",0,1.25542643050182,0.745,0.2,0,"1","BLVRB"
"SAMHD1",0,1.2522201937788,0.889,0.377,0,"1","SAMHD1"
"LAPTM5",0,1.24753861298522,0.973,0.596,0,"1","LAPTM5"
"SOD2",0,1.2440187856799,0.844,0.35,0,"1","SOD2"
"EVI2B",0,1.24185068419823,0.9,0.405,0,"1","EVI2B"
"KLF10",0,1.24092097736456,0.718,0.203,0,"1","KLF10"
"TNFRSF1B",0,1.23154695368529,0.848,0.274,0,"1","TNFRSF1B"
"CD93",0,1.21946781476688,0.614,0.071,0,"1","CD93"
"CECR1",0,1.21469467156957,0.702,0.138,0,"1","CECR1"
"S100A4",0,1.21207910027965,0.997,0.796,0,"1","S100A4"
"LTA4H",0,1.20592264662569,0.723,0.224,0,"1","LTA4H"
"IRAK3",0,1.20409683027599,0.629,0.098,0,"1","IRAK3"
"ASAH1",0,1.202526355171,0.816,0.266,0,"1","ASAH1"
"NFKBIZ",0,1.19268505933218,0.744,0.313,0,"1","NFKBIZ"
"RAB31",0,1.18450767747703,0.665,0.132,0,"1","RAB31"
"FTH1",0,1.17615081568796,1,0.954,0,"1","FTH1"
"SLC7A7",0,1.175700008133,0.62,0.078,0,"1","SLC7A7"
"GCA",0,1.17441494080483,0.614,0.115,0,"1","GCA"
"TREM1",0,1.17000821562367,0.506,0.043,0,"1","TREM1"
"NUP214",0,1.16970204250731,0.693,0.166,0,"1","NUP214"
"RBP7",0,1.16771346249065,0.52,0.061,0,"1","RBP7"
"FCGR2A",0,1.15488395050329,0.608,0.082,0,"1","FCGR2A"
"LILRB3",0,1.15309214527826,0.598,0.072,0,"1","LILRB3"
"TGFBI",0,1.1519248792769,0.66,0.106,0,"1","TGFBI"
"KLF6",0,1.15075092693661,0.937,0.666,0,"1","KLF6"
"SDCBP",0,1.14143848968486,0.844,0.324,0,"1","SDCBP"
"CPPED1",0,1.13635503706346,0.637,0.112,0,"1","CPPED1"
"CD300E",0,1.13085531219059,0.557,0.066,0,"1","CD300E"
"MYADM",0,1.12263941713399,0.694,0.215,0,"1","MYADM"
"PLXDC2",0,1.11711857365247,0.623,0.111,0,"1","PLXDC2"
"SERPINB1",0,1.11568145531381,0.836,0.368,0,"1","SERPINB1"
"CTSB",0,1.11303284142446,0.797,0.246,0,"1","CTSB"
"H2AFY",0,1.10886456856086,0.836,0.33,0,"1","H2AFY"
"LGALS1",0,1.10420147012071,0.974,0.516,0,"1","LGALS1"
"LRP1",0,1.10197274910844,0.641,0.1,0,"1","LRP1"
"MYO1F",0,1.09899032579388,0.833,0.291,0,"1","MYO1F"
"PPT1",0,1.09800678163566,0.69,0.188,0,"1","PPT1"
"SCO2",0,1.09793352659463,0.585,0.127,0,"1","SCO2"
"CDA",0,1.09279702106107,0.517,0.053,0,"1","CDA"
"ZEB2",0,1.09033103716692,0.871,0.346,0,"1","ZEB2"
"PTPRE",0,1.08965874444636,0.721,0.209,0,"1","PTPRE"
"GLIPR1",0,1.0875335268159,0.801,0.29,0,"1","GLIPR1"
"PYCARD",0,1.08526494804024,0.829,0.309,0,"1","PYCARD"
"CEBPB",0,1.06638695089038,0.844,0.367,0,"1","CEBPB"
"ANXA1",0,1.06370541513218,0.952,0.646,0,"1","ANXA1"
"CTSZ",0,1.06245773941435,0.784,0.247,0,"1","CTSZ"
"ARRB2",0,1.06009103782876,0.794,0.276,0,"1","ARRB2"
"ITGB2",0,1.05604541963513,0.928,0.471,0,"1","ITGB2"
"HIF1A",0,1.05365715882197,0.72,0.275,0,"1","HIF1A"
"LYN",0,1.04960670910921,0.785,0.218,0,"1","LYN"
"ALDOA",0,1.04913912314169,0.909,0.493,0,"1","ALDOA"
"SNX10",0,1.04854731276441,0.626,0.136,0,"1","SNX10"
"MARCH1",0,1.04650433640727,0.634,0.127,0,"1","MARCH1"
"MARCKS",0,1.04566815808413,0.667,0.23,0,"1","MARCKS"
"IL17RA",0,1.04547105034275,0.611,0.129,0,"1","IL17RA"
"C1orf162",0,1.04002878255694,0.826,0.303,0,"1","C1orf162"
"ACTR2",0,1.03742943393977,0.937,0.582,0,"1","ACTR2"
"NPC2",0,1.03277135970484,0.836,0.356,0,"1","NPC2"
"GNAI2",0,1.03122140060138,0.949,0.588,0,"1","GNAI2"
"LILRB2",0,1.02792097533461,0.608,0.087,0,"1","LILRB2"
"CNPY3",0,1.02702963661744,0.743,0.252,0,"1","CNPY3"
"PGD",0,1.02071677821255,0.57,0.12,0,"1","PGD"
"NAIP",0,1.02066081244748,0.562,0.1,0,"1","NAIP"
"RAB11FIP1",0,1.01807883182291,0.695,0.232,0,"1","RAB11FIP1"
"OAZ1",0,1.01752200429108,0.991,0.837,0,"1","OAZ1"
"AGTRAP",0,1.01586663009087,0.669,0.187,0,"1","AGTRAP"
"ARPC1B",0,1.01524397265818,0.959,0.611,0,"1","ARPC1B"
"FBXL5",0,1.01460086414513,0.678,0.205,0,"1","FBXL5"
"PRAM1",0,1.01129700318253,0.532,0.064,0,"1","PRAM1"
"ALDH2",0,1.00944333827398,0.625,0.134,0,"1","ALDH2"
"LILRA5",0,1.00773430891423,0.523,0.063,0,"1","LILRA5"
"HCK",0,1.0027177211916,0.588,0.097,0,"1","HCK"
"GAS7",0,1.00266379033939,0.549,0.084,0,"1","GAS7"
"LCP1",0,1.00055577029008,0.976,0.622,0,"1","LCP1"
"RTN3",0,1.00027811981518,0.707,0.238,0,"1","RTN3"
"POU2F2",0,0.998883002999409,0.735,0.247,0,"1","POU2F2"
"PLAUR",0,0.996852331500742,0.516,0.11,0,"1","PLAUR"
"AHNAK",0,0.996448279379234,0.926,0.585,0,"1","AHNAK"
"S100A11",0,0.995386998026324,0.984,0.612,0,"1","S100A11"
"DPYD",0,0.989609089167852,0.655,0.184,0,"1","DPYD"
"ATP6V0B",0,0.986586683833623,0.841,0.395,0,"1","ATP6V0B"
"NCOA4",0,0.986222481000254,0.705,0.234,0,"1","NCOA4"
"LYST",0,0.976539171226913,0.763,0.28,0,"1","LYST"
"RAB32",0,0.974489970293505,0.575,0.103,0,"1","RAB32"
"EVI2A",0,0.97282711165325,0.637,0.168,0,"1","EVI2A"
"RNASE6",0,0.970369932396215,0.53,0.073,0,"1","RNASE6"
"LY86",0,0.969418906838407,0.568,0.096,0,"1","LY86"
"CRTAP",0,0.969184344782082,0.622,0.163,0,"1","CRTAP"
"GPCPD1",0,0.969114558982383,0.652,0.203,0,"1","GPCPD1"
"VMP1",0,0.967536181998409,0.775,0.333,0,"1","VMP1"
"CLEC4A",0,0.966771189528813,0.5,0.058,0,"1","CLEC4A"
"CTSH",0,0.960126261029712,0.664,0.177,0,"1","CTSH"
"IER2",0,0.958728623864487,0.949,0.698,0,"1","IER2"
"RXRA",0,0.956257837658834,0.565,0.111,0,"1","RXRA"
"MAFB",0,0.94813232530711,0.524,0.14,0,"1","MAFB"
"NFKBIA",0,0.945520585289212,0.948,0.647,0,"1","NFKBIA"
"SYK",0,0.944749491817647,0.581,0.121,0,"1","SYK"
"GAPDH",0,0.943699306492339,0.985,0.805,0,"1","GAPDH"
"C19orf38",0,0.9413862941547,0.518,0.073,0,"1","C19orf38"
"CAPG",0,0.940946126370567,0.64,0.184,0,"1","CAPG"
"IQGAP1",0,0.935514915381311,0.912,0.534,0,"1","IQGAP1"
"VIM",0,0.934423030585629,0.995,0.794,0,"1","VIM"
"C14orf2",0,0.933955786378905,0.866,0.435,0,"1","C14orf2"
"METTL9",0,0.933383363227353,0.722,0.318,0,"1","METTL9"
"GLUL",0,0.93150295926285,0.648,0.202,0,"1","GLUL"
"ZYX",0,0.930140866533732,0.679,0.231,0,"1","ZYX"
"TPP1",0,0.927794416053229,0.669,0.21,0,"1","TPP1"
"ZNF385A",0,0.921795056346306,0.528,0.1,0,"1","ZNF385A"
"ANXA5",0,0.920608784152324,0.844,0.367,0,"1","ANXA5"
"CASP1",0,0.916670468693962,0.664,0.203,0,"1","CASP1"
"SKAP2",0,0.915676944299186,0.645,0.198,0,"1","SKAP2"
"PILRA",0,0.914441864254642,0.533,0.078,0,"1","PILRA"
"AHR",0,0.913964153516992,0.551,0.158,0,"1","AHR"
"ACTB",0,0.911680493119256,0.999,0.971,0,"1","ACTB"
"EMILIN2",0,0.907164272460734,0.535,0.097,0,"1","EMILIN2"
"GSTP1",0,0.902678619356146,0.948,0.566,0,"1","GSTP1"
"TIMP2",0,0.900211105695246,0.629,0.129,0,"1","TIMP2"
"CD4",0,0.893181279218185,0.61,0.171,0,"1","CD4"
"PLEKHO1",0,0.892271075510252,0.7,0.25,0,"1","PLEKHO1"
"WARS",0,0.887868249036036,0.562,0.124,0,"1","WARS"
"FKBP1A",0,0.887768217345802,0.838,0.406,0,"1","FKBP1A"
"SCPEP1",0,0.885653981879218,0.556,0.138,0,"1","SCPEP1"
"SH3BP2",0,0.881351592634608,0.598,0.163,0,"1","SH3BP2"
"GLRX",0,0.880838098339415,0.733,0.293,0,"1","GLRX"
"DPYSL2",0,0.880130910770274,0.624,0.184,0,"1","DPYSL2"
"TCEB2",0,0.879625213804772,0.909,0.509,0,"1","TCEB2"
"GRINA",0,0.874102170051939,0.551,0.141,0,"1","GRINA"
"THEMIS2",0,0.872698029216421,0.573,0.133,0,"1","THEMIS2"
"AOAH",0,0.86819910038456,0.586,0.132,0,"1","AOAH"
"MIDN",0,0.863409589883811,0.717,0.295,0,"1","MIDN"
"PECAM1",0,0.862897426027017,0.691,0.166,0,"1","PECAM1"
"BACH1",0,0.856675565045677,0.597,0.195,0,"1","BACH1"
"ATP6V0D1",0,0.855798786028259,0.671,0.233,0,"1","ATP6V0D1"
"S100A10",0,0.851481671080143,0.966,0.753,0,"1","S100A10"
"RASSF2",0,0.851024681762411,0.55,0.13,0,"1","RASSF2"
"DAZAP2",0,0.849862629390115,0.885,0.523,0,"1","DAZAP2"
"ZFP36",0,0.847963397879814,0.926,0.542,0,"1","ZFP36"
"EHBP1L1",0,0.847496550561802,0.607,0.184,0,"1","EHBP1L1"
"IER3",0,0.845049449489848,0.643,0.203,0,"1","IER3"
"ITGAM",0,0.843900096193942,0.504,0.092,0,"1","ITGAM"
"GLIPR2",0,0.840345085102631,0.643,0.205,0,"1","GLIPR2"
"ATP5E",0,0.839203467688287,0.988,0.712,0,"1","ATP5E"
"NUMB",0,0.838971438905615,0.607,0.197,0,"1","NUMB"
"CMTM6",0,0.838216807299079,0.752,0.318,0,"1","CMTM6"
"VASP",0,0.83669559386856,0.744,0.306,0,"1","VASP"
"HLA-DMB",0,0.832376358169018,0.61,0.167,0,"1","HLA-DMB"
"LRRFIP1",0,0.830914504645264,0.896,0.55,0,"1","LRRFIP1"
"TET2",0,0.829919483899578,0.565,0.159,0,"1","TET2"
"C4orf48",0,0.828814065004161,0.667,0.236,0,"1","C4orf48"
"WDR74",0,0.827313507084401,0.505,0.204,0,"1","WDR74"
"CCDC88A",0,0.821702809294587,0.541,0.141,0,"1","CCDC88A"
"CD44",0,0.82166080723138,0.919,0.577,0,"1","CD44"
"MS4A7",0,0.817142003248361,0.539,0.098,0,"1","MS4A7"
"RILPL2",0,0.81570478903463,0.607,0.201,0,"1","RILPL2"
"QKI",0,0.815090769322665,0.763,0.317,0,"1","QKI"
"SH3BGRL3",0,0.813073528076661,0.994,0.881,0,"1","SH3BGRL3"
"H3F3A",0,0.805494512319726,0.994,0.866,0,"1","H3F3A"
"LGALS9",0,0.798589431727767,0.545,0.14,0,"1","LGALS9"
"GNS",0,0.796627472833241,0.523,0.125,0,"1","GNS"
"LMO2",0,0.793145866116463,0.503,0.098,0,"1","LMO2"
"IFNGR2",0,0.79016644841119,0.534,0.154,0,"1","IFNGR2"
"ZFP36L1",0,0.787292168567774,0.827,0.468,0,"1","ZFP36L1"
"CARD16",0,0.786767826994424,0.712,0.3,0,"1","CARD16"
"PABPC1",0,0.786347848485436,0.99,0.865,0,"1","PABPC1"
"ACAP2",0,0.782449627822817,0.727,0.344,0,"1","ACAP2"
"RHOA",0,0.782262095473766,0.933,0.637,0,"1","RHOA"
"ARPC5",0,0.78163076669637,0.91,0.579,0,"1","ARPC5"
"RHOG",0,0.779502863565168,0.733,0.324,0,"1","RHOG"
"YBX3",0,0.777010058267733,0.719,0.294,0,"1","YBX3"
"HLA-DRA",0,0.775830449390223,0.973,0.456,0,"1","HLA-DRA"
"AP2S1",0,0.773353918371688,0.796,0.385,0,"1","AP2S1"
"CAP1",0,0.770038090444579,0.88,0.519,0,"1","CAP1"
"ZFAND5",0,0.768658520755362,0.749,0.353,0,"1","ZFAND5"
"ZNF106",0,0.760124418550864,0.653,0.274,0,"1","ZNF106"
"NOTCH2",0,0.752450820956574,0.519,0.148,0,"1","NOTCH2"
"BNIP3L",0,0.752419703218529,0.681,0.274,0,"1","BNIP3L"
"PLEK",0,0.750065294963117,0.762,0.298,0,"1","PLEK"
"IRF2BP2",0,0.749993760659172,0.677,0.312,0,"1","IRF2BP2"
"SH3BGRL",0,0.749390923080084,0.858,0.506,0,"1","SH3BGRL"
"CDC42EP3",0,0.748880673059274,0.538,0.192,0,"1","CDC42EP3"
"NINJ1",0,0.745746482274142,0.508,0.157,0,"1","NINJ1"
"FAM120A",0,0.744768977163542,0.616,0.241,0,"1","FAM120A"
"FYB1",0,0.741220318616474,0.905,0.507,0,"1","FYB"
"LSP1",0,0.739490815125393,0.886,0.512,0,"1","LSP1"
"PCBP1",0,0.73787372388878,0.882,0.563,0,"1","PCBP1"
"RAC1",0,0.737121042834673,0.887,0.506,0,"1","RAC1"
"NRGN",0,0.732792938083933,0.51,0.064,0,"1","NRGN"
"CAPNS1",0,0.728151647729689,0.716,0.329,0,"1","CAPNS1"
"ADRBK1",0,0.726804422502115,0.676,0.258,0,"1","ADRBK1"
"PKM",0,0.721323875629441,0.797,0.413,0,"1","PKM"
"PGLS",0,0.721236663641767,0.709,0.322,0,"1","PGLS"
"EFHD2",0,0.721182818755747,0.877,0.41,0,"1","EFHD2"
"CHMP1B",0,0.719854431753775,0.624,0.297,0,"1","CHMP1B"
"GNAQ",0,0.716326368977764,0.565,0.182,0,"1","GNAQ"
"CYBA",0,0.715852297066032,0.984,0.767,0,"1","CYBA"
"PTP4A2",0,0.715745652383363,0.902,0.587,0,"1","PTP4A2"
"LAMTOR4",0,0.714082820220844,0.883,0.563,0,"1","LAMTOR4"
"TCIRG1",0,0.711612205097043,0.535,0.162,0,"1","TCIRG1"
"LAMTOR1",0,0.711321489512311,0.732,0.376,0,"1","LAMTOR1"
"MAP3K1",0,0.705403699157291,0.619,0.246,0,"1","MAP3K1"
"CAST",0,0.704204297123397,0.898,0.599,0,"1","CAST"
"GNB2",0,0.701085293837528,0.716,0.347,0,"1","GNB2"
"ID2",0,0.696436253096536,0.771,0.487,0,"1","ID2"
"PRELID1",0,0.696396015349924,0.822,0.49,0,"1","PRELID1"
"CCNY",0,0.691967314199224,0.564,0.202,0,"1","CCNY"
"HLA-DMA",0,0.690919171864249,0.628,0.23,0,"1","HLA-DMA"
"TMEM167A",0,0.68945810812698,0.602,0.253,0,"1","TMEM167A"
"GDI2",0,0.687130688372633,0.761,0.39,0,"1","GDI2"
"GRB2",0,0.686840028223097,0.763,0.398,0,"1","GRB2"
"UBE2D1",0,0.686391449482283,0.521,0.16,0,"1","UBE2D1"
"NAGK",0,0.685562391522531,0.5,0.164,0,"1","NAGK"
"CFD",0,0.684340292114464,0.801,0.153,0,"1","CFD"
"CAPZA2",0,0.6836206922426,0.663,0.298,0,"1","CAPZA2"
"FLNA",0,0.682703494660388,0.859,0.473,0,"1","FLNA"
"USP15",0,0.681858430038238,0.758,0.433,0,"1","USP15"
"TNFSF10",0,0.676776777354089,0.542,0.213,0,"1","TNFSF10"
"RNF149",0,0.676476447300012,0.616,0.264,0,"1","RNF149"
"HSD17B11",0,0.675833836075962,0.6,0.239,0,"1","HSD17B11"
"ADGRE5",0,0.673644330495338,0.661,0.28,0,"1","ADGRE5"
"CCNL1",0,0.670508803370799,0.916,0.687,0,"1","CCNL1"
"MGAT1",0,0.668023143805562,0.558,0.206,0,"1","MGAT1"
"RHOB",0,0.665147886410998,0.516,0.211,0,"1","RHOB"
"LAMP2",0,0.664776205016322,0.561,0.217,0,"1","LAMP2"
"NCKAP1L",0,0.663216732898002,0.607,0.226,0,"1","NCKAP1L"
"PICALM",0,0.657176217650943,0.629,0.23,0,"1","PICALM"
"FMNL1",0,0.65708212088524,0.712,0.329,0,"1","FMNL1"
"AGTPBP1",0,0.655352111085006,0.518,0.176,0,"1","AGTPBP1"
"ATP5G2",0,0.647394929616785,0.925,0.579,0,"1","ATP5G2"
"VAMP8",0,0.646825224062285,0.824,0.49,0,"1","VAMP8"
"C7orf73",0,0.641553517719468,0.606,0.234,0,"1","C7orf73"
"PTPN6",0,0.641270756297493,0.623,0.24,0,"1","PTPN6"
"DICER1",0,0.640762768432807,0.534,0.205,0,"1","DICER1"
"IFNGR1",0,0.639916426408928,0.552,0.214,0,"1","IFNGR1"
"USP3",0,0.639777363961144,0.635,0.292,0,"1","USP3"
"MOB1A",0,0.637875729781418,0.76,0.411,0,"1","MOB1A"
"LGALS3",0,0.630157125443835,0.795,0.302,0,"1","LGALS3"
"MAP3K2",0,0.625951547934501,0.578,0.243,0,"1","MAP3K2"
"GSTO1",0,0.625845601639955,0.661,0.31,0,"1","GSTO1"
"BNIP2",0,0.625404621297352,0.611,0.281,0,"1","BNIP2"
"EMP3",0,0.620894658908836,0.942,0.663,0,"1","EMP3"
"HLA-DRB1",0,0.618154867207248,0.883,0.417,0,"1","HLA-DRB1"
"SERP1",0,0.615101555674443,0.896,0.621,0,"1","SERP1"
"UBE2R2",0,0.614887208325777,0.588,0.259,0,"1","UBE2R2"
"FERMT3",0,0.611827906605008,0.587,0.228,0,"1","FERMT3"
"MT-CO1",0,0.611598562306972,0.998,0.989,0,"1","MT-CO1"
"MYO1G",0,0.60803147344631,0.613,0.243,0,"1","MYO1G"
"ARPC3",0,0.606306730524945,0.956,0.754,0,"1","ARPC3"
"ARHGAP26",0,0.60625366650662,0.528,0.167,0,"1","ARHGAP26"
"PTEN",0,0.604682954584131,0.624,0.29,0,"1","PTEN"
"NUDT3",0,0.599983406326581,0.551,0.217,0,"1","NUDT3"
"PTBP3",0,0.599354433750846,0.689,0.357,0,"1","PTBP3"
"ATP6AP2",0,0.593781379668253,0.664,0.354,0,"1","ATP6AP2"
"SLC2A3",0,0.58889672757117,0.595,0.293,0,"1","SLC2A3"
"C20orf24",0,0.585927775040976,0.523,0.183,0,"1","C20orf24"
"HIPK3",0,0.578801471056165,0.532,0.206,0,"1","HIPK3"
"PRKCB",0,0.574534672288801,0.684,0.31,0,"1","PRKCB"
"CCDC69",0,0.57180505133737,0.549,0.22,0,"1","CCDC69"
"HSBP1",0,0.57172317876565,0.581,0.248,0,"1","HSBP1"
"SEC11A",0,0.570895443087464,0.754,0.443,0,"1","SEC11A"
"HOOK3",0,0.560980764154868,0.533,0.235,0,"1","HOOK3"
"ATP5I",0,0.558338358755237,0.788,0.44,0,"1","ATP5I"
"ATP6V1F",0,0.558049661973846,0.713,0.41,0,"1","ATP6V1F"
"SAT2",0,0.557864438404263,0.542,0.241,0,"1","SAT2"
"JUN",0,0.556880032154587,0.934,0.77,0,"1","JUN"
"XRN2",0,0.556360075074286,0.674,0.358,0,"1","XRN2"
"ATP5F1",0,0.548311794019393,0.603,0.26,0,"1","ATP5F1"
"WAS",0,0.546873616015363,0.637,0.291,0,"1","WAS"
"ATP5B",0,0.545671915195573,0.627,0.274,0,"1","ATP5B"
"HCLS1",0,0.544767802216641,0.772,0.421,0,"1","HCLS1"
"C16orf72",0,0.540604179474624,0.549,0.24,0,"1","C16orf72"
"CANX",0,0.537250798920668,0.689,0.379,0,"1","CANX"
"ARPC4",0,0.537062469484747,0.75,0.419,0,"1","ARPC4"
"ADAM10",0,0.536153909057819,0.56,0.249,0,"1","ADAM10"
"PGAM1",0,0.533541636297635,0.652,0.346,0,"1","PGAM1"
"MYO9B",0,0.528958142654455,0.511,0.208,0,"1","MYO9B"
"LINC00657",0,0.527329107917316,0.587,0.246,0,"1","LINC00657"
"MSN",0,0.525879172933862,0.875,0.557,0,"1","MSN"
"MT-ND4L",0,0.525680489657312,0.869,0.663,0,"1","MT-ND4L"
"PGK1",0,0.523851217692485,0.769,0.464,0,"1","PGK1"
"ATG3",0,0.521321870447583,0.528,0.237,0,"1","ATG3"
"CD55",0,0.520519638175258,0.628,0.319,0,"1","CD55"
"TAGLN2",0,0.51986740444727,0.798,0.573,0,"1","TAGLN2"
"SSR1",0,0.519486446226353,0.565,0.263,0,"1","SSR1"
"CELF1",0,0.519081757567047,0.552,0.261,0,"1","CELF1"
"IL10RA",0,0.517556711378273,0.62,0.283,0,"1","IL10RA"
"STK17B",0,0.514136699511198,0.844,0.545,0,"1","STK17B"
"SNX2",0,0.513140137013972,0.57,0.26,0,"1","SNX2"
"TPM3",0,0.512186921463115,0.952,0.747,0,"1","TPM3"
"CD74",0,0.511978430658365,0.983,0.614,0,"1","CD74"
"ATP2B1",0,0.510395277813721,0.605,0.322,0,"1","ATP2B1"
"PCBP2",0,0.509699303164573,0.865,0.622,0,"1","PCBP2"
"HLA-DQA1",0,3.00757941144233,0.947,0.233,0,"10","HLA-DQA1"
"HLA-DPB1",0,2.84507039362861,0.985,0.518,0,"10","HLA-DPB1"
"HLA-DPA1",0,2.84105825134595,0.981,0.493,0,"10","HLA-DPA1"
"HLA-DRB11",0,2.80180349639943,0.979,0.498,0,"10","HLA-DRB1"
"HLA-DRA1",0,2.8008419767109,0.995,0.548,0,"10","HLA-DRA"
"FCER1A",0,2.74116893304541,0.786,0.014,0,"10","FCER1A"
"CST31",0,2.60851148856792,0.963,0.47,0,"10","CST3"
"HLA-DQB1",0,2.56393513272242,0.957,0.358,0,"10","HLA-DQB1"
"CD741",0,2.35716189487919,0.997,0.68,0,"10","CD74"
"CLEC10A",0,2.33927236193881,0.738,0.028,0,"10","CLEC10A"
"HLA-DRB5",0,2.18684061312361,0.669,0.233,0,"10","HLA-DRB5"
"HLA-DMA1",0,1.80039310705568,0.906,0.296,0,"10","HLA-DMA"
"CD1C",0,1.78552744055625,0.641,0.021,0,"10","CD1C"
"CPVL1",0,1.75052721151483,0.854,0.216,0,"10","CPVL"
"LGALS21",0,1.46000545807144,0.812,0.196,0,"10","LGALS2"
"GPR183",0,1.43780643040226,0.697,0.227,0,"10","GPR183"
"HLA-DMB1",0,1.38681884474066,0.858,0.241,0,"10","HLA-DMB"
"SAMHD11",0,1.22841373620102,0.89,0.468,0,"10","SAMHD1"
"CTSZ1",0,1.21340541232739,0.88,0.341,0,"10","CTSZ"
"ENHO",0,1.20767136365959,0.502,0.01,0,"10","ENHO"
"LYZ1",0,1.184091032912,0.981,0.517,0,"10","LYZ"
"PHACTR1",0,1.17750021585109,0.679,0.142,0,"10","PHACTR1"
"IGSF61",0,1.14555174086791,0.761,0.195,0,"10","IGSF6"
"S100A101",0,1.10825255428341,0.968,0.791,0,"10","S100A10"
"BASP1",0,1.0885470581877,0.638,0.15,0,"10","BASP1"
"LGALS11",0,1.07043903602564,0.971,0.598,0,"10","LGALS1"
"C1orf1621",0,1.06598659697308,0.86,0.395,0,"10","C1orf162"
"CCDC88A1",0,1.03132900479737,0.769,0.208,0,"10","CCDC88A"
"JAML1",0,1.02535400051282,0.83,0.288,0,"10","JAML"
"MS4A6A1",0,1.02016271157229,0.608,0.247,0,"10","MS4A6A"
"IL1B1",0,1.01656276748535,0.502,0.138,0,"10","IL1B"
"RGS1",0,1.01429627105634,0.517,0.142,0,"10","RGS1"
"VIM1",0,1.01337169745115,0.984,0.83,0,"10","VIM"
"CTSH1",0,1.011993734303,0.811,0.261,0,"10","CTSH"
"COTL11",0,0.999723208608611,0.941,0.559,0,"10","COTL1"
"GSTP11",0,0.974277812292452,0.945,0.634,0,"10","GSTP1"
"FCER1G1",0,0.971008500570993,0.908,0.376,0,"10","FCER1G"
"PAK1",0,0.935667588845826,0.721,0.175,0,"10","PAK1"
"ACTB1",0,0.932461752742011,0.998,0.976,0,"10","ACTB"
"FCGRT1",0,0.928809982771896,0.845,0.333,0,"10","FCGRT"
"GPX11",0,0.9241682508389,0.831,0.413,0,"10","GPX1"
"CFP1",0,0.91690927326995,0.768,0.23,0,"10","CFP"
"H2AFY1",0,0.874040217795177,0.853,0.42,0,"10","H2AFY"
"ANXA2",0,0.86957582188425,0.917,0.514,0,"10","ANXA2"
"LY861",0,0.860873372097431,0.725,0.177,0,"10","LY86"
"GRN1",0,0.857030834380013,0.87,0.369,0,"10","GRN"
"IFI30",0,0.847271636906663,0.551,0.131,0,"10","IFI30"
"CIITA",0,0.839592588735687,0.593,0.09,0,"10","CIITA"
"ARPC1B1",0,0.839231266091577,0.917,0.674,0,"10","ARPC1B"
"SPI11",0,0.830200532893761,0.852,0.29,0,"10","SPI1"
"CAPG1",0,0.827619546414322,0.741,0.264,0,"10","CAPG"
"AP1S21",0,0.818396492743657,0.866,0.398,0,"10","AP1S2"
"IL13RA1",0,0.813686469347679,0.635,0.148,0,"10","IL13RA1"
"ALDH21",0,0.812949348196736,0.741,0.219,0,"10","ALDH2"
"RNASE61",0,0.809566559068292,0.662,0.152,0,"10","RNASE6"
"AP2S11",0,0.807841042218911,0.875,0.457,0,"10","AP2S1"
"ANXA51",0,0.799532380267493,0.879,0.451,0,"10","ANXA5"
"FGL21",0,0.79590982257594,0.875,0.325,0,"10","FGL2"
"AIF11",0,0.778832771066331,0.925,0.404,0,"10","AIF1"
"TUBA1B",0,0.776157975672272,0.862,0.485,0,"10","TUBA1B"
"GDI21",0,0.751186138789836,0.853,0.454,0,"10","GDI2"
"ITGAX",0,0.751113245052445,0.643,0.156,0,"10","ITGAX"
"LSP11",0,0.747219335811054,0.899,0.579,0,"10","LSP1"
"MNDA1",0,0.739385501535647,0.882,0.306,0,"10","MNDA"
"DPYSL21",0,0.725459932362099,0.758,0.26,0,"10","DPYSL2"
"RAC11",0,0.710768632827397,0.916,0.574,0,"10","RAC1"
"RBPJ",0,0.705906876765633,0.761,0.318,0,"10","RBPJ"
"SHTN1",0,0.703178983868938,0.583,0.143,0,"10","SHTN1"
"GAPDH1",0,0.700458165877636,0.969,0.838,0,"10","GAPDH"
"RNF1301",0,0.698573092328813,0.762,0.276,0,"10","RNF130"
"RAB321",0,0.691817972227033,0.665,0.185,0,"10","RAB32"
"RNH1",0,0.691213184776345,0.808,0.383,0,"10","RNH1"
"PPA1",0,0.689698671852813,0.774,0.359,0,"10","PPA1"
"KCNK6",0,0.686547874359833,0.554,0.128,0,"10","KCNK6"
"ID21",0,0.682975178563337,0.85,0.536,0,"10","ID2"
"MAP3K8",0,0.682691750983751,0.662,0.26,0,"10","MAP3K8"
"BID",0,0.678626073927073,0.705,0.238,0,"10","BID"
"CD86",0,0.677825325233565,0.61,0.137,0,"10","CD86"
"PLEKHO11",0,0.671068819914269,0.786,0.329,0,"10","PLEKHO1"
"PYCARD1",0,0.669525499423898,0.841,0.402,0,"10","PYCARD"
"CLEC4A1",0,0.668853322850104,0.606,0.135,0,"10","CLEC4A"
"SLC25A5",0,0.66846521008463,0.863,0.533,0,"10","SLC25A5"
"TMSB10",0,0.667287179312452,0.999,0.989,0,"10","TMSB10"
"ARPC31",0,0.66583584949201,0.937,0.79,0,"10","ARPC3"
"ATP5B1",0,0.66564386489335,0.749,0.335,0,"10","ATP5B"
"ATP5G3",0,0.660321889728188,0.777,0.414,0,"10","ATP5G3"
"CHMP1B1",0,0.657130967290888,0.715,0.354,0,"10","CHMP1B"
"CEBPD1",0,0.655865618708833,0.812,0.363,0,"10","CEBPD"
"ACTG1",0,0.643664252350503,0.972,0.899,0,"10","ACTG1"
"FTH11",0,0.642068558716905,0.998,0.962,0,"10","FTH1"
"YBX1",0,0.641691783562556,0.956,0.83,0,"10","YBX1"
"PGLS1",0,0.639068120621753,0.798,0.389,0,"10","PGLS"
"LST11",0,0.635825391667532,0.908,0.376,0,"10","LST1"
"PRCP",0,0.633057669094376,0.638,0.171,0,"10","PRCP"
"GLIPR11",0,0.632951389794752,0.823,0.381,0,"10","GLIPR1"
"CD33",0,0.631114728867907,0.554,0.103,0,"10","CD33"
"SLC25A6",0,0.630797347333529,0.922,0.736,0,"10","SLC25A6"
"NR4A2",0,0.628701356780139,0.674,0.304,0,"10","NR4A2"
"VAMP81",0,0.624865402011181,0.884,0.548,0,"10","VAMP8"
"ATP5J2",0,0.624788900343183,0.778,0.426,0,"10","ATP5J2"
"TMEM14C",0,0.624085561722727,0.67,0.245,0,"10","TMEM14C"
"SPINT2",0,0.620623970991755,0.642,0.193,0,"10","SPINT2"
"RAB11FIP11",0,0.61181505715972,0.736,0.314,0,"10","RAB11FIP1"
"PRELID11",0,0.61069356402456,0.867,0.548,0,"10","PRELID1"
"SRGN1",0,0.603832197094341,0.947,0.677,0,"10","SRGN"
"ATP5A1",0,0.603221482741594,0.751,0.362,0,"10","ATP5A1"
"TAGLN21",0,0.602224897780523,0.879,0.611,0,"10","TAGLN2"
"TYROBP1",0,0.596385089142055,0.947,0.468,0,"10","TYROBP"
"SYNGR2",0,0.594332761570022,0.695,0.26,0,"10","SYNGR2"
"LGALS91",0,0.587304936479564,0.675,0.21,0,"10","LGALS9"
"TNFSF13B1",0,0.586541020485444,0.71,0.234,0,"10","TNFSF13B"
"FOS1",0,0.584603558991637,0.935,0.821,0,"10","FOS"
"RGS101",0,0.583998490822033,0.802,0.402,0,"10","RGS10"
"CYBA1",0,0.582389605884629,0.956,0.807,0,"10","CYBA"
"SLC8A1",0,0.580739654875921,0.524,0.124,0,"10","SLC8A1"
"RAB311",0,0.579266879890637,0.687,0.227,0,"10","RAB31"
"AHR1",0,0.578534375622568,0.632,0.226,0,"10","AHR"
"LAMTOR2",0,0.573033926426762,0.732,0.309,0,"10","LAMTOR2"
"PTPRE1",0,0.569132963724861,0.745,0.3,0,"10","PTPRE"
"C20orf27",0,0.56768988956407,0.59,0.172,0,"10","C20orf27"
"EIF3L",0,0.567661512668129,0.857,0.555,0,"10","EIF3L"
"CAT",0,0.564348536976617,0.645,0.224,0,"10","CAT"
"ACTR21",0,0.560238852477513,0.914,0.646,0,"10","ACTR2"
"ATP5G21",0,0.559618270578089,0.832,0.643,0,"10","ATP5G2"
"SNX3",0,0.559470225619858,0.81,0.484,0,"10","SNX3"
"SLC25A3",0,0.558497284473269,0.883,0.617,0,"10","SLC25A3"
"PPT11",0,0.549925476017701,0.716,0.277,0,"10","PPT1"
"PEA15",0,0.549884732500651,0.546,0.156,0,"10","PEA15"
"GNG5",0,0.549581299444719,0.859,0.512,0,"10","GNG5"
"MEF2C",0,0.548969394126173,0.743,0.256,0,"10","MEF2C"
"TIMP1",0,0.546859854057181,0.834,0.401,0,"10","TIMP1"
"LMO21",0,0.545587377311285,0.617,0.168,0,"10","LMO2"
"SPECC1",0,0.54553579627793,0.527,0.127,0,"10","SPECC1"
"MAT2A",0,0.544791119777358,0.613,0.219,0,"10","MAT2A"
"EIF2AK4",0,0.543476800603178,0.514,0.134,0,"10","EIF2AK4"
"SSR11",0,0.543125519757614,0.733,0.313,0,"10","SSR1"
"ATP5C1",0,0.542531712324172,0.724,0.333,0,"10","ATP5C1"
"RPS11",0,0.541959731098481,0.99,0.976,0,"10","RPS11"
"CFL1",0,0.54133254945512,0.959,0.866,0,"10","CFL1"
"PLAUR1",0,0.540044019905977,0.534,0.182,0,"10","PLAUR"
"S100A61",0,0.539867171693523,0.989,0.894,0,"10","S100A6"
"SAT11",0,0.536659120188566,0.959,0.711,0,"10","SAT1"
"ARL4C",0,0.536355956891185,0.814,0.496,0,"10","ARL4C"
"CASP11",0,0.530686299046686,0.69,0.285,0,"10","CASP1"
"ANXA11",0,0.528496432738508,0.92,0.701,0,"10","ANXA1"
"CD3021",0,0.527826162275833,0.646,0.202,0,"10","CD302"
"COX5A",0,0.52600864333103,0.792,0.425,0,"10","COX5A"
"LAP3",0,0.525226869446941,0.627,0.233,0,"10","LAP3"
"CLIC1",0,0.524064540196959,0.916,0.662,0,"10","CLIC1"
"OGFRL11",0,0.522507073869888,0.709,0.277,0,"10","OGFRL1"
"CKLF",0,0.522426514949961,0.741,0.339,0,"10","CKLF"
"RNASET2",0,0.518491454280648,0.835,0.471,0,"10","RNASET2"
"PARVG",0,0.517148137066418,0.661,0.235,0,"10","PARVG"
"CNPY31",0,0.514664999795091,0.756,0.34,0,"10","CNPY3"
"KCTD121",0,0.512351788652012,0.702,0.242,0,"10","KCTD12"
"S100A41",0,0.511523793315455,0.967,0.833,0,"10","S100A4"
"TXN",1.46345102401303e-288,0.50053057550008,0.815,0.475,4.12532209159033e-284,"10","TXN"
"DCN",0,6.11356950901137,0.964,0.019,0,"11","DCN"
"COL1A1",0,5.72444838340571,0.942,0.022,0,"11","COL1A1"
"COL1A2",0,5.61574917403231,0.959,0.021,0,"11","COL1A2"
"COL3A1",0,5.38614839250885,0.927,0.017,0,"11","COL3A1"
"CXCL14",0,4.82543993880238,0.809,0.041,0,"11","CXCL14"
"CFD1",0,4.60334219389323,0.879,0.268,0,"11","CFD"
"APOD",0,4.48264171564594,0.735,0.011,0,"11","APOD"
"CCDC80",0,4.47606990951693,0.872,0.015,0,"11","CCDC80"
"COL6A1",0,4.41493424518295,0.939,0.032,0,"11","COL6A1"
"COL6A2",0,4.33278124513734,0.947,0.059,0,"11","COL6A2"
"APOE",0,4.15373521387724,0.654,0.053,0,"11","APOE"
"GSN",0,4.12266085913254,0.834,0.162,0,"11","GSN"
"SFRP2",0,4.10757977480121,0.668,0.003,0,"11","SFRP2"
"COL6A3",0,4.04346806237975,0.891,0.012,0,"11","COL6A3"
"MGP",0,3.99491747293838,0.748,0.03,0,"11","MGP"
"FBLN1",0,3.90289693588238,0.825,0.01,0,"11","FBLN1"
"LUM",0,3.84801637275866,0.825,0.005,0,"11","LUM"
"MMP2",0,3.81895784853425,0.799,0.008,0,"11","MMP2"
"PTGDS",0,3.80242972353622,0.526,0.038,0,"11","PTGDS"
"CXCL12",0,3.7060799093362,0.722,0.013,0,"11","CXCL12"
"C1R",0,3.59070506032924,0.877,0.027,0,"11","C1R"
"LARP1B",0,3.47522697327854,0.546,0.108,0,"11","LARP1B"
"SPARC",0,3.44081188738516,0.858,0.046,0,"11","SPARC"
"C1S",0,3.40365149565178,0.876,0.018,0,"11","C1S"
"NNMT",0,3.36629015129485,0.772,0.021,0,"11","NNMT"
"CTSK",0,3.33780451448913,0.828,0.024,0,"11","CTSK"
"MT2A",0,3.33229411005662,0.857,0.421,0,"11","MT2A"
"HSPA1A",0,3.26683023163577,0.856,0.22,0,"11","HSPA1A"
"CFH",0,3.16882028206974,0.799,0.026,0,"11","CFH"
"IGFBP7",0,3.05326340362194,0.864,0.129,0,"11","IGFBP7"
"PLAC9",0,3.0194872075415,0.831,0.019,0,"11","PLAC9"
"IGFBP5",0,3.015194205468,0.601,0.012,0,"11","IGFBP5"
"PLPP3",0,2.99536374094879,0.776,0.023,0,"11","PLPP3"
"IGFBP4",0,2.93342709913787,0.785,0.038,0,"11","IGFBP4"
"C3",0,2.92395366985617,0.607,0.006,0,"11","C3"
"FBN1",0,2.88613016705686,0.748,0.015,0,"11","FBN1"
"HSPA1B",0,2.88593146525803,0.733,0.106,0,"11","HSPA1B"
"TIMP11",0,2.87748935527858,0.895,0.4,0,"11","TIMP1"
"SERPING1",0,2.86834473184341,0.846,0.038,0,"11","SERPING1"
"SERPINF1",0,2.85769000865867,0.821,0.046,0,"11","SERPINF1"
"SYPL1",0,2.82020001937809,0.64,0.238,0,"11","SYPL1"
"SELENOM",0,2.73308816799888,0.844,0.048,0,"11","SELENOM"
"SOD3",0,2.68015307993201,0.739,0.012,0,"11","SOD3"
"CLU",0,2.63772931696232,0.601,0.055,0,"11","CLU"
"PRRX1",0,2.62411712806144,0.81,0.013,0,"11","PRRX1"
"CD63",0,2.57038790319315,0.952,0.521,0,"11","CD63"
"FBLN2",0,2.56698290614985,0.727,0.01,0,"11","FBLN2"
"PCOLCE",0,2.56135365830396,0.787,0.022,0,"11","PCOLCE"
"CALD1",0,2.55319295610651,0.887,0.053,0,"11","CALD1"
"IFITM3",0,2.51065020156931,0.939,0.282,0,"11","IFITM3"
"MT1M",0,2.46777353995387,0.576,0.021,0,"11","MT1M"
"ABI3BP",0,2.40365630597588,0.639,0.007,0,"11","ABI3BP"
"SLIT3",0,2.40271189730003,0.686,0.013,0,"11","SLIT3"
"FSTL1",0,2.38190987565583,0.614,0.018,0,"11","FSTL1"
"PMP22",0,2.37372874144694,0.782,0.038,0,"11","PMP22"
"AEBP1",0,2.37116074284955,0.711,0.025,0,"11","AEBP1"
"S100A13",0,2.35755196643861,0.786,0.06,0,"11","S100A13"
"HTRA1",0,2.34460627388253,0.712,0.025,0,"11","HTRA1"
"RARRES2",0,2.33455114121131,0.59,0.012,0,"11","RARRES2"
"TIMP21",0,2.32348388891221,0.805,0.215,0,"11","TIMP2"
"MFAP4",0,2.31989850292835,0.645,0.004,0,"11","MFAP4"
"LMNA",0,2.30861185765887,0.87,0.179,0,"11","LMNA"
"MT1X",0,2.30798874293227,0.657,0.191,0,"11","MT1X"
"MT1E",0,2.28962329826759,0.678,0.086,0,"11","MT1E"
"C11orf96",0,2.2838579716194,0.532,0.028,0,"11","C11orf96"
"FN1",0,2.28083080223743,0.637,0.018,0,"11","FN1"
"CCN1",0,2.27908212155591,0.55,0.023,0,"11","CCN1"
"TWIST1",0,2.23398559048703,0.637,0.009,0,"11","TWIST1"
"COL5A2",0,2.22899829523254,0.686,0.011,0,"11","COL5A2"
"NFIA",0,2.21459061325496,0.718,0.083,0,"11","NFIA"
"ZBTB20",0,2.18747307949721,0.762,0.159,0,"11","ZBTB20"
"VIM2",0,2.18183170452379,0.992,0.83,0,"11","VIM"
"TCF4",0,2.14578272962194,0.799,0.135,0,"11","TCF4"
"CD81",0,2.11923853245592,0.871,0.416,0,"11","CD81"
"TWIST2",0,2.11206252111749,0.63,0.004,0,"11","TWIST2"
"SOD21",0,2.08589609242942,0.769,0.44,0,"11","SOD2"
"LGALS31",0,2.08091756187139,0.908,0.388,0,"11","LGALS3"
"CD9",0,2.07856013234161,0.702,0.111,0,"11","CD9"
"EFEMP1",0,2.05270145301675,0.543,0.008,0,"11","EFEMP1"
"CEBPD2",0,2.02911963936382,0.785,0.364,0,"11","CEBPD"
"DCLK1",0,2.02882528548155,0.597,0.007,0,"11","DCLK1"
"ID3",0,2.01590398755304,0.599,0.094,0,"11","ID3"
"BGN",0,2.0110706327702,0.546,0.016,0,"11","BGN"
"EMP1",0,2.00584702857439,0.746,0.081,0,"11","EMP1"
"GPNMB",0,1.99945042021621,0.695,0.053,0,"11","GPNMB"
"LAMA2",0,1.99513639050675,0.56,0.006,0,"11","LAMA2"
"RACK1",0,1.98752103424781,0.923,0.154,0,"11","RACK1"
"BICC1",0,1.98294071134013,0.625,0.005,0,"11","BICC1"
"CYBRD1",0,1.97331959103934,0.658,0.067,0,"11","CYBRD1"
"EBF1",0,1.96998933423303,0.596,0.043,0,"11","EBF1"
"RND3",0,1.96487013077836,0.646,0.05,0,"11","RND3"
"LHFPL6",0,1.96353235171776,0.664,0.027,0,"11","LHFPL6"
"PDGFRA",0,1.94279307502804,0.654,0.004,0,"11","PDGFRA"
"PDGFRB",0,1.93749244530708,0.659,0.017,0,"11","PDGFRB"
"LAPTM4A",0,1.93072121374731,0.861,0.362,0,"11","LAPTM4A"
"SPRY1",0,1.90822318319732,0.624,0.037,0,"11","SPRY1"
"ADIRF",0,1.88036519726789,0.733,0.083,0,"11","ADIRF"
"SELENOP",0,1.87287022956847,0.636,0.033,0,"11","SELENOP"
"LTBP1",0,1.85970879929658,0.594,0.016,0,"11","LTBP1"
"HES1",0,1.85517366301574,0.583,0.094,0,"11","HES1"
"LRP11",0,1.85271839386094,0.773,0.195,0,"11","LRP1"
"DPT",0,1.8428298321861,0.545,0.001,0,"11","DPT"
"NEGR1",0,1.83698490615947,0.536,0.016,0,"11","NEGR1"
"FGFR1",0,1.83649508931612,0.665,0.032,0,"11","FGFR1"
"MTRNR2L12",0,1.81774308585208,0.51,0.321,0,"11","MTRNR2L12"
"PTPRG",0,1.81243896113643,0.521,0.023,0,"11","PTPRG"
"LAMA4",0,1.80047553480901,0.653,0.018,0,"11","LAMA4"
"REV3L",0,1.80008986710694,0.643,0.15,0,"11","REV3L"
"PAM",0,1.79566947898467,0.627,0.053,0,"11","PAM"
"TPST1",0,1.7891325157314,0.502,0.019,0,"11","TPST1"
"ANK2",0,1.77683346059873,0.569,0.008,0,"11","ANK2"
"CAVIN1",0,1.77313468279421,0.705,0.045,0,"11","CAVIN1"
"MAP1B",0,1.77301211762783,0.58,0.026,0,"11","MAP1B"
"SERPINH1",0,1.76053928436868,0.633,0.036,0,"11","SERPINH1"
"IER31",0,1.75767837560497,0.598,0.282,0,"11","IER3"
"NFIB",0,1.74980816683288,0.56,0.042,0,"11","NFIB"
"PRRX2",0,1.74005746843946,0.636,0.017,0,"11","PRRX2"
"DNAJB1",0,1.7252991803276,0.666,0.404,0,"11","DNAJB1"
"COL5A1",0,1.71486810572,0.534,0.007,0,"11","COL5A1"
"FNDC3B",0,1.70817491587634,0.616,0.169,0,"11","FNDC3B"
"DLC1",0,1.69736889129141,0.564,0.024,0,"11","DLC1"
"MXRA8",0,1.68798628432857,0.609,0.006,0,"11","MXRA8"
"CAV1",0,1.68759117498342,0.674,0.053,0,"11","CAV1"
"SOCS3",0,1.67504348809395,0.616,0.222,0,"11","SOCS3"
"COL15A1",0,1.66436450054231,0.555,0.017,0,"11","COL15A1"
"NFIX",0,1.63584876005035,0.63,0.05,0,"11","NFIX"
"ANXA21",0,1.63346892731879,0.91,0.514,0,"11","ANXA2"
"LAMC1",0,1.63090564250283,0.596,0.03,0,"11","LAMC1"
"RUNX1T1",0,1.62632591421025,0.53,0.013,0,"11","RUNX1T1"
"LGALS12",0,1.6253630432831,0.954,0.598,0,"11","LGALS1"
"FRMD6",0,1.62275494572175,0.578,0.027,0,"11","FRMD6"
"EPB41L2",0,1.6208308882493,0.588,0.069,0,"11","EPB41L2"
"NUPR1",0,1.62043742673584,0.708,0.074,0,"11","NUPR1"
"LPAR1",0,1.61340437449599,0.555,0.015,0,"11","LPAR1"
"CALU",0,1.60800685434029,0.668,0.131,0,"11","CALU"
"SEPTIN7",0,1.60210599359253,0.685,0.06,0,"11","SEPTIN7"
"NOVA1",0,1.58510245068584,0.533,0.006,0,"11","NOVA1"
"IL1R1",0,1.57277257252618,0.528,0.041,0,"11","IL1R1"
"S100A62",0,1.56853827367595,0.99,0.894,0,"11","S100A6"
"LIMA1",0,1.5520940138815,0.672,0.097,0,"11","LIMA1"
"CD248",0,1.55187606027262,0.514,0.009,0,"11","CD248"
"RPL17",0,1.55155584211098,0.891,0.614,0,"11","RPL17"
"ELOB",0,1.52605368783542,0.788,0.13,0,"11","ELOB"
"ZFP36L11",0,1.51597894763228,0.862,0.532,0,"11","ZFP36L1"
"AXL",0,1.51309040144259,0.535,0.015,0,"11","AXL"
"DAB2",0,1.51207808891079,0.619,0.054,0,"11","DAB2"
"NR4A1",0,1.51018273586698,0.541,0.146,0,"11","NR4A1"
"HSPB1",0,1.50352965705294,0.832,0.299,0,"11","HSPB1"
"DST",0,1.49721756301065,0.646,0.093,0,"11","DST"
"CST32",0,1.49357736467074,0.954,0.47,0,"11","CST3"
"CRISPLD2",0,1.48826046057166,0.527,0.081,0,"11","CRISPLD2"
"PBX1",0,1.47930867305155,0.527,0.027,0,"11","PBX1"
"OLFML3",0,1.47587310394581,0.541,0.004,0,"11","OLFML3"
"PPIC",0,1.47218715524825,0.565,0.03,0,"11","PPIC"
"PID1",0,1.46790207242776,0.533,0.09,0,"11","PID1"
"NBL1",0,1.45866848024612,0.505,0.046,0,"11","NBL1"
"CAVIN3",0,1.45723936431005,0.609,0.034,0,"11","CAVIN3"
"SH3PXD2A",0,1.44507497992228,0.531,0.056,0,"11","SH3PXD2A"
"PTMS",0,1.43903489973692,0.75,0.175,0,"11","PTMS"
"TPM1",0,1.43000208448585,0.585,0.094,0,"11","TPM1"
"COL4A2",0,1.42566866570196,0.512,0.026,0,"11","COL4A2"
"CNN3",0,1.42464090734194,0.625,0.051,0,"11","CNN3"
"NFIC",0,1.41207029213066,0.702,0.19,0,"11","NFIC"
"F10",0,1.40948329131332,0.512,0.005,0,"11","F10"
"WWTR1",0,1.4009464348811,0.552,0.037,0,"11","WWTR1"
"ECM1",0,1.3804938869537,0.503,0.015,0,"11","ECM1"
"DDR2",0,1.37941244033359,0.533,0.012,0,"11","DDR2"
"ANTXR1",0,1.36955638190645,0.517,0.013,0,"11","ANTXR1"
"NRP1",0,1.36537959493841,0.535,0.035,0,"11","NRP1"
"RBFOX2",0,1.35964184634918,0.545,0.036,0,"11","RBFOX2"
"CTSL",0,1.35595457752183,0.551,0.08,0,"11","CTSL"
"CD59",0,1.35510689451088,0.689,0.143,0,"11","CD59"
"MAN1A1",0,1.35259652775699,0.576,0.12,0,"11","MAN1A1"
"FKBP9",0,1.35195357703309,0.539,0.03,0,"11","FKBP9"
"SPATS2L",0,1.34568178789981,0.56,0.082,0,"11","SPATS2L"
"SH3D19",0,1.34273177682238,0.529,0.035,0,"11","SH3D19"
"S100A102",0,1.33852655888159,0.95,0.791,0,"11","S100A10"
"ATP5PF",0,1.33643258540662,0.704,0.105,0,"11","ATP5PF"
"TCF7L2",0,1.33444459343004,0.547,0.111,0,"11","TCF7L2"
"APP",0,1.32987220898341,0.678,0.172,0,"11","APP"
"FBLN5",0,1.32816916923828,0.54,0.034,0,"11","FBLN5"
"SPTBN1",0,1.32717207757162,0.692,0.191,0,"11","SPTBN1"
"CEBPB1",0,1.30844085885062,0.723,0.455,0,"11","CEBPB"
"TCF12",0,1.28445489299085,0.552,0.132,0,"11","TCF12"
"ATP5MC2",0,1.27700106416086,0.732,0.12,0,"11","ATP5MC2"
"SELENOW",0,1.27075370373852,0.681,0.103,0,"11","SELENOW"
"SEPTIN2",0,1.2706398599617,0.57,0.043,0,"11","SEPTIN2"
"RAB13",0,1.26457865621813,0.558,0.097,0,"11","RAB13"
"TCEAL9",0,1.26230148365331,0.552,0.045,0,"11","TCEAL9"
"FHL1",0,1.26211102187848,0.505,0.039,0,"11","FHL1"
"NAMPT1",0,1.24741837121232,0.674,0.403,0,"11","NAMPT"
"ANXA52",0,1.23971025338062,0.839,0.453,0,"11","ANXA5"
"COX7A1",0,1.23636396836292,0.524,0.022,0,"11","COX7A1"
"ATP5F1E",0,1.23049190004936,0.765,0.151,0,"11","ATP5F1E"
"MFGE8",0,1.22791524600994,0.553,0.058,0,"11","MFGE8"
"MGST3",0,1.22386022901682,0.77,0.361,0,"11","MGST3"
"PLAGL1",0,1.21764545964015,0.534,0.083,0,"11","PLAGL1"
"TMEM176B",0,1.21118030979808,0.556,0.14,0,"11","TMEM176B"
"EGR11",0,1.20567052749731,0.63,0.264,0,"11","EGR1"
"ATP5F1D",0,1.19822338961665,0.679,0.106,0,"11","ATP5F1D"
"FAM114A1",0,1.19787026412129,0.515,0.028,0,"11","FAM114A1"
"RNASEK",0,1.19672082770278,0.661,0.171,0,"11","RNASEK"
"HSPG2",0,1.19202020101636,0.514,0.028,0,"11","HSPG2"
"CYB5R3",0,1.18875356453572,0.626,0.181,0,"11","CYB5R3"
"ATP5MC3",0,1.18508701523543,0.645,0.096,0,"11","ATP5MC3"
"ARID5B",0,1.18332110707329,0.667,0.262,0,"11","ARID5B"
"NOP53",0,1.1784050931743,0.676,0.12,0,"11","NOP53"
"SELENOF",0,1.1748378600947,0.594,0.068,0,"11","SELENOF"
"IL6ST",0,1.1744151978974,0.677,0.246,0,"11","IL6ST"
"CTTN",0,1.16805432688524,0.543,0.057,0,"11","CTTN"
"SVIL",0,1.15704220218326,0.543,0.134,0,"11","SVIL"
"ATP5MG",0,1.15527836588441,0.756,0.14,0,"11","ATP5MG"
"ATP5ME",0,1.14820676831943,0.668,0.109,0,"11","ATP5ME"
"PGRMC1",0,1.14713167380936,0.581,0.119,0,"11","PGRMC1"
"MARCKS1",0,1.14630022989711,0.77,0.307,0,"11","MARCKS"
"TSPAN4",0,1.14510489627215,0.535,0.084,0,"11","TSPAN4"
"MICOS10",0,1.13597387964927,0.534,0.051,0,"11","MICOS10"
"GADD45B",0,1.13561996182963,0.701,0.508,0,"11","GADD45B"
"RTN4",0,1.11762937237078,0.787,0.475,0,"11","RTN4"
"ATP5PD",0,1.11334342791273,0.581,0.087,0,"11","ATP5PD"
"HSP90AA1",0,1.11257134974568,0.91,0.851,0,"11","HSP90AA1"
"CLIC4",0,1.10739308603586,0.502,0.092,0,"11","CLIC4"
"TUBB",0,1.10377360232259,0.695,0.332,0,"11","TUBB"
"DSTN",0,1.10299138670294,0.829,0.433,0,"11","DSTN"
"CRIP1",0,1.10148426229939,0.666,0.367,0,"11","CRIP1"
"ASPH",0,1.09933525492402,0.548,0.097,0,"11","ASPH"
"RCN1",0,1.09915606425118,0.517,0.075,0,"11","RCN1"
"ATP5PO",0,1.0883624340007,0.612,0.092,0,"11","ATP5PO"
"ATP5MD",0,1.08447837830951,0.672,0.12,0,"11","ATP5MD"
"ATP5MPL",0,1.08103757806333,0.647,0.114,0,"11","ATP5MPL"
"RBIS",0,1.07723745910867,0.537,0.047,0,"11","RBIS"
"STAG1",0,1.07405998803205,0.519,0.185,0,"11","STAG1"
"CPQ",0,1.06974152766865,0.586,0.16,0,"11","CPQ"
"SEM1",0,1.06835313889455,0.67,0.113,0,"11","SEM1"
"SELENOS",0,1.0555320124681,0.53,0.068,0,"11","SELENOS"
"ATP5MF",0,1.04484847140065,0.607,0.106,0,"11","ATP5MF"
"SAV1",0,1.0424123712112,0.51,0.081,0,"11","SAV1"
"MYL9",0,1.0416723878064,0.536,0.029,0,"11","MYL9"
"SQSTM1",0,1.03402935748129,0.705,0.431,0,"11","SQSTM1"
"EVA1B",0,1.02939874635597,0.51,0.087,0,"11","EVA1B"
"TCEAL4",0,1.01789727845471,0.587,0.147,0,"11","TCEAL4"
"ARID1B",0,1.01523027448825,0.571,0.21,0,"11","ARID1B"
"RRBP1",0,1.0085538988994,0.569,0.218,0,"11","RRBP1"
"MIF",0,1.00592424421877,0.659,0.354,0,"11","MIF"
"PPIB",0,1.00408618193617,0.822,0.593,0,"11","PPIB"
"SPAG9",0,1.00204384176593,0.581,0.284,0,"11","SPAG9"
"KLF9",0,1.00172382505741,0.578,0.188,0,"11","KLF9"
"QKI1",0,0.997439521826564,0.64,0.399,0,"11","QKI"
"KDELR2",0,0.996999959484302,0.607,0.251,0,"11","KDELR2"
"ARHGAP21",0,0.991135917067495,0.503,0.1,0,"11","ARHGAP21"
"YBX31",0,0.988842034419259,0.768,0.369,0,"11","YBX3"
"RORA",0,0.986181769707428,0.55,0.302,0,"11","RORA"
"LDHA",0,0.981566522711652,0.798,0.54,0,"11","LDHA"
"LPP",0,0.978909805550899,0.626,0.242,0,"11","LPP"
"ATP5IF1",0,0.977909617065745,0.578,0.099,0,"11","ATP5IF1"
"EID1",0,0.974055873157597,0.819,0.523,0,"11","EID1"
"HDLBP",0,0.970633903975554,0.616,0.231,0,"11","HDLBP"
"GLUL1",0,0.968497078689676,0.62,0.282,0,"11","GLUL"
"EMP2",0,0.954424531228899,0.503,0.063,0,"11","EMP2"
"CYB5A",0,0.944967754140394,0.552,0.138,0,"11","CYB5A"
"TPM4",0,0.941333536832958,0.696,0.374,0,"11","TPM4"
"ATP5F1A",0,0.940455795481761,0.557,0.083,0,"11","ATP5F1A"
"NENF",0,0.938514303843093,0.629,0.227,0,"11","NENF"
"ATP5MC1",0,0.934621220533298,0.509,0.069,0,"11","ATP5MC1"
"COPS9",0,0.931920213292485,0.567,0.098,0,"11","COPS9"
"GADD45A",0,0.922298226318412,0.502,0.16,0,"11","GADD45A"
"LMO4",0,0.919479166013679,0.566,0.242,0,"11","LMO4"
"SNX9",0,0.918625954129108,0.501,0.115,0,"11","SNX9"
"DDAH2",0,0.917019070061924,0.536,0.143,0,"11","DDAH2"
"SEC31A",0,0.915722179949086,0.645,0.287,0,"11","SEC31A"
"MAP4",0,0.91549392194159,0.609,0.227,0,"11","MAP4"
"RTRAF",0,0.915261583825618,0.544,0.084,0,"11","RTRAF"
"DPYSL22",0,0.913532399040593,0.635,0.263,0,"11","DPYSL2"
"ATP5F1B",0,0.896550753648814,0.558,0.097,0,"11","ATP5F1B"
"ATP5F1C",0,0.896286350539053,0.541,0.078,0,"11","ATP5F1C"
"LMAN1",0,0.890588626544537,0.585,0.21,0,"11","LMAN1"
"VKORC1",0,0.875280117351549,0.532,0.172,0,"11","VKORC1"
"NUCKS1",0,0.870256661814597,0.8,0.507,0,"11","NUCKS1"
"IFI16",0,0.867001952043534,0.743,0.457,0,"11","IFI16"
"ANXA4",0,0.855849652157018,0.511,0.169,0,"11","ANXA4"
"TRIR",0,0.85511814861636,0.614,0.117,0,"11","TRIR"
"B4GALT1",0,0.845662134794994,0.541,0.254,0,"11","B4GALT1"
"STOM",0,0.844731801808254,0.567,0.185,0,"11","STOM"
"CTNNA1",0,0.831840670359275,0.562,0.2,0,"11","CTNNA1"
"CALR",0,0.825499158626722,0.768,0.538,0,"11","CALR"
"PHPT1",0,0.802218152298458,0.633,0.317,0,"11","PHPT1"
"CDKN1A",0,0.800747477343119,0.501,0.229,0,"11","CDKN1A"
"P4HB",0,0.79774185095086,0.653,0.385,0,"11","P4HB"
"RABAC1",0,0.796498063172566,0.722,0.465,0,"11","RABAC1"
"MORF4L2",0,0.792403311074523,0.584,0.209,0,"11","MORF4L2"
"REXO2",0,0.7888508064544,0.526,0.177,0,"11","REXO2"
"WSB1",0,0.783042696665536,0.692,0.443,0,"11","WSB1"
"PRDX1",0,0.779119671654101,0.756,0.45,0,"11","PRDX1"
"PEBP1",0,0.776238878915348,0.737,0.428,0,"11","PEBP1"
"HSP90B1",0,0.774503911436716,0.795,0.607,0,"11","HSP90B1"
"RBPJ1",0,0.774167457655542,0.636,0.32,0,"11","RBPJ"
"KRTCAP2",0,0.765434089917334,0.629,0.3,0,"11","KRTCAP2"
"RAB1A",0,0.764954256023341,0.579,0.25,0,"11","RAB1A"
"ADH5",0,0.764442562568895,0.557,0.211,0,"11","ADH5"
"HSPD1",0,0.754699551910337,0.598,0.367,0,"11","HSPD1"
"TMEM59",0,0.752316315097924,0.754,0.507,0,"11","TMEM59"
"KDELR1",0,0.74490695318656,0.612,0.293,0,"11","KDELR1"
"ELF2",0,0.739994969285339,0.519,0.285,0,"11","ELF2"
"PRNP",0,0.73741784595158,0.591,0.245,0,"11","PRNP"
"PDLIM2",0,0.736410510046437,0.532,0.222,0,"11","PDLIM2"
"DYNLL1",0,0.735009622300844,0.799,0.508,0,"11","DYNLL1"
"UGP2",0,0.734894004465914,0.55,0.265,0,"11","UGP2"
"MED13L",0,0.729213035782657,0.546,0.298,0,"11","MED13L"
"GABARAP",0,0.722557207967564,0.519,0.283,0,"11","GABARAP"
"RBMS1",0,0.720782641374909,0.616,0.355,0,"11","RBMS1"
"PPA11",0,0.718395700822776,0.652,0.362,0,"11","PPA1"
"TMEM165",0,0.715206993265726,0.563,0.288,0,"11","TMEM165"
"SELENOK",0,0.706649868355878,0.528,0.097,0,"11","SELENOK"
"NDUFA13",0,0.701712218794822,0.752,0.504,0,"11","NDUFA13"
"ARL2",0,0.697727992345009,0.501,0.171,0,"11","ARL2"
"STAT3",0,0.694008695934694,0.637,0.393,0,"11","STAT3"
"ARF4",0,0.692436351382628,0.613,0.264,0,"11","ARF4"
"ANKRD10",0,0.691281973893653,0.502,0.199,0,"11","ANKRD10"
"AFF4",0,0.681093596183133,0.516,0.257,0,"11","AFF4"
"NDRG1",0,0.676637687011255,0.506,0.168,0,"11","NDRG1"
"SAR1A",0,0.676158304424967,0.545,0.245,0,"11","SAR1A"
"EEA1",0,0.668871049955196,0.507,0.201,0,"11","EEA1"
"OSTC",0,0.658152063319261,0.615,0.34,0,"11","OSTC"
"TXN1",0,0.650696352242734,0.79,0.476,0,"11","TXN"
"NFE2L2",0,0.64978904547103,0.606,0.312,0,"11","NFE2L2"
"TMEM14C1",0,0.644569864198064,0.575,0.247,0,"11","TMEM14C"
"HSPE1",0,0.638738247652805,0.653,0.407,0,"11","HSPE1"
"GPX4",0,0.637123375576929,0.804,0.62,0,"11","GPX4"
"TNFRSF1A",0,0.635900580577243,0.501,0.172,0,"11","TNFRSF1A"
"MEF2A",0,0.633178436332602,0.507,0.249,0,"11","MEF2A"
"TNFAIP21",0,0.631462792052527,0.528,0.257,0,"11","TNFAIP2"
"TACC1",0,0.630127297150324,0.579,0.289,0,"11","TACC1"
"PDIA6",0,0.609630673161707,0.601,0.351,0,"11","PDIA6"
"PPP3CA",0,0.607473950563851,0.539,0.289,0,"11","PPP3CA"
"RAB2A",0,0.605208234053429,0.653,0.391,0,"11","RAB2A"
"YWHAQ",0,0.60024922205189,0.655,0.397,0,"11","YWHAQ"
"IFI27L2",0,0.594424393924696,0.58,0.314,0,"11","IFI27L2"
"DAD1",0,0.589426356923325,0.684,0.457,0,"11","DAD1"
"NUCB1",0,0.582610334221147,0.521,0.256,0,"11","NUCB1"
"RNH11",0,0.578355570518909,0.641,0.386,0,"11","RNH1"
"YWHAE",0,0.568735819875722,0.688,0.426,0,"11","YWHAE"
"PDCD5",0,0.560213365541946,0.524,0.279,0,"11","PDCD5"
"FCGRT2",0,0.542432658596618,0.658,0.336,0,"11","FCGRT"
"AP3S1",0,0.539943550166172,0.5,0.228,0,"11","AP3S1"
"CRTAP1",0,0.537701878588919,0.532,0.247,0,"11","CRTAP"
"NDUFS4",0,0.529066215469022,0.509,0.222,0,"11","NDUFS4"
"NPC21",0,0.526475027311132,0.723,0.444,0,"11","NPC2"
"VCAN1",0,0.51325448649013,0.808,0.326,0,"11","VCAN"
"ESD",0,0.511546078444888,0.536,0.266,0,"11","ESD"
"REEP5",0,0.505530564387194,0.618,0.355,0,"11","REEP5"
"LAMP1",1.47612724857177e-299,0.534900848415066,0.593,0.348,4.16105510099896e-295,"11","LAMP1"
"SLC2A31",1.92384069547543e-288,1.09243403835109,0.566,0.348,5.42311453647569e-284,"11","SLC2A3"
"MYDGF",1.88255456756317e-284,0.509511222319198,0.511,0.285,5.30673307050382e-280,"11","MYDGF"
"CD441",2.23735533572051e-284,0.747854138210181,0.79,0.64,6.30688095586255e-280,"11","CD44"
"COX6C",7.29085710306298e-276,0.717662914041489,0.84,0.723,2.05521970878242e-271,"11","COX6C"
"MT-ND6",7.67697856086092e-271,0.694420210339406,0.53,0.326,2.16406348652109e-266,"11","MT-ND6"
"VMP11",2.09280796343143e-263,0.681906593259125,0.634,0.415,5.89941636811685e-259,"11","VMP1"
"RPS27L",9.4349514575398e-253,0.536821154643276,0.703,0.479,2.65961846636589e-248,"11","RPS27L"
"TTC3",1.10122023479387e-236,0.510007267048995,0.639,0.411,3.10422971986044e-232,"11","TTC3"
"LY6E",2.34619955205641e-236,0.543243780465032,0.683,0.464,6.61370191729182e-232,"11","LY6E"
"EIF4A1",4.70863449657154e-232,0.684434970103434,0.648,0.442,1.32731697823855e-227,"11","EIF4A1"
"POLR2L",1.24571361008646e-229,0.613233536506733,0.75,0.593,3.51154209547273e-225,"11","POLR2L"
"JMJD1C",1.75562768991063e-208,0.659422917461954,0.617,0.44,4.94893889508908e-204,"11","JMJD1C"
"ZFP361",9.90060372464628e-157,0.928477230110639,0.722,0.614,2.79088118394054e-152,"11","ZFP36"
"NFKBIA1",2.42830835615989e-83,0.666554048998672,0.773,0.704,6.84515842517911e-79,"11","NFKBIA"
"ACTA2",0,4.93773967978651,0.727,0.029,0,"12","ACTA2"
"C11orf961",0,4.69801963491803,0.75,0.026,0,"12","C11orf96"
"TAGLN",0,4.33270078875661,0.66,0.042,0,"12","TAGLN"
"CALD11",0,4.25809373913079,0.93,0.056,0,"12","CALD1"
"MYL91",0,4.1873503372912,0.74,0.028,0,"12","MYL9"
"TPM2",0,4.18262390583735,0.717,0.033,0,"12","TPM2"
"IGFBP71",0,4.04484238068255,0.942,0.131,0,"12","IGFBP7"
"ADIRF1",0,3.89506369002934,0.831,0.084,0,"12","ADIRF"
"CCL2",0,3.74874047790438,0.517,0.034,0,"12","CCL2"
"RGS16",0,3.56025487603166,0.587,0.036,0,"12","RGS16"
"TPM11",0,3.35883956722828,0.755,0.093,0,"12","TPM1"
"HSPA1A1",0,3.27353423828304,0.831,0.223,0,"12","HSPA1A"
"SPARC1",0,3.23239247569252,0.836,0.05,0,"12","SPARC"
"SPARCL1",0,3.12891207590926,0.699,0.029,0,"12","SPARCL1"
"LARP1B1",0,3.12657581995424,0.586,0.109,0,"12","LARP1B"
"MT2A1",0,3.06732299644025,0.893,0.422,0,"12","MT2A"
"MYH11",0,3.02287268291332,0.517,0.025,0,"12","MYH11"
"MT1M1",0,2.99960402533253,0.633,0.022,0,"12","MT1M"
"MGP1",0,2.99917826794561,0.679,0.033,0,"12","MGP"
"CAV11",0,2.96667674360581,0.862,0.052,0,"12","CAV1"
"SYPL11",0,2.90418644500425,0.705,0.238,0,"12","SYPL1"
"COL4A1",0,2.87988707523443,0.636,0.025,0,"12","COL4A1"
"APOE1",0,2.86657917071822,0.592,0.056,0,"12","APOE"
"HSPA1B1",0,2.81812898971358,0.685,0.109,0,"12","HSPA1B"
"COL4A21",0,2.81255663493937,0.697,0.025,0,"12","COL4A2"
"CPE",0,2.7856232846595,0.642,0.012,0,"12","CPE"
"SEPTIN71",0,2.78371600243437,0.709,0.062,0,"12","SEPTIN7"
"CRISPLD21",0,2.76425114789623,0.555,0.082,0,"12","CRISPLD2"
"CRYAB",0,2.68415893401242,0.69,0.036,0,"12","CRYAB"
"COL6A21",0,2.68302554520442,0.751,0.065,0,"12","COL6A2"
"LHFPL61",0,2.66729910309092,0.669,0.029,0,"12","LHFPL6"
"ATP1B3",0,2.59618196904753,0.666,0.323,0,"12","ATP1B3"
"DSTN1",0,2.57096895258166,0.874,0.434,0,"12","DSTN"
"PRKG1",0,2.55621758843868,0.513,0.014,0,"12","PRKG1"
"PRRX11",0,2.5262541716845,0.65,0.018,0,"12","PRRX1"
"NDUFA4L2",0,2.51597367613262,0.539,0.033,0,"12","NDUFA4L2"
"MAP1B1",0,2.50354349662133,0.714,0.026,0,"12","MAP1B"
"MT1E1",0,2.49831899260386,0.698,0.088,0,"12","MT1E"
"COL1A11",0,2.47917245848015,0.609,0.03,0,"12","COL1A1"
"COL1A21",0,2.42438809014168,0.641,0.029,0,"12","COL1A2"
"COL3A11",0,2.4098607963978,0.567,0.026,0,"12","COL3A1"
"EBF11",0,2.40871509523496,0.593,0.045,0,"12","EBF1"
"AC004086.1",0,2.40660919900095,0.514,0.036,0,"12","AC004086.1"
"IFITM31",0,2.38848118526805,0.918,0.285,0,"12","IFITM3"
"EPS8",0,2.38491827928483,0.705,0.045,0,"12","EPS8"
"SYNPO2",0,2.37371949364577,0.59,0.013,0,"12","SYNPO2"
"LPP1",0,2.36698926944538,0.752,0.242,0,"12","LPP"
"PLPP31",0,2.36029575533298,0.553,0.029,0,"12","PLPP3"
"SELENOM1",0,2.35771100694271,0.751,0.052,0,"12","SELENOM"
"SOD31",0,2.35524569496386,0.597,0.017,0,"12","SOD3"
"NR2F2",0,2.3535740357596,0.669,0.017,0,"12","NR2F2"
"DLC11",0,2.32408058103209,0.623,0.025,0,"12","DLC1"
"COL6A11",0,2.31362752705709,0.695,0.038,0,"12","COL6A1"
"NOTCH3",0,2.29240528682025,0.639,0.023,0,"12","NOTCH3"
"TIMP3",0,2.29050706291732,0.636,0.025,0,"12","TIMP3"
"HSPB11",0,2.28155534422955,0.884,0.3,0,"12","HSPB1"
"ADAMTS1",0,2.27271330280724,0.546,0.029,0,"12","ADAMTS1"
"H3-3B",0,2.25981787110099,0.516,0.036,0,"12","H3-3B"
"LMNA1",0,2.2433861500927,0.881,0.181,0,"12","LMNA"
"SOX5",0,2.23890576365081,0.545,0.016,0,"12","SOX5"
"SLIT31",0,2.21919079488311,0.555,0.018,0,"12","SLIT3"
"COL18A1",0,2.21212185960599,0.698,0.051,0,"12","COL18A1"
"MFGE81",0,2.1547985445191,0.728,0.058,0,"12","MFGE8"
"PDGFRB1",0,2.139228832792,0.589,0.02,0,"12","PDGFRB"
"EPAS1",0,2.11526471149754,0.681,0.044,0,"12","EPAS1"
"MYLK",0,2.10117782255817,0.585,0.017,0,"12","MYLK"
"JAG1",0,2.09542642276608,0.611,0.041,0,"12","JAG1"
"CAVIN11",0,2.07503063457699,0.739,0.047,0,"12","CAVIN1"
"ENAH",0,2.06147247859119,0.636,0.041,0,"12","ENAH"
"RBPMS",0,2.05128914429084,0.623,0.023,0,"12","RBPMS"
"PTPRG1",0,2.04721337560197,0.539,0.024,0,"12","PTPRG"
"AOPEP",0,2.0373292573469,0.579,0.039,0,"12","AOPEP"
"A2M",0,2.03091201967763,0.647,0.041,0,"12","A2M"
"GADD45B1",0,2.01978356839823,0.757,0.508,0,"12","GADD45B"
"RACK11",0,2.00560619742991,0.935,0.157,0,"12","RACK1"
"BGN1",0,2.00370984080923,0.561,0.018,0,"12","BGN"
"CAVIN31",0,1.9744491443868,0.679,0.035,0,"12","CAVIN3"
"PPP1R14A",0,1.95309721879893,0.516,0.026,0,"12","PPP1R14A"
"NR4A11",0,1.95097972140272,0.576,0.147,0,"12","NR4A1"
"CD591",0,1.9489788365174,0.783,0.144,0,"12","CD59"
"CD631",0,1.94202497812412,0.922,0.523,0,"12","CD63"
"PTMS1",0,1.94107113430561,0.833,0.176,0,"12","PTMS"
"GPM6B",0,1.93622964430407,0.545,0.03,0,"12","GPM6B"
"AXL1",0,1.93481822951536,0.51,0.017,0,"12","AXL"
"TINAGL1",0,1.93255757717352,0.583,0.012,0,"12","TINAGL1"
"PMP221",0,1.92905423030417,0.679,0.043,0,"12","PMP22"
"VIM3",0,1.92768679531814,0.988,0.831,0,"12","VIM"
"MTRNR2L121",0,1.92419196436727,0.684,0.319,0,"12","MTRNR2L12"
"ID31",0,1.92055991043873,0.63,0.095,0,"12","ID3"
"PLAC91",0,1.91817477381021,0.601,0.026,0,"12","PLAC9"
"CEBPD3",0,1.91524415557845,0.709,0.367,0,"12","CEBPD"
"CRIP11",0,1.90666629063063,0.738,0.367,0,"12","CRIP1"
"ESYT2",0,1.89267468451821,0.545,0.189,0,"12","ESYT2"
"CSRP1",0,1.88263990968268,0.622,0.126,0,"12","CSRP1"
"PTK2",0,1.87359423511337,0.654,0.063,0,"12","PTK2"
"ATF3",0,1.86971150888274,0.603,0.17,0,"12","ATF3"
"SELENOW1",0,1.86790406814707,0.788,0.103,0,"12","SELENOW"
"PDGFA",0,1.81628515236801,0.553,0.013,0,"12","PDGFA"
"ATP5MC21",0,1.79673555265233,0.823,0.121,0,"12","ATP5MC2"
"FRMD4A",0,1.79624670435012,0.52,0.028,0,"12","FRMD4A"
"CNN31",0,1.78710670199383,0.668,0.053,0,"12","CNN3"
"HES11",0,1.77782056376527,0.623,0.095,0,"12","HES1"
"MT1X1",0,1.77419696179549,0.589,0.194,0,"12","MT1X"
"INPP4B",0,1.76551925127641,0.625,0.123,0,"12","INPP4B"
"IGFBP41",0,1.73494023058375,0.571,0.044,0,"12","IGFBP4"
"MYO1B",0,1.72612565518555,0.544,0.032,0,"12","MYO1B"
"HES4",0,1.72191066427591,0.65,0.076,0,"12","HES4"
"TJP1",0,1.71780788454163,0.652,0.059,0,"12","TJP1"
"ELOB1",0,1.71630887623623,0.816,0.132,0,"12","ELOB"
"LGALS13",0,1.71548615832826,0.963,0.599,0,"12","LGALS1"
"ADCY3",0,1.71141010217581,0.503,0.03,0,"12","ADCY3"
"ZFHX3",0,1.7024153134494,0.581,0.147,0,"12","ZFHX3"
"AEBP11",0,1.67385953460691,0.65,0.028,0,"12","AEBP1"
"SH3PXD2A1",0,1.67370780583842,0.524,0.058,0,"12","SH3PXD2A"
"CD811",0,1.66359241813372,0.826,0.418,0,"12","CD81"
"NFIB1",0,1.65754723984284,0.592,0.043,0,"12","NFIB"
"CD91",0,1.65422794479111,0.734,0.113,0,"12","CD9"
"DST1",0,1.6525803896506,0.682,0.094,0,"12","DST"
"SOCS31",0,1.64013688208155,0.56,0.225,0,"12","SOCS3"
"TPM41",0,1.61596403914454,0.79,0.374,0,"12","TPM4"
"CDKN1A1",0,1.5967520758189,0.614,0.228,0,"12","CDKN1A"
"ASAP1",0,1.5950600619341,0.559,0.226,0,"12","ASAP1"
"SERPING11",0,1.58957026402261,0.574,0.045,0,"12","SERPING1"
"CRIM1",0,1.57875432226486,0.521,0.046,0,"12","CRIM1"
"TNS1",0,1.56405893824297,0.571,0.02,0,"12","TNS1"
"MGST31",0,1.5626013041389,0.811,0.362,0,"12","MGST3"
"CSRP2",0,1.55975182637072,0.526,0.036,0,"12","CSRP2"
"GPNMB1",0,1.55926335210527,0.519,0.058,0,"12","GPNMB"
"ATP5ME1",0,1.54230559355656,0.751,0.11,0,"12","ATP5ME"
"ITGA7",0,1.50877677041426,0.521,0.004,0,"12","ITGA7"
"GSN1",0,1.49253045968467,0.776,0.166,0,"12","GSN"
"ATP5MD1",0,1.48099345665398,0.747,0.121,0,"12","ATP5MD"
"MYC",0,1.48048608076468,0.52,0.131,0,"12","MYC"
"ATP5PF1",0,1.47215675569041,0.747,0.107,0,"12","ATP5PF"
"ROCK2",0,1.45288201370004,0.629,0.14,0,"12","ROCK2"
"ATP5F1D1",0,1.44871776432243,0.739,0.107,0,"12","ATP5F1D"
"LAMC11",0,1.44739573148833,0.55,0.033,0,"12","LAMC1"
"TGFB1I1",0,1.44500853895937,0.578,0.019,0,"12","TGFB1I1"
"PDLIM1",0,1.44009639926927,0.579,0.1,0,"12","PDLIM1"
"COX7A11",0,1.43975352926577,0.572,0.023,0,"12","COX7A1"
"ATP5MG1",0,1.43463894664375,0.807,0.141,0,"12","ATP5MG"
"EIF4A3",0,1.42453152482885,0.538,0.204,0,"12","EIF4A3"
"YBX32",0,1.42266901469935,0.798,0.37,0,"12","YBX3"
"CLIC41",0,1.41792916105684,0.624,0.091,0,"12","CLIC4"
"C1QTNF1",0,1.41457539247739,0.528,0.01,0,"12","C1QTNF1"
"CD151",0,1.41234733400848,0.636,0.132,0,"12","CD151"
"TANC1",0,1.40242553583078,0.505,0.034,0,"12","TANC1"
"RPL171",0,1.40163761774205,0.919,0.614,0,"12","RPL17"
"RAB131",0,1.39580235262326,0.651,0.097,0,"12","RAB13"
"HIP1",0,1.39206174430381,0.522,0.081,0,"12","HIP1"
"PALLD",0,1.38985642809007,0.5,0.073,0,"12","PALLD"
"LBH",0,1.38816190025435,0.614,0.283,0,"12","LBH"
"ZFP36L12",0,1.37066509826112,0.802,0.534,0,"12","ZFP36L1"
"EFHD1",0,1.36691137030689,0.506,0.005,0,"12","EFHD1"
"SERPINH11",0,1.36218463555322,0.526,0.039,0,"12","SERPINH1"
"RBFOX21",0,1.36200527318798,0.549,0.037,0,"12","RBFOX2"
"SORBS3",0,1.3461448624038,0.6,0.072,0,"12","SORBS3"
"NOP531",0,1.34563055980584,0.754,0.12,0,"12","NOP53"
"ATP5F1B1",0,1.34516919770849,0.689,0.096,0,"12","ATP5F1B"
"ZBTB201",0,1.34137887817115,0.656,0.162,0,"12","ZBTB20"
"KLF91",0,1.33845486999134,0.634,0.189,0,"12","KLF9"
"LAPTM4A1",0,1.33844730477674,0.789,0.365,0,"12","LAPTM4A"
"SELENOK1",0,1.33569955473973,0.652,0.097,0,"12","SELENOK"
"ARHGAP10",0,1.33278429935657,0.524,0.077,0,"12","ARHGAP10"
"CYB5R31",0,1.33005482573017,0.662,0.182,0,"12","CYB5R3"
"PLS3",0,1.32870482861362,0.595,0.057,0,"12","PLS3"
"PPP1R12B",0,1.32529935175558,0.546,0.073,0,"12","PPP1R12B"
"ATP5MC31",0,1.32334805833439,0.688,0.097,0,"12","ATP5MC3"
"SERPINF11",0,1.31792765040225,0.506,0.054,0,"12","SERPINF1"
"DNAJB11",0,1.30866050200102,0.667,0.405,0,"12","DNAJB1"
"CTNNA11",0,1.30524701293002,0.667,0.2,0,"12","CTNNA1"
"STOM1",0,1.30307251163077,0.654,0.185,0,"12","STOM"
"KANK2",0,1.30144825241116,0.54,0.015,0,"12","KANK2"
"MAP3K20",0,1.29766966866127,0.563,0.045,0,"12","MAP3K20"
"TIMP22",0,1.28264837207168,0.681,0.219,0,"12","TIMP2"
"TCF41",0,1.28139596632311,0.597,0.14,0,"12","TCF4"
"PAWR",0,1.27936697435879,0.525,0.055,0,"12","PAWR"
"RHOB1",0,1.27875221561141,0.606,0.265,0,"12","RHOB"
"CAV2",0,1.26486958076365,0.576,0.032,0,"12","CAV2"
"ATP5F1E1",0,1.26417337361984,0.774,0.153,0,"12","ATP5F1E"
"ACTN1",0,1.26286606265349,0.579,0.186,0,"12","ACTN1"
"MPRIP",0,1.2597040501823,0.625,0.18,0,"12","MPRIP"
"ARID5B1",0,1.25073212694358,0.697,0.263,0,"12","ARID5B"
"NFIA1",0,1.25044728009278,0.566,0.088,0,"12","NFIA"
"SSBP2",0,1.24747298765359,0.522,0.127,0,"12","SSBP2"
"FERMT2",0,1.24324579903881,0.526,0.02,0,"12","FERMT2"
"ARHGEF7",0,1.23651679232326,0.543,0.103,0,"12","ARHGEF7"
"UBA2",0,1.23647724144619,0.678,0.241,0,"12","UBA2"
"MIF1",0,1.23411453700621,0.75,0.353,0,"12","MIF"
"ATP5PO1",0,1.23050712142987,0.679,0.092,0,"12","ATP5PO"
"ATP5F1A1",0,1.22907846558141,0.661,0.084,0,"12","ATP5F1A"
"NUPR11",0,1.22868706151082,0.661,0.077,0,"12","NUPR1"
"SEPTIN21",0,1.22624981091645,0.524,0.046,0,"12","SEPTIN2"
"CRIP2",0,1.21367114181904,0.584,0.081,0,"12","CRIP2"
"TCEAL91",0,1.21118935620898,0.556,0.047,0,"12","TCEAL9"
"ARIH1",0,1.20963561287526,0.552,0.23,0,"12","ARIH1"
"PPP1R12A",0,1.2088550069056,0.721,0.394,0,"12","PPP1R12A"
"SEM11",0,1.20863318606361,0.715,0.115,0,"12","SEM1"
"FNDC3B1",0,1.20770678685851,0.532,0.172,0,"12","FNDC3B"
"ANXA22",0,1.20666957053143,0.845,0.517,0,"12","ANXA2"
"ATP5MPL1",0,1.19889920055078,0.674,0.116,0,"12","ATP5MPL"
"LGALS32",0,1.19827753268431,0.826,0.391,0,"12","LGALS3"
"CREM",0,1.19742132590735,0.528,0.147,0,"12","CREM"
"CYSTM1",0,1.19616817880546,0.631,0.108,0,"12","CYSTM1"
"TIMP12",0,1.1858784295254,0.691,0.405,0,"12","TIMP1"
"FOXO3",0,1.18575779755563,0.548,0.184,0,"12","FOXO3"
"NBEAL1",0,1.17181031531352,0.56,0.18,0,"12","NBEAL1"
"MICOS101",0,1.16560961902811,0.52,0.053,0,"12","MICOS10"
"EMP11",0,1.15966269621923,0.507,0.087,0,"12","EMP1"
"VCL",0,1.15951166917028,0.623,0.225,0,"12","VCL"
"TCEAL41",0,1.15676598599023,0.598,0.148,0,"12","TCEAL4"
"ATP5F1C1",0,1.1539186744216,0.623,0.078,0,"12","ATP5F1C"
"YAP1",0,1.13237841888728,0.507,0.043,0,"12","YAP1"
"ATP5MF1",0,1.1273232521656,0.621,0.108,0,"12","ATP5MF"
"ATP5PD1",0,1.12652920152135,0.624,0.089,0,"12","ATP5PD"
"ATP5IF11",0,1.11401717414306,0.634,0.1,0,"12","ATP5IF1"
"TACC11",0,1.11186145639232,0.679,0.288,0,"12","TACC1"
"ZFAND3",0,1.0946305527727,0.54,0.177,0,"12","ZFAND3"
"HCFC1R1",0,1.0928821553675,0.558,0.136,0,"12","HCFC1R1"
"TRIR1",0,1.08819420589672,0.678,0.118,0,"12","TRIR"
"CTTN1",0,1.08502884008096,0.54,0.059,0,"12","CTTN"
"LIMA11",0,1.08311553596241,0.545,0.101,0,"12","LIMA1"
"HSP90AA11",0,1.0800162023804,0.92,0.851,0,"12","HSP90AA1"
"PEBP11",0,1.07976425367399,0.778,0.428,0,"12","PEBP1"
"ARID1B1",0,1.07793732577521,0.629,0.21,0,"12","ARID1B"
"ACTN4",0,1.07626579664264,0.704,0.344,0,"12","ACTN4"
"MAP41",0,1.07249548624594,0.657,0.228,0,"12","MAP4"
"MGLL",0,1.06757381732211,0.506,0.069,0,"12","MGLL"
"COPS91",0,1.05931638660649,0.611,0.099,0,"12","COPS9"
"LDHA1",0,1.05837160053912,0.819,0.54,0,"12","LDHA"
"MEF2C1",0,1.05324943527471,0.67,0.26,0,"12","MEF2C"
"REV3L1",0,1.05218877208776,0.504,0.154,0,"12","REV3L"
"SPATS2L1",0,1.04325680695319,0.528,0.084,0,"12","SPATS2L"
"RTRAF1",0,1.04272170981229,0.602,0.085,0,"12","RTRAF"
"SPTBN11",0,1.03799755178069,0.597,0.194,0,"12","SPTBN1"
"RNASEK1",0,1.03177786190009,0.615,0.173,0,"12","RNASEK"
"PHLDA2",0,1.02506883339831,0.534,0.1,0,"12","PHLDA2"
"ATXN1",0,1.02439602266722,0.541,0.187,0,"12","ATXN1"
"RRAS",0,1.01751005544503,0.543,0.141,0,"12","RRAS"
"SELENOS1",0,1.01549780135592,0.522,0.07,0,"12","SELENOS"
"MYO1C",0,1.01539985685755,0.523,0.062,0,"12","MYO1C"
"ANXA53",0,1.00592785504452,0.802,0.455,0,"12","ANXA5"
"CALU1",0,0.998032340462865,0.553,0.135,0,"12","CALU"
"GNG12",0,0.997215985998333,0.515,0.049,0,"12","GNG12"
"PKIG",0,0.98765612939967,0.52,0.055,0,"12","PKIG"
"MYL6",0,0.974557500156003,0.948,0.893,0,"12","MYL6"
"AKT3",0,0.972487230644092,0.559,0.118,0,"12","AKT3"
"PDLIM5",0,0.960233706570677,0.515,0.172,0,"12","PDLIM5"
"OSBPL1A",0,0.95189927673219,0.501,0.067,0,"12","OSBPL1A"
"ATP5MC11",0,0.951328330833343,0.527,0.07,0,"12","ATP5MC1"
"RPS27L1",0,0.944400814918878,0.73,0.48,0,"12","RPS27L"
"HSPD11",0,0.937437886769245,0.67,0.366,0,"12","HSPD1"
"ARHGEF12",0,0.933182160639315,0.504,0.077,0,"12","ARHGEF12"
"MT-ND61",0,0.930198314866596,0.612,0.325,0,"12","MT-ND6"
"PRDX11",0,0.928082080395204,0.79,0.451,0,"12","PRDX1"
"ATP2A2",0,0.922495605459443,0.525,0.173,0,"12","ATP2A2"
"NCKAP1",0,0.917079236088141,0.509,0.055,0,"12","NCKAP1"
"STAG11",0,0.915228521910652,0.534,0.186,0,"12","STAG1"
"ASXL1",0,0.912143660520789,0.524,0.2,0,"12","ASXL1"
"CAMTA1",0,0.906965235022883,0.662,0.255,0,"12","CAMTA1"
"ATP2B4",0,0.897605917014754,0.571,0.206,0,"12","ATP2B4"
"DYNLL11",0,0.887477912766459,0.837,0.509,0,"12","DYNLL1"
"PICALM1",0,0.886780430018584,0.63,0.302,0,"12","PICALM"
"PTEN1",0,0.883355678496569,0.667,0.351,0,"12","PTEN"
"CTBP2",0,0.879178753118161,0.505,0.159,0,"12","CTBP2"
"ANKRD101",0,0.876963822837314,0.558,0.2,0,"12","ANKRD10"
"ARPC1A",0,0.872518838375392,0.55,0.164,0,"12","ARPC1A"
"OAT",0,0.87144708465188,0.544,0.146,0,"12","OAT"
"ILK",0,0.860566094493351,0.561,0.175,0,"12","ILK"
"SELENOF1",0,0.851971013534425,0.518,0.071,0,"12","SELENOF"
"MAGED2",0,0.850799215167368,0.522,0.12,0,"12","MAGED2"
"NSD3",0,0.849779768533731,0.505,0.064,0,"12","NSD3"
"ARL21",0,0.848861543772349,0.549,0.172,0,"12","ARL2"
"OAZ2",0,0.845670808813752,0.564,0.196,0,"12","OAZ2"
"SPAG91",0,0.842571172647485,0.598,0.285,0,"12","SPAG9"
"ITGB1",0,0.842196943714648,0.81,0.491,0,"12","ITGB1"
"MORF4L21",0,0.8318347566666,0.602,0.21,0,"12","MORF4L2"
"ZEB21",0,0.831118182452099,0.763,0.443,0,"12","ZEB2"
"NFIC1",0,0.830757645405925,0.603,0.193,0,"12","NFIC"
"ATP5PB",0,0.830468539240372,0.521,0.074,0,"12","ATP5PB"
"CBX6",0,0.813732858512251,0.541,0.19,0,"12","CBX6"
"ATP1A1",0,0.786141075792602,0.633,0.327,0,"12","ATP1A1"
"PHPT11",0,0.78381035745739,0.625,0.319,0,"12","PHPT1"
"APP1",0,0.781955537032293,0.568,0.176,0,"12","APP"
"HSPE11",0,0.781319161511642,0.693,0.408,0,"12","HSPE1"
"SLC38A2",0,0.774382145927846,0.701,0.424,0,"12","SLC38A2"
"PPP2CB",0,0.76988146869977,0.528,0.133,0,"12","PPP2CB"
"MED13L1",0,0.766906063769047,0.571,0.299,0,"12","MED13L"
"LMO41",0,0.7659791842153,0.57,0.243,0,"12","LMO4"
"BSG",0,0.764694718429385,0.643,0.348,0,"12","BSG"
"AFF41",0,0.763988525493541,0.546,0.257,0,"12","AFF4"
"CTNNB1",0,0.756868733735699,0.613,0.316,0,"12","CTNNB1"
"NFE2L21",0,0.752075890590583,0.638,0.312,0,"12","NFE2L2"
"EID11",0,0.746417940093443,0.778,0.525,0,"12","EID1"
"NUDT4",0,0.734448837219188,0.531,0.207,0,"12","NUDT4"
"NDUFA131",0,0.734073593892238,0.765,0.505,0,"12","NDUFA13"
"UBE2H",0,0.729117397398858,0.55,0.219,0,"12","UBE2H"
"DPYSL23",0,0.722922279296715,0.588,0.265,0,"12","DPYSL2"
"YWHAH",0,0.711658129591582,0.582,0.268,0,"12","YWHAH"
"SLC25A31",0,0.70825842094611,0.817,0.62,0,"12","SLC25A3"
"UBR5",0,0.707400220201654,0.502,0.214,0,"12","UBR5"
"TUBA1C",0,0.699845577638089,0.523,0.182,0,"12","TUBA1C"
"ELOC",0,0.697153434928092,0.578,0.1,0,"12","ELOC"
"MEF2A1",0,0.69224700465756,0.508,0.25,0,"12","MEF2A"
"RSU1",0,0.68279057782457,0.509,0.177,0,"12","RSU1"
"TMEM1651",0,0.66918334421149,0.574,0.289,0,"12","TMEM165"
"RHOC",0,0.654654210150268,0.595,0.216,0,"12","RHOC"
"YWHAQ1",0,0.653607953280209,0.713,0.397,0,"12","YWHAQ"
"S100A63",0,0.653434573533846,0.967,0.895,0,"12","S100A6"
"TMEM14C2",0,0.652687127246418,0.592,0.248,0,"12","TMEM14C"
"CALM2",0,0.651877744929079,0.881,0.701,0,"12","CALM2"
"NENF1",0,0.64624485586158,0.564,0.229,0,"12","NENF"
"AHCYL1",0,0.645959910376675,0.535,0.215,0,"12","AHCYL1"
"PPP6R3",0,0.645815722194165,0.504,0.211,0,"12","PPP6R3"
"MRFAP1",0,0.645682568929378,0.655,0.335,0,"12","MRFAP1"
"YWHAE1",0,0.64216280459261,0.73,0.426,0,"12","YWHAE"
"ESD1",0,0.631588732595367,0.593,0.266,0,"12","ESD"
"RAB1A1",0,0.626087033937425,0.587,0.251,0,"12","RAB1A"
"CHCHD10",0,0.623328951612083,0.65,0.367,0,"12","CHCHD10"
"UGP21",0,0.623323810162329,0.578,0.266,0,"12","UGP2"
"SBDS",0,0.612429088617924,0.681,0.362,0,"12","SBDS"
"MKLN1",0,0.578693239348444,0.504,0.202,0,"12","MKLN1"
"ACTG11",0,0.572893192681337,0.952,0.899,0,"12","ACTG1"
"HDLBP1",0,0.556196197183454,0.528,0.234,0,"12","HDLBP"
"OPTN",0,0.54816221840453,0.578,0.247,0,"12","OPTN"
"SLIRP",0,0.546238561022478,0.578,0.292,0,"12","SLIRP"
"GADD45A1",0,0.542418682714576,0.511,0.161,0,"12","GADD45A"
"TCP1",0,0.51580267387556,0.566,0.262,0,"12","TCP1"
"NDUFV1",0,0.505999615338977,0.522,0.209,0,"12","NDUFV1"
"ARF41",0,0.505182252091371,0.572,0.266,0,"12","ARF4"
"MYH9",1.69879015445272e-299,0.847646364623543,0.733,0.514,4.78871956638676e-295,"12","MYH9"
"GNAS",4.01600044549451e-298,0.704020776530816,0.828,0.739,1.13207036558045e-293,"12","GNAS"
"WSB11",6.98682742549842e-297,0.768818416376309,0.699,0.444,1.96951678297375e-292,"12","WSB1"
"FLNA1",2.41663944367871e-293,0.989607271151867,0.754,0.545,6.81226492778592e-289,"12","FLNA"
"ATOX1",1.56617566610005e-289,0.701649288359616,0.573,0.31,4.41489258516943e-285,"12","ATOX1"
"UBB",4.27324643473127e-289,0.702360041210293,0.885,0.78,1.2045854374864e-284,"12","UBB"
"C12orf571",1.56063295844683e-278,0.55990376093968,0.818,0.591,4.39926824656578e-274,"12","C12orf57"
"RAB2A1",6.37470339313259e-274,0.583249464834551,0.658,0.392,1.79696513949015e-269,"12","RAB2A"
"NUCKS11",2.67369678265398e-272,0.664998688563438,0.765,0.508,7.5368838606233e-268,"12","NUCKS1"
"RABAC11",7.76130890306357e-269,0.622358152312342,0.716,0.466,2.18783536668459e-264,"12","RABAC1"
"SOD1",6.57079472879446e-268,0.597447730624761,0.77,0.546,1.85224132609987e-263,"12","SOD1"
"VMP12",3.37270345015272e-262,0.791955551328769,0.668,0.415,9.5073137556355e-258,"12","VMP1"
"SEC31A1",4.0287534925288e-256,0.519463136956084,0.54,0.29,1.13566532200894e-251,"12","SEC31A"
"RTN41",8.16249279679713e-254,0.546644245656856,0.731,0.477,2.30092509448914e-249,"12","RTN4"
"NDUFB4",5.2974372525239e-250,0.621680253724573,0.706,0.463,1.49329458711396e-245,"12","NDUFB4"
"RAB7A",3.67117410104611e-247,0.5101592094762,0.652,0.404,1.03486726734389e-242,"12","RAB7A"
"NAMPT2",1.10229892479908e-245,0.864646579934473,0.66,0.405,3.10727043911613e-241,"12","NAMPT"
"QKI2",1.67729652107954e-245,0.791748828097396,0.639,0.4,4.72813116327112e-241,"12","QKI"
"IER32",4.55947356358175e-243,0.985070810706945,0.528,0.285,1.28527000283806e-238,"12","IER3"
"CLTA",3.88460649549353e-242,0.502021842704856,0.656,0.389,1.09503172501467e-237,"12","CLTA"
"IFI161",1.04124173099514e-236,0.676298475930004,0.698,0.458,2.93515631550221e-232,"12","IFI16"
"STAT31",2.54294362448013e-234,0.765920406177255,0.621,0.394,7.16830378304703e-230,"12","STAT3"
"SLC3A2",1.72401388378566e-224,0.744389579712348,0.517,0.289,4.8598227370034e-220,"12","SLC3A2"
"NDUFA4",4.84218566295062e-224,0.85686438741386,0.783,0.703,1.36496371652915e-219,"12","NDUFA4"
"MAP4K4",6.6232501536313e-223,0.627302273297841,0.538,0.312,1.86702798580713e-218,"12","MAP4K4"
"NDUFB7",5.60878959695885e-220,0.567505067307141,0.708,0.484,1.58106169948673e-215,"12","NDUFB7"
"SQSTM11",6.96063976566365e-220,0.732801504538354,0.658,0.432,1.96213474354293e-215,"12","SQSTM1"
"EIF4A11",1.63119315145181e-219,0.603512654893487,0.705,0.442,4.59817037462752e-215,"12","EIF4A1"
"ELF21",1.44503715513587e-213,0.555520900191881,0.51,0.286,4.0734152366125e-209,"12","ELF2"
"UQCRQ",1.20086280972782e-201,0.558453412123249,0.708,0.488,3.38511217434174e-197,"12","UQCRQ"
"GSTP12",1.63048429168525e-185,0.642580631416585,0.849,0.637,4.59617216983155e-181,"12","GSTP1"
"COX6A1",4.87775956753428e-184,0.532730342647828,0.772,0.596,1.37499164449224e-179,"12","COX6A1"
"TMEM591",1.58831949917211e-178,0.511809281003225,0.716,0.509,4.47731383621626e-174,"12","TMEM59"
"SLC2A32",1.73463938604202e-170,0.973672827612432,0.538,0.349,4.88977496531385e-166,"12","SLC2A3"
"VAMP5",8.06004116191338e-170,0.503456075021934,0.544,0.322,2.27204500313176e-165,"12","VAMP5"
"IFRD1",9.80481718479424e-169,0.628568131291108,0.511,0.315,2.76387991622165e-164,"12","IFRD1"
"TUBB1",8.08014891656203e-135,0.541120148054966,0.54,0.336,2.27771317808967e-130,"12","TUBB"
"PPP1R15A",3.90588931954837e-124,0.723793903590083,0.767,0.636,1.10103114028749e-119,"12","PPP1R15A"
"CD442",7.22395331024107e-124,0.694108476370087,0.746,0.641,2.03636019862386e-119,"12","CD44"
"TTC31",1.00594762390038e-109,0.502499140444162,0.6,0.412,2.83566575701279e-105,"12","TTC3"
"CYCS",2.76469605649333e-92,1.07572728516998,0.577,0.442,7.79340171364906e-88,"12","CYCS"
"ZFP362",8.07329723569217e-52,0.812006100615074,0.676,0.615,2.27578175776927e-47,"12","ZFP36"
"TXN2",0,4.81179018133717,0.987,0.476,0,"13","TXN"
"CCL22",0,4.13875855035713,0.831,0.02,0,"13","CCL22"
"BIRC3",0,3.50886759524159,0.96,0.251,0,"13","BIRC3"
"IDO1",0,3.37116818408543,0.903,0.011,0,"13","IDO1"
"FSCN1",0,3.20303927076685,0.934,0.06,0,"13","FSCN1"
"ATP5F1E2",0,3.19182081318907,0.986,0.152,0,"13","ATP5F1E"
"MARCKSL1",0,3.12324626927649,0.958,0.227,0,"13","MARCKSL1"
"HLA-DPB11",0,3.04676881332858,0.997,0.521,0,"13","HLA-DPB1"
"RAMP1",0,3.02334419719913,0.883,0.036,0,"13","RAMP1"
"CD742",0,2.8246051625334,1,0.682,0,"13","CD74"
"CCR7",0,2.80297088753436,0.916,0.148,0,"13","CCR7"
"VMO1",0,2.76696697586431,0.786,0.026,0,"13","VMO1"
"GPX41",0,2.6124761740296,0.977,0.62,0,"13","GPX4"
"CSF2RA",0,2.5095436113914,0.918,0.1,0,"13","CSF2RA"
"LAMP3",0,2.50005097979073,0.911,0.014,0,"13","LAMP3"
"CRIP12",0,2.4948171990649,0.958,0.365,0,"13","CRIP1"
"AC020656.1",0,2.45742615651152,0.642,0.013,0,"13","AC020656.1"
"FTH12",0,2.44036198755338,1,0.962,0,"13","FTH1"
"HLA-DQA11",0,2.37990890704592,0.977,0.239,0,"13","HLA-DQA1"
"HLA-DPA11",0,2.31250042277472,0.994,0.497,0,"13","HLA-DPA1"
"HLA-DRA2",0,2.28863370381246,0.999,0.552,0,"13","HLA-DRA"
"RPS27L2",0,2.28799290595325,0.957,0.478,0,"13","RPS27L"
"RAB9A",0,2.24083348755292,0.9,0.145,0,"13","RAB9A"
"BASP11",0,2.23324782562206,0.921,0.15,0,"13","BASP1"
"RACK12",0,2.22373686911943,0.982,0.159,0,"13","RACK1"
"DUSP5",0,2.21883532865183,0.878,0.097,0,"13","DUSP5"
"HLA-DQA2",0,2.18695016390049,0.683,0.071,0,"13","HLA-DQA2"
"SEC61B",0,2.17746368674844,0.972,0.564,0,"13","SEC61B"
"NCCRP1",0,2.16277539771134,0.789,0.027,0,"13","NCCRP1"
"ATP5MG2",0,2.13913530639073,0.971,0.141,0,"13","ATP5MG"
"MAP3K13",0,2.12182817684171,0.883,0.132,0,"13","MAP3K13"
"S100B",0,2.1150836746094,0.597,0.041,0,"13","S100B"
"SAMSN1",0,2.10481301461419,0.909,0.196,0,"13","SAMSN1"
"HLA-DQB11",0,2.07805506714897,0.971,0.363,0,"13","HLA-DQB1"
"HLA-DRB12",0,2.07439971432966,0.989,0.502,0,"13","HLA-DRB1"
"H2AFZ",0,2.06596839953774,0.96,0.508,0,"13","H2AFZ"
"RAC12",0,2.06474845938456,0.969,0.576,0,"13","RAC1"
"TMSB4X",0,2.05641524044238,1,0.992,0,"13","TMSB4X"
"SYNGR21",0,2.03231836630977,0.938,0.261,0,"13","SYNGR2"
"GPR157",0,2.02730184178336,0.875,0.028,0,"13","GPR157"
"ATOX11",0,1.99501980547263,0.944,0.307,0,"13","ATOX1"
"CD83",0,1.95446581430457,0.925,0.194,0,"13","CD83"
"TMEM176A",0,1.95268000012649,0.82,0.109,0,"13","TMEM176A"
"AOC1",0,1.94513986126549,0.657,0.004,0,"13","AOC1"
"GSTP13",0,1.90286218430328,0.982,0.636,0,"13","GSTP1"
"CXCL16",0,1.88896557476569,0.869,0.114,0,"13","CXCL16"
"LGALS14",0,1.88590931174218,0.992,0.6,0,"13","LGALS1"
"JPT1",0,1.87353966362208,0.901,0.083,0,"13","JPT1"
"ATP5MC22",0,1.84498944727141,0.956,0.122,0,"13","ATP5MC2"
"ATP5MD2",0,1.84357956367111,0.94,0.121,0,"13","ATP5MD"
"MTRNR2L8",0,1.83729237816312,0.896,0.25,0,"13","MTRNR2L8"
"ELOB2",0,1.80444762024318,0.949,0.133,0,"13","ELOB"
"LAD1",0,1.7779439044371,0.855,0.035,0,"13","LAD1"
"MTRNR2L10",0,1.76709151439309,0.85,0.053,0,"13","MTRNR2L10"
"MARCKS2",0,1.72852119532581,0.933,0.308,0,"13","MARCKS"
"PFN1",0,1.71944876754788,0.992,0.885,0,"13","PFN1"
"SQSTM12",0,1.71939602837048,0.933,0.43,0,"13","SQSTM1"
"NUB1",0,1.70005164312902,0.913,0.317,0,"13","NUB1"
"ISCU",0,1.68652381943919,0.924,0.401,0,"13","ISCU"
"NRP2",0,1.68333922296788,0.819,0.028,0,"13","NRP2"
"APOC1",0,1.68186693529179,0.756,0.018,0,"13","APOC1"
"PTMS2",0,1.6652351977065,0.923,0.177,0,"13","PTMS"
"PLA2G16",0,1.65749784649005,0.739,0.108,0,"13","PLA2G16"
"NOP532",0,1.65721678265116,0.927,0.121,0,"13","NOP53"
"MYL61",0,1.64036936299992,0.995,0.893,0,"13","MYL6"
"ATP5MF2",0,1.62366537676649,0.93,0.106,0,"13","ATP5MF"
"ITM2C",0,1.59202197050463,0.627,0.074,0,"13","ITM2C"
"TUBA1B1",0,1.56794944746468,0.924,0.487,0,"13","TUBA1B"
"ID22",0,1.56159768345917,0.968,0.537,0,"13","ID2"
"TRIR2",0,1.56127616517334,0.925,0.117,0,"13","TRIR"
"NABP1",0,1.55768707687011,0.854,0.203,0,"13","NABP1"
"CDKN1A2",0,1.55633131658071,0.912,0.226,0,"13","CDKN1A"
"GADD45A2",0,1.5530196109973,0.873,0.158,0,"13","GADD45A"
"GSN2",0,1.54978162833383,0.897,0.166,0,"13","GSN"
"GABARAPL2",0,1.52041733246384,0.948,0.439,0,"13","GABARAPL2"
"CSTB",0,1.50429035557726,0.962,0.509,0,"13","CSTB"
"GRSF1",0,1.50416381787977,0.881,0.202,0,"13","GRSF1"
"ATP5ME2",0,1.4767566301185,0.923,0.11,0,"13","ATP5ME"
"FTL1",0,1.46929595976795,0.995,0.975,0,"13","FTL"
"LSP12",0,1.4641274441477,0.966,0.58,0,"13","LSP1"
"ATP5MPL2",0,1.45860970671267,0.921,0.115,0,"13","ATP5MPL"
"TMSB101",0,1.45528877965939,0.999,0.989,0,"13","TMSB10"
"STMP1",0,1.44803920017515,0.837,0.049,0,"13","STMP1"
"RGS11",0,1.44276531583991,0.83,0.142,0,"13","RGS1"
"PPA12",0,1.43352105709211,0.852,0.362,0,"13","PPA1"
"CST7",0,1.41418767055918,0.909,0.279,0,"13","CST7"
"POGLUT1",0,1.41305558310596,0.824,0.08,0,"13","POGLUT1"
"DAPP1",0,1.41085826855763,0.901,0.192,0,"13","DAPP1"
"SERPINF12",0,1.40880342749433,0.799,0.052,0,"13","SERPINF1"
"SLC7A11",0,1.40623349202168,0.694,0.013,0,"13","SLC7A11"
"TMEM176B1",0,1.39911336798242,0.783,0.14,0,"13","TMEM176B"
"SINHCAF",0,1.37806429949342,0.815,0.035,0,"13","SINHCAF"
"ALDH22",0,1.37718171677394,0.879,0.222,0,"13","ALDH2"
"MALT1",0,1.3580984699429,0.822,0.228,0,"13","MALT1"
"SAT12",0,1.34598633077599,0.989,0.713,0,"13","SAT1"
"PTGIR",0,1.34341402818502,0.783,0.05,0,"13","PTGIR"
"AC009501.1",0,1.33834656906106,0.588,0.022,0,"13","AC009501.1"
"HMGN3",0,1.33768008448173,0.909,0.383,0,"13","HMGN3"
"TMEM14C3",0,1.33504854315824,0.882,0.246,0,"13","TMEM14C"
"PPDPF",0,1.31385899630518,0.928,0.644,0,"13","PPDPF"
"UBE2F",0,1.309333429306,0.85,0.186,0,"13","UBE2F"
"HLA-DRB51",0,1.30541596666695,0.803,0.234,0,"13","HLA-DRB5"
"TSPAN33",0,1.30117491811705,0.758,0.044,0,"13","TSPAN33"
"IL4I1",0,1.30112278749336,0.655,0.015,0,"13","IL4I1"
"TNFSF13B2",0,1.29848038828124,0.774,0.237,0,"13","TNFSF13B"
"REPIN1",0,1.29103487480443,0.83,0.106,0,"13","REPIN1"
"KYNU",0,1.28757887377332,0.813,0.116,0,"13","KYNU"
"BID1",0,1.28591310951154,0.811,0.24,0,"13","BID"
"MGLL1",0,1.28251983771544,0.753,0.068,0,"13","MGLL"
"RFTN1",0,1.28075164186584,0.851,0.119,0,"13","RFTN1"
"GNG51",0,1.27898251440069,0.953,0.514,0,"13","GNG5"
"PEA151",0,1.26699343311406,0.861,0.155,0,"13","PEA15"
"NR4A3",0,1.24696300226508,0.713,0.033,0,"13","NR4A3"
"REL",0,1.24399499015381,0.928,0.414,0,"13","REL"
"RELB",0,1.2399675804295,0.85,0.119,0,"13","RELB"
"SELENOT",0,1.23466541486411,0.84,0.063,0,"13","SELENOT"
"COPS92",0,1.23114564355176,0.877,0.098,0,"13","COPS9"
"DBI",0,1.2207892838375,0.959,0.558,0,"13","DBI"
"CFL11",0,1.21417397119357,0.984,0.866,0,"13","CFL1"
"TYMP1",0,1.2093476706203,0.966,0.438,0,"13","TYMP"
"RAB132",0,1.20611997698726,0.788,0.098,0,"13","RAB13"
"DUSP4",0,1.20583003051774,0.621,0.029,0,"13","DUSP4"
"VOPP1",0,1.20389401931265,0.856,0.169,0,"13","VOPP1"
"ATP5F1D2",0,1.19079537798724,0.896,0.107,0,"13","ATP5F1D"
"SOCS1",0,1.18186285230387,0.701,0.101,0,"13","SOCS1"
"IRF4",0,1.17519292759532,0.718,0.037,0,"13","IRF4"
"SELENOW2",0,1.17471109384086,0.854,0.105,0,"13","SELENOW"
"AC008105.3",0,1.17331300911612,0.724,0.01,0,"13","AC008105.3"
"HINT11",0,1.17167060738108,0.98,0.794,0,"13","HINT1"
"LY75",0,1.16672377686843,0.75,0.06,0,"13","LY75"
"RHOC1",0,1.16242417505134,0.877,0.214,0,"13","RHOC"
"OPN3",0,1.15435561130225,0.645,0.083,0,"13","OPN3"
"TRAF1",0,1.14796555189765,0.756,0.055,0,"13","TRAF1"
"CTSZ2",0,1.14169333979219,0.921,0.345,0,"13","CTSZ"
"GRINA1",0,1.13933936180351,0.863,0.213,0,"13","GRINA"
"MTRNR2L122",0,1.13736389198385,0.912,0.318,0,"13","MTRNR2L12"
"SELENOS2",0,1.13306384663405,0.783,0.068,0,"13","SELENOS"
"PLEKHA5",0,1.12745919837163,0.529,0.06,0,"13","PLEKHA5"
"MTRNR2L1",0,1.12701789648828,0.612,0.053,0,"13","MTRNR2L1"
"IL13RA11",0,1.12688757133772,0.829,0.15,0,"13","IL13RA1"
"GRAMD1A",0,1.11294394138198,0.764,0.137,0,"13","GRAMD1A"
"SPRR2G",0,1.11026255703846,0.843,0.058,0,"13","SPRR2G"
"TUBB2",0,1.10860502189095,0.894,0.332,0,"13","TUBB"
"ETV3",0,1.10580371505862,0.799,0.104,0,"13","ETV3"
"ATP5PF2",0,1.10543431523603,0.877,0.107,0,"13","ATP5PF"
"TALDO11",0,1.10093678778473,0.903,0.453,0,"13","TALDO1"
"ACTB2",0,1.09682893943649,0.999,0.976,0,"13","ACTB"
"B2M",0,1.09593873419308,1,0.998,0,"13","B2M"
"OSTF1",0,1.09043823180011,0.892,0.362,0,"13","OSTF1"
"RNF145",0,1.08982826349705,0.865,0.222,0,"13","RNF145"
"NFKB1",0,1.07923845039441,0.863,0.251,0,"13","NFKB1"
"PKM1",0,1.07835869280777,0.936,0.483,0,"13","PKM"
"ATP5PO2",0,1.07481025474407,0.857,0.092,0,"13","ATP5PO"
"UBL5",0,1.06447429348126,0.963,0.705,0,"13","UBL5"
"COX17",0,1.06311439033347,0.89,0.331,0,"13","COX17"
"ATF5",0,1.05994808059123,0.687,0.084,0,"13","ATF5"
"TBC1D4",0,1.0576967316238,0.74,0.102,0,"13","TBC1D4"
"SEM12",0,1.04101993679644,0.883,0.115,0,"13","SEM1"
"ANXA23",0,1.04015139699007,0.964,0.516,0,"13","ANXA2"
"TRIP10",0,1.03714257588066,0.739,0.04,0,"13","TRIP10"
"DYNLL12",0,1.02472390948943,0.959,0.508,0,"13","DYNLL1"
"SPINT21",0,1.02318767180551,0.817,0.195,0,"13","SPINT2"
"CIITA1",0,1.02116622070313,0.767,0.091,0,"13","CIITA"
"NMRK1",0,1.01564417632679,0.694,0.131,0,"13","NMRK1"
"RTRAF2",0,1.01240408489943,0.815,0.084,0,"13","RTRAF"
"TUBA1C1",0,1.01091071548142,0.807,0.18,0,"13","TUBA1C"
"ETV6",0,1.00852473833289,0.817,0.175,0,"13","ETV6"
"NET1",0,1.00282080543805,0.642,0.051,0,"13","NET1"
"TSPAN13",0,0.999579931700231,0.61,0.047,0,"13","TSPAN13"
"GPR1831",0,0.997890978444441,0.797,0.23,0,"13","GPR183"
"ATP5MC32",0,0.994967308134924,0.836,0.098,0,"13","ATP5MC3"
"MCM5",0,0.990652990723378,0.711,0.083,0,"13","MCM5"
"GLS",0,0.981887458795803,0.847,0.35,0,"13","GLS"
"TVP23A",0,0.981495967218283,0.616,0.004,0,"13","TVP23A"
"NAV1",0,0.978327945108571,0.69,0.035,0,"13","NAV1"
"TMEM14B",0,0.976573581477171,0.843,0.35,0,"13","TMEM14B"
"ARPP19",0,0.976376810227565,0.87,0.248,0,"13","ARPP19"
"CERS6",0,0.975333105231874,0.776,0.122,0,"13","CERS6"
"POLR2E",0,0.971500183310733,0.859,0.254,0,"13","POLR2E"
"HMOX1",0,0.970179943961104,0.729,0.14,0,"13","HMOX1"
"POLR2J3.1",0,0.968154151714599,0.691,0.025,0,"13","POLR2J3.1"
"INSM1",0,0.966335845313092,0.517,0.001,0,"13","INSM1"
"CLIC2",0,0.962569469465898,0.676,0.033,0,"13","CLIC2"
"ENO1",0,0.958164483385248,0.961,0.615,0,"13","ENO1"
"PHPT12",0,0.954618769090765,0.883,0.317,0,"13","PHPT1"
"RASSF4",0,0.949738002693934,0.767,0.16,0,"13","RASSF4"
"MYO1G1",0,0.944485424300593,0.882,0.308,0,"13","MYO1G"
"CMTM61",0,0.942722122014239,0.916,0.396,0,"13","CMTM6"
"SQLE",0,0.939403876752043,0.668,0.078,0,"13","SQLE"
"ACTG12",0,0.937764700012298,0.996,0.899,0,"13","ACTG1"
"KDM2B",0,0.937263722336864,0.751,0.096,0,"13","KDM2B"
"SELENOH",0,0.93034649087819,0.758,0.073,0,"13","SELENOH"
"ATP5PD2",0,0.929391715702296,0.805,0.088,0,"13","ATP5PD"
"MAP3K14",0,0.928572882138905,0.705,0.071,0,"13","MAP3K14"
"CD861",0,0.922881906892077,0.722,0.139,0,"13","CD86"
"ATP6V0E1",0,0.922211778493463,0.948,0.62,0,"13","ATP6V0E1"
"FNBP1",0,0.916478867452936,0.93,0.49,0,"13","FNBP1"
"TANK",0,0.91547846783494,0.845,0.259,0,"13","TANK"
"DCAF6",0,0.915149897875284,0.755,0.1,0,"13","DCAF6"
"PNRC1",0,0.908160784376835,0.981,0.826,0,"13","PNRC1"
"ATP5F1B2",0,0.905451487595942,0.789,0.097,0,"13","ATP5F1B"
"SIAH2",0,0.904772394852887,0.782,0.158,0,"13","SIAH2"
"NQO1",0,0.899865251533999,0.515,0.027,0,"13","NQO1"
"OST4",0,0.897575767179429,0.964,0.749,0,"13","OST4"
"GRK3",0,0.897074644731226,0.643,0.015,0,"13","GRK3"
"CYB5A1",0,0.896190381872385,0.757,0.138,0,"13","CYB5A"
"ARHGAP45",0,0.893743547971904,0.676,0.014,0,"13","ARHGAP45"
"RAB10",0,0.892560918582115,0.845,0.292,0,"13","RAB10"
"CCDC88A2",0,0.890750254149397,0.85,0.211,0,"13","CCDC88A"
"HOMER2",0,0.890093511950664,0.626,0.021,0,"13","HOMER2"
"CYTIP",0,0.888379660439709,0.898,0.385,0,"13","CYTIP"
"TOMM34",0,0.886418742822137,0.677,0.037,0,"13","TOMM34"
"CREG1",0,0.880794982964832,0.731,0.186,0,"13","CREG1"
"SLC44A1",0,0.87516962610566,0.687,0.123,0,"13","SLC44A1"
"FABP5",0,0.875091124227916,0.849,0.148,0,"13","FABP5"
"RHOF",0,0.87320735655267,0.823,0.196,0,"13","RHOF"
"MTHFD2",0,0.858307327449013,0.707,0.128,0,"13","MTHFD2"
"ARPC2",0,0.852076547886959,0.982,0.816,0,"13","ARPC2"
"TBCB",0,0.845679372931946,0.859,0.301,0,"13","TBCB"
"BAX",0,0.841607243397092,0.879,0.368,0,"13","BAX"
"ACOT9",0,0.831351432139374,0.68,0.113,0,"13","ACOT9"
"IFNGR21",0,0.829896484569352,0.811,0.221,0,"13","IFNGR2"
"IL15",0,0.82857304990112,0.669,0.068,0,"13","IL15"
"SERF2",0,0.826206672650069,0.99,0.923,0,"13","SERF2"
"TRADD",0,0.825777714567748,0.813,0.205,0,"13","TRADD"
"H2AFV",0,0.82118142564146,0.899,0.391,0,"13","H2AFV"
"ARID1B2",0,0.816793593932242,0.81,0.21,0,"13","ARID1B"
"SUMO3",0,0.813430989424984,0.865,0.301,0,"13","SUMO3"
"CLPTM1",0,0.811651488723612,0.718,0.129,0,"13","CLPTM1"
"LRRK1",0,0.8114685055748,0.627,0.052,0,"13","LRRK1"
"CYSTM11",0,0.810504841794942,0.732,0.108,0,"13","CYSTM1"
"ARHGAP101",0,0.809500552959506,0.64,0.077,0,"13","ARHGAP10"
"NAA25",0,0.805274286338608,0.666,0.103,0,"13","NAA25"
"CAPG2",0,0.803509953030975,0.769,0.267,0,"13","CAPG"
"SUB1",0,0.803087188299254,0.972,0.716,0,"13","SUB1"
"ADAM19",0,0.801794274975121,0.533,0.062,0,"13","ADAM19"
"PRDX12",0,0.800804439477492,0.873,0.451,0,"13","PRDX1"
"PTGES2",0,0.799405301148245,0.719,0.106,0,"13","PTGES2"
"HMG20B",0,0.795704423913903,0.712,0.163,0,"13","HMG20B"
"CALM3",0,0.790191133712322,0.889,0.435,0,"13","CALM3"
"DDB2",0,0.783047586139653,0.701,0.097,0,"13","DDB2"
"SWAP70",0,0.777931070829925,0.717,0.148,0,"13","SWAP70"
"RBX1",0,0.775481229719526,0.923,0.471,0,"13","RBX1"
"FAM129A",0,0.774544379704856,0.713,0.161,0,"13","FAM129A"
"HTATIP2",0,0.774475106831704,0.714,0.163,0,"13","HTATIP2"
"TNFRSF11A",0,0.774093476940408,0.512,0.009,0,"13","TNFRSF11A"
"FBXW5",0,0.771217550308441,0.827,0.255,0,"13","FBXW5"
"SFT2D1",0,0.769273449783513,0.772,0.202,0,"13","SFT2D1"
"GPR137B",0,0.768411518332426,0.603,0.057,0,"13","GPR137B"
"ACADVL",0,0.764717153654008,0.811,0.254,0,"13","ACADVL"
"IFI301",0,0.764413186459588,0.603,0.134,0,"13","IFI30"
"PDCL3",0,0.754320680867081,0.624,0.152,0,"13","PDCL3"
"DPYSL24",0,0.74952413095454,0.817,0.263,0,"13","DPYSL2"
"TNFAIP22",0,0.748450789890952,0.769,0.256,0,"13","TNFAIP2"
"NAP1L1",0,0.744391619069838,0.969,0.73,0,"13","NAP1L1"
"ANXA6",0,0.74028470778721,0.802,0.314,0,"13","ANXA6"
"RASSF21",0,0.739712509205335,0.778,0.205,0,"13","RASSF2"
"CTSH2",0,0.734083196010665,0.795,0.266,0,"13","CTSH"
"RUBCN",0,0.73191962628428,0.686,0.088,0,"13","RUBCN"
"LDHA2",0,0.730021784434341,0.925,0.54,0,"13","LDHA"
"BCL2A1",0,0.728116691944693,0.659,0.19,0,"13","BCL2A1"
"RALA",0,0.725238584161473,0.693,0.173,0,"13","RALA"
"AC004687.1",0,0.721090336857002,0.573,0.016,0,"13","AC004687.1"
"TGIF1",0,0.720749765665441,0.724,0.143,0,"13","TGIF1"
"FYTTD1",0,0.715419546078119,0.793,0.24,0,"13","FYTTD1"
"REX1BD",0,0.712908076906257,0.656,0.062,0,"13","REX1BD"
"SLCO5A1",0,0.711558576000917,0.549,0.005,0,"13","SLCO5A1"
"ASMTL",0,0.709188435561905,0.583,0.066,0,"13","ASMTL"
"STK4",0,0.708486493287684,0.936,0.594,0,"13","STK4"
"TPI1",0,0.706820310527298,0.944,0.548,0,"13","TPI1"
"SOX4",0,0.706558060033796,0.618,0.154,0,"13","SOX4"
"POMP",0,0.703046239434244,0.921,0.485,0,"13","POMP"
"ATP5F1A2",0,0.702006789099851,0.71,0.085,0,"13","ATP5F1A"
"MRPS6",0,0.701600958533766,0.741,0.249,0,"13","MRPS6"
"RAB5B",0,0.701366389670088,0.696,0.117,0,"13","RAB5B"
"AP2S12",0,0.700672116840279,0.925,0.46,0,"13","AP2S1"
"TBC1D13",0,0.695007219627257,0.53,0.045,0,"13","TBC1D13"
"GPR160",0,0.694099887113327,0.544,0.056,0,"13","GPR160"
"ANKRD33B",0,0.687943095558107,0.539,0.017,0,"13","ANKRD33B"
"SPRR2D",0,0.687675387474797,0.76,0.062,0,"13","SPRR2D"
"ATP5F1C2",0,0.687225258747196,0.676,0.079,0,"13","ATP5F1C"
"MRPL14",0,0.686080070484406,0.805,0.216,0,"13","MRPL14"
"ZFP36L13",0,0.684948809163713,0.941,0.533,0,"13","ZFP36L1"
"GADD45GIP1",0,0.684903717491348,0.855,0.325,0,"13","GADD45GIP1"
"RHEB",0,0.684489060467667,0.813,0.239,0,"13","RHEB"
"HLA-DMA2",0,0.68425642959641,0.867,0.301,0,"13","HLA-DMA"
"PLGRKT",0,0.680119443724678,0.677,0.117,0,"13","PLGRKT"
"TXNRD1",0,0.680053429655372,0.586,0.153,0,"13","TXNRD1"
"ST20",0,0.673756430223023,0.562,0.032,0,"13","ST20"
"ALCAM",0,0.672836944562444,0.579,0.072,0,"13","ALCAM"
"MPC2",0,0.672401394206332,0.763,0.247,0,"13","MPC2"
"MREG",0,0.671532482320974,0.57,0.024,0,"13","MREG"
"EEF1A11",0,0.670963874617526,1,0.994,0,"13","EEF1A1"
"SLC25A61",0,0.668061131721725,0.961,0.737,0,"13","SLC25A6"
"ANXA7",0,0.667743880478063,0.808,0.298,0,"13","ANXA7"
"ATP6V1G1",0,0.666911344187317,0.937,0.674,0,"13","ATP6V1G1"
"RPL411",0,0.664376943827123,0.998,0.993,0,"13","RPL41"
"HIKESHI",0,0.663786820935618,0.628,0.045,0,"13","HIKESHI"
"NDUFV2",0,0.662688547526228,0.852,0.336,0,"13","NDUFV2"
"UQCR11",0,0.661948330360609,0.947,0.694,0,"13","UQCR11"
"ELOC1",0,0.661343319397728,0.823,0.099,0,"13","ELOC"
"CD40",0,0.661116483826289,0.525,0.068,0,"13","CD40"
"NSD31",0,0.657288966256882,0.648,0.064,0,"13","NSD3"
"RAB8B",0,0.656644632656573,0.812,0.28,0,"13","RAB8B"
"LGALS92",0,0.655490220064225,0.707,0.213,0,"13","LGALS9"
"BET1",0,0.653632212871029,0.617,0.069,0,"13","BET1"
"FAM49A",0,0.653407586447728,0.712,0.146,0,"13","FAM49A"
"SLC6A6",0,0.651992963816371,0.69,0.152,0,"13","SLC6A6"
"WDR1",0,0.651719851783673,0.833,0.32,0,"13","WDR1"
"ADAM12",0,0.648887746846521,0.5,0.014,0,"13","ADAM12"
"CCM2",0,0.647669130731219,0.79,0.237,0,"13","CCM2"
"OAZ11",0,0.647499531840075,0.989,0.865,0,"13","OAZ1"
"SELENOK2",0,0.647393908350596,0.758,0.098,0,"13","SELENOK"
"NME4",0,0.645745253489843,0.624,0.107,0,"13","NME4"
"OGA",0,0.642684634817793,0.636,0.061,0,"13","OGA"
"ZFAS1",0,0.639942633264579,0.949,0.686,0,"13","ZFAS1"
"RAB5IF",0,0.634267509287008,0.648,0.064,0,"13","RAB5IF"
"SNRNP25",0,0.632862609129462,0.638,0.098,0,"13","SNRNP25"
"CBX61",0,0.632030196430431,0.678,0.189,0,"13","CBX6"
"MRPL51",0,0.631184457857727,0.844,0.312,0,"13","MRPL51"
"PAXX",0,0.628364947721252,0.596,0.05,0,"13","PAXX"
"TMCC3",0,0.627562417671331,0.585,0.046,0,"13","TMCC3"
"FDPS",0,0.625660339265142,0.691,0.224,0,"13","FDPS"
"NBDY",0,0.625095284213137,0.568,0.052,0,"13","NBDY"
"CRLF2",0,0.623434057909184,0.503,0.002,0,"13","CRLF2"
"TYROBP2",0,0.62131580644934,0.957,0.472,0,"13","TYROBP"
"HMGN1",0,0.621311894245243,0.933,0.591,0,"13","HMGN1"
"H6PD",0,0.618018457603034,0.597,0.074,0,"13","H6PD"
"NDUFAF8",0,0.61640147836234,0.617,0.053,0,"13","NDUFAF8"
"MMD",0,0.612446356679335,0.6,0.052,0,"13","MMD"
"SOCS2",0,0.612082560938398,0.509,0.043,0,"13","SOCS2"
"MYDGF1",0,0.611278793662538,0.796,0.283,0,"13","MYDGF"
"MRPL41",0,0.610502065678368,0.85,0.337,0,"13","MRPL41"
"ERICH1",0,0.610387041719115,0.77,0.284,0,"13","ERICH1"
"RAPGEF1",0,0.607101959182142,0.743,0.188,0,"13","RAPGEF1"
"S100A111",0,0.606959522794122,0.982,0.681,0,"13","S100A11"
"SELENOF2",0,0.606717772353936,0.642,0.071,0,"13","SELENOF"
"SLC25A39",0,0.606148565349683,0.697,0.157,0,"13","SLC25A39"
"ANAPC11",0,0.604341198833127,0.866,0.367,0,"13","ANAPC11"
"SLPI",0,0.603514113968452,0.821,0.085,0,"13","SLPI"
"SNRPG",0,0.602341343104754,0.892,0.412,0,"13","SNRPG"
"SMIM26",0,0.598470721743205,0.624,0.063,0,"13","SMIM26"
"POLR2L1",0,0.59708612017805,0.932,0.592,0,"13","POLR2L"
"FTX",0,0.590905118605256,0.63,0.086,0,"13","FTX"
"CREM1",0,0.590226093003193,0.652,0.147,0,"13","CREM"
"NQO2",0,0.590086425784121,0.615,0.138,0,"13","NQO2"
"ARNTL2",0,0.585557052522846,0.552,0.031,0,"13","ARNTL2"
"PSMB5",0,0.584840919317449,0.688,0.138,0,"13","PSMB5"
"HSPB12",0,0.583024972620285,0.865,0.303,0,"13","HSPB1"
"EDF1",0,0.580031361039971,0.954,0.694,0,"13","EDF1"
"RTF2",0,0.57885557288739,0.589,0.06,0,"13","RTF2"
"PALLD1",0,0.575108561816195,0.546,0.074,0,"13","PALLD"
"VMA21",0,0.573376683976226,0.759,0.233,0,"13","VMA21"
"CHMP4B",0,0.572980093560019,0.819,0.301,0,"13","CHMP4B"
"PARK7",0,0.571881087237848,0.935,0.551,0,"13","PARK7"
"PTPN1",0,0.570881177936456,0.764,0.241,0,"13","PTPN1"
"LINC01588",0,0.570680580248153,0.524,0.051,0,"13","LINC01588"
"TRAFD1",0,0.569602190721802,0.608,0.098,0,"13","TRAFD1"
"NECTIN2",0,0.569158163444029,0.525,0.047,0,"13","NECTIN2"
"ACOT13",0,0.566730861818799,0.608,0.093,0,"13","ACOT13"
"ZFAND6",0,0.562621526743847,0.81,0.281,0,"13","ZFAND6"
"IAH1",0,0.561302988133763,0.75,0.205,0,"13","IAH1"
"SMIM14",0,0.559701789544505,0.678,0.197,0,"13","SMIM14"
"SNX31",0,0.558050156323465,0.907,0.485,0,"13","SNX3"
"SEC61G",0,0.55773649847646,0.914,0.531,0,"13","SEC61G"
"MAD2L2",0,0.556677962407762,0.616,0.114,0,"13","MAD2L2"
"CSF2RB",0,0.554020800217959,0.53,0.085,0,"13","CSF2RB"
"AFDN",0,0.552529755549561,0.584,0.054,0,"13","AFDN"
"MIF2",0,0.551732856491969,0.882,0.353,0,"13","MIF"
"CAMTA11",0,0.551258400583833,0.822,0.254,0,"13","CAMTA1"
"SPRR2E",0,0.551140292245921,0.886,0.078,0,"13","SPRR2E"
"DSE",0,0.550982021107234,0.597,0.116,0,"13","DSE"
"LSM4",0,0.550001177500722,0.814,0.308,0,"13","LSM4"
"BRK1",0,0.549443115913203,0.912,0.514,0,"13","BRK1"
"METTL26",0,0.548151964834618,0.579,0.055,0,"13","METTL26"
"ARRB21",0,0.546582925797765,0.858,0.371,0,"13","ARRB2"
"CENPX",0,0.546146663801067,0.551,0.05,0,"13","CENPX"
"MMP24OS",0,0.54369737075206,0.544,0.049,0,"13","MMP24OS"
"CRCT1",0,0.543455895409529,0.895,0.066,0,"13","CRCT1"
"PSMA2",0,0.542840965296787,0.845,0.337,0,"13","PSMA2"
"LMNB1",0,0.542341625505654,0.552,0.091,0,"13","LMNB1"
"DNAJB6",0,0.541532933932452,0.889,0.426,0,"13","DNAJB6"
"MTSS1",0,0.538194363272406,0.689,0.171,0,"13","MTSS1"
"MTHFS",0,0.536163253815737,0.587,0.078,0,"13","MTHFS"
"BMP2K",0,0.530626221073312,0.616,0.127,0,"13","BMP2K"
"SMS",0,0.529901420135058,0.631,0.225,0,"13","SMS"
"NENF2",0,0.528989037897806,0.749,0.228,0,"13","NENF"
"CTTNBP2NL",0,0.528787567814214,0.527,0.056,0,"13","CTTNBP2NL"
"PCBP11",0,0.528626556146505,0.95,0.621,0,"13","PCBP1"
"MAP4K41",0,0.527206108918135,0.744,0.31,0,"13","MAP4K4"
"MINK1",0,0.526831908020855,0.607,0.092,0,"13","MINK1"
"PMAIP1",0,0.524737821838356,0.735,0.263,0,"13","PMAIP1"
"SPG11",0,0.524412523076658,0.686,0.188,0,"13","SPG11"
"YWHAH1",0,0.523856080015712,0.755,0.267,0,"13","YWHAH"
"HLA-DOA",0,0.519153543130481,0.525,0.043,0,"13","HLA-DOA"
"VDAC1",0,0.518727116623289,0.828,0.349,0,"13","VDAC1"
"ALG2",0,0.518589926741267,0.525,0.068,0,"13","ALG2"
"ZDHHC12",0,0.518164406480238,0.672,0.141,0,"13","ZDHHC12"
"FKBP8",0,0.514690326916447,0.851,0.385,0,"13","FKBP8"
"PSMB6",0,0.513325578378479,0.825,0.366,0,"13","PSMB6"
"VDAC2",0,0.511090682182564,0.838,0.382,0,"13","VDAC2"
"EDEM1",0,0.510868375822599,0.644,0.148,0,"13","EDEM1"
"UFD1",0,0.51032557124011,0.531,0.051,0,"13","UFD1"
"NEDD8",0,0.508119698133922,0.921,0.556,0,"13","NEDD8"
"ATP5IF12",0,0.508062752159145,0.681,0.101,0,"13","ATP5IF1"
"CISD2",0,0.507843740338285,0.608,0.137,0,"13","CISD2"
"PPP1R14B",0,0.507439386718108,0.713,0.27,0,"13","PPP1R14B"
"LAMTOR5",0,0.507038154020734,0.866,0.394,0,"13","LAMTOR5"
"CFP2",0,0.507016358828984,0.737,0.235,0,"13","CFP"
"SLAMF7",0,0.504996623141539,0.575,0.081,0,"13","SLAMF7"
"TPM42",0,0.504913047886669,0.835,0.375,0,"13","TPM4"
"HIGD2A",0,0.503305494943015,0.915,0.54,0,"13","HIGD2A"
"SPRR2B",0,0.500840747584121,0.673,0.046,0,"13","SPRR2B"
"RAN",0,0.500686145811591,0.912,0.515,0,"13","RAN"
"GLIPR21",0,0.500384995066506,0.748,0.284,0,"13","GLIPR2"
"RPL311",6.78033267480904e-221,0.662650642300797,0.983,0.915,1.91130797770192e-216,"13","RPL31"
"PABPC11",2.10584978131685e-172,0.501022879119009,0.979,0.889,5.93617994855406e-168,"13","PABPC1"
"MT-ND2",3.88278933284831e-107,0.565040031938863,0.986,0.975,1.09451948503661e-102,"13","MT-ND2"
"IGKC",0,1.68484800818076,0.734,0.168,0,"14","IGKC"
"MS4A1",0,1.61602049004293,0.854,0.081,0,"14","MS4A1"
"CD79A",0,1.51147957713876,0.866,0.09,0,"14","CD79A"
"IGHM",0,1.44703148003518,0.715,0.071,0,"14","IGHM"
"IGHD",0,1.28769705832113,0.64,0.055,0,"14","IGHD"
"BANK1",0,1.17042135988794,0.727,0.078,0,"14","BANK1"
"CD743",0,1.09834358229519,0.996,0.683,0,"14","CD74"
"HLA-DRA3",0,1.09544677254864,0.998,0.553,0,"14","HLA-DRA"
"RALGPS2",0,1.07150195314355,0.715,0.133,0,"14","RALGPS2"
"CD79B",0,1.04774209240804,0.738,0.137,0,"14","CD79B"
"CTSS1",0,0.963858493945151,0.997,0.598,0,"14","CTSS"
"MEF2C2",0,0.952672234109641,0.801,0.261,0,"14","MEF2C"
"HLA-DRB13",0,0.949458646043685,0.984,0.503,0,"14","HLA-DRB1"
"POU2F21",0,0.933327101091025,0.836,0.338,0,"14","POU2F2"
"CD37",0,0.922389313990572,0.948,0.667,0,"14","CD37"
"LYZ2",0,0.920171312284257,0.994,0.521,0,"14","LYZ"
"FCN11",0,0.911538340721568,0.946,0.334,0,"14","FCN1"
"HLA-DQB12",0,0.906767048234614,0.913,0.365,0,"14","HLA-DQB1"
"LINC00926",0,0.900700177640089,0.577,0.054,0,"14","LINC00926"
"HLA-DQA12",0,0.880296444655807,0.843,0.242,0,"14","HLA-DQA1"
"VCAN2",0,0.869856066731823,0.883,0.33,0,"14","VCAN"
"HLA-DPA12",0,0.862697392945956,0.969,0.498,0,"14","HLA-DPA1"
"MNDA2",0,0.853758437785709,0.902,0.312,0,"14","MNDA"
"MARCH11",0,0.84908888687258,0.742,0.221,0,"14","MARCH1"
"LST12",0,0.848829237475657,0.933,0.381,0,"14","LST1"
"AIF12",0,0.846246673950247,0.956,0.409,0,"14","AIF1"
"CYBB1",0,0.839139563724176,0.907,0.323,0,"14","CYBB"
"HLA-DMB2",0,0.82186198258729,0.758,0.248,0,"14","HLA-DMB"
"NCF11",0,0.785167896612138,0.818,0.342,0,"14","NCF1"
"S100A121",0,0.780366532487393,0.746,0.26,0,"14","S100A12"
"HLA-DPB12",0,0.763474709692948,0.973,0.523,0,"14","HLA-DPB1"
"SERPINA11",0,0.761334090860009,0.839,0.274,0,"14","SERPINA1"
"PSAP1",0,0.742589360603722,0.97,0.571,0,"14","PSAP"
"TNFRSF13C",0,0.736720764622316,0.527,0.056,0,"14","TNFRSF13C"
"LYN1",0,0.731868222304053,0.815,0.324,0,"14","LYN"
"HLA-DMA3",0,0.73018418012013,0.8,0.303,0,"14","HLA-DMA"
"COTL12",0,0.723095206036673,0.955,0.563,0,"14","COTL1"
"GPX12",0,0.720092890448935,0.911,0.417,0,"14","GPX1"
"FOSB1",0,0.719480520471973,0.963,0.663,0,"14","FOSB"
"HLA-DRB52",0,0.710426556682791,0.674,0.237,0,"14","HLA-DRB5"
"FGL22",0,0.707216783425212,0.895,0.331,0,"14","FGL2"
"PRKCB1",0,0.698511757548705,0.803,0.379,0,"14","PRKCB"
"CD141",0,0.697388774195608,0.743,0.254,0,"14","CD14"
"TYROBP3",0,0.687061707475081,0.975,0.473,0,"14","TYROBP"
"AP1S22",0,0.662037767134267,0.847,0.403,0,"14","AP1S2"
"NEAT11",0,0.659536427438359,0.998,0.811,0,"14","NEAT1"
"MS4A6A2",0,0.647919052698626,0.751,0.25,0,"14","MS4A6A"
"SPI12",0,0.646578543392231,0.808,0.296,0,"14","SPI1"
"STX7",0,0.645570294300202,0.642,0.231,0,"14","STX7"
"LAPTM51",0,0.642797756529482,0.949,0.667,0,"14","LAPTM5"
"HVCN1",0,0.634141782306572,0.548,0.132,0,"14","HVCN1"
"TKT1",0,0.627691799235362,0.9,0.48,0,"14","TKT"
"LGALS22",0,0.626938022104733,0.607,0.204,0,"14","LGALS2"
"CSF3R1",0,0.625798504033002,0.698,0.229,0,"14","CSF3R"
"MPEG11",0,0.624624922432972,0.77,0.261,0,"14","MPEG1"
"S100A91",0,0.618529178756421,0.992,0.656,0,"14","S100A9"
"NCF21",0,0.617439188069745,0.769,0.261,0,"14","NCF2"
"FAM26F",0,0.601833313808136,0.577,0.175,0,"14","FAM26F"
"TYMP2",0,0.599271631618997,0.917,0.44,0,"14","TYMP"
"CLEC12A1",0,0.598507681240842,0.687,0.219,0,"14","CLEC12A"
"FCER1G2",0,0.598429905075947,0.899,0.382,0,"14","FCER1G"
"DUSP61",0,0.596131889319474,0.649,0.228,0,"14","DUSP6"
"APLP21",0,0.596036090100591,0.85,0.442,0,"14","APLP2"
"SYK1",0,0.5939729608384,0.616,0.206,0,"14","SYK"
"CLEC7A1",0,0.592545223964001,0.749,0.262,0,"14","CLEC7A"
"LINC009361",0,0.591869100680071,0.747,0.316,0,"14","LINC00936"
"SNX21",0,0.579027056631753,0.724,0.316,0,"14","SNX2"
"RP11-1143G9.41",0,0.577988295367866,0.638,0.217,0,"14","RP11-1143G9.4"
"LY862",0,0.57599892757553,0.601,0.184,0,"14","LY86"
"SWAP701",0,0.575705729951972,0.552,0.151,0,"14","SWAP70"
"MS4A71",0,0.57565499648115,0.553,0.181,0,"14","MS4A7"
"CST33",0,0.573212746191374,0.973,0.475,0,"14","CST3"
"LRRK21",0,0.567106936996952,0.611,0.198,0,"14","LRRK2"
"CD681",0,0.565418446080759,0.728,0.256,0,"14","CD68"
"GRN2",0,0.562358119487942,0.823,0.374,0,"14","GRN"
"CPVL2",0,0.558370768441267,0.656,0.225,0,"14","CPVL"
"KLF41",0,0.544376241611902,0.799,0.347,0,"14","KLF4"
"LTA4H1",0,0.542927536903173,0.718,0.317,0,"14","LTA4H"
"SLC11A11",0,0.540510326232418,0.644,0.209,0,"14","SLC11A1"
"RGS21",0,0.537646364089275,0.782,0.358,0,"14","RGS2"
"FGR1",0,0.530018972034596,0.741,0.286,0,"14","FGR"
"STXBP21",0,0.522602227696193,0.724,0.303,0,"14","STXBP2"
"CTSZ3",0,0.515516996887891,0.785,0.348,0,"14","CTSZ"
"SKAP21",0,0.515401603401138,0.685,0.281,0,"14","SKAP2"
"CTD-3252C9.41",0,0.513503367069728,0.59,0.213,0,"14","CTD-3252C9.4"
"IGSF62",0,0.512713229326631,0.611,0.202,0,"14","IGSF6"
"SNX101",0,0.508569541577738,0.632,0.228,0,"14","SNX10"
"ASAH11",0,0.505978715998498,0.784,0.369,0,"14","ASAH1"
"CD361",0,0.500981366850581,0.645,0.225,0,"14","CD36"
"MAP3K11",2.2722695986205e-307,0.521281665036435,0.705,0.315,6.40530077155132e-303,"14","MAP3K1"
"LYST1",2.781480183129e-303,0.526621784666844,0.775,0.37,7.84071448822233e-299,"14","LYST"
"SAT13",3.10962901650245e-302,0.549000084627144,0.977,0.714,8.76573323461876e-298,"14","SAT1"
"TNFRSF1B1",8.51014801700967e-299,0.506461156876729,0.804,0.382,2.39892562451485e-294,"14","TNFRSF1B"
"BRI31",1.47198714023869e-287,0.539745066381756,0.892,0.51,4.14938454961885e-283,"14","BRI3"
"EVI2B1",1.11221945820531e-276,0.581073254264764,0.878,0.498,3.13523543073494e-272,"14","EVI2B"
"PARP14",1.12538618615362e-269,0.50946275157556,0.672,0.313,3.17235112014843e-265,"14","PARP14"
"FOS2",4.02563533279554e-246,0.531315284048332,0.997,0.821,1.13478634396173e-241,"14","FOS"
"MTPN",3.94419954573824e-231,0.524016536456395,0.848,0.524,1.11183040994815e-226,"14","MTPN"
"RNASE1",0,4.24875847392263,0.65,0.024,0,"15","RNASE1"
"C1QA",0,3.6025124536189,0.698,0.02,0,"15","C1QA"
"C1QB",0,3.35156585327033,0.591,0.007,0,"15","C1QB"
"CXCL81",0,3.23794969260506,0.646,0.204,0,"15","CXCL8"
"FTL2",0,3.00312953700059,0.999,0.975,0,"15","FTL"
"CTSB1",0,2.98289834150501,0.905,0.349,0,"15","CTSB"
"FTH13",0,2.79483791887371,0.997,0.962,0,"15","FTH1"
"C1QC",0,2.7538910896999,0.647,0.003,0,"15","C1QC"
"GPR1832",0,2.7053597586654,0.661,0.233,0,"15","GPR183"
"MRC1",0,2.70421955445536,0.632,0.009,0,"15","MRC1"
"ATP5F1E3",0,2.61455647314626,0.854,0.156,0,"15","ATP5F1E"
"INSIG1",0,2.61372161300878,0.572,0.15,0,"15","INSIG1"
"HLA-DRA4",0,2.60377113346502,0.984,0.553,0,"15","HLA-DRA"
"HSPA1A2",0,2.57905136870833,0.692,0.228,0,"15","HSPA1A"
"HLA-DPB13",0,2.23924029293165,0.918,0.523,0,"15","HLA-DPB1"
"CTSL1",0,2.23262282588909,0.539,0.085,0,"15","CTSL"
"HLA-DQA13",0,2.22094593216395,0.745,0.243,0,"15","HLA-DQA1"
"HLA-DPA13",0,2.19308878595371,0.887,0.499,0,"15","HLA-DPA1"
"CTSZ4",0,2.16776286799081,0.887,0.347,0,"15","CTSZ"
"HLA-DRB14",0,2.16411709318547,0.929,0.504,0,"15","HLA-DRB1"
"IER33",0,2.15421637040961,0.735,0.284,0,"15","IER3"
"CD831",0,2.11690834453933,0.588,0.2,0,"15","CD83"
"CST34",0,2.11011591970666,0.969,0.475,0,"15","CST3"
"STAB1",0,2.08397066778612,0.559,0.084,0,"15","STAB1"
"DAB21",0,2.0429682258768,0.533,0.061,0,"15","DAB2"
"HMOX11",0,2.04014224519794,0.502,0.144,0,"15","HMOX1"
"NPC22",0,2.03663544388974,0.916,0.445,0,"15","NPC2"
"CD744",0,2.01807258353917,0.988,0.683,0,"15","CD74"
"PLAUR2",0,2.00253008095265,0.654,0.185,0,"15","PLAUR"
"SOD22",0,1.97907355322212,0.773,0.443,0,"15","SOD2"
"TGFBI1",0,1.96115325756066,0.72,0.209,0,"15","TGFBI"
"RBM47",0,1.94240418466723,0.564,0.146,0,"15","RBM47"
"FPR3",0,1.91905665998194,0.545,0.009,0,"15","FPR3"
"SAT14",0,1.88183735687724,0.969,0.714,0,"15","SAT1"
"HLA-DQB13",0,1.83345017150623,0.759,0.367,0,"15","HLA-DQB1"
"GLUL2",0,1.81722344650638,0.726,0.285,0,"15","GLUL"
"ABCA1",0,1.80696971883736,0.501,0.063,0,"15","ABCA1"
"ATP13A3",0,1.76041239632283,0.526,0.145,0,"15","ATP13A3"
"CD142",0,1.74582982718434,0.735,0.254,0,"15","CD14"
"FCGR2A1",0,1.72185657179779,0.669,0.18,0,"15","FCGR2A"
"MS4A72",0,1.6738469915042,0.693,0.18,0,"15","MS4A7"
"C5AR11",0,1.66626341650112,0.581,0.183,0,"15","C5AR1"
"ATP1B31",0,1.62250796416897,0.643,0.326,0,"15","ATP1B3"
"SRGN2",0,1.61487454271044,0.923,0.681,0,"15","SRGN"
"MARCKS3",0,1.59911728603418,0.728,0.312,0,"15","MARCKS"
"LMNA2",0,1.59069699938075,0.687,0.187,0,"15","LMNA"
"PLIN2",0,1.57984795798387,0.518,0.218,0,"15","PLIN2"
"ATP5MG3",0,1.54603725716622,0.752,0.146,0,"15","ATP5MG"
"ZFP36L14",0,1.49741650882866,0.889,0.535,0,"15","ZFP36L1"
"FCER1G3",0,1.49487143822725,0.917,0.382,0,"15","FCER1G"
"ELOB3",0,1.49016023948382,0.667,0.138,0,"15","ELOB"
"FCGRT3",0,1.47891293418241,0.785,0.339,0,"15","FCGRT"
"SGK1",0,1.46741378394733,0.533,0.202,0,"15","SGK1"
"MAFB1",0,1.4299722156847,0.631,0.211,0,"15","MAFB"
"SAMSN11",0,1.41540491488218,0.565,0.201,0,"15","SAMSN1"
"MXD1",0,1.41349996219269,0.524,0.213,0,"15","MXD1"
"RBPJ2",0,1.41153709161842,0.658,0.323,0,"15","RBPJ"
"MS4A6A3",0,1.40572000311797,0.605,0.251,0,"15","MS4A6A"
"NFE2L22",0,1.39203802390297,0.659,0.314,0,"15","NFE2L2"
"CD632",0,1.38918750837496,0.877,0.526,0,"15","CD63"
"CSF1R",0,1.38733301866265,0.598,0.134,0,"15","CSF1R"
"ANXA54",0,1.36944309589214,0.855,0.456,0,"15","ANXA5"
"ATP5MF3",0,1.36395706865385,0.607,0.111,0,"15","ATP5MF"
"ATP5MPL3",0,1.36018354287738,0.617,0.12,0,"15","ATP5MPL"
"CREM2",0,1.3484867704266,0.503,0.15,0,"15","CREM"
"AIF13",0,1.34819920971513,0.915,0.41,0,"15","AIF1"
"HLA-DMA4",0,1.345539599213,0.74,0.304,0,"15","HLA-DMA"
"ATP5MC23",0,1.32871615222988,0.67,0.127,0,"15","ATP5MC2"
"ARHGAP18",0,1.32015976460659,0.51,0.091,0,"15","ARHGAP18"
"EPB41L3",0,1.30528247791424,0.526,0.096,0,"15","EPB41L3"
"TYROBP4",0,1.30191531895552,0.948,0.473,0,"15","TYROBP"
"PLD3",0,1.30175223064811,0.515,0.19,0,"15","PLD3"
"NINJ11",0,1.29788823383977,0.62,0.222,0,"15","NINJ1"
"ATP5ME3",0,1.27553718261753,0.607,0.116,0,"15","ATP5ME"
"RAB312",0,1.24615499594769,0.682,0.232,0,"15","RAB31"
"CEBPB2",0,1.23281580710573,0.753,0.457,0,"15","CEBPB"
"SDCBP1",0,1.21608433096215,0.798,0.422,0,"15","SDCBP"
"RACK13",0,1.21294075238289,0.804,0.163,0,"15","RACK1"
"CD682",0,1.18829891778011,0.579,0.257,0,"15","CD68"
"ATP5MD3",0,1.18593790316492,0.595,0.126,0,"15","ATP5MD"
"PRDX13",0,1.17667000230568,0.745,0.453,0,"15","PRDX1"
"TXN3",0,1.15212348721469,0.761,0.479,0,"15","TXN"
"GNA13",0,1.14729048981237,0.502,0.2,0,"15","GNA13"
"PSAP2",0,1.14239877875973,0.925,0.571,0,"15","PSAP"
"CCDC88A3",0,1.07578779515198,0.602,0.215,0,"15","CCDC88A"
"GRN3",0,1.07517707729538,0.775,0.375,0,"15","GRN"
"S100A112",0,1.06763045030066,0.943,0.682,0,"15","S100A11"
"CREG11",0,1.06213966133963,0.527,0.189,0,"15","CREG1"
"RNASE62",0,1.00561100105854,0.523,0.159,0,"15","RNASE6"
"ATP5PF3",0,0.990134885313302,0.534,0.113,0,"15","ATP5PF"
"ATP5MC33",0,0.986794220897686,0.517,0.103,0,"15","ATP5MC3"
"GSN3",0,0.981177361017254,0.624,0.171,0,"15","GSN"
"HLA-DMB3",0,0.975677838418097,0.571,0.25,0,"15","HLA-DMB"
"EMILIN21",0,0.956750916919925,0.508,0.179,0,"15","EMILIN2"
"MGAT11",0,0.954608882065555,0.599,0.272,0,"15","MGAT1"
"KCTD122",0,0.953103699718368,0.581,0.248,0,"15","KCTD12"
"MFSD1",0,0.935262350156482,0.513,0.197,0,"15","MFSD1"
"ANXA24",0,0.934565645288843,0.842,0.519,0,"15","ANXA2"
"ATP5F1D3",0,0.932589580960704,0.529,0.113,0,"15","ATP5F1D"
"TRIR3",0,0.907929052877474,0.538,0.123,0,"15","TRIR"
"SPI13",0,0.891868935038023,0.714,0.297,0,"15","SPI1"
"ATP6V1B2",0,0.888875077436665,0.542,0.215,0,"15","ATP6V1B2"
"CDKN1A3",0,0.864514679396186,0.586,0.231,0,"15","CDKN1A"
"RAC13",0,0.859917780003942,0.855,0.578,0,"15","RAC1"
"RNF1302",0,0.856542970475804,0.637,0.282,0,"15","RNF130"
"SEM13",0,0.806691524109795,0.512,0.12,0,"15","SEM1"
"PLEKHB2",0,0.778721149590501,0.527,0.224,0,"15","PLEKHB2"
"NOP533",0,0.710494570434208,0.507,0.127,0,"15","NOP53"
"PTMS3",0,0.645496945596544,0.505,0.183,0,"15","PTMS"
"TYMP3",7.0431274992162e-305,0.862687369369845,0.815,0.441,1.98538721075405e-300,"15","TYMP"
"LGALS33",1.24871366412622e-304,1.00104250566147,0.748,0.395,3.51999894780541e-300,"15","LGALS3"
"NAMPT3",4.47857281286874e-302,1.57928010714554,0.72,0.406,1.26246489021957e-297,"15","NAMPT"
"ATOX12",7.4476727709228e-300,1.00639980985403,0.617,0.312,2.09942447739543e-295,"15","ATOX1"
"MTRNR2L123",1.69995578597002e-297,1.03870119913864,0.609,0.322,4.79200536507089e-293,"15","MTRNR2L12"
"LIMS1",3.01981850868749e-292,0.956060735419564,0.603,0.305,8.51256639413915e-288,"15","LIMS1"
"CLTC",3.4540665248031e-292,0.905453841062825,0.58,0.275,9.73666812676746e-288,"15","CLTC"
"RB1",6.92024564964453e-289,0.83763447060042,0.513,0.218,1.9507480461783e-284,"15","RB1"
"LGALS15",1.68667645451333e-287,0.951763822671965,0.898,0.602,4.75457225762763e-283,"15","LGALS1"
"CAPG3",1.72673610511041e-287,1.05136885503332,0.564,0.27,4.86749640669574e-283,"15","CAPG"
"OAZ12",2.00720316225219e-287,0.726707847864358,0.963,0.866,5.6581049940727e-283,"15","OAZ1"
"BLVRB1",2.6300912802023e-287,1.04065623626785,0.618,0.304,7.41396430976226e-283,"15","BLVRB"
"GPX42",6.81343322312771e-282,1.04536135083148,0.828,0.622,1.92063869126747e-277,"15","GPX4"
"CTSC",2.67176361958301e-272,1.64721075991843,0.663,0.376,7.53143446724256e-268,"15","CTSC"
"CTSH3",5.99123907780744e-264,0.823205840117683,0.574,0.269,1.68887038364314e-259,"15","CTSH"
"ZEB22",6.23029482411914e-262,1.04758294773185,0.768,0.445,1.75625780797094e-257,"15","ZEB2"
"AP2S13",1.80787271944888e-259,0.947130914801725,0.727,0.463,5.09621240885444e-255,"15","AP2S1"
"IFITM32",5.28700129737729e-259,0.709375633569969,0.62,0.291,1.49035279571769e-254,"15","IFITM3"
"HSPB13",1.62925027014433e-258,0.951203638415045,0.628,0.306,4.59269358650984e-254,"15","HSPB1"
"VMP13",6.0489562684231e-256,1.03792943336363,0.706,0.417,1.70514028250579e-251,"15","VMP1"
"BRI32",1.09655572489236e-254,0.819739526452281,0.816,0.51,3.09108093289906e-250,"15","BRI3"
"SYNGR22",7.11078224482424e-252,0.750170395394742,0.558,0.266,2.00445840699351e-247,"15","SYNGR2"
"RAB7A1",1.05442526434206e-250,1.09793932721809,0.68,0.405,2.97231937765384e-246,"15","RAB7A"
"CSTB1",7.52960001969469e-250,1.40481525711139,0.711,0.513,2.12251894955174e-245,"15","CSTB"
"TIMP13",4.88945585904313e-247,1.20886190565484,0.683,0.407,1.37828871210567e-242,"15","TIMP1"
"HIF1A1",3.48598477305867e-245,1.00337399789069,0.646,0.359,9.82664247677508e-241,"15","HIF1A"
"RAB1A2",6.96590405923706e-243,0.743377972446692,0.531,0.254,1.96361869525833e-238,"15","RAB1A"
"CTSD1",1.08982582290299e-242,1.63708963669187,0.708,0.466,3.07211001218125e-238,"15","CTSD"
"SQSTM13",1.79131860260062e-236,1.00135194326131,0.682,0.434,5.04954800887089e-232,"15","SQSTM1"
"PTPRE2",1.28854103083889e-235,0.718538265841342,0.606,0.306,3.63226831183175e-231,"15","PTPRE"
"GNAQ1",5.03626074787333e-234,0.940230947292928,0.523,0.254,1.41967154221801e-229,"15","GNAQ"
"QKI3",7.23312838272668e-231,0.978280561356063,0.674,0.401,2.03894655980682e-226,"15","QKI"
"TPM43",2.7556798460355e-230,0.803535910080869,0.658,0.378,7.76798591798948e-226,"15","TPM4"
"TPP11",4.98782104195363e-226,0.735839934014897,0.587,0.297,1.40601687351631e-221,"15","TPP1"
"PKM2",1.79241308874483e-219,0.926573001679192,0.732,0.486,5.0526332558628e-215,"15","PKM"
"TUBB3",1.45489424478446e-218,0.783446184316355,0.611,0.337,4.10120138662291e-214,"15","TUBB"
"BIRC31",2.22027289467557e-217,1.28959410554526,0.513,0.257,6.25872726280095e-213,"15","BIRC3"
"VAMP82",1.25719970917768e-213,0.794854273188452,0.789,0.553,3.54392026020096e-209,"15","VAMP8"
"RAB101",1.75711811572242e-211,0.799073379053509,0.557,0.297,4.95314025640993e-207,"15","RAB10"
"DNAJB61",2.88935110478567e-211,0.896035637743986,0.68,0.429,8.14479182928032e-207,"15","DNAJB6"
"CALR1",7.49867510015055e-210,0.848206815354491,0.761,0.541,2.11380152398144e-205,"15","CALR"
"TUBA1B2",1.12224540818092e-202,1.06587119062292,0.698,0.49,3.16349758112121e-198,"15","TUBA1B"
"GRB21",1.31388943655313e-191,0.737790106244991,0.711,0.467,3.70372293269961e-187,"15","GRB2"
"PICALM2",7.2293419038731e-186,0.816452438828341,0.559,0.305,2.03787918928279e-181,"15","PICALM"
"CD41",4.34489849458227e-185,0.664302314346565,0.509,0.254,1.2247834366378e-180,"15","CD4"
"RTN42",2.89469435634552e-181,0.70186347321296,0.728,0.478,8.15985392110239e-177,"15","RTN4"
"GABARAP1",1.88208530110994e-178,0.937943461764738,0.524,0.285,5.3054102552988e-174,"15","GABARAP"
"SPAG92",4.00190748404731e-178,1.10826219843126,0.516,0.287,1.1280977006781e-173,"15","SPAG9"
"ATP6V0B1",6.39390312758842e-178,0.691444666521457,0.719,0.479,1.8023773526359e-173,"15","ATP6V0B"
"ATP6V1F1",9.51953278422375e-174,0.855109983295911,0.679,0.467,2.68346109654483e-169,"15","ATP6V1F"
"CLTA1",3.87124865252127e-172,0.674216735199321,0.643,0.391,1.09126628265922e-167,"15","CLTA"
"CYBB2",8.23893554317634e-172,0.562374904736426,0.642,0.326,2.32247354026598e-167,"15","CYBB"
"IFNGR11",4.18108913232796e-170,0.663443219491438,0.523,0.277,1.17860721551193e-165,"15","IFNGR1"
"S100A64",1.74540685345927e-161,0.543466365681654,0.969,0.895,4.92012737921633e-157,"15","S100A6"
"TNFAIP23",3.06799021310317e-160,0.701055067300115,0.504,0.26,8.64835761171653e-156,"15","TNFAIP2"
"PLEKHO12",7.73376956893736e-160,0.623542634806864,0.582,0.335,2.18007230378775e-155,"15","PLEKHO1"
"CMTM62",1.56104214838512e-159,0.637653708917038,0.647,0.4,4.40042171208282e-155,"15","CMTM6"
"TMSB4X1",6.24062891352571e-159,0.697922187708136,0.998,0.992,1.75917088443376e-154,"15","TMSB4X"
"CLEC7A2",1.80047632403224e-155,0.510535096851202,0.526,0.264,5.07536270981449e-151,"15","CLEC7A"
"PPT12",9.44701900758039e-152,0.600958965047466,0.523,0.283,2.66302018804684e-147,"15","PPT1"
"FGL23",2.77792097893299e-148,0.842522474605961,0.607,0.334,7.83068144751421e-144,"15","FGL2"
"SERF21",1.5830770878281e-147,0.637916184092929,0.951,0.924,4.46253600287863e-143,"15","SERF2"
"YBX11",1.78653705014345e-146,0.56058471152605,0.898,0.832,5.03606929064938e-142,"15","YBX1"
"TACC12",6.42144224406763e-140,0.675369224609467,0.513,0.292,1.81014035418022e-135,"15","TACC1"
"TNFRSF1B2",9.27006722573975e-140,0.713187227780391,0.63,0.383,2.61313925026378e-135,"15","TNFRSF1B"
"RAB5C",2.52259937034616e-137,0.605557695097882,0.573,0.352,7.1109553650688e-133,"15","RAB5C"
"LAMP11",5.06027861775673e-132,0.80277664144968,0.539,0.351,1.42644193955944e-127,"15","LAMP1"
"CD443",1.63170873574374e-130,1.06261871010036,0.787,0.642,4.59962375518803e-126,"15","CD44"
"GSTO11",2.9395575986562e-129,0.607620285864578,0.582,0.377,8.28631891485195e-125,"15","GSTO1"
"ZFAND51",1.64007194011041e-128,0.809017218299132,0.654,0.428,4.62319879197723e-124,"15","ZFAND5"
"MIF3",2.29904473769254e-126,0.576373720577757,0.579,0.357,6.4807772110815e-122,"15","MIF"
"HERPUD1",4.89235276896225e-124,0.774968263387084,0.631,0.427,1.37910532204277e-119,"15","HERPUD1"
"FAM49B",5.00397778754615e-123,0.538394076419489,0.669,0.449,1.41057129853139e-118,"15","FAM49B"
"CALM21",1.64115171121043e-122,0.566617142086618,0.845,0.702,4.62624255873109e-118,"15","CALM2"
"LAPTM52",2.66189855827792e-122,0.56766748935784,0.862,0.667,7.50362584592962e-118,"15","LAPTM5"
"PCBP12",3.00055428438042e-122,0.529462343867371,0.793,0.624,8.45826247223997e-118,"15","PCBP1"
"C1orf1622",6.34221940567671e-122,0.687761107053659,0.625,0.402,1.78780822826621e-117,"15","C1orf162"
"RAP1A",6.34696869680095e-122,0.545714580593887,0.621,0.408,1.78914700594122e-117,"15","RAP1A"
"ASAH12",2.36095621520052e-121,0.601787345714411,0.597,0.371,6.65529947502875e-117,"15","ASAH1"
"RHOG1",1.46774824375304e-120,0.511375161193734,0.622,0.402,4.13743552431545e-116,"15","RHOG"
"VIM4",1.1874701969002e-115,0.605991339858484,0.941,0.832,3.34735973804198e-111,"15","VIM"
"TMBIM6",4.08171765580543e-112,0.541479500391308,0.786,0.641,1.15059538999499e-107,"15","TMBIM6"
"BNIP3L1",2.94225600094751e-110,0.742819107911952,0.549,0.351,8.29392544107094e-106,"15","BNIP3L"
"NFKBIA2",2.79832156156715e-109,1.31108281085605,0.814,0.705,7.88818864990165e-105,"15","NFKBIA"
"PLEK1",7.14325173574969e-108,0.858446695286802,0.6,0.387,2.01361123179048e-103,"15","PLEK"
"SNX32",3.07643557804964e-107,0.505642565214704,0.682,0.489,8.67216425096412e-103,"15","SNX3"
"C4orf481",3.40933684788349e-107,0.58560183500845,0.514,0.318,9.61057964049877e-103,"15","C4orf48"
"RPS27L3",3.33622373108451e-106,0.674435366857489,0.65,0.482,9.40448107555413e-102,"15","RPS27L"
"REL1",9.47440043287983e-106,1.07681683976333,0.583,0.418,2.67073873802449e-101,"15","REL"
"RPL172",9.42250320459901e-100,0.530796074077933,0.777,0.617,2.65610942834441e-95,"15","RPL17"
"CTNNB11",8.32352707518555e-98,0.569058004635535,0.509,0.319,2.34631904722405e-93,"15","CTNNB1"
"HSP90AA12",6.61832580211284e-96,1.43318173619508,0.888,0.852,1.86563986035759e-91,"15","HSP90AA1"
"LITAF",7.90022497568375e-95,0.693000710476833,0.659,0.499,2.22699441839549e-90,"15","LITAF"
"CFLAR",1.35826855333218e-93,0.727758730307069,0.627,0.471,3.82882322498807e-89,"15","CFLAR"
"ATP6AP21",6.7535277264313e-93,0.524017034815722,0.589,0.413,1.90375193080372e-88,"15","ATP6AP2"
"IRF2BP21",7.58849692284005e-93,0.512574745057261,0.572,0.381,2.13912139757938e-88,"15","IRF2BP2"
"POMP1",1.40102382532921e-90,0.522055027303244,0.656,0.488,3.9493460612205e-86,"15","POMP"
"GADD45B2",1.4811403545331e-88,0.548826877818504,0.674,0.51,4.17518654539335e-84,"15","GADD45B"
"WSB12",1.69799066848248e-82,0.606865360744263,0.62,0.446,4.78646589538527e-78,"15","WSB1"
"HSPE12",5.31800754058327e-73,0.589204771512067,0.564,0.411,1.49909314561502e-68,"15","HSPE1"
"EIF4A12",1.58419852494048e-68,0.600593801411004,0.604,0.444,4.46569722195472e-64,"15","EIF4A1"
"CRIP13",2.31154004203281e-67,0.681448523983343,0.531,0.371,6.51600022448628e-63,"15","CRIP1"
"TAOK3",2.45910182950458e-61,0.596786875939866,0.544,0.4,6.93196214719046e-57,"15","TAOK3"
"DNAJB12",3.84008543378542e-56,1.4525951466707,0.532,0.407,1.08248168292977e-51,"15","DNAJB1"
"MT2A2",5.68849863053204e-54,0.805329316849788,0.56,0.428,1.60353087896068e-49,"15","MT2A"
"FNBP11",2.05469559426271e-52,0.761793788115697,0.609,0.494,5.79198141066714e-48,"15","FNBP1"
"ZFP363",2.18700340053529e-45,0.522633679413116,0.729,0.615,6.16494388576894e-41,"15","ZFP36"
"TNFAIP3",7.54997175506202e-27,0.969564418047984,0.505,0.44,2.12826153803443e-22,"15","TNFAIP3"
"NEAT12",1.03546172561076e-16,0.528922303551179,0.75,0.813,2.91886305832416e-12,"15","NEAT1"
"PPBP",0,6.01023839560241,0.852,0.015,0,"16","PPBP"
"PF4",0,5.20906915728623,0.817,0.008,0,"16","PF4"
"NRGN1",0,4.43293544605009,0.73,0.146,0,"16","NRGN"
"SDPR",0,4.0776815189777,0.727,0.006,0,"16","SDPR"
"TUBB11",0,4.04543785106919,0.678,0.004,0,"16","TUBB1"
"GNG11",0,3.94725987211786,0.672,0.037,0,"16","GNG11"
"RGS18",0,3.74545130960779,0.574,0.123,0,"16","RGS18"
"HIST1H2AC",0,3.22043342112707,0.561,0.104,0,"16","HIST1H2AC"
"CLU1",0,3.03941313759742,0.523,0.062,0,"16","CLU"
"GPX13",0,2.62377787835245,0.754,0.419,0,"16","GPX1"
"CCL5",0,1.27801708589748,0.793,0.353,0,"16","CCL5"
"LIMS11",4.64239477268673e-299,2.48154989507179,0.588,0.305,1.30864466247266e-294,"16","LIMS1"
"VCL1",6.7269917223799e-289,2.07207654158339,0.513,0.229,1.89627169662167e-284,"16","VCL"
"NCOA41",1.24932366966012e-274,2.52011957807808,0.593,0.323,3.5217184924049e-270,"16","NCOA4"
"TLN1",3.07012607920014e-257,2.17813238802047,0.725,0.517,8.65437840465727e-253,"16","TLN1"
"RGS102",1.8812363707755e-232,2.27310178367148,0.642,0.409,5.30301720557906e-228,"16","RGS10"
"KIF2A",1.44634380899082e-212,1.99628076054245,0.572,0.325,4.07709856316422e-208,"16","KIF2A"
"TUBA4A",5.19465449452983e-193,2.1625806506454,0.512,0.28,1.46432115546301e-188,"16","TUBA4A"
"MT-ND21",7.5002596995868e-165,0.533082853652356,0.989,0.975,2.11424820671652e-160,"16","MT-ND2"
"NAP1L11",1.72084357178616e-147,1.21558508117023,0.815,0.732,4.85088594450801e-143,"16","NAP1L1"
"HLA-E",4.05278008149099e-137,0.784777138608563,0.946,0.916,1.14243817717149e-132,"16","HLA-E"
"H3F3A1",6.58326822800068e-126,1.17502758464597,0.945,0.89,1.85575748079111e-121,"16","H3F3A"
"RAP1B",1.54837629851101e-120,1.52485593808506,0.643,0.51,4.3647179478727e-116,"16","RAP1B"
"MTPN1",2.09382125911317e-116,1.24620151028803,0.653,0.526,5.90227274731411e-112,"16","MTPN"
"TPM44",9.29878766716173e-114,1.7218888272818,0.544,0.379,2.62123525549622e-109,"16","TPM4"
"CALM31",2.46870182980227e-103,1.46265382920774,0.569,0.44,6.95902358802961e-99,"16","CALM3"
"TAGLN22",3.05068577139098e-103,1.55661197197443,0.712,0.616,8.59957812097402e-99,"16","TAGLN2"
"OAZ13",4.41432815611731e-101,1.33325986792627,0.887,0.867,1.24435496392791e-96,"16","OAZ1"
"GNAS1",1.49458386977324e-95,1.12999192374515,0.78,0.74,4.21308247050379e-91,"16","GNAS"
"MYL12A",5.4022191772932e-94,1.12383638290082,0.856,0.837,1.52283156388718e-89,"16","MYL12A"
"OST41",1.28475262403133e-91,1.23213080422322,0.784,0.751,3.6215891718819e-87,"16","OST4"
"TMSB4X2",2.21011342081849e-82,0.739194470588664,0.998,0.992,6.23008872194524e-78,"16","TMSB4X"
"FYB2",3.26557809307984e-78,0.638190691705812,0.711,0.584,9.20533808658276e-74,"16","FYB"
"HMGB1",1.60121061925068e-75,0.586005880740526,0.868,0.867,4.51365261460574e-71,"16","HMGB1"
"ITM2B",6.21213846457367e-73,0.713770116502816,0.869,0.855,1.75113971177867e-68,"16","ITM2B"
"SH3BGRL31",2.66471427367792e-55,0.843088970552259,0.918,0.903,7.51156306607069e-51,"16","SH3BGRL3"
"PLEK2",4.71442892891406e-55,0.98527237588548,0.509,0.387,1.32895037077158e-50,"16","PLEK"
"ITGB11",1.45114772301553e-54,0.799547724866619,0.596,0.495,4.09064031640848e-50,"16","ITGB1"
"ARPC1B2",1.05405426731956e-50,0.904110426251103,0.731,0.678,2.97127357414712e-46,"16","ARPC1B"
"TGFB1",6.13926419289704e-48,1.34930282657498,0.502,0.422,1.73059718333575e-43,"16","TGFB1"
"ARPC51",1.27566887710081e-42,0.734137262231154,0.682,0.643,3.59598299765948e-38,"16","ARPC5"
"TPM31",2.18933305022165e-32,0.537270336327429,0.789,0.787,6.17151093526982e-28,"16","TPM3"
"GPX43",4.53124100131076e-31,0.777818997743165,0.641,0.624,1.27731152585949e-26,"16","GPX4"
"YWHAZ",6.04187797559926e-30,0.555370951585616,0.763,0.779,1.70314498254168e-25,"16","YWHAZ"
"SEPT7",2.72752273497221e-25,0.525620480021701,0.656,0.624,7.68861383761316e-21,"16","SEPT7"
"ARL6IP5",4.17369226634706e-25,0.51039168485613,0.622,0.598,1.17652211296057e-20,"16","ARL6IP5"
"MYL62",4.10420888542072e-24,0.705716342845828,0.879,0.894,1.15693544271125e-19,"16","MYL6"
"CD99",4.24312597704257e-22,0.599991652228439,0.583,0.542,1.19609478166853e-17,"16","CD99"
"PKM3",7.30368707409408e-21,0.788819287079288,0.515,0.488,2.05883634931638e-16,"16","PKM"
"FLNA2",1.32810359107765e-19,0.668408280951237,0.561,0.548,3.74379121288878e-15,"16","FLNA"
"MYH91",1.43660234107654e-19,0.600322116051258,0.536,0.517,4.04963833926065e-15,"16","MYH9"
"SH3BGRL1",6.1463139109588e-13,0.528118766057657,0.56,0.575,1.73258442836018e-08,"16","SH3BGRL"
"UQCRH",1.63872241330116e-12,0.567904042987899,0.64,0.672,4.61939461085465e-08,"16","UQCRH"
"DYNLL13",2.54792794410124e-09,0.561595171990769,0.523,0.513,7.18235408162698e-05,"16","DYNLL1"
"ARF1",0.00103330243931004,0.585578453306942,0.484,0.529,1,"16","ARF1"
"IGKC1",0,5.51681298569198,0.882,0.168,0,"17","IGKC"
"JCHAIN",0,5.02033049731269,0.924,0.04,0,"17","JCHAIN"
"MZB1",0,3.05276194575815,0.851,0.024,0,"17","MZB1"
"CCDC50",0,2.97272932119339,0.846,0.155,0,"17","CCDC50"
"IRF8",0,2.90617932511605,0.789,0.145,0,"17","IRF8"
"PPP1R14B1",0,2.88105960181933,0.856,0.271,0,"17","PPP1R14B"
"ITM2C1",0,2.8524798968562,0.906,0.075,0,"17","ITM2C"
"GZMB",0,2.77856756070509,0.786,0.178,0,"17","GZMB"
"TCF42",0,2.75647334663105,0.873,0.142,0,"17","TCF4"
"PLD4",0,2.70237985354727,0.744,0.038,0,"17","PLD4"
"UGCG",0,2.65359476470867,0.796,0.15,0,"17","UGCG"
"IRF7",0,2.55911976394303,0.809,0.148,0,"17","IRF7"
"LILRA4",0,2.42766632709914,0.725,0.003,0,"17","LILRA4"
"ALOX5AP",0,2.22479681287864,0.798,0.249,0,"17","ALOX5AP"
"APP2",0,2.13933489915152,0.768,0.177,0,"17","APP"
"C12orf75",0,2.11759343121154,0.838,0.234,0,"17","C12orf75"
"IL3RA",0,2.09444247505321,0.704,0.024,0,"17","IL3RA"
"SERPINF13",0,2.08178428075233,0.724,0.056,0,"17","SERPINF1"
"HSP90B11",0,2.01729852651783,0.926,0.609,0,"17","HSP90B1"
"DERL3",0,2.01587638264652,0.746,0.009,0,"17","DERL3"
"PTPRS",0,1.98258168931725,0.672,0.021,0,"17","PTPRS"
"BCL11A",0,1.97278205133008,0.731,0.102,0,"17","BCL11A"
"PLAC8",0,1.9660411660344,0.857,0.41,0,"17","PLAC8"
"SEC61B1",0,1.89720889981831,0.933,0.566,0,"17","SEC61B"
"CLIC3",0,1.84860401353577,0.696,0.115,0,"17","CLIC3"
"SCT",0,1.81819733805103,0.581,0.001,0,"17","SCT"
"TPM21",0,1.79135650684731,0.627,0.039,0,"17","TPM2"
"IRF41",0,1.78044652212506,0.637,0.041,0,"17","IRF4"
"GPR1833",0,1.73399779536682,0.726,0.233,0,"17","GPR183"
"CLEC4C",0,1.72779354928562,0.627,0.002,0,"17","CLEC4C"
"VIMP",0,1.7266311704014,0.802,0.202,0,"17","VIMP"
"SPIB",0,1.72158001421208,0.647,0.037,0,"17","SPIB"
"SPCS1",0,1.63779662922309,0.908,0.518,0,"17","SPCS1"
"NPC23",0,1.60836808857439,0.869,0.446,0,"17","NPC2"
"CD745",0,1.57701133005131,0.99,0.684,0,"17","CD74"
"SOX41",0,1.57339990052623,0.586,0.157,0,"17","SOX4"
"CYB561A3",0,1.56003146324578,0.685,0.129,0,"17","CYB561A3"
"PPIB1",0,1.55842194079367,0.906,0.595,0,"17","PPIB"
"MAPKAPK2",0,1.53530780931742,0.744,0.193,0,"17","MAPKAPK2"
"TSPAN131",0,1.53245691853374,0.622,0.049,0,"17","TSPAN13"
"SMPD3",0,1.52236217114646,0.57,0.022,0,"17","SMPD3"
"HERPUD11",0,1.5191714968403,0.875,0.426,0,"17","HERPUD1"
"RRBP11",0,1.51205126146146,0.787,0.221,0,"17","RRBP1"
"SSR4",0,1.50016920309762,0.933,0.691,0,"17","SSR4"
"DNASE1L3",0,1.49170519639399,0.549,0.016,0,"17","DNASE1L3"
"STMN1",0,1.43725009663534,0.697,0.138,0,"17","STMN1"
"PTCRA",0,1.43108427786259,0.525,0.003,0,"17","PTCRA"
"GAPT",0,1.42320611525575,0.634,0.114,0,"17","GAPT"
"RNASE63",0,1.38463155984701,0.74,0.158,0,"17","RNASE6"
"FAM129C",0,1.36201178665812,0.581,0.036,0,"17","FAM129C"
"UBE2J1",0,1.3495978416862,0.782,0.242,0,"17","UBE2J1"
"CCDC186",0,1.3293228070786,0.734,0.241,0,"17","CCDC186"
"OFD1",0,1.30373205468843,0.653,0.208,0,"17","OFD1"
"VEGFB",0,1.30301716613867,0.664,0.139,0,"17","VEGFB"
"SLC15A4",0,1.29300499904313,0.599,0.105,0,"17","SLC15A4"
"CD2AP",0,1.25510869632489,0.647,0.141,0,"17","CD2AP"
"RUNX2",0,1.25496001041731,0.607,0.062,0,"17","RUNX2"
"SEC11C",0,1.25379693758128,0.64,0.256,0,"17","SEC11C"
"GPX14",0,1.2473187024245,0.889,0.418,0,"17","GPX1"
"COBLL1",0,1.23264072414061,0.609,0.068,0,"17","COBLL1"
"PTPRE3",0,1.18231824713818,0.732,0.306,0,"17","PTPRE"
"CCDC88A4",0,1.17715272406453,0.687,0.215,0,"17","CCDC88A"
"FKBP2",0,1.16728410610166,0.761,0.254,0,"17","FKBP2"
"RNASET21",0,1.16634867723936,0.866,0.475,0,"17","RNASET2"
"PARK71",0,1.16628308678983,0.884,0.553,0,"17","PARK7"
"MPEG12",0,1.14173853349758,0.728,0.262,0,"17","MPEG1"
"PLEK3",0,1.1390215094615,0.808,0.385,0,"17","PLEK"
"TRAF4",0,1.12670402647968,0.501,0.043,0,"17","TRAF4"
"VAMP83",0,1.11825714757291,0.852,0.553,0,"17","VAMP8"
"SEL1L3",0,1.11009488050686,0.617,0.078,0,"17","SEL1L3"
"BLNK",0,1.10491771281948,0.553,0.035,0,"17","BLNK"
"MEF2C3",0,1.09514790697401,0.815,0.262,0,"17","MEF2C"
"PPM1K",0,1.07665004481059,0.68,0.181,0,"17","PPM1K"
"PLP2",0,1.07504136787754,0.79,0.402,0,"17","PLP2"
"CD42",0,1.07168370541193,0.657,0.253,0,"17","CD4"
"CYBA2",0,1.06577837287516,0.976,0.808,0,"17","CYBA"
"FCER1G4",0,1.06233460357641,0.817,0.383,0,"17","FCER1G"
"SFT2D2",0,1.05954027705793,0.671,0.248,0,"17","SFT2D2"
"PDIA4",0,1.05730257844246,0.614,0.168,0,"17","PDIA4"
"FCHSD2",0,1.05334764763913,0.615,0.141,0,"17","FCHSD2"
"ERP29",0,1.03252723816862,0.892,0.608,0,"17","ERP29"
"ZDHHC17",0,1.02121926490264,0.554,0.109,0,"17","ZDHHC17"
"SSR3",0,1.01824162233732,0.773,0.354,0,"17","SSR3"
"DAB22",0,1.0162680997439,0.514,0.062,0,"17","DAB2"
"LILRB4",0,1.01527850573187,0.531,0.066,0,"17","LILRB4"
"UNC93B1",0,1.0136270342858,0.626,0.169,0,"17","UNC93B1"
"RGS12",0,1.01244230623272,0.506,0.147,0,"17","RGS1"
"TAGLN23",0,1.00881948167743,0.898,0.615,0,"17","TAGLN2"
"CXXC5",0,1.00763224760029,0.663,0.151,0,"17","CXXC5"
"XBP1",0,0.999650876286747,0.732,0.333,0,"17","XBP1"
"TXN4",0,0.997339565073192,0.868,0.479,0,"17","TXN"
"HLA-DPA14",0,0.99707123762719,0.915,0.5,0,"17","HLA-DPA1"
"HLA-DMA5",0,0.989909068314024,0.76,0.304,0,"17","HLA-DMA"
"UCP2",0,0.985903408067543,0.821,0.425,0,"17","UCP2"
"OSTC1",0,0.978761205696658,0.775,0.342,0,"17","OSTC"
"OPN31",0,0.974063745907679,0.509,0.086,0,"17","OPN3"
"NUCB2",0,0.970645483238238,0.721,0.251,0,"17","NUCB2"
"CTSC1",0,0.968442797313888,0.755,0.376,0,"17","CTSC"
"PHACTR11",0,0.9683660523095,0.587,0.149,0,"17","PHACTR1"
"PHB",0,0.957284889395748,0.657,0.235,0,"17","PHB"
"SPCS3",0,0.954770771490956,0.81,0.431,0,"17","SPCS3"
"LMAN11",0,0.94802563340006,0.633,0.214,0,"17","LMAN1"
"C12orf45",0,0.947133641774707,0.54,0.108,0,"17","C12orf45"
"TRAM1",0,0.941211649567596,0.804,0.393,0,"17","TRAM1"
"CD164",0,0.940294638400153,0.823,0.466,0,"17","CD164"
"TMED10",0,0.934514306888912,0.801,0.375,0,"17","TMED10"
"TGFBI2",0,0.933490084111659,0.637,0.211,0,"17","TGFBI"
"IDH3A",0,0.928705599312699,0.513,0.102,0,"17","IDH3A"
"HLA-DRA5",0,0.921303045619937,0.94,0.554,0,"17","HLA-DRA"
"SEC61G1",0,0.918356214778911,0.852,0.533,0,"17","SEC61G"
"SLAMF71",0,0.911109951190585,0.54,0.084,0,"17","SLAMF7"
"GNG7",0,0.904438554587544,0.534,0.058,0,"17","GNG7"
"MLEC",0,0.883970269599258,0.63,0.188,0,"17","MLEC"
"GNAS2",0,0.873762089752432,0.922,0.739,0,"17","GNAS"
"CSF2RB1",0,0.87205306332825,0.507,0.087,0,"17","CSF2RB"
"DCK",0,0.870993638374327,0.564,0.169,0,"17","DCK"
"CTSZ5",0,0.868544602078839,0.779,0.348,0,"17","CTSZ"
"TM9SF2",0,0.863736744204406,0.709,0.262,0,"17","TM9SF2"
"B4GALT11",0,0.849011238859371,0.64,0.256,0,"17","B4GALT1"
"DUSP51",0,0.847153340786969,0.517,0.103,0,"17","DUSP5"
"CHD9",0,0.84487682577786,0.689,0.265,0,"17","CHD9"
"PLA2G161",0,0.825659747958598,0.541,0.112,0,"17","PLA2G16"
"HLA-DQA14",0,0.805145820670749,0.718,0.244,0,"17","HLA-DQA1"
"SULF2",0,0.795322858077859,0.569,0.183,0,"17","SULF2"
"A1BG",0,0.793371852344079,0.568,0.17,0,"17","A1BG"
"PTMS4",0,0.787914731311705,0.607,0.183,0,"17","PTMS"
"ERN1",0,0.75059364089764,0.534,0.156,0,"17","ERN1"
"MDFIC",0,0.741479157239862,0.619,0.222,0,"17","MDFIC"
"STX71",0,0.731996194079494,0.63,0.232,0,"17","STX7"
"HLA-DMB4",0,0.724942163781638,0.638,0.25,0,"17","HLA-DMB"
"HIGD1A",0,0.722310788633127,0.523,0.157,0,"17","HIGD1A"
"NGLY1",0,0.719960138936105,0.578,0.178,0,"17","NGLY1"
"CDYL",0,0.719441550742865,0.524,0.154,0,"17","CDYL"
"MANF",0,0.717484770545248,0.526,0.181,0,"17","MANF"
"FAM60A",0,0.699075349898122,0.521,0.149,0,"17","FAM60A"
"CDK2AP2",0,0.686389743698727,0.609,0.232,0,"17","CDK2AP2"
"SPINT22",0,0.681421381049103,0.58,0.199,0,"17","SPINT2"
"TMEM109",0,0.679101771737507,0.505,0.159,0,"17","TMEM109"
"EIF2AK41",0,0.679038070790453,0.506,0.139,0,"17","EIF2AK4"
"CYTH4",0,0.666246619702497,0.563,0.198,0,"17","CYTH4"
"SYK2",0,0.635976130109041,0.586,0.207,0,"17","SYK"
"HLA-DPB14",1.2650330470438e-307,0.737120176896545,0.88,0.524,3.56600165631176e-303,"17","HLA-DPB1"
"ODC1",8.59948134235158e-306,0.580563264038828,0.576,0.214,2.42410779559549e-301,"17","ODC1"
"RPN2",1.21177964040511e-304,0.732392275447277,0.705,0.326,3.41588562833796e-300,"17","RPN2"
"CAT1",2.10571623746178e-304,0.70726800851705,0.578,0.23,5.93580350178101e-300,"17","CAT"
"CANX1",3.86744205717376e-302,0.811705037803776,0.801,0.437,1.09019324149671e-297,"17","CANX"
"GRN4",1.71906107788192e-298,0.762943804925836,0.787,0.376,4.84586127244133e-294,"17","GRN"
"CNPY32",1.99162969903479e-298,0.819717573235694,0.728,0.345,5.61420495860918e-294,"17","CNPY3"
"HLA-DRB15",8.04461502282872e-297,0.784662250669698,0.897,0.505,2.26769652878519e-292,"17","HLA-DRB1"
"SPCS2",2.63240469470832e-288,0.845568180258751,0.795,0.454,7.42048559391329e-284,"17","SPCS2"
"MYDGF2",3.17189056591895e-287,0.829658697517168,0.638,0.287,8.94124231626894e-283,"17","MYDGF"
"SRP14",6.54839593177808e-286,0.782868471116684,0.939,0.831,1.84592732920892e-281,"17","SRP14"
"NCF12",1.98393696060158e-283,0.5454569588839,0.775,0.343,5.5925198982398e-279,"17","NCF1"
"C9orf142",6.60130438136071e-280,0.771845344611661,0.666,0.295,1.86084169206177e-275,"17","C9orf142"
"OGT",1.46846043736973e-279,0.697270101694487,0.695,0.315,4.13944312690154e-275,"17","OGT"
"PDIA61",1.75424724852978e-277,0.766643073290522,0.72,0.353,4.94504756888059e-273,"17","PDIA6"
"SKAP22",4.32168097538512e-268,0.70698684588548,0.645,0.282,1.21823865015131e-263,"17","SKAP2"
"RAB11FIP12",2.35275827953241e-266,0.863358790149439,0.674,0.32,6.6321903141739e-262,"17","RAB11FIP1"
"EIF4A31",2.88335334687041e-265,0.556862523987141,0.535,0.206,8.12788474949299e-261,"17","EIF4A3"
"JAML2",6.48285156659646e-264,0.647373397159336,0.677,0.296,1.82745102810788e-259,"17","JAML"
"PRKCB2",2.76905291401288e-259,0.735170770384448,0.754,0.38,7.80568325931091e-255,"17","PRKCB"
"SMIM141",2.18515217424158e-258,0.592260953715614,0.514,0.2,6.15972546396959e-254,"17","SMIM14"
"CAPG4",5.32487365446981e-257,0.630826425054782,0.625,0.27,1.5010286344585e-252,"17","CAPG"
"USF2",6.64811560600359e-255,0.634738762613857,0.639,0.293,1.87403730817635e-250,"17","USF2"
"SUB11",4.15455692418562e-254,0.881951923084135,0.912,0.717,1.17112805135868e-249,"17","SUB1"
"SEP15",1.2444335015866e-247,0.595220474259135,0.685,0.313,3.50793359762246e-243,"17","SEP15"
"IRF2BP22",1.27575750046355e-243,0.794416255122604,0.713,0.381,3.59623281805669e-239,"17","IRF2BP2"
"HLA-DQB14",3.57244170014463e-243,0.645545538823336,0.756,0.367,1.00703559085377e-238,"17","HLA-DQB1"
"TMED9",7.62531920355742e-240,0.591144150163633,0.633,0.291,2.1495012302908e-235,"17","TMED9"
"SRPRA",1.40863258484892e-239,0.517675010204909,0.563,0.232,3.97079439343061e-235,"17","SRPRA"
"PPM1G",1.46822866166027e-238,0.625884865096782,0.679,0.326,4.13878977435414e-234,"17","PPM1G"
"CUX1",1.50950866177296e-238,0.603144820260129,0.594,0.257,4.2551539666718e-234,"17","CUX1"
"MS4A6A4",1.86321396770071e-235,0.778909627586928,0.594,0.252,5.25221385355154e-231,"17","MS4A6A"
"SELL",1.03457738278572e-231,0.752294746886035,0.772,0.427,2.91637018433466e-227,"17","SELL"
"DNAJC7",6.10140069016907e-230,0.619753277220296,0.705,0.356,1.71992384055176e-225,"17","DNAJC7"
"LYN2",1.61191963133451e-225,0.535254599699066,0.707,0.326,4.54384024876885e-221,"17","LYN"
"HSPA5",1.74077667422684e-225,0.752173867831939,0.804,0.479,4.90707536697805e-221,"17","HSPA5"
"SSR12",4.54170738901486e-224,0.589206707513547,0.667,0.319,1.2802618958894e-219,"17","SSR1"
"C11orf31",1.06553058045998e-223,0.575309269332244,0.731,0.357,3.00362415325865e-219,"17","C11orf31"
"CPNE3",5.16336217692202e-222,0.532835220358956,0.604,0.27,1.45550016405255e-217,"17","CPNE3"
"RNF1303",3.44750311708193e-220,0.563463040248435,0.626,0.283,9.71816653674226e-216,"17","RNF130"
"KDELR21",5.30631874324452e-219,0.533387435221311,0.574,0.255,1.4957981905332e-214,"17","KDELR2"
"CST35",1.23692599407673e-218,0.664778770928425,0.859,0.477,3.48677068470288e-214,"17","CST3"
"MTDH",1.37349154729251e-217,0.723564898128975,0.839,0.554,3.87173532266286e-213,"17","MTDH"
"SLC38A1",3.02971690257104e-208,0.539609596766554,0.658,0.306,8.5404689766575e-204,"17","SLC38A1"
"SIVA1",8.74995020100693e-201,0.595600702802312,0.669,0.342,2.46652346216184e-196,"17","SIVA1"
"ATP5A11",1.57772719135859e-200,0.569658190420912,0.711,0.367,4.44745517972072e-196,"17","ATP5A1"
"TMED2",2.05507746470607e-200,0.530444962764474,0.666,0.334,5.79305786525993e-196,"17","TMED2"
"TM9SF3",4.60551197573484e-200,0.538612537754232,0.639,0.312,1.29824777083989e-195,"17","TM9SF3"
"TACC13",5.05046964861316e-198,0.547249524866261,0.612,0.292,1.42367688924756e-193,"17","TACC1"
"FERMT31",7.29293340138439e-197,0.523290220585466,0.624,0.296,2.05580499651625e-192,"17","FERMT3"
"NDUFV21",3.24834754464723e-196,0.508371616977007,0.678,0.339,9.15676689360607e-192,"17","NDUFV2"
"ATP5G31",3.50520740139539e-194,0.587462837219352,0.764,0.419,9.88082914379347e-190,"17","ATP5G3"
"DHRS7",1.74112431313431e-193,0.543670043331935,0.662,0.336,4.90805532629431e-189,"17","DHRS7"
"ADI1",8.93056985759741e-193,0.50007242059187,0.528,0.235,2.51743833715813e-188,"17","ADI1"
"SELPLG",4.33893450771085e-192,0.584565364273697,0.592,0.284,1.22310224837861e-187,"17","SELPLG"
"HM13",3.10634076393806e-188,0.561770297136931,0.562,0.269,8.75646397946498e-184,"17","HM13"
"DPYSL25",3.52300122827118e-188,0.522748985391897,0.578,0.267,9.93098816237362e-184,"17","DPYSL2"
"NIN",3.4186755230466e-185,0.525833761375889,0.614,0.3,9.63690443191606e-181,"17","NIN"
"PDIA3",5.5120528591198e-185,0.595804685057371,0.803,0.512,1.55379258045728e-180,"17","PDIA3"
"FCGRT4",2.49938472153466e-179,0.522975605225273,0.675,0.34,7.04551559153405e-175,"17","FCGRT"
"P4HB1",1.22754940394216e-177,0.523065155075253,0.71,0.388,3.46033901477255e-173,"17","P4HB"
"TMEM258",8.79232640558633e-176,0.612390438211628,0.824,0.557,2.47846889047073e-171,"17","TMEM258"
"CALR2",5.89992734865549e-175,0.645884813436805,0.832,0.54,1.6631305203125e-170,"17","CALR"
"SAMHD12",6.73663567963751e-174,0.66660183918984,0.774,0.474,1.89899023173302e-169,"17","SAMHD1"
"TRIM22",1.11198663901257e-171,0.539091914549001,0.602,0.304,3.13457913671254e-167,"17","TRIM22"
"HMGN11",1.32367653905946e-169,0.56238136145741,0.861,0.593,3.73131179595471e-165,"17","HMGN1"
"HIST1H1D",1.22957575813548e-166,0.630851571257773,0.577,0.279,3.46605110460811e-162,"17","HIST1H1D"
"HLA-DRB53",2.3271311056702e-166,0.639169163205435,0.51,0.239,6.55994987377373e-162,"17","HLA-DRB5"
"HINT12",4.50591214649671e-165,0.523772210036678,0.926,0.795,1.27017157497596e-160,"17","HINT1"
"APEX1",1.5279923120216e-156,0.513077368477238,0.616,0.325,4.30725752835769e-152,"17","APEX1"
"PEBP12",2.65520823073047e-156,0.512544652319186,0.75,0.431,7.48476648160613e-152,"17","PEBP1"
"MDM4",4.75570643069649e-156,0.505073607097243,0.745,0.424,1.34058608574903e-151,"17","MDM4"
"AKAP9",5.1805876197071e-156,0.528948343297938,0.732,0.428,1.46035584411923e-151,"17","AKAP9"
"TTC32",9.06208150534865e-144,0.504707095921554,0.715,0.413,2.55451015554273e-139,"17","TTC3"
"SNX33",2.27464444442333e-143,0.517013256251209,0.769,0.488,6.41199522438491e-139,"17","SNX3"
"ATP5E1",2.06352216225426e-140,0.504864614298351,0.941,0.764,5.81686262317854e-136,"17","ATP5E"
"BST2",2.41781234544987e-139,0.524895458317019,0.71,0.411,6.81557122058864e-135,"17","BST2"
"PTBP31",1.1652276921309e-137,0.540005449502535,0.695,0.419,3.28466034134779e-133,"17","PTBP3"
"COMMD6",6.50186926536028e-137,0.576013114898803,0.898,0.758,1.83281192721241e-132,"17","COMMD6"
"YPEL5",1.51278990856367e-135,0.583359980079533,0.777,0.515,4.26440347325013e-131,"17","YPEL5"
"NR3C1",1.2774521615647e-131,0.507624378608587,0.638,0.36,3.60100989823474e-127,"17","NR3C1"
"H1FX",1.84402429830354e-110,0.660923700777832,0.738,0.495,5.19812009448785e-106,"17","H1FX"
"XIST",1.51736822943232e-85,0.608267591535374,0.55,0.348,4.27730930194676e-81,"17","XIST"
"RGS22",8.68377869532716e-76,0.642461895326049,0.56,0.36,2.44787037642577e-71,"17","RGS2"
"STMN11",0,3.22001947295546,0.848,0.139,0,"18","STMN1"
"HIST1H4C",0,2.84139821940095,0.771,0.346,0,"18","HIST1H4C"
"HMGB2",0,2.61401259836836,0.888,0.448,0,"18","HMGB2"
"TUBA1B3",0,2.51436178727127,0.885,0.49,0,"18","TUBA1B"
"MKI67",0,2.39784776509287,0.709,0.012,0,"18","MKI67"
"TOP2A",0,2.3803849001743,0.635,0.016,0,"18","TOP2A"
"CENPF",0,2.31311587249955,0.657,0.02,0,"18","CENPF"
"TUBB4",0,2.18846925730436,0.813,0.337,0,"18","TUBB"
"NUSAP1",0,2.13406070242695,0.644,0.028,0,"18","NUSAP1"
"H2AFZ1",0,1.99971423532887,0.848,0.512,0,"18","H2AFZ"
"TYMS",0,1.99110845334174,0.628,0.015,0,"18","TYMS"
"PTTG1",0,1.9113206387382,0.629,0.068,0,"18","PTTG1"
"HMGN2",0,1.89531102484209,0.898,0.648,0,"18","HMGN2"
"DUT",0,1.8650922517234,0.733,0.304,0,"18","DUT"
"KIAA0101",0,1.80363810917981,0.502,0.005,0,"18","KIAA0101"
"PCNA",0,1.75394393515655,0.597,0.094,0,"18","PCNA"
"HMGB11",0,1.7130928383939,0.967,0.867,0,"18","HMGB1"
"BIRC5",0,1.51470287513915,0.527,0.011,0,"18","BIRC5"
"SMC4",0,1.4813973179903,0.636,0.131,0,"18","SMC4"
"H2AFV1",0,1.4592718055458,0.76,0.396,0,"18","H2AFV"
"TPX2",0,1.45418746250036,0.51,0.012,0,"18","TPX2"
"TK1",0,1.37167794327643,0.513,0.014,0,"18","TK1"
"NASP",0,1.36871719143669,0.716,0.301,0,"18","NASP"
"CKS1B",0,1.33677715355985,0.567,0.09,0,"18","CKS1B"
"ANP32E",0,1.33024857853089,0.725,0.308,0,"18","ANP32E"
"FABP51",0,1.26103273622831,0.578,0.154,0,"18","FABP5"
"GAPDH2",0,1.20840883415797,0.957,0.84,0,"18","GAPDH"
"RPA3",0,1.19157780028932,0.618,0.177,0,"18","RPA3"
"SMC2",0,1.15643501316985,0.557,0.073,0,"18","SMC2"
"PPIA",0,1.10846263972531,0.93,0.835,0,"18","PPIA"
"NUDT1",0,1.08563241972305,0.637,0.186,0,"18","NUDT1"
"CKS2",0,1.08544793602883,0.508,0.105,0,"18","CKS2"
"C12orf751",0,1.05290429943413,0.661,0.236,0,"18","C12orf75"
"PTMA",0,1.03663112134519,0.995,0.982,0,"18","PTMA"
"MCM7",0,1.03316115410663,0.507,0.095,0,"18","MCM7"
"LMNB11",0,0.97415574815697,0.507,0.094,0,"18","LMNB1"
"DNAJC9",0,0.927423361014798,0.503,0.104,0,"18","DNAJC9"
"SKA2",0,0.867936238651424,0.525,0.121,0,"18","SKA2"
"CCDC167",0,0.838971436049079,0.542,0.159,0,"18","CCDC167"
"CARHSP1",2.77865660413021e-302,0.984514647733121,0.589,0.201,7.83275510138265e-298,"18","CARHSP1"
"CBX5",8.66971139851116e-293,0.823559196045588,0.562,0.18,2.44390494612631e-288,"18","CBX5"
"DEK",4.42832157895249e-289,1.31981420566624,0.834,0.57,1.24829956989092e-284,"18","DEK"
"RANBP1",1.71677354774974e-287,1.18611040396648,0.691,0.312,4.83941295375174e-283,"18","RANBP1"
"EBP",2.37656699538752e-284,0.70277454098166,0.523,0.156,6.69930470329788e-280,"18","EBP"
"DDX39A",1.84735370065148e-283,0.772803996751177,0.567,0.186,5.20750534676644e-279,"18","DDX39A"
"RAN1",1.7285899297191e-282,1.19611135701498,0.821,0.518,4.87272215288516e-278,"18","RAN"
"DNMT1",5.80957869514815e-282,1.00522257531248,0.634,0.241,1.63766213837531e-277,"18","DNMT1"
"HSPB111",1.01639091722253e-278,0.777953529011608,0.56,0.182,2.86510435655859e-274,"18","HSPB11"
"NUCKS12",7.17699763438605e-276,1.20328778012544,0.831,0.511,2.02312386315708e-271,"18","NUCKS1"
"HIST1H1C",5.28471458188687e-275,1.49386226907097,0.628,0.247,1.48970819348809e-270,"18","HIST1H1C"
"IDH2",6.37916690647726e-263,0.903044497104799,0.565,0.2,1.79822335926688e-258,"18","IDH2"
"SNRPD1",7.63395435644764e-257,0.969660136179409,0.717,0.34,2.15193539353903e-252,"18","SNRPD1"
"USP1",1.09485559714925e-254,0.829183679007093,0.552,0.191,3.08628844280402e-250,"18","USP1"
"TUBA1C2",3.14644025075288e-250,1.06515095657955,0.541,0.186,8.86950042284728e-246,"18","TUBA1C"
"UBE2S",4.54902991023948e-247,1.11563954604726,0.594,0.232,1.28232604139741e-242,"18","UBE2S"
"TMPO",1.94536185594256e-242,1.13303280107447,0.714,0.346,5.48378053571649e-238,"18","TMPO"
"SMC3",6.94871306665078e-234,0.888526606842305,0.637,0.265,1.95877272635819e-229,"18","SMC3"
"ANP32B",7.59335162388132e-232,1.0660430176484,0.832,0.617,2.14048988925591e-227,"18","ANP32B"
"HNRNPA2B1",5.71287983417733e-227,0.85715114760267,0.932,0.852,1.61040369645625e-222,"18","HNRNPA2B1"
"ACTG13",4.4287112462326e-222,1.06006787013316,0.959,0.9,1.24840941320051e-217,"18","ACTG1"
"HSP90AA13",7.18259246382137e-219,0.858799676945261,0.935,0.852,2.02470098962661e-214,"18","HSP90AA1"
"SLC25A51",3.63446009820568e-216,1.06415639016782,0.8,0.538,1.0245179570832e-211,"18","SLC25A5"
"HIST1H1D1",8.33943289271181e-215,1.52639012321311,0.631,0.279,2.35080273812653e-210,"18","HIST1H1D"
"ALYREF",8.94168392149524e-214,0.715920869977208,0.52,0.189,2.52057128063029e-209,"18","ALYREF"
"HNRNPAB",5.98072943381473e-213,0.985669642909003,0.68,0.334,1.68590782009804e-208,"18","HNRNPAB"
"COX8A",4.87761016756952e-210,0.980943069991437,0.834,0.624,1.37494953013617e-205,"18","COX8A"
"PSMD14",1.95688278046062e-203,0.618473349160086,0.526,0.189,5.51625686984043e-199,"18","PSMD14"
"SNRPG1",3.04754806411417e-196,0.962299942337364,0.723,0.416,8.59073323793144e-192,"18","SNRPG"
"CHCHD2",6.9110048185126e-196,0.812134010794861,0.871,0.758,1.94814314829052e-191,"18","CHCHD2"
"MRPL511",7.80003335528893e-195,0.847701287035812,0.657,0.317,2.1987514025224e-190,"18","MRPL51"
"SNRPB",1.06528901994522e-194,0.945630573001648,0.765,0.494,3.00294321832358e-190,"18","SNRPB"
"SUB12",1.77388383076175e-189,0.990341068789998,0.868,0.718,5.00040113053431e-185,"18","SUB1"
"TXNDC17",1.33091196707621e-185,0.811794819237608,0.584,0.248,3.75170774399113e-181,"18","TXNDC17"
"SNRPF",1.29930688212101e-184,0.871767781787381,0.736,0.421,3.66261617001092e-180,"18","SNRPF"
"PSMC3",3.30409861023702e-182,0.653128003405281,0.584,0.241,9.31392357239715e-178,"18","PSMC3"
"MT2A3",1.44382319344039e-181,1.03750447196301,0.771,0.428,4.06999319998911e-177,"18","MT2A"
"TUBB4B",3.36635578633652e-180,0.975609378064251,0.718,0.378,9.48942032610401e-176,"18","TUBB4B"
"MZT2B",1.41455944139555e-179,0.860230500006716,0.828,0.627,3.98750160934992e-175,"18","MZT2B"
"CACYBP",4.23566675522508e-179,0.738986675677324,0.625,0.286,1.1939921016304e-174,"18","CACYBP"
"PSMA4",4.09874385223522e-178,0.825987563106952,0.719,0.4,1.15539490450659e-173,"18","PSMA4"
"CALM32",3.26887490964441e-176,0.970189791049831,0.72,0.439,9.21463148279664e-172,"18","CALM3"
"LDHA3",7.17802853944568e-176,0.897678883686326,0.811,0.543,2.02341446498434e-171,"18","LDHA"
"LSM5",1.30262480638774e-173,0.729830155385634,0.648,0.313,3.6719690667264e-169,"18","LSM5"
"PFN11",4.27339051535348e-172,0.986221009649693,0.938,0.886,1.20462605237299e-167,"18","PFN1"
"LSM3",2.49855595562879e-171,0.749478531642636,0.665,0.338,7.04317938332198e-167,"18","LSM3"
"RBBP7",2.86100369284557e-171,0.639062728130152,0.566,0.237,8.06488330976239e-167,"18","RBBP7"
"LSM41",5.61541869468934e-171,0.771051467638098,0.628,0.313,1.58293037584598e-166,"18","LSM4"
"FDPS1",4.17109398443708e-170,0.596747752419747,0.554,0.228,1.17578968327297e-165,"18","FDPS"
"PSME2",1.84322521270849e-169,0.884295068640686,0.788,0.515,5.19586755210395e-165,"18","PSME2"
"COX5A1",2.3931842452819e-168,0.829650313167558,0.727,0.43,6.74614706902516e-164,"18","COX5A"
"RAD21",1.05775268438513e-166,0.885463203651272,0.721,0.414,2.98169904201325e-162,"18","RAD21"
"ENO11",4.90854526186676e-166,0.868432468094561,0.841,0.618,1.38366982386762e-161,"18","ENO1"
"PARP1",1.11690468956183e-164,0.648987014624026,0.568,0.248,3.14844262940585e-160,"18","PARP1"
"RNASEH2B",1.32435449018647e-163,0.592296025857361,0.537,0.218,3.73322287238664e-159,"18","RNASEH2B"
"MZT2A",5.20550816544512e-162,0.736503411449251,0.686,0.362,1.46738069675732e-157,"18","MZT2A"
"VDAC3",2.57413757836368e-161,0.633704168516407,0.564,0.25,7.25623641964938e-157,"18","VDAC3"
"PSMB2",1.57197698379478e-159,0.728875455336747,0.6,0.283,4.4312459196191e-155,"18","PSMB2"
"HMGN12",2.62000625565695e-159,0.811536399184476,0.819,0.594,7.38553563407139e-155,"18","HMGN1"
"PPM1G1",3.07143670871379e-159,0.731235910835954,0.646,0.327,8.65807293819329e-155,"18","PPM1G"
"SMC1A",3.24895832289844e-159,0.654235183776037,0.546,0.234,9.15848861641842e-155,"18","SMC1A"
"CBX3",8.00278272825137e-159,0.833286616532024,0.752,0.489,2.25590442326678e-154,"18","CBX3"
"DBI1",1.76988103283057e-158,0.743329502307932,0.819,0.561,4.9891176434461e-154,"18","DBI"
"CFL12",5.09286686106147e-158,0.859911614495844,0.925,0.867,1.43562823946462e-153,"18","CFL1"
"PSMA5",8.73953614077549e-157,0.705547676915677,0.635,0.314,2.4635878427232e-152,"18","PSMA5"
"CDK2AP21",5.73230401628038e-156,0.602958148971057,0.552,0.233,1.61587917914928e-151,"18","CDK2AP2"
"BUB3",2.53954724580324e-155,0.701378347215111,0.597,0.279,7.15872973119474e-151,"18","BUB3"
"GTF3C6",4.18464299782918e-154,0.609344572631194,0.571,0.256,1.17960901465807e-149,"18","GTF3C6"
"HNRNPF",5.99795690011456e-154,0.822280103487332,0.714,0.436,1.69076407057329e-149,"18","HNRNPF"
"NDUFB3",5.57787033914348e-153,0.667099354447765,0.64,0.32,1.57234586990116e-148,"18","NDUFB3"
"HNRNPR",1.31637270776265e-152,0.762663364473562,0.733,0.455,3.71072302591214e-148,"18","HNRNPR"
"YBX12",2.35128563876061e-152,0.673448283693301,0.916,0.832,6.62803908710228e-148,"18","YBX1"
"ILF2",3.58556446270257e-152,0.603866009392863,0.578,0.261,1.01073476639123e-147,"18","ILF2"
"PSMB8",1.79701213822474e-151,0.843699758605355,0.741,0.473,5.06559751644173e-147,"18","PSMB8"
"YWHAQ2",4.75813741302025e-151,0.772494700116551,0.694,0.4,1.34127135535628e-146,"18","YWHAQ"
"SNRPE",4.570709066344e-150,0.761209354479289,0.677,0.379,1.28843717871171e-145,"18","SNRPE"
"ARL6IP1",1.73498048212241e-149,0.932615391764887,0.645,0.328,4.89073648105487e-145,"18","ARL6IP1"
"PSMA21",2.57686136165749e-149,0.720283216228952,0.657,0.342,7.26391449237631e-145,"18","PSMA2"
"PDCD51",6.35418707743482e-149,0.595623136450394,0.604,0.282,1.7911817952581e-144,"18","PDCD5"
"MDH1",1.6534476521043e-148,0.57206291859035,0.546,0.239,4.66090358651682e-144,"18","MDH1"
"CCT5",5.01829049255269e-146,0.666968645998297,0.597,0.283,1.41460590694568e-141,"18","CCT5"
"DCTN3",1.58352026598154e-143,0.681369559817887,0.647,0.33,4.46378527777537e-139,"18","DCTN3"
"PDIA62",3.47665867858535e-143,0.747179202921638,0.663,0.354,9.80035314906425e-139,"18","PDIA6"
"CALM1",4.76184528856382e-143,0.714726325470668,0.941,0.889,1.34231656839326e-138,"18","CALM1"
"PSMA3",1.18610090639005e-142,0.608289039930357,0.579,0.271,3.34349984502291e-138,"18","PSMA3"
"SUPT16H",1.22539978832788e-142,0.634791851262191,0.579,0.272,3.45427946331746e-138,"18","SUPT16H"
"PSMB9",2.16896722578685e-141,0.84381786932692,0.745,0.499,6.11410171277056e-137,"18","PSMB9"
"ACTB3",5.34677435919149e-139,0.82969617588664,0.98,0.977,1.50720222411249e-134,"18","ACTB"
"PRDX2",9.08502531661151e-139,0.738886541242718,0.662,0.366,2.56097778649962e-134,"18","PRDX2"
"ERH",1.54467197585977e-137,0.739242304395979,0.689,0.422,4.35427583275111e-133,"18","ERH"
"HNRNPD",2.73969632787337e-137,0.759184039236973,0.769,0.522,7.72292997864224e-133,"18","HNRNPD"
"PSMA7",5.65390911277098e-137,0.739368507393676,0.822,0.634,1.59378043979901e-132,"18","PSMA7"
"SIVA11",1.20012505070167e-136,0.785823066899186,0.624,0.343,3.38303250542294e-132,"18","SIVA1"
"COX6C1",1.73436190436218e-136,0.693425788202219,0.849,0.725,4.88899277220655e-132,"18","COX6C"
"PRKDC",4.90244045761997e-136,0.703731761028455,0.614,0.318,1.38194894059849e-131,"18","PRKDC"
"PA2G4",6.358264570749e-136,0.758050604865002,0.718,0.433,1.79233119984844e-131,"18","PA2G4"
"HNRNPA3",8.51124680222045e-135,0.733953968331626,0.855,0.695,2.39923536107792e-130,"18","HNRNPA3"
"CLIC11",1.49434795796472e-134,0.755008520673888,0.848,0.666,4.21241745870676e-130,"18","CLIC1"
"HIST1H1E",1.67003211585756e-134,1.15652929148541,0.591,0.302,4.70765353139087e-130,"18","HIST1H1E"
"SNRPD3",1.80634321470137e-131,0.657703182836176,0.68,0.386,5.09190088792169e-127,"18","SNRPD3"
"SNRPC",3.01886599356369e-131,0.504776678328507,0.58,0.272,8.50988134925668e-127,"18","SNRPC"
"SRSF3",3.22059949108492e-131,0.609563587818767,0.865,0.706,9.07854790541928e-127,"18","SRSF3"
"HDGF",4.96195044225166e-131,0.60060444772778,0.575,0.273,1.39872421016632e-126,"18","HDGF"
"PSMD8",4.86346978034879e-129,0.65014227162652,0.716,0.425,1.37096349638252e-124,"18","PSMD8"
"NDUFA12",1.22915366903325e-127,0.622383725924815,0.695,0.395,3.46486127763782e-123,"18","NDUFA12"
"GLRX5",1.76237992819768e-127,0.514637619100979,0.532,0.24,4.96797277959643e-123,"18","GLRX5"
"CALR3",1.0416723104098e-126,0.788016357667278,0.793,0.541,2.9363700758142e-122,"18","CALR"
"HMGA1",2.71927961279522e-125,0.557416161808365,0.513,0.235,7.66537730050846e-121,"18","HMGA1"
"ARPC5L",5.11168145574684e-125,0.529423217404954,0.614,0.298,1.44093188556048e-120,"18","ARPC5L"
"IFI162",2.16705278914999e-124,0.721292870244895,0.738,0.461,6.1087051073349e-120,"18","IFI16"
"YWHAH2",4.91363594628331e-124,0.581683403442867,0.562,0.271,1.3851048368978e-119,"18","YWHAH"
"PSMB61",1.95057498845224e-123,0.591159139170881,0.67,0.369,5.49847583494802e-119,"18","PSMB6"
"MPC21",4.70558305159839e-123,0.507149610822116,0.548,0.252,1.32645680641507e-118,"18","MPC2"
"ARPC21",4.65183790628515e-122,0.61697513235592,0.902,0.818,1.31130658740272e-117,"18","ARPC2"
"HSPD12",6.68819999846653e-121,0.756866401980658,0.645,0.37,1.88533669756773e-116,"18","HSPD1"
"ANAPC111",2.05628175307246e-120,0.610260275725821,0.664,0.371,5.79645263373597e-116,"18","ANAPC11"
"PARK72",1.84343714013206e-119,0.705494301857784,0.764,0.554,5.19646495431826e-115,"18","PARK7"
"MAGOH",2.67912802599804e-119,0.587201906978485,0.607,0.313,7.55219399248589e-115,"18","MAGOH"
"CCT2",7.02622697563804e-119,0.552159215541627,0.522,0.247,1.98062312216261e-114,"18","CCT2"
"PPP1CA",3.43445679993746e-118,0.682596094464571,0.73,0.493,9.68139027334371e-114,"18","PPP1CA"
"NDUFS6",9.51533347060866e-118,0.61881428095745,0.714,0.437,2.68227735202987e-113,"18","NDUFS6"
"HSPE13",1.31903259596791e-116,0.711655543731239,0.687,0.411,3.71822098477395e-112,"18","HSPE1"
"VDAC11",2.08837330248606e-116,0.61975163509875,0.638,0.353,5.88691550237796e-112,"18","VDAC1"
"PRDX14",2.36787008681606e-116,0.906719802255311,0.692,0.454,6.67478898772579e-112,"18","PRDX1"
"SET",2.63715069333321e-116,0.690244597029674,0.855,0.725,7.43386408943698e-112,"18","SET"
"BANF1",1.0908616686786e-115,0.555225602458736,0.604,0.315,3.07502995783809e-111,"18","BANF1"
"MAZ",1.16640819045722e-115,0.545041881099019,0.547,0.264,3.28798804807986e-111,"18","MAZ"
"GZMA",1.91641021913865e-114,1.0639118132994,0.523,0.262,5.40216876672995e-110,"18","GZMA"
"NDUFV22",2.38531450090556e-114,0.643671045978586,0.617,0.34,6.72396304660269e-110,"18","NDUFV2"
"NDUFA6",3.28566683355716e-114,0.537783357859623,0.62,0.327,9.26196623711428e-110,"18","NDUFA6"
"NUCB21",2.10576499643228e-112,0.660582206193788,0.532,0.253,5.93594094844297e-108,"18","NUCB2"
"PSMB3",7.34225888967021e-112,0.625867719040433,0.711,0.451,2.06970935840914e-107,"18","PSMB3"
"TPI11",2.34309297429869e-111,0.725783797909336,0.766,0.552,6.60494478525057e-107,"18","TPI1"
"COX6A11",5.37265451408469e-110,0.629177516871126,0.791,0.598,1.51449758097533e-105,"18","COX6A1"
"COX7A2",1.3067631644174e-109,0.600309673688199,0.824,0.668,3.68363468417621e-105,"18","COX7A2"
"HINT13",2.28141120982688e-106,0.577431879194538,0.898,0.796,6.431070059381e-102,"18","HINT1"
"POMP2",3.08668097357873e-106,0.619968166670912,0.74,0.489,8.70104499642108e-102,"18","POMP"
"TPM45",3.33509918653303e-106,0.625493282833518,0.654,0.379,9.40131109691796e-102,"18","TPM4"
"NDUFAB1",3.87394605082656e-106,0.525308681632888,0.596,0.315,1.0920266522675e-101,"18","NDUFAB1"
"RBX11",8.07580535802926e-106,0.621977484546302,0.72,0.475,2.27648877237487e-101,"18","RBX1"
"YWHAE2",1.75596934072572e-105,0.58577080697798,0.701,0.429,4.94990197457173e-101,"18","YWHAE"
"XRCC5",4.74241759068644e-103,0.627115920415591,0.755,0.534,1.3368400946386e-98,"18","XRCC5"
"SERBP1",1.20204423106292e-102,0.633875857688135,0.818,0.636,3.38844248294326e-98,"18","SERBP1"
"RALY",4.81915427872706e-102,0.528784949811281,0.584,0.308,1.35847139963037e-97,"18","RALY"
"SLC9A3R1",8.02892839640537e-102,0.515018193077806,0.578,0.303,2.26327462566271e-97,"18","SLC9A3R1"
"SLC25A32",8.59445623941126e-101,0.593759316435995,0.805,0.622,2.42269126932764e-96,"18","SLC25A3"
"EIF5A",8.88931855794145e-101,0.63363474031635,0.764,0.545,2.50581000829812e-96,"18","EIF5A"
"NPM11",1.91792151863441e-100,0.620391932806545,0.904,0.825,5.40642896887854e-96,"18","NPM1"
"SRP9",5.68077135283235e-98,0.559571887496829,0.68,0.422,1.60135263664991e-93,"18","SRP9"
"NAA38",8.75185320518906e-98,0.545226909416191,0.654,0.38,2.46705990001074e-93,"18","NAA38"
"LBR",6.87472315761098e-97,0.573461290732797,0.59,0.321,1.93791571089896e-92,"18","LBR"
"PGAM11",9.21614971537869e-97,0.598613596848712,0.657,0.404,2.5979404432681e-92,"18","PGAM1"
"COX7B",6.10422711555771e-94,0.549612915772368,0.789,0.597,1.72072058160456e-89,"18","COX7B"
"RPLP0",1.28269831764143e-93,0.501875849755641,0.959,0.93,3.61579828759942e-89,"18","RPLP0"
"SRSF10",2.5282765377271e-93,0.569749206996048,0.682,0.425,7.12695873219893e-89,"18","SRSF10"
"CRIP14",3.93953733228843e-93,0.978583970999299,0.627,0.371,1.11051617859878e-88,"18","CRIP1"
"PSIP1",4.85501114765285e-91,0.523417554675309,0.643,0.365,1.36857909241186e-86,"18","PSIP1"
"HNRNPA1",6.25564136751071e-91,0.500163546340354,0.911,0.843,1.7634027450876e-86,"18","HNRNPA1"
"XRCC6",1.04128054613508e-90,0.505592465361281,0.649,0.389,2.93526573150019e-86,"18","XRCC6"
"NDUFA41",1.10469318441764e-89,0.528701037145926,0.834,0.704,3.11401961755488e-85,"18","NDUFA4"
"DYNLL14",2.64937807033914e-88,0.557216203684352,0.76,0.512,7.468331842479e-84,"18","DYNLL1"
"NDUFB2",1.92315805635842e-87,0.533821066419055,0.778,0.575,5.42119024506876e-83,"18","NDUFB2"
"NDUFC2",4.58012920049589e-87,0.516994340165902,0.662,0.41,1.29109262032779e-82,"18","NDUFC2"
"UQCRH1",8.56551218500073e-87,0.51701853401729,0.813,0.671,2.41453222982986e-82,"18","UQCRH"
"CORO1A",7.99879376711231e-86,0.806415184283437,0.747,0.669,2.25477997501129e-81,"18","CORO1A"
"UQCRQ1",2.16727662756628e-85,0.550793451389256,0.719,0.49,6.10933608544658e-81,"18","UQCRQ"
"NDUFA2",3.17864339871935e-84,0.508704771134374,0.682,0.44,8.96027787664998e-80,"18","NDUFA2"
"HNRNPM",8.02920724088725e-84,0.569419220669098,0.758,0.543,2.26335322913371e-79,"18","HNRNPM"
"MIF4",4.94478303109032e-83,0.829475264755049,0.613,0.358,1.39388488863405e-78,"18","MIF"
"C1QBP",1.30227006256202e-82,0.531755277435193,0.59,0.342,3.67096907935609e-78,"18","C1QBP"
"ANXA25",2.89971352832729e-82,0.577447247806912,0.771,0.52,8.17400246500179e-78,"18","ANXA2"
"SUMO2",3.77167774886631e-81,0.508873973435731,0.842,0.731,1.06319824062792e-76,"18","SUMO2"
"UBB1",6.15332886526647e-81,0.557387612497277,0.867,0.781,1.73456187382996e-76,"18","UBB"
"PTGES3",1.43495040117935e-80,0.54546632587761,0.765,0.582,4.04498168588448e-76,"18","PTGES3"
"NDUFB10",6.16451268558319e-79,0.514862414801698,0.694,0.464,1.73771448093904e-74,"18","NDUFB10"
"SRSF2",1.06594047934431e-78,0.50242868359663,0.745,0.556,3.00477961722368e-74,"18","SRSF2"
"NDUFB41",1.12303918804963e-78,0.511740958221226,0.699,0.465,3.16573516719309e-74,"18","NDUFB4"
"RBM8A",3.24394749176943e-78,0.513934549763385,0.723,0.482,9.14436358454884e-74,"18","RBM8A"
"ATP5G32",1.05413203727285e-76,0.78502387840671,0.577,0.421,2.97149279986844e-72,"18","ATP5G3"
"SPCS21",1.09604440747351e-76,0.520073826927562,0.691,0.455,3.08963958022708e-72,"18","SPCS2"
"NCL",1.53582148780122e-76,0.591725905303402,0.85,0.731,4.32932719196285e-72,"18","NCL"
"RAC2",8.055185638297e-75,0.654956573169271,0.692,0.551,2.27067627957954e-70,"18","RAC2"
"PPIB2",2.08342705143371e-74,0.653151491064467,0.774,0.596,5.87297251528647e-70,"18","PPIB"
"ARHGDIB",6.7143572874819e-74,0.652130317344028,0.794,0.765,1.89271017576827e-69,"18","ARHGDIB"
"ARPC52",8.25465253540882e-71,0.516077093999943,0.8,0.642,2.32690400320639e-66,"18","ARPC5"
"CD991",5.31889867543996e-70,0.59642306078706,0.709,0.542,1.49934434761977e-65,"18","CD99"
"EIF2S2",1.99713106025792e-69,0.507450305115873,0.659,0.439,5.62971274576105e-65,"18","EIF2S2"
"ATP5B2",2.74623567287843e-67,0.578732157882054,0.537,0.342,7.741363738277e-63,"18","ATP5B"
"LDHB1",2.1232173466675e-64,0.509303884810004,0.721,0.526,5.98513737852102e-60,"18","LDHB"
"PKM4",3.86707256865394e-62,0.516485353158231,0.703,0.487,1.09008908637786e-57,"18","PKM"
"ATP5J21",1.36363486263172e-59,0.584052399904999,0.583,0.432,3.84395031427255e-55,"18","ATP5J2"
"ATP5J",7.57979711715228e-49,0.516413890301111,0.55,0.404,2.13666900935406e-44,"18","ATP5J"
"CNN2",2.32825480631581e-47,0.502504828608266,0.532,0.364,6.56311747352364e-43,"18","CNN2"
"IL321",9.19884069017285e-46,0.776481249042811,0.633,0.509,2.59306120215282e-41,"18","IL32"
"HSP90B12",1.55458492280077e-41,0.574975332120498,0.764,0.61,4.38221943888308e-37,"18","HSP90B1"
"LGALS16",8.65876027480078e-33,0.753183554950921,0.757,0.604,2.44081793386359e-28,"18","LGALS1"
"KRT14",0,4.51076993572622,0.704,0.088,0,"19","KRT14"
"KRT5",0,4.34676788647757,0.6,0.06,0,"19","KRT5"
"KRT1",0,4.3388009405679,0.732,0.074,0,"19","KRT1"
"LGALS7",0,4.20484741619642,0.658,0.044,0,"19","LGALS7"
"KRT10",0,4.1242795621051,0.873,0.501,0,"19","KRT10"
"AC004086.11",0,4.01400616824319,0.869,0.04,0,"19","AC004086.1"
"LGALS7B",0,3.94418274443233,0.681,0.057,0,"19","LGALS7B"
"SFN",0,3.88432113861649,0.763,0.085,0,"19","SFN"
"DMKN",0,3.49435649759793,0.679,0.105,0,"19","DMKN"
"SYPL12",0,3.26184247515686,0.917,0.243,0,"19","SYPL1"
"MT1X2",0,3.22777076420931,0.655,0.198,0,"19","MT1X"
"LY6D",0,3.22301001564857,0.643,0.053,0,"19","LY6D"
"H3-3B1",0,3.21314550165843,0.768,0.04,0,"19","H3-3B"
"S100A7",0,3.14306879170473,0.526,0.128,0,"19","S100A7"
"S100A2",0,3.1385380948244,0.506,0.082,0,"19","S100A2"
"KRTDAP",0,2.99081708731151,0.712,0.114,0,"19","KRTDAP"
"S100A14",0,2.83763500927921,0.647,0.059,0,"19","S100A14"
"HSPB14",0,2.72812393492913,0.811,0.307,0,"19","HSPB1"
"FXYD3",0,2.71960095433899,0.617,0.05,0,"19","FXYD3"
"RACK14",0,2.60072882906053,0.899,0.166,0,"19","RACK1"
"DSP",0,2.41492595293475,0.555,0.068,0,"19","DSP"
"S100A16",0,2.41076865089629,0.612,0.07,0,"19","S100A16"
"LARP1B2",0,2.39122547349596,0.642,0.114,0,"19","LARP1B"
"ATP5MD4",0,2.31872566210262,0.65,0.128,0,"19","ATP5MD"
"HSPA1A3",0,2.27020819620179,0.714,0.23,0,"19","HSPA1A"
"ATP5MC24",0,2.26771500436033,0.679,0.129,0,"19","ATP5MC2"
"ELOB4",0,2.25044390276713,0.662,0.14,0,"19","ELOB"
"ATP5ME4",0,2.19857323218719,0.633,0.118,0,"19","ATP5ME"
"JUP",0,2.19717964717302,0.529,0.106,0,"19","JUP"
"ATP5F1B3",0,2.17237975134265,0.564,0.103,0,"19","ATP5F1B"
"ATP5MC34",0,2.15265934046717,0.533,0.104,0,"19","ATP5MC3"
"HSPA1B2",0,2.13030544943701,0.553,0.116,0,"19","HSPA1B"
"ATP5F1D4",0,2.08280502854534,0.583,0.115,0,"19","ATP5F1D"
"CD92",0,2.02585825225021,0.51,0.12,0,"19","CD9"
"ATP5PF4",0,2.01459723559083,0.546,0.114,0,"19","ATP5PF"
"ATP5MF4",0,2.00412584632219,0.567,0.114,0,"19","ATP5MF"
"ATP5MG4",0,1.98733418025834,0.655,0.149,0,"19","ATP5MG"
"ATP5MPL4",0,1.98122628161019,0.571,0.122,0,"19","ATP5MPL"
"RPL173",0,1.96452330236161,0.888,0.618,0,"19","RPL17"
"ATP5F1A3",0,1.92423956229693,0.521,0.09,0,"19","ATP5F1A"
"ATP5PD3",0,1.90860093069839,0.505,0.095,0,"19","ATP5PD"
"ATP5IF13",0,1.78622437201411,0.501,0.106,0,"19","ATP5IF1"
"TXN5",0,1.74922900738043,0.81,0.48,0,"19","TXN"
"LMNA3",0,1.64146086692266,0.609,0.19,0,"19","LMNA"
"SEM14",0,1.6234890793589,0.507,0.122,0,"19","SEM1"
"NOP534",0,1.579699553335,0.51,0.128,0,"19","NOP53"
"SBSN",0,1.32136804540267,0.524,0.103,0,"19","SBSN"
"LGALS34",2.75655780688013e-282,1.98243662321128,0.748,0.396,7.77046080181439e-278,"19","LGALS3"
"PPIA1",2.68351421260766e-278,1.41829364011225,0.898,0.835,7.56455821391974e-274,"19","PPIA"
"S100A113",4.46269115216983e-274,1.7084836567738,0.898,0.683,1.25798800888515e-269,"19","S100A11"
"PRDX15",7.23234178484161e-261,1.83516179103177,0.736,0.454,2.038724825729e-256,"19","PRDX1"
"DYNLL15",1.05513327828757e-260,1.95787398167048,0.77,0.512,2.97431519816482e-256,"19","DYNLL1"
"LDHA4",6.28319022608652e-253,2.18646461373069,0.772,0.544,1.77116849283153e-248,"19","LDHA"
"ATP5F1E4",6.88093144252835e-250,1.0135256849506,0.551,0.16,1.93966576433432e-245,"19","ATP5F1E"
"DBI2",5.26922681855495e-238,2.1699242180973,0.764,0.562,1.48534234788245e-233,"19","DBI"
"YBX33",1.26738547809882e-226,1.63293958029738,0.694,0.375,3.57263292421276e-222,"19","YBX3"
"RPLP01",2.89450347508976e-222,1.19869453481422,0.927,0.93,8.15931584593052e-218,"19","RPLP0"
"GAPDH3",4.24562056495401e-200,2.10888363180065,0.89,0.84,1.19679798105489e-195,"19","GAPDH"
"ACTG14",9.26990759113292e-189,1.37296229021436,0.923,0.9,2.61309425086446e-184,"19","ACTG1"
"DSTN2",4.65064017394683e-181,1.36462483905878,0.694,0.44,1.31096895863387e-176,"19","DSTN"
"ANXA26",1.261994138424e-175,1.42226453535346,0.744,0.521,3.55743527680342e-171,"19","ANXA2"
"RPL37A",2.74999857076922e-171,0.847963536819094,0.974,0.98,7.75197097114136e-167,"19","RPL37A"
"GSTP14",1.86789213498511e-164,1.53788457136419,0.789,0.64,5.26540113930952e-160,"19","GSTP1"
"SLC25A52",3.74674626385891e-162,1.6129690750887,0.701,0.539,1.05617030431919e-157,"19","SLC25A5"
"RPL8",3.84724690570272e-151,0.781936556583371,0.972,0.974,1.08450043024854e-146,"19","RPL8"
"MIF5",7.08114533469672e-140,1.53068822619266,0.597,0.358,1.99610405839766e-135,"19","MIF"
"RPS24",8.17542892382944e-109,0.531392109464592,0.987,0.985,2.30457165933828e-104,"19","RPS24"
"CSTA",1.06273606909268e-101,1.40238284583259,0.557,0.339,2.99574670516537e-97,"19","CSTA"
"MT2A4",2.39747158564543e-101,2.27921824691641,0.609,0.428,6.7582326527759e-97,"19","MT2A"
"NDUFC1",5.75971648351461e-99,1.43541628077925,0.501,0.316,1.62360647953793e-94,"19","NDUFC1"
"BTF3",2.06026161768515e-97,0.811877333623789,0.845,0.882,5.80767147409267e-93,"19","BTF3"
"YWHAE3",1.65973570788872e-96,1.32408774323906,0.588,0.43,4.67862898696751e-92,"19","YWHAE"
"CLTB",1.82768332435572e-96,1.28082726424236,0.501,0.317,5.15205652302634e-92,"19","CLTB"
"COX7B1",2.29048324884323e-94,1.24076964371034,0.663,0.598,6.45664323016417e-90,"19","COX7B"
"RPL7A1",2.46191455400212e-93,0.62750265348625,0.965,0.975,6.93989093627659e-89,"19","RPL7A"
"MTRNR2L124",4.71387055031607e-92,0.827934508021349,0.568,0.323,1.3287929694286e-87,"19","MTRNR2L12"
"RPL291",1.88837608351156e-85,0.537231306095582,0.967,0.977,5.32314334181074e-81,"19","RPL29"
"PPDPF1",2.52391386183392e-80,1.40633218435834,0.672,0.647,7.11466078512363e-76,"19","PPDPF"
"RPL35",8.39104598828905e-80,0.592776068099912,0.937,0.968,2.3653519536388e-75,"19","RPL35"
"UQCRQ2",6.70138950100476e-74,1.20585228772345,0.583,0.491,1.88905468643823e-69,"19","UQCRQ"
"RPL361",3.38720050225961e-73,0.5225827620784,0.964,0.972,9.54817949581961e-69,"19","RPL36"
"RPL231",8.82189463144017e-73,0.563139304445984,0.934,0.942,2.48680387765667e-68,"19","RPL23"
"PEBP13",2.89279575631791e-70,1.43612867154664,0.549,0.433,8.15450195748457e-66,"19","PEBP1"
"COX6C2",3.94704850809442e-66,1.0684278816113,0.704,0.726,1.11263350394673e-61,"19","COX6C"
"DNAJB13",1.36783870981685e-65,1.49233311907601,0.535,0.408,3.85580053910273e-61,"19","DNAJB1"
"COX5B",1.9389860563147e-64,1.15691128330915,0.665,0.669,5.4658077941455e-60,"19","COX5B"
"TUBB4B1",6.6669718460414e-63,1.18482311348277,0.508,0.38,1.87935269368061e-58,"19","TUBB4B"
"NDUFB42",3.72800276960466e-60,1.10762795314924,0.547,0.466,1.05088670072386e-55,"19","NDUFB4"
"SLC25A33",1.72916619253164e-57,1.04230919332752,0.636,0.622,4.87434658012743e-53,"19","SLC25A3"
"TPI12",9.03312144417652e-55,1.07571019199921,0.598,0.553,2.54634660389892e-50,"19","TPI1"
"NDUFA132",1.1833390985823e-53,1.09558381994218,0.565,0.509,3.33571458499364e-49,"19","NDUFA13"
"CEBPD4",2.69010133361648e-46,1.08415985239687,0.512,0.371,7.58312664933149e-42,"19","CEBPD"
"RPL4",5.21581555786955e-46,0.516262887672698,0.869,0.909,1.47028624760785e-41,"19","RPL4"
"UQCRH2",1.90942926798197e-45,0.943317862104246,0.643,0.672,5.38249016351436e-41,"19","UQCRH"
"EEF2",2.10636816568541e-45,0.645288503203146,0.776,0.824,5.93764122225062e-41,"19","EEF2"
"RPLP1",6.61164584759477e-45,0.558046139976405,0.995,0.998,1.86375684797849e-40,"19","RPLP1"
"POLR2L2",1.78789635220904e-41,0.911902149070228,0.594,0.596,5.03990102724207e-37,"19","POLR2L"
"ENO12",8.21855974466614e-40,1.04547991230362,0.616,0.619,2.31672980642394e-35,"19","ENO1"
"RAN2",1.60378601081433e-38,0.919391562147908,0.548,0.519,4.52091238588451e-34,"19","RAN"
"UBB2",9.10481560199087e-38,0.748731939877575,0.73,0.781,2.56655647004521e-33,"19","UBB"
"MYL12B",5.32666540178076e-37,0.652521879029714,0.689,0.756,1.50153371010798e-32,"19","MYL12B"
"RPS181",5.54983143704236e-37,0.512407890324842,0.985,0.993,1.56444198378787e-32,"19","RPS18"
"UBC",2.03425570823666e-36,0.675663238097675,0.863,0.921,5.73436341594833e-32,"19","UBC"
"NDUFB1",6.1273494694774e-35,1.02011188389391,0.52,0.489,1.72723854195099e-30,"19","NDUFB1"
"COX6B1",7.09252450788351e-31,0.805680633962435,0.637,0.722,1.99931173352728e-26,"19","COX6B1"
"TSPO1",5.28493284449095e-30,0.590364734535995,0.659,0.643,1.48976971953355e-25,"19","TSPO"
"PKM5",3.84430757842496e-28,0.897138997828444,0.517,0.488,1.08367186328221e-23,"19","PKM"
"COX7A21",1.62520720576626e-27,0.810144677148283,0.615,0.669,4.58129659233452e-23,"19","COX7A2"
"ITM2B1",2.37633195110107e-27,0.640108304152939,0.745,0.855,6.6986421369588e-23,"19","ITM2B"
"S100A81",3.60569817042128e-26,2.22804296776288,0.575,0.56,1.01641025726005e-21,"19","S100A8"
"COX6A12",3.15054684790925e-24,0.849070021074113,0.564,0.599,8.8810765095714e-20,"19","COX6A1"
"EDF11",6.18796175184416e-24,0.677912076230534,0.619,0.697,1.74432453822735e-19,"19","EDF1"
"NDUFS5",1.44861872486892e-23,0.869256385718946,0.55,0.584,4.08351132353301e-19,"19","NDUFS5"
"HINT14",6.51743835671222e-21,0.687847442656841,0.712,0.797,1.83720069837361e-16,"19","HINT1"
"COX7C",3.74716030204114e-20,0.644220661601945,0.767,0.858,1.05628701754238e-15,"19","COX7C"
"ZFP36L15",4.31243204984352e-20,1.32637766177201,0.538,0.538,1.21563147053039e-15,"19","ZFP36L1"
"COX8A1",1.00428767984432e-19,0.766236427929263,0.574,0.625,2.83098654071316e-15,"19","COX8A"
"UQCRB",4.85442053468798e-17,0.665327901909895,0.735,0.832,1.3684126045232e-12,"19","UQCRB"
"CHCHD21",9.35376572921636e-16,0.594379496777976,0.642,0.759,2.6367330214088e-11,"19","CHCHD2"
"HSP90AA14",2.27978035487435e-14,0.602854434172785,0.749,0.853,6.42647284235529e-10,"19","HSP90AA1"
"RAC14",3.99427062587122e-12,0.539340459677081,0.551,0.58,1.12594494672684e-07,"19","RAC1"
"GUK1",5.81536346997309e-11,0.560709780590358,0.549,0.622,1.63929280855071e-06,"19","GUK1"
"NDUFA42",5.95799678017148e-11,0.823901784455103,0.583,0.705,1.67949971236254e-06,"19","NDUFA4"
"ZFP364",2.35835300559872e-06,1.04427132223516,0.545,0.617,0.0664796128748223,"19","ZFP36"
"GNAS3",2.14009005320561e-05,0.583219703527861,0.618,0.74,0.60326998509813,"19","GNAS"
"NDUFB21",0.0002936325283766,0.579735754529958,0.478,0.576,1,"19","NDUFB2"
"S100A92",0.00604963607718829,1.20740003493312,0.549,0.66,1,"19","S100A9"
"GNLY",0,4.15770202241567,0.881,0.214,0,"2","GNLY"
"NKG7",0,3.7812406507438,0.986,0.237,0,"2","NKG7"
"CCL51",0,3.04451018957756,0.926,0.256,0,"2","CCL5"
"FGFBP2",0,2.85719871518518,0.723,0.062,0,"2","FGFBP2"
"GZMH",0,2.82344375786049,0.743,0.077,0,"2","GZMH"
"GZMA1",0,2.81504056630643,0.923,0.147,0,"2","GZMA"
"GZMB1",0,2.775319009539,0.756,0.081,0,"2","GZMB"
"CST71",0,2.66888212656217,0.923,0.174,0,"2","CST7"
"KLRD1",0,2.54808988890573,0.768,0.075,0,"2","KLRD1"
"PRF1",0,2.45771500938476,0.731,0.084,0,"2","PRF1"
"CTSW",0,2.32240799017697,0.809,0.15,0,"2","CTSW"
"CCL4",0,2.25800496118524,0.623,0.088,0,"2","CCL4"
"GZMM",0,1.91572802829543,0.795,0.202,0,"2","GZMM"
"KLRB1",0,1.79045916839768,0.564,0.137,0,"2","KLRB1"
"CD247",0,1.76552881904872,0.693,0.218,0,"2","CD247"
"HCST",0,1.63116735165073,0.949,0.605,0,"2","HCST"
"SAMD3",0,1.52926804618045,0.597,0.115,0,"2","SAMD3"
"PYHIN1",0,1.45484829797088,0.541,0.105,0,"2","PYHIN1"
"ABHD17A",0,1.43632489188724,0.711,0.35,0,"2","ABHD17A"
"ARL4C1",0,1.42491154780633,0.859,0.44,0,"2","ARL4C"
"CD7",0,1.41413014394615,0.617,0.251,0,"2","CD7"
"C12orf752",0,1.41292246384052,0.609,0.173,0,"2","C12orf75"
"SYNE1",0,1.40754670522199,0.621,0.218,0,"2","SYNE1"
"SYNE2",0,1.35756875824514,0.744,0.33,0,"2","SYNE2"
"EFHD21",0,1.33151147276996,0.811,0.446,0,"2","EFHD2"
"IL322",0,1.28895117132585,0.787,0.461,0,"2","IL32"
"RARRES3",0,1.27444054466658,0.708,0.336,0,"2","RARRES3"
"HOPX",0,1.25958112047046,0.658,0.172,0,"2","HOPX"
"IFITM2",0,1.22890010799191,0.867,0.617,0,"2","IFITM2"
"FCGR3A",0,1.20120516311587,0.508,0.109,0,"2","FCGR3A"
"IL2RG",0,1.19092517166624,0.75,0.391,0,"2","IL2RG"
"CD992",0,1.17265182161501,0.811,0.495,0,"2","CD99"
"PPP2R5C",0,1.16769499685674,0.789,0.5,0,"2","PPP2R5C"
"SEPT71",0,1.16114137865772,0.865,0.582,0,"2","SEPT7"
"CALM11",0,1.1511116681851,0.981,0.873,0,"2","CALM1"
"RUNX3",0,1.14601325529398,0.573,0.231,0,"2","RUNX3"
"DUSP2",0,1.14042762576263,0.509,0.246,0,"2","DUSP2"
"HLA-C",0,1.0700077503019,0.993,0.929,0,"2","HLA-C"
"LYAR",0,1.0555806607685,0.504,0.206,0,"2","LYAR"
"TRBC1",0,1.02033442529037,0.59,0.256,0,"2","TRBC1"
"PLAC81",0,1.00567504458555,0.639,0.373,0,"2","PLAC8"
"CD21",0,0.990967079619515,0.63,0.314,0,"2","CD2"
"CD3G1",0,0.985259589408754,0.58,0.344,0,"2","CD3G"
"C9orf1421",0,0.977213520517853,0.539,0.256,0,"2","C9orf142"
"B2M1",0,0.956056710253088,1,0.997,0,"2","B2M"
"JAK1",0,0.953235070648364,0.756,0.594,0,"2","JAK1"
"PLEK4",0,0.951349309170345,0.65,0.342,0,"2","PLEK"
"MBP",0,0.944957238610912,0.643,0.406,0,"2","MBP"
"LITAF1",0,0.92530847326174,0.7,0.465,0,"2","LITAF"
"CD3D1",0,0.920702156682969,0.614,0.402,0,"2","CD3D"
"RNF213",0,0.899490437238665,0.762,0.52,0,"2","RNF213"
"ITGAL",0,0.897708044615625,0.501,0.251,0,"2","ITGAL"
"BIN2",0,0.883042804213977,0.631,0.385,0,"2","BIN2"
"CLEC2B",0,0.881213897817768,0.657,0.424,0,"2","CLEC2B"
"MYL12A1",0,0.877879450556994,0.937,0.819,0,"2","MYL12A"
"PIK3R1",0,0.873504871168091,0.582,0.381,0,"2","PIK3R1"
"HLA-A",0,0.857290086116088,0.994,0.945,0,"2","HLA-A"
"CD3E1",0,0.837950778895294,0.648,0.374,0,"2","CD3E"
"HLA-F",0,0.828474970198711,0.677,0.479,0,"2","HLA-F"
"PTPRC",0,0.824292561462956,0.971,0.778,0,"2","PTPRC"
"AES1",0,0.820024572565025,0.833,0.59,0,"2","AES"
"RORA1",0,0.819372846628607,0.526,0.268,0,"2","RORA"
"RAC21",0,0.817369440948333,0.729,0.521,0,"2","RAC2"
"HLA-B",0,0.808560153625312,0.998,0.969,0,"2","HLA-B"
"EVL1",0,0.804614149552809,0.694,0.45,0,"2","EVL"
"PIP4K2A",0,0.804454185912375,0.539,0.329,0,"2","PIP4K2A"
"PFN12",0,0.800495670228944,0.963,0.873,0,"2","PFN1"
"PRMT2",0,0.788203980665394,0.584,0.413,0,"2","PRMT2"
"STK17A",0,0.767704334502927,0.544,0.321,0,"2","STK17A"
"CD691",0,0.76323776553941,0.626,0.348,0,"2","CD69"
"SRSF7",0,0.763201957357897,0.806,0.668,0,"2","SRSF7"
"MALAT11",0,0.762196427305829,1,0.946,0,"2","MALAT1"
"ETS11",0,0.758800768260944,0.727,0.437,0,"2","ETS1"
"LCK",0,0.756105927362602,0.519,0.252,0,"2","LCK"
"SUN2",0,0.750150264532527,0.5,0.31,0,"2","SUN2"
"HLA-E1",0,0.741915298810828,0.981,0.905,0,"2","HLA-E"
"CD812",0,0.741743314199546,0.639,0.386,0,"2","CD81"
"ITGB12",0,0.735443280878424,0.622,0.473,0,"2","ITGB1"
"PDIA31",0,0.691003792888654,0.626,0.494,0,"2","PDIA3"
"HSPA51",0,0.686615040219875,0.609,0.459,0,"2","HSPA5"
"FYN",0,0.685744205512515,0.576,0.38,0,"2","FYN"
"ATPIF1",0,0.6804614902179,0.597,0.408,0,"2","ATPIF1"
"CYBA3",0,0.673917417078087,0.955,0.784,0,"2","CYBA"
"CALR4",0,0.668760742088159,0.644,0.524,0,"2","CALR"
"CTSC2",0,0.666267563006745,0.528,0.353,0,"2","CTSC"
"ITGB21",0,0.661576790279093,0.765,0.523,0,"2","ITGB2"
"ATM1",0,0.661566171430302,0.626,0.461,0,"2","ATM"
"TRBC21",0,0.660531757956277,0.667,0.384,0,"2","TRBC2"
"KLF2",0,0.654011113328288,0.915,0.729,0,"2","KLF2"
"NCL1",0,0.650864226037018,0.825,0.715,0,"2","NCL"
"CCND3",0,0.645777992747277,0.53,0.381,0,"2","CCND3"
"RAP1B1",0,0.642584142670497,0.627,0.49,0,"2","RAP1B"
"UTRN",0,0.616523120915588,0.576,0.433,0,"2","UTRN"
"CFL13",0,0.611872531554141,0.952,0.853,0,"2","CFL1"
"PSMB91",0,0.611470380441011,0.618,0.479,0,"2","PSMB9"
"TGFB11",0,0.610713737574897,0.546,0.401,0,"2","TGFB1"
"TLN11",0,0.60118340056165,0.646,0.496,0,"2","TLN1"
"PSME1",0,0.600228952209709,0.78,0.674,0,"2","PSME1"
"UBB3",0,0.583009241709805,0.886,0.763,0,"2","UBB"
"AAK11",0,0.580484363890358,0.575,0.422,0,"2","AAK1"
"CXCR41",0,0.578448792134918,0.683,0.536,0,"2","CXCR4"
"PPIB3",0,0.576550137598343,0.7,0.579,0,"2","PPIB"
"DDX24",0,0.56865518307973,0.688,0.559,0,"2","DDX24"
"CD52",0,0.561726887804158,0.84,0.75,0,"2","CD52"
"JUN1",0,0.546876263420638,0.868,0.79,0,"2","JUN"
"TCF25",0,0.546416938717859,0.622,0.537,0,"2","TCF25"
"LY6E1",0,0.545452790345152,0.583,0.448,0,"2","LY6E"
"DDX5",0,0.543672377036787,0.98,0.925,0,"2","DDX5"
"RSRP1",0,0.540836333430173,0.723,0.637,0,"2","RSRP1"
"GIMAP71",0,0.539260224520366,0.563,0.38,0,"2","GIMAP7"
"CD53",0,0.539133609927638,0.599,0.465,0,"2","CD53"
"MACF1",0,0.53680721983404,0.542,0.422,0,"2","MACF1"
"LCP11",0,0.531246899125049,0.872,0.659,0,"2","LCP1"
"PRPF4B",0,0.530796206341497,0.553,0.459,0,"2","PRPF4B"
"ARPC22",0,0.525352398412781,0.899,0.804,0,"2","ARPC2"
"IRF1",0,0.524416810148694,0.672,0.534,0,"2","IRF1"
"H3F3B",0,0.521495646514988,0.979,0.891,0,"2","H3F3B"
"FAM107B1",0,0.517639013893166,0.634,0.492,0,"2","FAM107B"
"CDC42SE1",0,0.515448440109273,0.53,0.437,0,"2","CDC42SE1"
"CD633",0,0.512771719100623,0.688,0.501,0,"2","CD63"
"NDUFB22",0,0.51105015143562,0.649,0.563,0,"2","NDUFB2"
"C19orf43",0,0.509283109843609,0.649,0.505,0,"2","C19orf43"
"HSP90B13",0,0.508205674515309,0.695,0.596,0,"2","HSP90B1"
"TXNIP",0,0.504549385423972,0.977,0.861,0,"2","TXNIP"
"MT-ND5",0,0.504030355461382,0.978,0.932,0,"2","MT-ND5"
"C9orf78",0,0.501461289073144,0.516,0.427,0,"2","C9orf78"
"MSN1",0,0.500473627531966,0.727,0.599,0,"2","MSN"
"TPSB2",0,6.20822894297171,0.63,0.002,0,"20","TPSB2"
"HPGD",0,5.92177398908931,0.747,0.047,0,"20","HPGD"
"TPSAB1",0,5.5681777712237,0.626,0.002,0,"20","TPSAB1"
"CTSG",0,5.35388993440512,0.611,0.003,0,"20","CTSG"
"CPA3",0,4.73850035395115,0.697,0.001,0,"20","CPA3"
"MS4A2",0,3.20780924652291,0.519,0.002,0,"20","MS4A2"
"HPGDS",0,3.01103703155182,0.559,0.002,0,"20","HPGDS"
"KIT",0,3.00520498285808,0.603,0.007,0,"20","KIT"
"GATA2",0,3.00179470883588,0.661,0.009,0,"20","GATA2"
"ARHGAP181",3.48089359233789e-263,2.37360513459998,0.525,0.094,9.81229094744127e-259,"20","ARHGAP18"
"SELENOK3",8.56303630555891e-215,3.01088041135429,0.504,0.105,2.413834304174e-210,"20","SELENOK"
"STMN12",2.51155874347668e-170,1.54836339758496,0.552,0.141,7.07983294198641e-166,"20","STMN1"
"ANKRD28",1.45041650723008e-149,1.67264636384197,0.565,0.17,4.08857909223087e-145,"20","ANKRD28"
"LMNA4",1.47331570557607e-133,2.43260486244457,0.577,0.191,4.1531296424484e-129,"20","LMNA"
"SOX42",4.10326504519217e-129,2.11654207198348,0.506,0.159,1.15666938358922e-124,"20","SOX4"
"PRDX16",6.15042440357725e-125,2.3316406718648,0.826,0.455,1.73374313512439e-120,"20","PRDX1"
"SERPINB11",7.31821542938863e-113,2.09411734489157,0.751,0.459,2.06293174739036e-108,"20","SERPINB1"
"PTMA1",7.29999761164863e-107,0.755060795910414,0.992,0.982,2.05779632674763e-102,"20","PTMA"
"ANXA12",1.24552173222065e-104,2.15028657899382,0.916,0.705,3.5110012109568e-100,"20","ANXA1"
"RACK15",1.33670965637718e-102,1.20732906710821,0.552,0.168,3.76805085036164e-98,"20","RACK1"
"SYPL13",2.69777961958794e-102,1.90915809680878,0.623,0.245,7.60477096965646e-98,"20","SYPL1"
"HSPA1A4",3.14724359853644e-100,2.12694408991214,0.594,0.231,8.87176497991438e-96,"20","HSPA1A"
"VIM5",9.82153616097838e-98,1.67672170360256,0.964,0.833,2.76859282841819e-93,"20","VIM"
"CTNNBL1",6.0796376174305e-97,1.51972097593629,0.517,0.193,1.71378904797748e-92,"20","CTNNBL1"
"CLIC12",6.53765970543395e-90,1.33927197998351,0.872,0.666,1.84290089436478e-85,"20","CLIC1"
"CD634",5.1912742988067e-84,1.82164885025031,0.82,0.528,1.46336831209062e-79,"20","CD63"
"FTH14",5.76028696978546e-82,1.90874826614117,0.99,0.962,1.62376729391282e-77,"20","FTH1"
"UBB4",5.18871789730879e-79,1.45859250717885,0.885,0.781,1.46264768807238e-74,"20","UBB"
"HSP90AA15",1.61126579111347e-77,1.88955180905365,0.923,0.852,4.54199713856977e-73,"20","HSP90AA1"
"LGALS35",4.75409426885358e-77,2.66028042297708,0.628,0.397,1.34013163344714e-72,"20","LGALS3"
"LMO42",7.02241845781331e-71,1.98673200841335,0.536,0.248,1.97954953907299e-66,"20","LMO4"
"LAPTM4A2",3.38073187241531e-68,1.49686277875639,0.655,0.37,9.52994507515152e-64,"20","LAPTM4A"
"TXN6",8.64385200551267e-65,0.836099538189885,0.743,0.481,2.43661544183397e-60,"20","TXN"
"PEBP14",4.83110309941242e-59,1.24796259916384,0.688,0.433,1.36183965269337e-54,"20","PEBP1"
"DAD11",3.65412998331217e-58,1.37407007472833,0.69,0.461,1.03006270099587e-53,"20","DAD1"
"GLUL3",5.1976928259156e-53,1.95235447928394,0.544,0.288,1.46517763069735e-48,"20","GLUL"
"PRDX6",9.1663035680933e-53,1.32851428519101,0.636,0.41,2.58388931280982e-48,"20","PRDX6"
"SRGN3",1.27015130328924e-52,1.54229961310115,0.879,0.682,3.58042950884203e-48,"20","SRGN"
"DYNLL16",3.34892836006768e-44,1.11965313177237,0.73,0.513,9.44029415419479e-40,"20","DYNLL1"
"ELF1",3.73707913773829e-41,1.1077927975848,0.69,0.516,1.05344523813705e-36,"20","ELF1"
"RPL174",8.62333525300318e-40,0.744748487795942,0.816,0.618,2.43083197446907e-35,"20","RPL17"
"HSP90AB1",5.10583797482295e-37,1.03555403189731,0.77,0.789,1.43928466672284e-32,"20","HSP90AB1"
"DNAJB62",7.99255932899211e-34,1.24497378609176,0.626,0.431,2.25302254924959e-29,"20","DNAJB6"
"SQSTM14",8.11900399966746e-33,1.5200529071793,0.615,0.435,2.28866603746626e-28,"20","SQSTM1"
"YWHAE4",3.50579618607533e-31,0.819261880686404,0.621,0.43,9.88248886892774e-27,"20","YWHAE"
"HSPD13",6.32736771975845e-31,1.30536952563377,0.556,0.37,1.78362168652271e-26,"20","HSPD1"
"HSPE14",1.56551289841795e-30,1.27351808048238,0.6,0.412,4.41302430935035e-26,"20","HSPE1"
"FCER1G5",1.69858794510572e-28,0.914525773039738,0.596,0.386,4.7881495584585e-24,"20","FCER1G"
"CD444",1.19724969060308e-27,1.37076405987803,0.736,0.643,3.37492715284101e-23,"20","CD44"
"SDCBP2",1.20802996834697e-25,1.06173549795348,0.607,0.425,3.40531567777328e-21,"20","SDCBP"
"SEC61B2",8.89942756319456e-25,0.888207476043553,0.699,0.568,2.50865963578891e-20,"20","SEC61B"
"TAGLN24",2.480061371382e-24,0.683129303245282,0.703,0.616,6.99104499978873e-20,"20","TAGLN2"
"ZEB23",9.20894951878343e-24,1.01658325219261,0.636,0.448,2.59591077984986e-19,"20","ZEB2"
"JUND",1.91739429568832e-21,0.729982002059317,0.864,0.877,5.4049427801158e-17,"20","JUND"
"S100A65",3.97955293711216e-21,0.8800847886917,0.937,0.896,1.12179617744255e-16,"20","S100A6"
"REL2",8.12539069896362e-19,1.23081631456919,0.556,0.42,2.29046638413085e-14,"20","REL"
"FXR1",1.97078672942731e-18,0.868731961841017,0.519,0.373,5.55545071158264e-14,"20","FXR1"
"ASAH13",1.24303452751559e-17,0.712920105275004,0.536,0.373,3.5039900296137e-13,"20","ASAH1"
"RPL36AL",4.01499171473643e-17,0.597918817809033,0.868,0.862,1.13178601446705e-12,"20","RPL36AL"
"SSR41",2.45345573397931e-14,0.822073417560401,0.713,0.692,6.91604636851427e-10,"20","SSR4"
"HMGN31",1.18497778697394e-12,0.665594020878944,0.504,0.389,3.34033388370084e-08,"20","HMGN3"
"VAPA",2.67708153917509e-12,0.656949596340823,0.598,0.494,7.54642515078066e-08,"20","VAPA"
"CD692",2.28170332013999e-10,1.02403368268255,0.502,0.389,6.43189348914261e-06,"20","CD69"
"PPIB4",4.58036847925607e-10,0.640951135679194,0.655,0.597,1.29116007061749e-05,"20","PPIB"
"AKAP13",6.15515281084794e-10,0.884656301509136,0.617,0.563,1.73507602584992e-05,"20","AKAP13"
"DBI3",8.45894470084113e-10,0.798905891695565,0.628,0.563,2.38449192172011e-05,"20","DBI"
"RAC22",9.0947242271152e-10,0.642155579198237,0.636,0.552,2.5637118123815e-05,"20","RAC2"
"SPCS22",2.82450544882509e-08,0.560877684215644,0.538,0.456,0.000796199840969304,"20","SPCS2"
"RPS27L4",3.7332982186134e-08,0.559779119648742,0.571,0.483,0.00105237943484493,"20","RPS27L"
"MORF4L1",5.19547258114861e-08,0.5281022617256,0.632,0.614,0.00146455176589998,"20","MORF4L1"
"NFKBIA3",1.11764781469775e-07,0.901283871102536,0.713,0.705,0.00315053742485148,"20","NFKBIA"
"RBM8A1",1.5716680283802e-07,0.620211699870066,0.55,0.483,0.00443037500520093,"20","RBM8A"
"SEC61G2",3.18938136072474e-07,0.629892256510187,0.577,0.535,0.00899054711774698,"20","SEC61G"
"KMT2E",6.64687759136826e-07,0.719404068874117,0.563,0.506,0.018736883242308,"20","KMT2E"
"SEC62",7.83193981507094e-07,0.573848851316536,0.573,0.513,0.0220774551447035,"20","SEC62"
"GADD45B3",7.98592234892038e-07,1.52018186647559,0.498,0.512,0.0225115165093717,"20","GADD45B"
"NPC24",1.11277343718007e-06,0.561280619597429,0.538,0.449,0.0313679704206691,"20","NPC2"
"OSBPL8",2.80049693449315e-06,0.755240681057047,0.508,0.446,0.0789432080864275,"20","OSBPL8"
"RBMX",3.48320337654912e-06,0.599539054227822,0.523,0.485,0.098188019981543,"20","RBMX"
"HSP90B14",8.46059492913312e-06,0.586644176710179,0.632,0.611,0.238495710457333,"20","HSP90B1"
"NDUFA133",1.07781125385613e-05,0.606426365029759,0.552,0.509,0.303824214349505,"20","NDUFA13"
"TUBA1A",5.00410973172437e-05,0.770604834271119,0.579,0.573,1,"20","TUBA1A"
"HSPA8",0.00010929704936632,0.812832187585827,0.661,0.672,1,"20","HSPA8"
"VPS28",0.000149102802508353,0.561484484994535,0.515,0.472,1,"20","VPS28"
"GPBP1",0.000207769431946952,0.598384425546183,0.508,0.459,1,"20","GPBP1"
"LINC01871",0,2.15835227252105,0.5,0.016,0,"21","LINC01871"
"CRCT11",0,2.13852415679474,1,0.075,0,"21","CRCT1"
"CCL20",0,1.90982936911489,0.776,0.035,0,"21","CCL20"
"KRT23",0,1.66048295025892,0.629,0.029,0,"21","KRT23"
"LCE3D",0,1.64716033149013,1,0.073,0,"21","LCE3D"
"SPRR2G1",1.09526317196761e-275,1.1155358904029,0.905,0.067,3.08743735545948e-271,"21","SPRR2G"
"SPRR1B",2.034326059054e-261,1.36280188951736,0.966,0.081,5.73456172786733e-257,"21","SPRR1B"
"SPRR2E1",4.87267218839107e-256,1.2205802451157,0.983,0.087,1.37355756318556e-251,"21","SPRR2E"
"FYB11",1.24125176154695e-249,1.97012580300049,0.612,0.035,3.49896459062468e-245,"21","FYB1"
"CNFN",2.65006048673535e-239,2.025549388743,1,0.102,7.47025550605829e-235,"21","CNFN"
"POLR2J3.11",7.54014234295312e-224,1.71423833229755,0.552,0.032,2.12549072505506e-219,"21","POLR2J3.1"
"SLPI1",5.80889546930256e-222,1.16390923536749,0.957,0.094,1.6374695438417e-217,"21","SLPI"
"CST6",9.89030024957348e-222,1.47970333587533,0.681,0.047,2.78797673735227e-217,"21","CST6"
"SBSN1",1.18485270878305e-178,1.01264518306298,0.931,0.104,3.33998130078854e-174,"21","SBSN"
"S100A71",3.38827759697895e-169,0.850653178702416,0.991,0.129,9.55121571812397e-165,"21","S100A7"
"TACSTD2",8.22940113282554e-150,1.41060136176055,0.741,0.081,2.31978588533219e-145,"21","TACSTD2"
"NOP535",2.94836347029784e-149,2.58245463315826,0.879,0.13,8.31114178642258e-145,"21","NOP53"
"SPRR2B1",3.18365354156284e-146,0.881180964092379,0.595,0.053,8.97440096831149e-142,"21","SPRR2B"
"ATP5F1E5",1.19326454724757e-137,2.37710599834672,0.974,0.162,3.36369343223617e-133,"21","ATP5F1E"
"ATP5MG5",5.37377599732003e-128,2.38653968179311,0.888,0.151,1.51481371588454e-123,"21","ATP5MG"
"RACK16",8.09969162878129e-123,2.40586444842774,0.948,0.168,2.28322207323716e-118,"21","RACK1"
"ELOC2",7.52351768910633e-112,1.71189677259654,0.724,0.107,2.12080440138218e-107,"21","ELOC"
"CALML5",8.99464387294901e-103,0.874820115397588,0.595,0.073,2.5355001613456e-98,"21","CALML5"
"TRIR4",2.7824754166681e-100,1.92368923224871,0.741,0.126,7.84351995204571e-96,"21","TRIR"
"TMEM40",2.42062444217148e-96,1.16604124364476,0.543,0.065,6.82349824003718e-92,"21","TMEM40"
"ELOB5",1.07028174543412e-88,1.86919272260258,0.759,0.142,3.01701721220424e-84,"21","ELOB"
"ATP5MD5",2.2957469534129e-87,1.74249433287064,0.724,0.13,6.47148108697562e-83,"21","ATP5MD"
"ATP5ME5",9.02203056423381e-82,1.62305387905891,0.672,0.12,2.54322019575187e-77,"21","ATP5ME"
"SELENOT1",2.36900990935704e-81,1.4086186238555,0.517,0.072,6.67800203348656e-77,"21","SELENOT"
"ATP5MC25",1.83888744523521e-76,1.609116775511,0.698,0.131,5.18363981937353e-72,"21","ATP5MC2"
"ATP5MPL5",2.29915886183705e-66,1.51023953067437,0.629,0.124,6.48109891563246e-62,"21","ATP5MPL"
"RPL312",6.14444918302984e-62,1.76376762245293,0.983,0.916,1.73205878020428e-57,"21","RPL31"
"RPL13A1",2.07248632714042e-56,1.27837387182989,1,0.986,5.84213170757612e-52,"21","RPL13A"
"ATP5IF14",2.2348813260643e-54,1.27446146162335,0.534,0.108,6.29990697004265e-50,"21","ATP5IF1"
"COPS93",1.66730528709026e-51,1.33148392384932,0.517,0.107,4.69996687377873e-47,"21","COPS9"
"RPS261",9.05899344903489e-50,1.61162201455596,0.966,0.852,2.55363966334844e-45,"21","RPS26"
"RPL412",8.3828694973402e-49,0.985661595180567,1,0.993,2.36304708260523e-44,"21","RPL41"
"CSTA1",1.31415660498059e-48,1.06848539702524,0.879,0.339,3.70447605377979e-44,"21","CSTA"
"ATP5MF5",1.22918571970771e-47,1.38481392739523,0.526,0.115,3.46495162528406e-43,"21","ATP5MF"
"ATP5F1D5",1.36917933259244e-47,1.267168136899,0.534,0.116,3.85957962064483e-43,"21","ATP5F1D"
"SEM15",1.40652736458353e-44,1.44032727077352,0.526,0.123,3.96485998802453e-40,"21","SEM1"
"RPLP21",8.01303084207783e-44,0.890036112946237,1,0.987,2.25879326407332e-39,"21","RPLP2"
"HOPX1",1.44980809900775e-43,1.25284941699026,0.75,0.244,4.08686405029294e-39,"21","HOPX"
"TMSB4X3",1.85219237653988e-43,1.01028290763842,0.991,0.992,5.22114509022826e-39,"21","TMSB4X"
"ATP5PF5",1.65093542581333e-41,1.2439091740644,0.5,0.116,4.65382187182519e-37,"21","ATP5PF"
"RPL7",9.9484492724872e-41,1.10031746850022,1,0.941,2.80436836542142e-36,"21","RPL7"
"IL323",5.47101786362729e-39,1.86581522022018,0.922,0.509,1.5422252255779e-34,"21","IL32"
"RPL211",6.09698042013517e-39,0.925339277508318,1,0.98,1.7186778106319e-34,"21","RPL21"
"SARAF1",7.9356748740113e-35,1.33760968523341,0.94,0.706,2.23698739023504e-30,"21","SARAF"
"ATF4",7.70268618615191e-34,1.18517641448117,0.828,0.463,2.17131020901436e-29,"21","ATF4"
"RPL23A1",1.14638342491275e-31,0.81438389784809,0.983,0.973,3.23154023648655e-27,"21","RPL23A"
"GADD45B4",1.42571339899193e-31,0.889860617337427,0.879,0.511,4.01894350041834e-27,"21","GADD45B"
"RPS271",4.07872087739058e-29,0.754847503752386,0.991,0.994,1.14975062812763e-24,"21","RPS27"
"GABARAPL21",6.23733182953373e-28,1.1876528148006,0.767,0.444,1.75824146942726e-23,"21","GABARAPL2"
"JAML3",7.3024945556659e-28,1.57792596378299,0.664,0.298,2.05850019029666e-23,"21","JAML"
"RPL27A1",3.82428991172727e-27,0.677544062223543,0.983,0.979,1.0780290832168e-22,"21","RPL27A"
"B2M2",4.99809707294688e-26,0.60997811755491,0.991,0.998,1.408913583893e-21,"21","B2M"
"HLA-A1",7.85242280665569e-26,0.837182288169386,0.957,0.952,2.21351946496817e-21,"21","HLA-A"
"FXYD5",1.40450308693036e-25,1.58307687926266,0.845,0.655,3.95915375174798e-21,"21","FXYD5"
"SAMSN12",9.40790331352016e-25,1.26272912623566,0.534,0.204,2.6519938650482e-20,"21","SAMSN1"
"OCIAD2",6.58565908123612e-24,1.24212632264132,0.569,0.246,1.85643143840965e-19,"21","OCIAD2"
"TRAC1",1.69270193313919e-23,1.31367371574963,0.75,0.378,4.77155747932605e-19,"21","TRAC"
"CLDND1",2.91408937701884e-23,1.60582783618934,0.526,0.225,8.21452654487842e-19,"21","CLDND1"
"TRBC11",5.74346419091584e-23,1.4112512652249,0.672,0.306,1.61902512077727e-18,"21","TRBC1"
"H2AFZ2",1.00454295971763e-22,1.11054245503784,0.776,0.513,2.83170614914801e-18,"21","H2AFZ"
"CD22",1.61648602135961e-21,1.37633057138868,0.664,0.361,4.55671244561061e-17,"21","CD2"
"RPS4Y1",1.62149365628687e-21,0.966665738168347,0.828,0.456,4.57082846770705e-17,"21","RPS4Y1"
"PPDPF2",4.35469518736251e-21,1.16563523649204,0.836,0.647,1.22754502636562e-16,"21","PPDPF"
"RPL36A1",6.63145118403846e-21,0.833130189371843,0.974,0.801,1.8693397742686e-16,"21","RPL36A"
"LCK1",2.69238223029211e-20,1.10947744520197,0.603,0.292,7.58955626897042e-16,"21","LCK"
"ALOX5AP1",5.971021147643e-20,1.35309157250168,0.543,0.253,1.68317115130909e-15,"21","ALOX5AP"
"RPL341",1.09545925930386e-19,0.537284717144495,0.991,0.989,3.08799010605164e-15,"21","RPL34"
"RPS201",1.68064409387777e-18,0.65710736892241,1,0.949,4.73756763623203e-14,"21","RPS20"
"RPS251",5.68872829961432e-16,0.501673340062982,0.991,0.975,1.60359562037828e-11,"21","RPS25"
"UQCRB1",9.16430280269144e-16,0.702561628876352,0.905,0.832,2.58332531705069e-11,"21","UQCRB"
"SNRPG2",1.59459663765863e-15,1.02874662150815,0.638,0.417,4.49500846189591e-11,"21","SNRPG"
"TMA7",1.60171669162444e-15,0.797584488547559,0.94,0.844,4.51507918202012e-11,"21","TMA7"
"RPL381",4.29683191619823e-15,0.526910845297332,0.991,0.96,1.21123394885712e-10,"21","RPL38"
"SUMO21",6.28694957704571e-15,0.695411190799383,0.871,0.731,1.77222821627342e-10,"21","SUMO2"
"RPL36AL1",7.73811420647412e-15,0.746688388445138,0.948,0.862,2.18129701366299e-10,"21","RPL36AL"
"MIF6",1.98863611756982e-14,0.819072582955396,0.603,0.359,5.60576635181758e-10,"21","MIF"
"CRIP15",2.19642151800768e-14,0.714328986862254,0.629,0.372,6.19149261711185e-10,"21","CRIP1"
"HLA-B1",4.87235342674172e-14,0.538543394108421,0.966,0.973,1.37346770746422e-09,"21","HLA-B"
"EIF4A2",1.57033449227555e-13,0.747949642281461,0.784,0.675,4.42661590027556e-09,"21","EIF4A2"
"CMPK1",2.0588348147965e-13,0.955317951851261,0.586,0.387,5.80364945942985e-09,"21","CMPK1"
"PFDN2",5.4730434506163e-13,1.01593105083647,0.543,0.333,1.54279621829423e-08,"21","PFDN2"
"SRSF31",9.08728515710013e-13,0.658498505032326,0.828,0.706,2.56161481293496e-08,"21","SRSF3"
"UBE2B",1.58463787286244e-12,0.870738139701704,0.629,0.455,4.46693569981192e-08,"21","UBE2B"
"PLP21",2.23859962764813e-12,1.0075308850399,0.603,0.405,6.31038849037732e-08,"21","PLP2"
"LEPROTL11",3.66599460753561e-12,0.818461517804464,0.647,0.432,1.03340721991821e-07,"21","LEPROTL1"
"CALM22",3.89651276861049e-12,0.685288589714342,0.845,0.704,1.09838798434361e-07,"21","CALM2"
"ISG20",6.52766463805925e-12,0.937600653045914,0.586,0.369,1.84008338482252e-07,"21","ISG20"
"SF3B6",6.83882971409707e-12,0.92356807027025,0.612,0.441,1.92779770810682e-07,"21","SF3B6"
"SKP1",1.03115188746715e-11,0.648303283905886,0.819,0.734,2.90671405558114e-07,"21","SKP1"
"GYPC1",1.57979972253612e-11,0.920774058597185,0.578,0.38,4.45329743785706e-07,"21","GYPC"
"MAP1LC3B",1.74562853113835e-11,0.613849492798764,0.69,0.505,4.9207522664259e-07,"21","MAP1LC3B"
"COX7A22",8.68833097102457e-11,0.651718981160945,0.793,0.669,2.44915361742212e-06,"21","COX7A2"
"CKLF1",1.07440538940443e-10,0.843226145994174,0.534,0.347,3.02864135219214e-06,"21","CKLF"
"UBL51",1.19548095364632e-10,0.623471937631191,0.828,0.708,3.36994126023362e-06,"21","UBL5"
"CXCR42",1.33183908969859e-10,0.634935021358189,0.776,0.558,3.75432120995136e-06,"21","CXCR4"
"SNRPD2",1.71240042717895e-10,0.779231102523934,0.741,0.648,4.82708556417476e-06,"21","SNRPD2"
"COX7B2",8.40288606489704e-10,0.669290178714892,0.724,0.598,2.36868955283383e-05,"21","COX7B"
"SQSTM15",8.53993123007807e-10,1.02293592626018,0.612,0.436,2.40732121444671e-05,"21","SQSTM1"
"ACAP1",8.6904292401622e-10,0.725032953258625,0.552,0.353,2.44974509850932e-05,"21","ACAP1"
"SUB13",8.99375478890796e-10,0.554734033815833,0.845,0.719,2.53524953744526e-05,"21","SUB1"
"STK17A1",1.28590922691593e-09,0.702735758864684,0.552,0.354,3.62484951975331e-05,"21","STK17A"
"PIK3IP11",1.31384965177233e-09,0.794635599131183,0.5,0.302,3.70361078338101e-05,"21","PIK3IP1"
"SRSF21",1.92948714503497e-09,0.641130575833215,0.69,0.557,5.43903131313908e-05,"21","SRSF2"
"BTG1",2.06186198463758e-09,0.513583516573652,0.931,0.906,5.81218274849486e-05,"21","BTG1"
"HINT15",2.06286022220806e-09,0.572854785729597,0.871,0.796,5.8149966803823e-05,"21","HINT1"
"HERPUD12",2.22074682790623e-09,0.708648255174696,0.595,0.429,6.26006323318488e-05,"21","HERPUD1"
"LGALS36",2.3840258394106e-09,0.563553160690989,0.629,0.398,6.72033043871453e-05,"21","LGALS3"
"ABRACL",2.96409993193048e-09,0.913267079799672,0.534,0.387,8.35550129811883e-05,"21","ABRACL"
"RPS161",2.99833887064066e-09,0.509444742602605,1,0.977,8.45201744244896e-05,"21","RPS16"
"SEC61G3",4.57310864354419e-09,0.680475436037224,0.655,0.536,0.000128911359552867,"21","SEC61G"
"UQCR111",6.26562454784099e-09,0.502121604184631,0.819,0.697,0.00017662169037909,"21","UQCR11"
"RPS27L5",7.87305952637576e-09,0.812896532378792,0.621,0.483,0.000221933674989006,"21","RPS27L"
"PET100",9.22572694669543e-09,0.69138146997554,0.578,0.439,0.000260064016900397,"21","PET100"
"RBX12",1.79050370035884e-08,0.686085566928684,0.603,0.476,0.000504725088094152,"21","RBX1"
"SPCS23",2.17815089793819e-08,0.613390537470282,0.595,0.456,0.000613998956619797,"21","SPCS2"
"PRDX17",2.25784850125832e-08,0.76657690092743,0.603,0.456,0.000636464914019708,"21","PRDX1"
"ISCU1",5.38908182579585e-08,0.655443232642466,0.543,0.407,0.00151912827587359,"21","ISCU"
"HNRNPA0",5.50413967943243e-08,0.689141017675361,0.56,0.423,0.00155156193423521,"21","HNRNPA0"
"SOD11",6.61766576101206e-08,0.68060049635005,0.655,0.549,0.00186545380137169,"21","SOD1"
"SEC61B3",8.92725193637402e-08,0.542471631410622,0.681,0.569,0.00251650304834447,"21","SEC61B"
"TMEM592",9.75873396318734e-08,0.609993356860016,0.621,0.512,0.00275088951688288,"21","TMEM59"
"RAB7A2",1.04646531959821e-07,0.520353908253569,0.552,0.408,0.0029498810894154,"21","RAB7A"
"LTB1",3.2460264519232e-07,0.536364712429873,0.741,0.509,0.0091502239653263,"21","LTB"
"CD3D2",3.30554197159122e-07,0.548054392119102,0.655,0.434,0.00931799226371849,"21","CD3D"
"ATP6V1G11",3.78554586294475e-07,0.682647871135372,0.724,0.677,0.010671075233055,"21","ATP6V1G1"
"TRBC22",4.13960929509761e-07,0.680551106032265,0.621,0.426,0.0116691446419507,"21","TRBC2"
"YWHAQ3",5.60326724974105e-07,0.661291308502276,0.526,0.401,0.015795050050295,"21","YWHAQ"
"CLTA2",6.39825775643477e-07,0.588794003221342,0.526,0.393,0.018036048789614,"21","CLTA"
"OST42",1.38983928678198e-06,0.535541255932059,0.81,0.751,0.0391781796550971,"21","OST4"
"SNRPB2",1.62994807820881e-06,0.722289071503189,0.5,0.387,0.0459466063766281,"21","SNRPB2"
"EDF12",1.70685574594494e-06,0.544399237103482,0.741,0.697,0.0481145566224419,"21","EDF1"
"SAP18",2.97668408656208e-06,0.50421266084177,0.672,0.58,0.0839097477160983,"21","SAP18"
"MYL12B1",3.50809887968569e-06,0.507201033961195,0.81,0.756,0.09888979931946,"21","MYL12B"
"IKZF1",4.12482846182851e-06,0.595814577703959,0.543,0.415,0.116274789510484,"21","IKZF1"
"SUMO1",4.12569315880496e-06,0.612958463363833,0.5,0.407,0.116299164453553,"21","SUMO1"
"TMEM123",7.25248064417764e-06,0.695690142743639,0.586,0.508,0.204440176878723,"21","TMEM123"
"MBP1",7.66133546138267e-06,0.747189847077746,0.543,0.441,0.215965385320916,"21","MBP"
"RAN3",1.01223678835553e-05,0.541668230935941,0.595,0.519,0.28533942826954,"21","RAN"
"PDCD4",1.80552388102417e-05,0.632608765119905,0.534,0.447,0.508959126821903,"21","PDCD4"
"COX6A13",2.00954883255511e-05,0.553073372928318,0.655,0.599,0.566471720408961,"21","COX6A1"
"RGS103",2.21321870123618e-05,0.739817609235254,0.509,0.41,0.623884219691468,"21","RGS10"
"POLR2L3",4.05671498718628e-05,0.520573983480003,0.69,0.596,1,"21","POLR2L"
"LSP13",6.21953239892859e-05,0.580847908176245,0.664,0.585,1,"21","LSP1"
"HMGN13",8.81568383569978e-05,0.516713646397405,0.664,0.595,1,"21","HMGN1"
"GIMAP72",8.96453008422778e-05,0.69372936696866,0.517,0.408,1,"21","GIMAP7"
"ZFAS11",0.000120126827418503,0.60775108200016,0.767,0.689,1,"21","ZFAS1"
"NEDD81",0.000209360740454379,0.520621109433156,0.595,0.56,1,"21","NEDD8"
"NDUFB43",0.000214470099913809,0.519454367304338,0.534,0.466,1,"21","NDUFB4"
"CUTA",0.000311754587709417,0.602130421703657,0.517,0.465,1,"21","CUTA"
"DNAJB63",0.000335924343755104,0.535193443775213,0.5,0.431,1,"21","DNAJB6"
"YPEL3",0.00247688669980865,0.521798416244903,0.5,0.463,1,"21","YPEL3"
"GAS5",0,3.08286210735631,0.704,0.034,0,"22","GAS5"
"SNHG5",2.55357219823279e-225,2.74386340582713,0.561,0.029,7.1982646695984e-221,"22","SNHG5"
"SNHG6",2.47711794084964e-202,2.70654379809931,0.561,0.032,6.98274776346106e-198,"22","SNHG6"
"SNHG29",5.91951720601726e-141,2.56426096044612,0.551,0.042,1.6686527052042e-136,"22","SNHG29"
"EEF1G",1.88533481707568e-113,3.24309385933359,0.806,0.125,5.31457031585463e-109,"22","EEF1G"
"RACK17",9.77442004187108e-72,2.40018908902359,0.806,0.168,2.75531126560304e-67,"22","RACK1"
"RPL175",6.26677097726527e-64,3.21863799425419,0.99,0.619,1.76654007078131e-59,"22","RPL17"
"NOP536",1.17141953753258e-45,2.23055042924908,0.561,0.13,3.30211453435059e-41,"22","NOP53"
"ATP5F1E6",2.20635437563788e-40,1.80020619550652,0.633,0.162,6.21949234948563e-36,"22","ATP5F1E"
"RPL413",3.46250768102941e-34,0.926179475300125,1,0.993,9.76046290205381e-30,"22","RPL41"
"RPL36A2",1.28999212305221e-30,1.54946025111966,0.908,0.801,3.63635879567186e-26,"22","RPL36A"
"RPS182",6.1928130938262e-30,0.849697826645802,1,0.993,1.74569208301867e-25,"22","RPS18"
"RPL26",7.44466012959179e-28,0.741985760422894,1,0.985,2.09857524393063e-23,"22","RPL26"
"RPL13A2",1.03274178750539e-25,0.954853281129981,0.99,0.986,2.91119582479894e-21,"22","RPL13A"
"RPL131",2.99644743763909e-25,0.753705802829189,1,0.994,8.44668568196084e-21,"22","RPL13"
"RPS141",1.32699284808149e-23,0.674912589824091,0.99,0.99,3.74066013945692e-19,"22","RPS14"
"RPS121",5.70227519427251e-23,0.711346858413055,1,0.995,1.60741435451348e-18,"22","RPS12"
"RPS22",3.41366639453753e-20,0.753640079941571,0.98,0.986,9.62278419956184e-16,"22","RPS2"
"RPLP11",5.62133665279053e-20,0.600433539566146,0.99,0.998,1.58459858905512e-15,"22","RPLP1"
"RPL101",2.77956495643006e-19,0.63398993855915,1,0.993,7.8353156556807e-15,"22","RPL10"
"RPS162",8.53639705016638e-18,0.6918670593687,0.98,0.977,2.4063249644714e-13,"22","RPS16"
"MIF7",1.29637049887428e-17,1.78087752981537,0.612,0.359,3.6543387992767e-13,"22","MIF"
"RPL181",9.55828130057089e-17,0.683795650604957,0.98,0.982,2.69438391581793e-12,"22","RPL18"
"RPL27A2",1.17802203016377e-16,0.688180735963661,0.969,0.979,3.32072630082864e-12,"22","RPL27A"
"RPL191",1.34685865243374e-15,0.574275516159001,0.99,0.987,3.79665985534546e-11,"22","RPL19"
"RPL301",1.70537892109995e-15,0.586878017515151,0.99,0.988,4.80729264068864e-11,"22","RPL30"
"RPS15A1",2.15113281973697e-15,0.578816596158338,1,0.986,6.06382830555655e-11,"22","RPS15A"
"RPS151",2.3401361905424e-14,0.619990699596285,0.98,0.986,6.59660990751998e-10,"22","RPS15"
"MALAT12",3.36724575905641e-14,0.761808805300157,0.98,0.954,9.49192907020411e-10,"22","MALAT1"
"RPL321",3.65462143795973e-14,0.510728033956297,0.99,0.991,1.03020123714647e-09,"22","RPL32"
"RPS191",4.86094776781711e-14,0.589751824701102,1,0.991,1.37025256626997e-09,"22","RPS19"
"RPS31",7.4841520805767e-14,0.619584684509256,0.969,0.982,2.10970762999377e-09,"22","RPS3"
"RPS27A1",1.29084202574353e-13,0.545662637283991,1,0.991,3.63875458636844e-09,"22","RPS27A"
"RPS17",1.45049363549422e-12,0.829259683639985,0.888,0.886,4.08879650909465e-08,"22","RPS17"
"RPS81",2.49657138463272e-12,0.609986343462174,0.99,0.985,7.03758507614119e-08,"22","RPS8"
"IL7R1",3.18776274081502e-12,1.18380772844959,0.673,0.415,8.98598439008347e-08,"22","IL7R"
"RPL351",6.01429115333972e-12,0.570638563200059,0.939,0.968,1.69536853321493e-07,"22","RPL35"
"RPL33",1.59957120265095e-11,0.608429190771697,0.969,0.977,4.50903126315276e-07,"22","RPL3"
"RPL18A1",1.85232816122506e-11,0.538579617403219,1,0.984,5.22152785367732e-07,"22","RPL18A"
"RPLP22",4.46467590760256e-11,0.504860141988668,0.969,0.987,1.25854749159408e-06,"22","RPLP2"
"RPL141",6.58885567732254e-11,0.515973498559039,0.949,0.974,1.85733252688045e-06,"22","RPL14"
"RPL121",1.19601515476924e-10,0.544038607835974,0.969,0.977,3.37144711977901e-06,"22","RPL12"
"RPS4X1",1.61849303581312e-10,0.540068527302545,0.99,0.975,4.5623700186536e-06,"22","RPS4X"
"RPL313",6.72244543988079e-09,0.671834287655163,0.827,0.916,0.0001894990145048,"22","RPL31"
"CD3D3",7.16504516474665e-09,1.02300740457902,0.612,0.434,0.000201975458149043,"22","CD3D"
"CRIP16",8.49222562688933e-09,1.72800820890744,0.51,0.372,0.000239387348196383,"22","CRIP1"
"LTB2",8.70480837575409e-09,1.0847393235534,0.694,0.509,0.000245379843304132,"22","LTB"
"RPS202",1.21393127526122e-08,0.675197495569174,0.918,0.949,0.000342195087183387,"22","RPS20"
"RPS101",3.62303999312389e-08,0.570137059147646,0.867,0.929,0.00102129874366169,"22","RPS10"
"CD693",3.01013693714526e-06,1.51125303777026,0.5,0.39,0.0848527501211876,"22","CD69"
"RPL382",1.21499729850688e-05,0.542185500937642,0.878,0.96,0.342495588476103,"22","RPL38"
"RPL36AL2",2.30343987589851e-05,0.703183468431972,0.724,0.862,0.649316666617032,"22","RPL36AL"
"HSP90AA16",3.61728686389736e-05,0.836661459657173,0.724,0.852,1,"22","HSP90AA1"
"ZFP36L21",0.000800739531353851,1.08587171737256,0.643,0.774,1,"22","ZFP36L2"
"CXCR43",0.00164278255990115,1.27653041768852,0.531,0.558,1,"22","CXCR4"
"BTG11",0.00449339748724118,0.728282438467412,0.755,0.906,1,"22","BTG1"
"IGKC2",0,3.80173025202795,0.713,0.132,0,"3","IGKC"
"CD79A1",0,3.4086763144571,0.901,0.036,0,"3","CD79A"
"MS4A11",0,3.2605255136657,0.884,0.027,0,"3","MS4A1"
"IGHM1",0,3.1784786336671,0.746,0.025,0,"3","IGHM"
"IGHD1",0,2.92938884043678,0.674,0.014,0,"3","IGHD"
"BANK11",0,2.49277429693516,0.767,0.032,0,"3","BANK1"
"CD79B1",0,2.43349387710503,0.782,0.094,0,"3","CD79B"
"RALGPS21",0,2.34694103992332,0.756,0.092,0,"3","RALGPS2"
"CD371",0,2.03867734640642,0.947,0.649,0,"3","CD37"
"CD746",0,1.93992378157806,0.991,0.663,0,"3","CD74"
"HLA-DRA6",0,1.81792597734748,0.988,0.524,0,"3","HLA-DRA"
"LINC009261",0,1.81647341872421,0.59,0.018,0,"3","LINC00926"
"HLA-DQA15",0,1.75306009742959,0.831,0.203,0,"3","HLA-DQA1"
"TNFRSF13C1",0,1.73779010637006,0.584,0.021,0,"3","TNFRSF13C"
"MEF2C4",0,1.71368816492175,0.723,0.231,0,"3","MEF2C"
"HLA-DQB15",0,1.57569163989076,0.868,0.332,0,"3","HLA-DQB1"
"HLA-DPB15",0,1.56494673988432,0.95,0.494,0,"3","HLA-DPB1"
"HLA-DRB16",0,1.4831566879211,0.937,0.475,0,"3","HLA-DRB1"
"HLA-DPA15",0,1.45410510563835,0.944,0.469,0,"3","HLA-DPA1"
"LTB3",0,1.30432172248879,0.909,0.479,0,"3","LTB"
"SWAP702",0,1.18276758538304,0.5,0.128,0,"3","SWAP70"
"CXCR44",0,1.14029633930786,0.842,0.537,0,"3","CXCR4"
"HLA-DMA6",0,1.13312077173783,0.689,0.278,0,"3","HLA-DMA"
"HLA-DMB5",0,1.10560826250769,0.612,0.225,0,"3","HLA-DMB"
"STX72",0,1.02254614618442,0.504,0.214,0,"3","STX7"
"CD694",0,0.99390809397146,0.64,0.371,0,"3","CD69"
"HLA-DRB54",0,0.989617128821256,0.518,0.22,0,"3","HLA-DRB5"
"CD521",0,0.947231461867603,0.96,0.749,0,"3","CD52"
"SNX22",0,0.921703060867461,0.582,0.3,0,"3","SNX2"
"MARCH12",0,0.904901090542263,0.515,0.203,0,"3","MARCH1"
"JUND1",0,0.862147546778146,0.963,0.871,0,"3","JUND"
"TSC22D3",0,0.810892555333381,0.904,0.727,0,"3","TSC22D3"
"RPS111",0,0.799856190175598,0.995,0.975,0,"3","RPS11"
"RPL18A2",0,0.78117231923686,0.998,0.983,0,"3","RPL18A"
"RPS51",0,0.74823361369251,0.982,0.942,0,"3","RPS5"
"RPS231",0,0.718174992168365,0.998,0.984,0,"3","RPS23"
"BTG12",0,0.71812094761288,0.963,0.901,0,"3","BTG1"
"BIRC32",0,0.711838818681695,0.531,0.239,0,"3","BIRC3"
"SP100",0,0.699852844932108,0.638,0.44,0,"3","SP100"
"ISG201",0,0.684557899414063,0.602,0.352,0,"3","ISG20"
"GLTSCR21",0,0.680038115843964,0.831,0.581,0,"3","GLTSCR2"
"EZR",0,0.670006515159951,0.663,0.451,0,"3","EZR"
"PRKCB3",0,0.667663034760534,0.585,0.367,0,"3","PRKCB"
"GNB2L11",0,0.665397541539485,0.974,0.76,0,"3","GNB2L1"
"POU2F22",0,0.664252790249561,0.584,0.324,0,"3","POU2F2"
"FAM65B1",0,0.658414064880538,0.791,0.564,0,"3","FAM65B"
"RPSA1",0,0.646641777915992,0.981,0.926,0,"3","RPSA"
"RPS272",0,0.646447302371527,0.999,0.994,0,"3","RPS27"
"TXNIP1",0,0.637397093260697,0.975,0.871,0,"3","TXNIP"
"KLF21",0,0.635333274864704,0.902,0.746,0,"3","KLF2"
"SEC621",0,0.635194376206785,0.656,0.502,0,"3","SEC62"
"TSTD1",0,0.622735539302772,0.544,0.334,0,"3","TSTD1"
"RPL81",0,0.616583860692761,0.99,0.973,0,"3","RPL8"
"FOXP11",0,0.608333904668689,0.635,0.471,0,"3","FOXP1"
"SMAP2",0,0.601452517747657,0.685,0.511,0,"3","SMAP2"
"EEF1B21",0,0.600276631421621,0.968,0.896,0,"3","EEF1B2"
"REL3",0,0.599424747377585,0.601,0.406,0,"3","REL"
"RPS82",0,0.58525840398132,0.995,0.984,0,"3","RPS8"
"SF1",0,0.569044143793904,0.776,0.636,0,"3","SF1"
"WHSC1L1",0,0.567689042111587,0.536,0.339,0,"3","WHSC1L1"
"PNISR",0,0.558689493816856,0.806,0.688,0,"3","PNISR"
"LIMD2",0,0.555775762337764,0.765,0.588,0,"3","LIMD2"
"PLAC82",0,0.554142728919617,0.639,0.396,0,"3","PLAC8"
"STK17A2",0,0.55079751625994,0.526,0.341,0,"3","STK17A"
"RPL23A2",0,0.547941626481735,0.995,0.971,0,"3","RPL23A"
"RPL122",0,0.532608088173662,0.993,0.976,0,"3","RPL12"
"MTPN2",0,0.529787895284272,0.676,0.516,0,"3","MTPN"
"RPL10A1",0,0.521161747077301,0.985,0.954,0,"3","RPL10A"
"RPL13A3",0,0.519929456667694,0.997,0.985,0,"3","RPL13A"
"RPS203",0,0.518779840861526,0.983,0.946,0,"3","RPS20"
"RPS211",0,0.516831934843768,0.983,0.959,0,"3","RPS21"
"FAU",0,0.5150790461397,0.993,0.981,0,"3","FAU"
"RPL182",0,0.504872786801343,0.995,0.981,0,"3","RPL18"
"RPL391",0,0.502196914227778,0.996,0.982,0,"3","RPL39"
"LYZ3",0,1.31186405135385,0.99,0.506,0,"4","LYZ"
"RP11-1143G9.42",0,1.27481943731015,0.514,0.208,0,"4","RP11-1143G9.4"
"VCAN3",0,1.22861697479739,0.818,0.314,0,"4","VCAN"
"S100A122",0,1.17119385907486,0.6,0.249,0,"4","S100A12"
"MNDA3",0,1.1275703766147,0.678,0.301,0,"4","MNDA"
"CTSS2",0,1.08712147177205,0.949,0.587,0,"4","CTSS"
"FCN12",0,1.07584178692031,0.781,0.32,0,"4","FCN1"
"S100A93",0,1.02602922889639,0.994,0.645,0,"4","S100A9"
"CYBB3",0,0.95592604131732,0.638,0.315,0,"4","CYBB"
"CD143",0,0.948114484930824,0.533,0.246,0,"4","CD14"
"FGL24",0,0.929137850523488,0.642,0.323,0,"4","FGL2"
"PSAP3",0,0.904724842471887,0.835,0.563,0,"4","PSAP"
"FOSB2",0,0.884657614943979,0.821,0.659,0,"4","FOSB"
"AIF14",0,0.827509534384794,0.777,0.399,0,"4","AIF1"
"GPX15",0,0.825250071643687,0.66,0.411,0,"4","GPX1"
"NCF13",0,0.820462116396349,0.502,0.339,0,"4","NCF1"
"TKT2",0,0.793641320089493,0.633,0.477,0,"4","TKT"
"TYROBP5",0,0.791632171909803,0.829,0.462,0,"4","TYROBP"
"S100A82",0,0.783461827184798,0.964,0.542,0,"4","S100A8"
"RGS23",0,0.780996930261156,0.512,0.355,0,"4","RGS2"
"GRN5",0,0.767911101311142,0.54,0.371,0,"4","GRN"
"SERPINA12",0,0.758250071237895,0.511,0.269,0,"4","SERPINA1"
"LST13",0,0.751480596535942,0.699,0.372,0,"4","LST1"
"MCL11",0,0.732620440219328,0.697,0.607,0,"4","MCL1"
"NEAT13",0,0.720691879720349,0.967,0.806,0,"4","NEAT1"
"TYMP4",0,0.716963430712444,0.638,0.435,0,"4","TYMP"
"COTL13",0,0.709231228698247,0.762,0.558,0,"4","COTL1"
"BRI33",0,0.700556475190163,0.617,0.509,0,"4","BRI3"
"APLP22",0,0.691318931247388,0.558,0.441,0,"4","APLP2"
"FOS3",0,0.677133251055733,0.975,0.816,0,"4","FOS"
"AP1S23",0,0.645754262240736,0.528,0.402,0,"4","AP1S2"
"NAMPT4",0,0.605077000239121,0.544,0.403,0,"4","NAMPT"
"LAPTM53",0,0.559925512444218,0.717,0.667,0,"4","LAPTM5"
"CST36",0,0.542789001720705,0.821,0.465,0,"4","CST3"
"SRGN4",0,0.538578683891272,0.809,0.677,0,"4","SRGN"
"DUSP11",0,0.510403457039497,0.861,0.757,0,"4","DUSP1"
"FCER1G6",0,0.502250120548903,0.625,0.376,0,"4","FCER1G"
"SAMHD13",3.32544297069368e-301,0.671434086360445,0.572,0.472,9.37409119008842e-297,"4","SAMHD1"
"TSPO2",9.25413632279402e-301,0.581853618159931,0.674,0.641,2.60864848803241e-296,"4","TSPO"
"CTSD2",1.24363545368141e-272,0.671704608565346,0.55,0.464,3.50568398038252e-268,"4","CTSD"
"AHNAK1",9.35435225229486e-255,0.550402995766453,0.685,0.65,2.6368983563994e-250,"4","AHNAK"
"ZEB24",2.86005123879993e-251,0.56807154161988,0.561,0.443,8.06219843705312e-247,"4","ZEB2"
"ITGB22",4.846454888608e-231,0.515092094300243,0.634,0.556,1.36616716854971e-226,"4","ITGB2"
"ACTR22",6.14227272871062e-174,0.513936105893027,0.647,0.651,1.73144525949624e-169,"4","ACTR2"
"EVI2B2",1.57345488799782e-132,0.51160662615552,0.54,0.499,4.43541198377706e-128,"4","EVI2B"
"ALDOA1",2.92691487394985e-130,0.507979274301102,0.58,0.573,8.25068033817723e-126,"4","ALDOA"
"HNRNPH1",7.28619598391441e-92,0.507372726418624,0.607,0.661,2.05390578590563e-87,"4","HNRNPH1"
"LCE3D1",0,6.97596043515678,0.913,0.041,0,"5","LCE3D"
"CRCT12",0,6.90603266258058,0.931,0.042,0,"5","CRCT1"
"CNFN1",0,6.65706928321257,0.936,0.07,0,"5","CNFN"
"SPRR2E2",0,6.48717689659485,0.929,0.055,0,"5","SPRR2E"
"SPRR2G2",0,6.00762825022916,0.866,0.036,0,"5","SPRR2G"
"SLPI2",0,5.89297677299536,0.914,0.062,0,"5","SLPI"
"SPRR1B1",0,5.79149663725033,0.915,0.049,0,"5","SPRR1B"
"SPRR2D1",0,5.62494349905188,0.789,0.042,0,"5","SPRR2D"
"SBSN2",0,5.61657658885174,0.952,0.071,0,"5","SBSN"
"SPRR2A",0,5.50875669060595,0.812,0.051,0,"5","SPRR2A"
"MTRNR2L81",0,4.95374197716516,0.899,0.232,0,"5","MTRNR2L8"
"SPRR2B2",0,4.93673471492221,0.755,0.026,0,"5","SPRR2B"
"MTRNR2L11",0,4.69819651279485,0.601,0.039,0,"5","MTRNR2L1"
"PI3",0,4.6773352265751,0.685,0.038,0,"5","PI3"
"FAM25A",0,4.67027059373348,0.721,0.025,0,"5","FAM25A"
"LCE3E",0,4.60375922057427,0.709,0.019,0,"5","LCE3E"
"KRT17",0,4.5714480525774,0.872,0.059,0,"5","KRT17"
"MTRNR2L125",0,4.51928827755759,0.9,0.302,0,"5","MTRNR2L12"
"KRTDAP1",0,4.31888866387016,0.935,0.085,0,"5","KRTDAP"
"RNASE7",0,4.27481306647841,0.744,0.017,0,"5","RNASE7"
"S100A72",0,4.2265983179244,0.944,0.098,0,"5","S100A7"
"MTRNR2L101",0,4.15928815294223,0.755,0.035,0,"5","MTRNR2L10"
"CST61",0,4.0703857072084,0.733,0.021,0,"5","CST6"
"CSTA2",0,4.04038960595118,0.863,0.319,0,"5","CSTA"
"CDSN",0,4.02252272184847,0.668,0.014,0,"5","CDSN"
"TACSTD21",0,3.88023328460002,0.755,0.055,0,"5","TACSTD2"
"TMEM401",0,3.85092605675756,0.784,0.037,0,"5","TMEM40"
"FCHSD1",0,3.51941538531664,0.69,0.051,0,"5","FCHSD1"
"KRT231",0,3.48093403332012,0.506,0.011,0,"5","KRT23"
"PRSS22",0,3.32154112310737,0.509,0.013,0,"5","PRSS22"
"ELOC3",0,3.29014238897442,0.742,0.082,0,"5","ELOC"
"RHCG",0,3.28478443004004,0.639,0.019,0,"5","RHCG"
"CLDN4",0,3.25439258061668,0.633,0.031,0,"5","CLDN4"
"SDCBP21",0,3.22991826705211,0.692,0.029,0,"5","SDCBP2"
"PERP",0,3.19609682599941,0.813,0.086,0,"5","PERP"
"PHLDA21",0,3.12990126422536,0.675,0.085,0,"5","PHLDA2"
"CALML51",0,3.10947856102025,0.697,0.049,0,"5","CALML5"
"IL1RL1",0,3.09808278056987,0.528,0.012,0,"5","IL1RL1"
"LCN2",0,3.09781736022121,0.525,0.015,0,"5","LCN2"
"CD24",0,3.00370034364445,0.663,0.059,0,"5","CD24"
"KRT6B",0,3.003457901467,0.505,0.038,0,"5","KRT6B"
"SPRR1A",0,2.97802458841626,0.508,0.004,0,"5","SPRR1A"
"DMKN1",0,2.95440436390669,0.86,0.078,0,"5","DMKN"
"GADD45A3",0,2.92761572749941,0.639,0.148,0,"5","GADD45A"
"GADD45B5",0,2.91749335437877,0.847,0.499,0,"5","GADD45B"
"CPA4",0,2.89038269227696,0.601,0.012,0,"5","CPA4"
"PPIF",0,2.85786618210995,0.655,0.141,0,"5","PPIF"
"SERPINB3",0,2.83039880290748,0.586,0.035,0,"5","SERPINB3"
"SERPINB7",0,2.79197483750821,0.536,0.011,0,"5","SERPINB7"
"KRT80",0,2.70146365725708,0.56,0.015,0,"5","KRT80"
"CSTB2",0,2.68129889075365,0.768,0.504,0,"5","CSTB"
"JPT11",0,2.66494759426632,0.679,0.07,0,"5","JPT1"
"NDRG2",0,2.63292697177149,0.621,0.058,0,"5","NDRG2"
"HOPX2",0,2.62918666899822,0.653,0.229,0,"5","HOPX"
"ATF41",0,2.62073591777863,0.793,0.451,0,"5","ATF4"
"GABARAPL22",0,2.61864070313519,0.789,0.431,0,"5","GABARAPL2"
"KRT16",0,2.56178985233644,0.607,0.057,0,"5","KRT16"
"IFI27",0,2.55428461764641,0.683,0.083,0,"5","IFI27"
"NUPR12",0,2.47492907587461,0.511,0.069,0,"5","NUPR1"
"ELOVL4",0,2.45162818907143,0.542,0.022,0,"5","ELOVL4"
"MAP1LC3B1",0,2.44780928556047,0.805,0.494,0,"5","MAP1LC3B"
"AVPI1",0,2.40411524879854,0.512,0.041,0,"5","AVPI1"
"MAFF",0,2.32479428987505,0.632,0.117,0,"5","MAFF"
"SULT2B1",0,2.28572467614608,0.564,0.024,0,"5","SULT2B1"
"KLK10",0,2.26009407315872,0.512,0.022,0,"5","KLK10"
"S100A21",0,2.25619650934192,0.593,0.063,0,"5","S100A2"
"CD592",0,2.24711301323237,0.667,0.134,0,"5","CD59"
"ADIRF2",0,2.21055272052372,0.587,0.076,0,"5","ADIRF"
"S100A83",0,2.20912805783892,0.934,0.545,0,"5","S100A8"
"RAB7A3",0,2.20373377828102,0.736,0.395,0,"5","RAB7A"
"HSPB15",0,2.1918097674741,0.727,0.293,0,"5","HSPB1"
"KRT6A",0,2.18059223750738,0.506,0.051,0,"5","KRT6A"
"SEM16",0,2.17454617400239,0.671,0.102,0,"5","SEM1"
"SNHG12",0,2.16850608053336,0.518,0.132,0,"5","SNHG12"
"MPZL3",0,2.1610128336001,0.572,0.047,0,"5","MPZL3"
"CKS21",0,2.15081277128587,0.585,0.089,0,"5","CKS2"
"SREK1IP1",0,2.13975300227162,0.615,0.241,0,"5","SREK1IP1"
"MARCH7",0,2.10389745516828,0.559,0.283,0,"5","MARCH7"
"ATF31",0,2.09964429074158,0.621,0.159,0,"5","ATF3"
"IL1RN",0,2.09583249750334,0.507,0.086,0,"5","IL1RN"
"ARF42",0,2.06191760808732,0.657,0.256,0,"5","ARF4"
"ARID5B2",0,2.05335798733985,0.651,0.255,0,"5","ARID5B"
"RSRC2",0,2.0512918948495,0.735,0.482,0,"5","RSRC2"
"TNFRSF12A",0,2.03776902047533,0.539,0.039,0,"5","TNFRSF12A"
"SELENOT2",0,2.01066321864619,0.557,0.053,0,"5","SELENOT"
"SERTAD1",0,1.99715692281903,0.615,0.217,0,"5","SERTAD1"
"OSER1",0,1.99592870787509,0.633,0.182,0,"5","OSER1"
"CLTB1",0,1.96673071252895,0.704,0.303,0,"5","CLTB"
"TUBB4B2",0,1.9611429788528,0.66,0.369,0,"5","TUBB4B"
"EHF",0,1.95036272267976,0.54,0.03,0,"5","EHF"
"EPS8L1",0,1.93308119971876,0.512,0.015,0,"5","EPS8L1"
"H2AFJ",0,1.93186297730448,0.662,0.278,0,"5","H2AFJ"
"GLTP",0,1.93171665724585,0.598,0.273,0,"5","GLTP"
"SELENOK4",0,1.93041959866435,0.609,0.086,0,"5","SELENOK"
"HERC4",0,1.92457936236552,0.602,0.195,0,"5","HERC4"
"IER34",0,1.92325747255761,0.593,0.276,0,"5","IER3"
"PFDN21",0,1.92109481674044,0.677,0.32,0,"5","PFDN2"
"AREG",0,1.91839702263701,0.507,0.109,0,"5","AREG"
"SRSF32",0,1.86979169434574,0.81,0.702,0,"5","SRSF3"
"UBE2B1",0,1.86890711613367,0.721,0.445,0,"5","UBE2B"
"ABHD5",0,1.86213635840873,0.581,0.112,0,"5","ABHD5"
"SFN1",0,1.86058828165578,0.535,0.07,0,"5","SFN"
"CDKN1A4",0,1.83520698643172,0.671,0.217,0,"5","CDKN1A"
"CHIC2",0,1.83436057971756,0.559,0.151,0,"5","CHIC2"
"KLK11",0,1.79395046939729,0.509,0.03,0,"5","KLK11"
"FABP52",0,1.77273334316926,0.504,0.143,0,"5","FABP5"
"PPP1R15A1",0,1.75638184687131,0.792,0.632,0,"5","PPP1R15A"
"UPP1",0,1.73194227222382,0.563,0.29,0,"5","UPP1"
"TOP1",0,1.64983431769451,0.646,0.352,0,"5","TOP1"
"SQSTM16",0,1.60204716668227,0.675,0.426,0,"5","SQSTM1"
"UBB5",0,1.58819611569954,0.854,0.778,0,"5","UBB"
"AFDN1",0,1.58537019657364,0.511,0.043,0,"5","AFDN"
"UBC1",0,1.58120656822821,0.945,0.92,0,"5","UBC"
"ARL6IP11",0,1.57129078825256,0.606,0.319,0,"5","ARL6IP1"
"CALM23",0,1.56289927629027,0.817,0.699,0,"5","CALM2"
"DNAJA1",0,1.54619366488368,0.697,0.506,0,"5","DNAJA1"
"TRIR5",0,1.52790389882476,0.624,0.107,0,"5","TRIR"
"UBE2D3",0,1.51500704665862,0.784,0.668,0,"5","UBE2D3"
"JUP1",0,1.49051010115455,0.512,0.092,0,"5","JUP"
"HIGD1A1",0,1.47977417045848,0.539,0.145,0,"5","HIGD1A"
"HNRNPH3",0,1.47111079890977,0.65,0.429,0,"5","HNRNPH3"
"ELOB6",0,1.4672914715038,0.658,0.122,0,"5","ELOB"
"H2AFZ3",0,1.45819157256761,0.73,0.505,0,"5","H2AFZ"
"FTL3",0,1.45590019798204,0.972,0.975,0,"5","FTL"
"ATP5MG6",0,1.44720552458872,0.667,0.131,0,"5","ATP5MG"
"ATP5F1E7",0,1.43104492385216,0.751,0.139,0,"5","ATP5F1E"
"BZW1",0,1.42097353033133,0.685,0.518,0,"5","BZW1"
"ATP6V1B21",0,1.39564477271573,0.51,0.206,0,"5","ATP6V1B2"
"SBDS1",0,1.38756105348061,0.611,0.357,0,"5","SBDS"
"PPP2CA",0,1.35599762038965,0.565,0.251,0,"5","PPP2CA"
"RHEB1",0,1.34074093730047,0.533,0.235,0,"5","RHEB"
"ATP5MD6",0,1.32876304520916,0.578,0.113,0,"5","ATP5MD"
"PHACTR4",0,1.3224778424539,0.534,0.217,0,"5","PHACTR4"
"RAB5A",0,1.32207285290789,0.512,0.203,0,"5","RAB5A"
"NXF1",0,1.31133846518876,0.501,0.171,0,"5","NXF1"
"CLK1",0,1.31102636325846,0.65,0.443,0,"5","CLK1"
"CPEB4",0,1.30700605506991,0.514,0.197,0,"5","CPEB4"
"PRELID3B",0,1.30615243313461,0.507,0.171,0,"5","PRELID3B"
"MXD11",0,1.30209032545939,0.516,0.204,0,"5","MXD1"
"DNAJB14",0,1.28390676944866,0.558,0.403,0,"5","DNAJB1"
"SRSF22",0,1.28109083037449,0.681,0.552,0,"5","SRSF2"
"HECTD1",0,1.27646892632975,0.535,0.246,0,"5","HECTD1"
"COX7B3",0,1.27280191062464,0.759,0.592,0,"5","COX7B"
"ARL8B",0,1.26690028436783,0.514,0.202,0,"5","ARL8B"
"CHMP2B",0,1.26587754994383,0.517,0.224,0,"5","CHMP2B"
"S100A114",0,1.25164664882258,0.867,0.677,0,"5","S100A11"
"EZR1",0,1.23147982474137,0.611,0.46,0,"5","EZR"
"ZFAS12",0,1.22473753109731,0.786,0.685,0,"5","ZFAS1"
"CAMTA12",0,1.22289355053327,0.562,0.249,0,"5","CAMTA1"
"EIF4A21",0,1.21340385035723,0.735,0.673,0,"5","EIF4A2"
"YWHAE5",0,1.20866730898694,0.652,0.422,0,"5","YWHAE"
"IST1",0,1.20348993138764,0.532,0.244,0,"5","IST1"
"BNIP3L2",0,1.20091924972267,0.57,0.344,0,"5","BNIP3L"
"SEC61G4",0,1.19906600821223,0.651,0.531,0,"5","SEC61G"
"RAB1A3",0,1.19627646814345,0.552,0.245,0,"5","RAB1A"
"CLTA3",0,1.1891790216499,0.635,0.383,0,"5","CLTA"
"MORF4L22",0,1.18686684554469,0.52,0.205,0,"5","MORF4L2"
"ATP5MPL6",0,1.1816482030269,0.529,0.108,0,"5","ATP5MPL"
"S100A94",0,1.17806861043886,0.953,0.648,0,"5","S100A9"
"MIEN1",0,1.15782669004488,0.539,0.243,0,"5","MIEN1"
"C4orf3",0,1.15547943210117,0.654,0.505,0,"5","C4orf3"
"IER5",0,1.13831184480884,0.545,0.365,0,"5","IER5"
"ETF1",0,1.1383012308458,0.505,0.232,0,"5","ETF1"
"BUD31",0,1.13668595788241,0.562,0.339,0,"5","BUD31"
"PNRC2",0,1.13483578088105,0.557,0.38,0,"5","PNRC2"
"YTHDC1",0,1.13036166602355,0.598,0.401,0,"5","YTHDC1"
"TRA2A",0,1.12891620940857,0.58,0.384,0,"5","TRA2A"
"IFRD11",0,1.1237862736683,0.53,0.309,0,"5","IFRD1"
"DNAJB64",0,1.11092607976797,0.649,0.423,0,"5","DNAJB6"
"EIF5",0,1.08315489421286,0.68,0.565,0,"5","EIF5"
"PSMD81",0,1.05154377517212,0.622,0.418,0,"5","PSMD8"
"EIF6",0,1.04477997490519,0.526,0.281,0,"5","EIF6"
"TXN7",0,1.03390705822135,0.777,0.47,0,"5","TXN"
"SF3B61",0,1.02950660451308,0.589,0.435,0,"5","SF3B6"
"ZNF207",0,1.00819696807726,0.629,0.481,0,"5","ZNF207"
"SFPQ",0,0.985862208823315,0.671,0.582,0,"5","SFPQ"
"SAP181",0,0.970064062961173,0.688,0.576,0,"5","SAP18"
"DSTN3",0,0.964107852190763,0.672,0.432,0,"5","DSTN"
"ATOX13",0,0.962367921899397,0.545,0.305,0,"5","ATOX1"
"BRD2",0,0.914861967352723,0.546,0.415,0,"5","BRD2"
"UFM1",0,0.885475042127484,0.503,0.33,0,"5","UFM1"
"ATP6V0D11",0,0.867541993879545,0.502,0.311,0,"5","ATP6V0D1"
"UBL52",0,0.853383597015399,0.794,0.704,0,"5","UBL5"
"DYNLL17",0,0.843190304419237,0.68,0.507,0,"5","DYNLL1"
"GUK11",0,0.833256725858287,0.69,0.619,0,"5","GUK1"
"SNRPG3",0,0.810479752177698,0.561,0.412,0,"5","SNRPG"
"RBM8A2",0,0.81001078865875,0.608,0.478,0,"5","RBM8A"
"RACK18",0,0.807050711833173,0.612,0.151,0,"5","RACK1"
"VAPA1",0,0.801447114577134,0.588,0.491,0,"5","VAPA"
"MYL63",0,0.80093073785148,0.915,0.893,0,"5","MYL6"
"PPP4C",0,0.754816631407286,0.502,0.295,0,"5","PPP4C"
"CHMP2A",0,0.747047111839148,0.556,0.389,0,"5","CHMP2A"
"EIF1",0,0.715818592802854,0.972,0.981,0,"5","EIF1"
"ARF11",0,0.680370885718213,0.619,0.525,0,"5","ARF1"
"CHMP1B2",0,0.61220270264451,0.522,0.354,0,"5","CHMP1B"
"NOP10",1.90543251815937e-286,0.653892265499127,0.555,0.423,5.37122372543943e-282,"5","NOP10"
"ACTG15",4.60431857891672e-274,1.21670285989067,0.873,0.901,1.29791136421083e-269,"5","ACTG1"
"ID23",2.13785511814364e-271,1.31596967309863,0.671,0.537,6.02639979253509e-267,"5","ID2"
"ZFAND52",8.2933122150572e-271,0.608997671214781,0.561,0.424,2.33780178030247e-266,"5","ZFAND5"
"ANXA27",8.45132962676798e-266,0.751597631269366,0.663,0.516,2.38234530848963e-261,"5","ANXA2"
"HSP90AB11",1.06413515420708e-253,0.983819872941109,0.78,0.789,2.99969058619434e-249,"5","HSP90AB1"
"DRAP1",9.25874458281636e-243,0.767122282659387,0.595,0.508,2.6099475104501e-238,"5","DRAP1"
"NEAT14",2.74777271999914e-237,0.617851005893595,0.909,0.809,7.74569652040559e-233,"5","NEAT1"
"CHCHD22",1.00172030972759e-227,0.582092786523627,0.753,0.758,2.82374938109112e-223,"5","CHCHD2"
"ATP6V0E11",1.41826662046164e-224,0.777634811152931,0.662,0.622,3.99795177641931e-220,"5","ATP6V0E1"
"TPT11",8.63821895321327e-209,0.723641387577756,0.993,0.997,2.43502754072129e-204,"5","TPT1"
"SKP11",5.16111875439515e-205,0.568366610774906,0.731,0.734,1.45486776567645e-200,"5","SKP1"
"PPP1CB",1.01456573208859e-186,0.608829895226697,0.523,0.433,2.85995934218453e-182,"5","PPP1CB"
"RBX13",2.06015536426321e-182,0.561876408884413,0.584,0.472,5.80737195632155e-178,"5","RBX1"
"HSP90AA17",9.21328783244382e-162,1.1265275051122,0.816,0.854,2.59713370708759e-157,"5","HSP90AA1"
"TPI13",3.63797450300905e-150,0.609871839671992,0.615,0.55,1.02550863265322e-145,"5","TPI1"
"CYCS1",1.21358193077463e-143,0.601245088274104,0.528,0.44,3.4209661046606e-139,"5","CYCS"
"MYL12B2",6.11024398925373e-142,0.603362862905166,0.74,0.757,1.72241667813073e-137,"5","MYL12B"
"EIF1AX",3.44234371725161e-123,0.582829956021237,0.521,0.454,9.70362270456057e-119,"5","EIF1AX"
"RTN43",4.02501451889849e-79,0.512761001788967,0.533,0.479,1.1346113427323e-74,"5","RTN4"
"RBM39",1.23699967886523e-75,0.527205188872133,0.721,0.785,3.4869783947532e-71,"5","RBM39"
"CCNL11",3.90438209809592e-52,0.611324406483513,0.689,0.733,1.10060626963226e-47,"5","CCNL1"
"IER21",1.86493525348492e-35,0.527329254745205,0.736,0.747,5.25706598604864e-31,"5","IER2"
"NFKBIA4",1.01924386405325e-16,0.788075005467666,0.65,0.708,2.8731465283797e-12,"5","NFKBIA"
"ZFP365",0.00958326395257596,0.87123673978226,0.592,0.617,1,"5","ZFP36"
"KRT141",0,5.51278219591778,0.872,0.061,0,"6","KRT14"
"KRT11",0,5.24093166390797,0.791,0.049,0,"6","KRT1"
"KRT101",0,5.09721415940313,0.911,0.487,0,"6","KRT10"
"FABP53",0,4.6089279764037,0.728,0.135,0,"6","FABP5"
"KRT51",0,4.56391507433023,0.769,0.035,0,"6","KRT5"
"LY6D1",0,4.40373491896938,0.859,0.025,0,"6","LY6D"
"SFN2",0,4.25093122538606,0.944,0.055,0,"6","SFN"
"S100A73",0,4.1941549257436,0.847,0.102,0,"6","S100A7"
"S100A22",0,4.19248217365373,0.787,0.057,0,"6","S100A2"
"DMKN2",0,4.12937165300506,0.861,0.079,0,"6","DMKN"
"KRT6A1",0,4.11158911098433,0.69,0.045,0,"6","KRT6A"
"KRT161",0,3.95521822927481,0.703,0.054,0,"6","KRT16"
"DSP1",0,3.92474768188335,0.907,0.039,0,"6","DSP"
"KRTDAP2",0,3.89442027822755,0.848,0.089,0,"6","KRTDAP"
"SERPINB4",0,3.68684269558467,0.62,0.034,0,"6","SERPINB4"
"PERP1",0,3.63670554493081,0.928,0.082,0,"6","PERP"
"CALML52",0,3.62868254080525,0.621,0.052,0,"6","CALML5"
"LGALS7B1",0,3.52670754908654,0.844,0.03,0,"6","LGALS7B"
"S100A141",0,3.44812401006026,0.884,0.031,0,"6","S100A14"
"IFI271",0,3.11917255570231,0.765,0.081,0,"6","IFI27"
"DSG1",0,2.91496555063249,0.771,0.014,0,"6","DSG1"
"LGALS71",0,2.89900817466053,0.718,0.022,0,"6","LGALS7"
"S100A161",0,2.87282005629281,0.842,0.043,0,"6","S100A16"
"SERPINB31",0,2.76448700057785,0.57,0.037,0,"6","SERPINB3"
"DSC3",0,2.7040085083434,0.833,0.017,0,"6","DSC3"
"FXYD31",0,2.67117392232437,0.827,0.023,0,"6","FXYD3"
"HSPB16",0,2.65613100553414,0.933,0.286,0,"6","HSPB1"
"SPINK5",0,2.63337482265479,0.676,0.025,0,"6","SPINK5"
"NME2",0,2.54836877393639,0.6,0.065,0,"6","NME2"
"RACK19",0,2.51646807879726,0.931,0.14,0,"6","RACK1"
"AQP3",0,2.49978070619796,0.79,0.114,0,"6","AQP3"
"EEF1G1",0,2.4945293473613,0.708,0.104,0,"6","EEF1G"
"SNHG291",0,2.48461203525712,0.527,0.024,0,"6","SNHG29"
"TMEM45A",0,2.481976183888,0.733,0.03,0,"6","TMEM45A"
"S100A84",0,2.46330232764362,0.872,0.548,0,"6","S100A8"
"CALML3",0,2.43919333263265,0.519,0.011,0,"6","CALML3"
"KRT171",0,2.36551801795484,0.592,0.07,0,"6","KRT17"
"CXCL141",0,2.3535671399813,0.623,0.034,0,"6","CXCL14"
"FGFBP1",0,2.35339915933965,0.625,0.008,0,"6","FGFBP1"
"LYPD3",0,2.31254735554305,0.696,0.039,0,"6","LYPD3"
"JUP2",0,2.29762508623251,0.811,0.081,0,"6","JUP"
"GJB2",0,2.28150073610304,0.586,0.017,0,"6","GJB2"
"MT1X3",0,2.27951362614248,0.663,0.182,0,"6","MT1X"
"EMP21",0,2.26982736920995,0.782,0.044,0,"6","EMP2"
"CRABP2",0,2.12819064810107,0.621,0.021,0,"6","CRABP2"
"RPL176",0,2.09115193935545,0.911,0.608,0,"6","RPL17"
"MIF8",0,2.04881906710677,0.825,0.342,0,"6","MIF"
"DBI4",0,2.02643486445465,0.865,0.551,0,"6","DBI"
"S100A95",0,1.97960115921867,0.877,0.651,0,"6","S100A9"
"TRIM29",0,1.97684752221639,0.745,0.014,0,"6","TRIM29"
"SBSN3",0,1.95632406992525,0.766,0.08,0,"6","SBSN"
"GJA1",0,1.94161433280533,0.709,0.027,0,"6","GJA1"
"DYNLL18",0,1.93827474345833,0.904,0.499,0,"6","DYNLL1"
"ATP5MC35",0,1.93402758601313,0.773,0.081,0,"6","ATP5MC3"
"PKP1",0,1.9137710045635,0.733,0.029,0,"6","PKP1"
"DAPL1",0,1.90141365408157,0.697,0.025,0,"6","DAPL1"
"SERPINB5",0,1.84900682701476,0.699,0.011,0,"6","SERPINB5"
"C19orf33",0,1.8466235023468,0.726,0.031,0,"6","C19orf33"
"ATP5F1D6",0,1.83796567711023,0.794,0.091,0,"6","ATP5F1D"
"KLF5",0,1.80414204264894,0.721,0.04,0,"6","KLF5"
"CD94",0,1.78128907541066,0.788,0.097,0,"6","CD9"
"ATP5MD7",0,1.73205430965852,0.805,0.105,0,"6","ATP5MD"
"TACSTD22",0,1.72932863058433,0.775,0.056,0,"6","TACSTD2"
"ATP5ME6",0,1.72397824908552,0.787,0.095,0,"6","ATP5ME"
"RND31",0,1.71166724749295,0.617,0.04,0,"6","RND3"
"AL445524.1",0,1.70260588570006,0.535,0.014,0,"6","AL445524.1"
"PHLDA22",0,1.69716235268192,0.656,0.086,0,"6","PHLDA2"
"RAB25",0,1.67988074545448,0.653,0.014,0,"6","RAB25"
"ATP5MG7",0,1.67729516545108,0.851,0.125,0,"6","ATP5MG"
"ATP5PF6",0,1.67662152008644,0.778,0.091,0,"6","ATP5PF"
"ATP5MF6",0,1.6642099594264,0.787,0.09,0,"6","ATP5MF"
"ATP5MC26",0,1.66068354468644,0.804,0.106,0,"6","ATP5MC2"
"HSPA1A5",0,1.65251433195324,0.803,0.211,0,"6","HSPA1A"
"ATP5MPL7",0,1.6466128713348,0.794,0.099,0,"6","ATP5MPL"
"ATP5IF15",0,1.6307901742483,0.773,0.083,0,"6","ATP5IF1"
"ATP5F1B4",0,1.61801921543778,0.754,0.081,0,"6","ATP5F1B"
"PDZK1IP1",0,1.61734282155647,0.621,0.011,0,"6","PDZK1IP1"
"DSG3",0,1.61683473726288,0.585,0.013,0,"6","DSG3"
"TUBA1C3",0,1.61370861791772,0.74,0.167,0,"6","TUBA1C"
"LMNA5",0,1.59191927452949,0.823,0.168,0,"6","LMNA"
"GLTP1",0,1.57662461431626,0.726,0.269,0,"6","GLTP"
"ELOB7",0,1.56626004958109,0.812,0.117,0,"6","ELOB"
"SELENOW3",0,1.56509788143066,0.772,0.089,0,"6","SELENOW"
"SYPL14",0,1.55348006347631,0.598,0.232,0,"6","SYPL1"
"EIF4A13",0,1.55209241329279,0.832,0.431,0,"6","EIF4A1"
"DEGS1",0,1.55118098452526,0.721,0.194,0,"6","DEGS1"
"SDC1",0,1.55014142325125,0.65,0.009,0,"6","SDC1"
"MT1E2",0,1.54003825359745,0.566,0.079,0,"6","MT1E"
"ATP5F1E8",0,1.53201898611926,0.874,0.135,0,"6","ATP5F1E"
"KLK8",0,1.52704942876367,0.596,0.019,0,"6","KLK8"
"TUBB2A",0,1.50805019066235,0.629,0.075,0,"6","TUBB2A"
"HOPX3",0,1.49523375547699,0.728,0.226,0,"6","HOPX"
"HSPA1B3",0,1.4754667490382,0.703,0.096,0,"6","HSPA1B"
"S100A115",0,1.46913458212223,0.951,0.674,0,"6","S100A11"
"ATP5F1A4",0,1.46599851290012,0.723,0.068,0,"6","ATP5F1A"
"CLCA2",0,1.46418777924075,0.635,0.006,0,"6","CLCA2"
"IMPA2",0,1.46294890780404,0.699,0.099,0,"6","IMPA2"
"MT2A5",0,1.4620672294788,0.677,0.42,0,"6","MT2A"
"ATP5PD4",0,1.45490460960672,0.726,0.073,0,"6","ATP5PD"
"ATP5MC12",0,1.44236895971167,0.684,0.054,0,"6","ATP5MC1"
"ANXA28",0,1.44179494580279,0.884,0.508,0,"6","ANXA2"
"DEFB1",0,1.43857096551028,0.57,0.02,0,"6","DEFB1"
"PKP3",0,1.41913870787871,0.654,0.019,0,"6","PKP3"
"LAD11",0,1.41102873130745,0.646,0.022,0,"6","LAD1"
"LDHA5",0,1.40383921791382,0.853,0.533,0,"6","LDHA"
"APOE2",0,1.40077115569047,0.589,0.044,0,"6","APOE"
"ATP5PO3",0,1.39852135874762,0.724,0.078,0,"6","ATP5PO"
"YBX34",0,1.39588724232643,0.833,0.359,0,"6","YBX3"
"CSTA3",0,1.39218415302757,0.787,0.323,0,"6","CSTA"
"SEM17",0,1.39018204496006,0.774,0.099,0,"6","SEM1"
"GSTP15",0,1.37492216635046,0.907,0.63,0,"6","GSTP1"
"PRDX18",0,1.37084041109816,0.841,0.441,0,"6","PRDX1"
"NUPR13",0,1.36786822986859,0.701,0.062,0,"6","NUPR1"
"MICOS102",0,1.36691213694145,0.61,0.04,0,"6","MICOS10"
"DNAJB15",0,1.35741377282777,0.797,0.394,0,"6","DNAJB1"
"TXN8",0,1.35326860453913,0.896,0.466,0,"6","TXN"
"CTNNBIP1",0,1.34135795940384,0.647,0.118,0,"6","CTNNBIP1"
"TUBB4B3",0,1.3341794040469,0.801,0.364,0,"6","TUBB4B"
"TXNDC171",0,1.32207049402547,0.697,0.233,0,"6","TXNDC17"
"COPS94",0,1.31309806486218,0.707,0.084,0,"6","COPS9"
"KLK111",0,1.30505851645394,0.581,0.028,0,"6","KLK11"
"ATP1B32",0,1.30444283672261,0.763,0.312,0,"6","ATP1B3"
"ATP5F1C3",0,1.29598318868205,0.681,0.064,0,"6","ATP5F1C"
"GPNMB2",0,1.2577282602218,0.633,0.043,0,"6","GPNMB"
"CXADR",0,1.25673850279041,0.589,0.012,0,"6","CXADR"
"ATF32",0,1.2562739090846,0.611,0.16,0,"6","ATF3"
"LGALS37",0,1.2384958822241,0.8,0.383,0,"6","LGALS3"
"DSTN4",0,1.23686550073362,0.865,0.425,0,"6","DSTN"
"SLC25A53",0,1.22394982255124,0.822,0.529,0,"6","SLC25A5"
"ATP5PB1",0,1.21705598450306,0.666,0.058,0,"6","ATP5PB"
"CSTB3",0,1.210585539822,0.759,0.505,0,"6","CSTB"
"CDH1",0,1.20181389285951,0.565,0.016,0,"6","CDH1"
"CLTB2",0,1.17045266634314,0.774,0.301,0,"6","CLTB"
"EHF1",0,1.16100054548428,0.606,0.028,0,"6","EHF"
"RHOV",0,1.15846244674406,0.521,0.009,0,"6","RHOV"
"PPP1R14B2",0,1.1474100848577,0.734,0.258,0,"6","PPP1R14B"
"GGCT",0,1.14051205769369,0.638,0.131,0,"6","GGCT"
"PLK2",0,1.13283650376459,0.606,0.065,0,"6","PLK2"
"DAAM1",0,1.13123744305826,0.67,0.131,0,"6","DAAM1"
"HES12",0,1.12636500827515,0.556,0.086,0,"6","HES1"
"SPINT23",0,1.12385948796117,0.707,0.183,0,"6","SPINT2"
"ID1",0,1.12226687985551,0.588,0.124,0,"6","ID1"
"PHGDH",0,1.11822993592083,0.565,0.018,0,"6","PHGDH"
"FAM162A",0,1.10625978245528,0.696,0.205,0,"6","FAM162A"
"CA12",0,1.10434256732151,0.547,0.007,0,"6","CA12"
"SLC2A1",0,1.10220164151558,0.549,0.055,0,"6","SLC2A1"
"EGFR",0,1.09559561690154,0.505,0.021,0,"6","EGFR"
"CBR1",0,1.08559953138712,0.628,0.112,0,"6","CBR1"
"RAB5IF1",0,1.08359378810963,0.592,0.051,0,"6","RAB5IF"
"DENND2C",0,1.08221448423911,0.509,0.031,0,"6","DENND2C"
"NOP537",0,1.08196205324937,0.711,0.108,0,"6","NOP53"
"CYB5A2",0,1.07985847024976,0.613,0.128,0,"6","CYB5A"
"EMP12",0,1.07679456561982,0.615,0.074,0,"6","EMP1"
"AHNAK2",0,1.07641136034522,0.527,0.012,0,"6","AHNAK2"
"MAL2",0,1.07486355897365,0.525,0.014,0,"6","MAL2"
"TMEM54",0,1.06563039350867,0.55,0.022,0,"6","TMEM54"
"IL18",0,1.06293835884526,0.602,0.075,0,"6","IL18"
"MAST4",0,1.06047783520685,0.516,0.057,0,"6","MAST4"
"RTRAF3",0,1.05835797721355,0.656,0.072,0,"6","RTRAF"
"RBIS1",0,1.04489762009933,0.56,0.037,0,"6","RBIS"
"TINCR",0,1.0441111445101,0.589,0.022,0,"6","TINCR"
"HMGCS1",0,1.04084773383984,0.559,0.106,0,"6","HMGCS1"
"CSNK1A1",0,1.01928591238439,0.809,0.453,0,"6","CSNK1A1"
"PRSS3",0,1.01269071775299,0.52,0.025,0,"6","PRSS3"
"SEPTIN72",0,1.01113857627812,0.601,0.052,0,"6","SEPTIN7"
"NSG1",0,1.00380771678745,0.583,0.058,0,"6","NSG1"
"TRIR6",0,0.978274907397865,0.698,0.105,0,"6","TRIR"
"ALDH23",0,0.972670669042306,0.665,0.213,0,"6","ALDH2"
"EIF61",0,0.970247280404203,0.71,0.274,0,"6","EIF6"
"MPZL2",0,0.970159451599496,0.536,0.026,0,"6","MPZL2"
"LIMA12",0,0.969986191641385,0.528,0.092,0,"6","LIMA1"
"IER35",0,0.968401453936396,0.7,0.273,0,"6","IER3"
"CAPNS2",0,0.962633619460271,0.531,0.005,0,"6","CAPNS2"
"GSTA4",0,0.957698569012475,0.539,0.019,0,"6","GSTA4"
"RPLP02",0,0.952297676172717,0.96,0.929,0,"6","RPLP0"
"TSTA3",0,0.946808615630258,0.61,0.131,0,"6","TSTA3"
"HNRNPAB1",0,0.933039571901117,0.721,0.321,0,"6","HNRNPAB"
"TFAP2C",0,0.926697716761193,0.505,0.012,0,"6","TFAP2C"
"ALDH3A2",0,0.919940903290723,0.57,0.085,0,"6","ALDH3A2"
"PRDX21",0,0.916600195290305,0.724,0.354,0,"6","PRDX2"
"TIMM13",0,0.915902962135419,0.681,0.261,0,"6","TIMM13"
"RAN4",0,0.911155768132828,0.804,0.509,0,"6","RAN"
"TUBA4A1",0,0.905470734001357,0.567,0.271,0,"6","TUBA4A"
"SELENOH1",0,0.905142562656749,0.597,0.062,0,"6","SELENOH"
"TFAP2A",0,0.902289675318343,0.531,0.013,0,"6","TFAP2A"
"RNASEK2",0,0.900598090538504,0.632,0.163,0,"6","RNASEK"
"NME1",0,0.900400727784991,0.59,0.118,0,"6","NME1"
"BTG3",0,0.900033208792983,0.607,0.124,0,"6","BTG3"
"HRAS",0,0.898906763926823,0.601,0.096,0,"6","HRAS"
"NDRG11",0,0.890264201330407,0.587,0.159,0,"6","NDRG1"
"JPT12",0,0.887091452014903,0.609,0.073,0,"6","JPT1"
"PTMS5",0,0.882153795592911,0.674,0.167,0,"6","PTMS"
"P4HB2",0,0.880417293629111,0.746,0.376,0,"6","P4HB"
"MYC1",0,0.880389649487035,0.502,0.123,0,"6","MYC"
"TIMM8B",0,0.877225780140801,0.664,0.249,0,"6","TIMM8B"
"PDLIM11",0,0.876870053274445,0.56,0.09,0,"6","PDLIM1"
"ENAH1",0,0.87538336417787,0.503,0.033,0,"6","ENAH"
"PRRG4",0,0.8746243278801,0.561,0.064,0,"6","PRRG4"
"TUBB6",0,0.872574203593534,0.535,0.07,0,"6","TUBB6"
"RTN44",0,0.872374876366385,0.796,0.469,0,"6","RTN4"
"MICOS13",0,0.870796334707735,0.511,0.031,0,"6","MICOS13"
"COX7B4",0,0.866602416432115,0.843,0.589,0,"6","COX7B"
"SERBP11",0,0.863145737054287,0.843,0.63,0,"6","SERBP1"
"ENSA",0,0.854583160011878,0.746,0.373,0,"6","ENSA"
"HSP90AA18",0,0.849733414339567,0.927,0.849,0,"6","HSP90AA1"
"CKB",0,0.848585666989123,0.502,0.043,0,"6","CKB"
"GNG121",0,0.848359883909255,0.514,0.039,0,"6","GNG12"
"CTTN2",0,0.840136807266011,0.538,0.049,0,"6","CTTN"
"PLS31",0,0.838802032347475,0.541,0.047,0,"6","PLS3"
"ZC3H12A",0,0.836068087975269,0.534,0.088,0,"6","ZC3H12A"
"PAWR1",0,0.834482964357366,0.514,0.045,0,"6","PAWR"
"GAPDH4",0,0.833178992185842,0.932,0.837,0,"6","GAPDH"
"PSMB51",0,0.832257671568988,0.608,0.127,0,"6","PSMB5"
"RAB102",0,0.831074154278261,0.68,0.284,0,"6","RAB10"
"NFE2L23",0,0.830486344074574,0.718,0.302,0,"6","NFE2L2"
"KTN1",0,0.821725899120292,0.795,0.491,0,"6","KTN1"
"ELOC4",0,0.814899622293817,0.63,0.087,0,"6","ELOC"
"CENPX1",0,0.814704989710428,0.51,0.039,0,"6","CENPX"
"PMAIP11",0,0.814000515657956,0.625,0.255,0,"6","PMAIP1"
"BAIAP2",0,0.800330438550101,0.522,0.064,0,"6","BAIAP2"
"GIPC1",0,0.799225478148563,0.565,0.086,0,"6","GIPC1"
"HSPE15",0,0.798510367574552,0.736,0.4,0,"6","HSPE1"
"MAF",0,0.792195580349338,0.575,0.128,0,"6","MAF"
"RALBP1",0,0.78975558483843,0.71,0.301,0,"6","RALBP1"
"TPI14",0,0.789346844906354,0.811,0.543,0,"6","TPI1"
"SMIM261",0,0.785219363795187,0.545,0.051,0,"6","SMIM26"
"YWHAE6",0,0.783840877563016,0.787,0.417,0,"6","YWHAE"
"NDUFC11",0,0.777210761653634,0.716,0.302,0,"6","NDUFC1"
"MGST2",0,0.772871879291372,0.574,0.115,0,"6","MGST2"
"MAFB2",0,0.768657686241185,0.628,0.199,0,"6","MAFB"
"HSP90AB12",0,0.7649565298324,0.918,0.784,0,"6","HSP90AB1"
"ETS2",0,0.757268457053665,0.556,0.17,0,"6","ETS2"
"H2AFJ1",0,0.754502040309656,0.55,0.283,0,"6","H2AFJ"
"VDAC12",0,0.747365373902604,0.716,0.341,0,"6","VDAC1"
"RPL22L1",0,0.744974572183706,0.732,0.439,0,"6","RPL22L1"
"PPIA2",0,0.743140627537969,0.92,0.832,0,"6","PPIA"
"ZNF706",0,0.737455875203523,0.74,0.383,0,"6","ZNF706"
"IMPDH2",0,0.737302062788474,0.593,0.166,0,"6","IMPDH2"
"SLIRP1",0,0.72881384086685,0.658,0.283,0,"6","SLIRP"
"UQCRQ3",0,0.726483688790333,0.767,0.481,0,"6","UQCRQ"
"RAB11A",0,0.725048911521029,0.663,0.27,0,"6","RAB11A"
"KDM5B",0,0.724071616416596,0.503,0.087,0,"6","KDM5B"
"NDUFA134",0,0.722715988232346,0.778,0.499,0,"6","NDUFA13"
"ACTG16",0,0.720369743104898,0.94,0.899,0,"6","ACTG1"
"GOLGA4",0,0.714358552420711,0.7,0.34,0,"6","GOLGA4"
"INTS6",0,0.713876064631189,0.583,0.285,0,"6","INTS6"
"ENO13",0,0.705504405306863,0.814,0.612,0,"6","ENO1"
"SELENOS3",0,0.701976847899748,0.537,0.059,0,"6","SELENOS"
"COMTD1",0,0.699085322480786,0.517,0.087,0,"6","COMTD1"
"NDUFS51",0,0.697462123097183,0.802,0.576,0,"6","NDUFS5"
"ZFP36L16",0,0.694055428886017,0.768,0.529,0,"6","ZFP36L1"
"DNAJB65",0,0.69339368777023,0.719,0.42,0,"6","DNAJB6"
"PYCARD2",0,0.689238151948734,0.712,0.399,0,"6","PYCARD"
"EIF4A32",0,0.686504562015994,0.612,0.193,0,"6","EIF4A3"
"PPA13",0,0.685103672879928,0.707,0.354,0,"6","PPA1"
"UCHL3",0,0.684829499355285,0.558,0.12,0,"6","UCHL3"
"RAB133",0,0.684608507569782,0.576,0.088,0,"6","RAB13"
"PLP22",0,0.680484210786223,0.735,0.392,0,"6","PLP2"
"TMEM402",0,0.679561046856621,0.523,0.048,0,"6","TMEM40"
"MRPL512",0,0.676846846512581,0.676,0.305,0,"6","MRPL51"
"C1QBP1",0,0.674464280573945,0.657,0.332,0,"6","C1QBP"
"COX6A14",0,0.671181918648239,0.823,0.59,0,"6","COX6A1"
"HSPH1",0,0.668968932388532,0.537,0.194,0,"6","HSPH1"
"PSMB62",0,0.66822997877687,0.702,0.358,0,"6","PSMB6"
"CTNND1",0,0.659365062611853,0.508,0.085,0,"6","CTNND1"
"ADK",0,0.655160009112678,0.541,0.17,0,"6","ADK"
"SELENOK5",0,0.654825101084122,0.565,0.088,0,"6","SELENOK"
"PKM6",0,0.653850438997845,0.76,0.478,0,"6","PKM"
"EGR12",0,0.6523844541954,0.665,0.256,0,"6","EGR1"
"HEBP2",0,0.652374270803619,0.699,0.363,0,"6","HEBP2"
"TOMM5",0,0.649785482640295,0.525,0.158,0,"6","TOMM5"
"SPAG93",0,0.646123254841048,0.521,0.281,0,"6","SPAG9"
"ATP1A11",0,0.638403602519949,0.628,0.32,0,"6","ATP1A1"
"EBPL",0,0.636553174486292,0.574,0.145,0,"6","EBPL"
"TECR",0,0.635074057553133,0.597,0.252,0,"6","TECR"
"TMEM134",0,0.634763115191942,0.603,0.184,0,"6","TMEM134"
"SLPI3",0,0.634573785071764,0.587,0.075,0,"6","SLPI"
"C1orf21",0,0.629758983975727,0.571,0.117,0,"6","C1orf21"
"GATA3",0,0.628598643957006,0.504,0.117,0,"6","GATA3"
"RNH12",0,0.626094550929837,0.716,0.379,0,"6","RNH1"
"COX5B1",0,0.623414519241484,0.834,0.663,0,"6","COX5B"
"NFIC2",0,0.621879610502027,0.567,0.186,0,"6","NFIC"
"CDKN1A5",0,0.621870761425249,0.614,0.219,0,"6","CDKN1A"
"VDAC21",0,0.62108255614295,0.702,0.376,0,"6","VDAC2"
"PA2G41",0,0.619747538751694,0.68,0.425,0,"6","PA2G4"
"HSPD14",0,0.615689267982694,0.656,0.36,0,"6","HSPD1"
"NDUFB44",0,0.60966692339212,0.762,0.455,0,"6","NDUFB4"
"ABHD51",0,0.608838988649078,0.512,0.115,0,"6","ABHD5"
"PSMA22",0,0.604783863802962,0.683,0.33,0,"6","PSMA2"
"CYCS2",0,0.601842520070109,0.721,0.433,0,"6","CYCS"
"TCEAL42",0,0.601336152626597,0.557,0.14,0,"6","TCEAL4"
"EIF5A1",0,0.597775189294747,0.776,0.537,0,"6","EIF5A"
"ARPC5L1",0,0.595628726384617,0.679,0.286,0,"6","ARPC5L"
"EZR2",0,0.595473086483161,0.752,0.455,0,"6","EZR"
"TMEM154",0,0.595407052160204,0.588,0.225,0,"6","TMEM154"
"MRPL27",0,0.595311224535967,0.531,0.137,0,"6","MRPL27"
"REXO21",0,0.594464097131854,0.589,0.168,0,"6","REXO2"
"CD82",0,0.581607066072973,0.51,0.115,0,"6","CD82"
"SLC38A21",0,0.577296509707113,0.695,0.418,0,"6","SLC38A2"
"PEBP15",0,0.576501758100163,0.729,0.422,0,"6","PEBP1"
"RPS171",0,0.571711839895998,0.918,0.885,0,"6","RPS17"
"SF3B62",0,0.571688810614058,0.738,0.43,0,"6","SF3B6"
"MARCKS4",0,0.568908259237239,0.718,0.3,0,"6","MARCKS"
"PLIN3",0,0.561038726807116,0.542,0.17,0,"6","PLIN3"
"CTNNA12",0,0.558833080404466,0.552,0.194,0,"6","CTNNA1"
"HMGA11",0,0.54547332151886,0.598,0.223,0,"6","HMGA1"
"MDH2",0,0.542990996189831,0.66,0.335,0,"6","MDH2"
"CCT21",0,0.542274734085314,0.595,0.235,0,"6","CCT2"
"POLR2L4",0,0.542143328953421,0.8,0.588,0,"6","POLR2L"
"ATOX14",0,0.541780609032451,0.637,0.302,0,"6","ATOX1"
"IFITM33",0,0.536360660075006,0.622,0.282,0,"6","IFITM3"
"PSMA31",0,0.533851339015408,0.621,0.259,0,"6","PSMA3"
"ARID1B3",0,0.532397484467648,0.521,0.205,0,"6","ARID1B"
"PDCD52",0,0.530513075273994,0.615,0.271,0,"6","PDCD5"
"RANBP11",0,0.526813737192223,0.598,0.303,0,"6","RANBP1"
"ITM2B2",0,0.521527429665747,0.899,0.853,0,"6","ITM2B"
"CEBPD5",0,0.520840128276813,0.716,0.359,0,"6","CEBPD"
"PRDX61",0,0.519579580221669,0.699,0.4,0,"6","PRDX6"
"CCDC47",0,0.518067178533188,0.554,0.173,0,"6","CCDC47"
"NAA20",0,0.517023559850637,0.55,0.172,0,"6","NAA20"
"TMEM141",0,0.515776286992743,0.531,0.165,0,"6","TMEM141"
"RAC15",0,0.512417162204328,0.832,0.571,0,"6","RAC1"
"CARHSP11",0,0.510995792314259,0.51,0.191,0,"6","CARHSP1"
"UQCRH3",0,0.509543475308558,0.827,0.666,0,"6","UQCRH"
"FDPS2",0,0.507396480765934,0.552,0.217,0,"6","FDPS"
"BAZ1A",0,0.507168882749099,0.621,0.355,0,"6","BAZ1A"
"TCP11",0,0.506860270116435,0.594,0.254,0,"6","TCP1"
"NDUFS61",0,0.505176104825268,0.703,0.428,0,"6","NDUFS6"
"TSPO3",0,0.502391647684115,0.841,0.635,0,"6","TSPO"
"YWHAG",0,0.502244262757228,0.525,0.175,0,"6","YWHAG"
"RPL36A3",0,0.500470591484611,0.847,0.799,0,"6","RPL36A"
"NFKBIA5",4.81602189743673e-221,0.572952197824464,0.812,0.701,1.35758841266844e-216,"6","NFKBIA"
"NEAT15",2.8782307304276e-150,0.51059221801527,0.75,0.815,8.11344460600238e-146,"6","NEAT1"
"H2AFZ4",4.4385973276363e-138,0.714733510559734,0.589,0.511,1.2511962006874e-133,"6","H2AFZ"
"RACK110",0,2.71701776084554,0.944,0.141,0,"7","RACK1"
"ATP5F1E9",0,2.64797437382789,0.901,0.136,0,"7","ATP5F1E"
"NOP538",0,2.45189443240109,0.776,0.107,0,"7","NOP53"
"ATP5MG8",0,2.29417830551283,0.823,0.127,0,"7","ATP5MG"
"FYB12",0,2.09610757800366,0.555,0.017,0,"7","FYB1"
"ATP5MC27",0,1.91259368219857,0.703,0.111,0,"7","ATP5MC2"
"TRIR7",0,1.79596630946973,0.638,0.108,0,"7","TRIR"
"RPL177",0,1.7242639547021,0.918,0.608,0,"7","RPL17"
"ELOB8",0,1.65166520566734,0.662,0.124,0,"7","ELOB"
"IL324",0,1.53415325836766,0.848,0.497,0,"7","IL32"
"CRIP17",0,1.53354483258814,0.674,0.362,0,"7","CRIP1"
"ATP5F1D7",0,1.50030276839341,0.557,0.101,0,"7","ATP5F1D"
"ATP5ME7",0,1.49058716991146,0.555,0.104,0,"7","ATP5ME"
"ATP5MPL8",0,1.47625987653351,0.548,0.109,0,"7","ATP5MPL"
"ATP5MD8",0,1.45332400839552,0.582,0.114,0,"7","ATP5MD"
"MIF9",0,1.30786550083266,0.678,0.348,0,"7","MIF"
"CD23",0,1.29916706254363,0.675,0.35,0,"7","CD2"
"TRAC2",0,1.29193727164368,0.639,0.368,0,"7","TRAC"
"MTRNR2L126",0,1.24722116765078,0.618,0.314,0,"7","MTRNR2L12"
"MTRNR2L82",0,1.17588635231399,0.558,0.247,0,"7","MTRNR2L8"
"LCK2",0,1.03911077892496,0.549,0.283,0,"7","LCK"
"TRBC23",0,1.03171907744055,0.611,0.42,0,"7","TRBC2"
"SARAF2",0,1.00369694473267,0.784,0.703,0,"7","SARAF"
"RPL314",0,0.987277636847154,0.908,0.916,0,"7","RPL31"
"CD3D4",0,0.965471328625228,0.725,0.423,0,"7","CD3D"
"ACAP11",0,0.9647643494939,0.555,0.346,0,"7","ACAP1"
"IKZF11",0,0.891623651040145,0.561,0.409,0,"7","IKZF1"
"TMSB4X4",0,0.82594853349062,0.992,0.992,0,"7","TMSB4X"
"LEPROTL12",0,0.813768012717847,0.575,0.427,0,"7","LEPROTL1"
"RPS27L6",0,0.79856131203269,0.576,0.48,0,"7","RPS27L"
"RPL13A4",0,0.77226061578283,0.979,0.986,0,"7","RPL13A"
"RPL36A4",0,0.740069724941893,0.801,0.801,0,"7","RPL36A"
"RPL414",0,0.731700903584438,0.995,0.993,0,"7","RPL41"
"H2AFZ5",0,0.731624537636989,0.587,0.511,0,"7","H2AFZ"
"SOD12",0,0.673980556684461,0.614,0.547,0,"7","SOD1"
"LTB4",0,0.623384973284636,0.707,0.502,0,"7","LTB"
"TXN9",0,0.567497518055697,0.697,0.474,0,"7","TXN"
"RPS273",0,0.550635110331492,0.991,0.994,0,"7","RPS27"
"DYNLL19",0,0.530415623351131,0.619,0.51,0,"7","DYNLL1"
"B2M3",0,0.529404464217173,0.996,0.998,0,"7","B2M"
"EVL2",5.19814409491231e-299,0.610912075048495,0.59,0.483,1.46530483891483e-294,"7","EVL"
"STK41",1.76909125975714e-284,0.726230920049578,0.632,0.596,4.98689135212941e-280,"7","STK4"
"FXYD51",3.23292889632551e-278,0.630736619485451,0.688,0.654,9.11330326585197e-274,"7","FXYD5"
"RPL71",5.33499266808151e-192,0.557381753182002,0.877,0.943,1.5038810832055e-187,"7","RPL7"
"HSPA81",3.42328772594556e-177,0.542168172102889,0.675,0.672,9.64990577066795e-173,"7","HSPA8"
"CXCR45",2.17193381093041e-159,0.57880884522427,0.627,0.556,6.12246421963175e-155,"7","CXCR4"
"PPP2R5C1",2.56670239286625e-142,0.573696560593491,0.567,0.542,7.23527737525066e-138,"7","PPP2R5C"
"CDC42SE2",2.05166892642635e-137,0.861050608428616,0.502,0.477,5.78344953670323e-133,"7","CDC42SE2"
"RAP1B2",3.56562786887341e-96,0.502278441755104,0.517,0.51,1.00511483995673e-91,"7","RAP1B"
"FCGR3A1",0,3.18917655850938,0.97,0.141,0,"8","FCGR3A"
"LST14",0,3.05803980492216,0.989,0.366,0,"8","LST1"
"CDKN1C",0,2.94263704220042,0.878,0.058,0,"8","CDKN1C"
"AIF15",0,2.53985807479632,0.991,0.395,0,"8","AIF1"
"MS4A73",0,2.47330235568939,0.912,0.159,0,"8","MS4A7"
"LINC01272",0,2.32436129913106,0.886,0.107,0,"8","LINC01272"
"FCER1G7",0,2.28054859036425,0.979,0.366,0,"8","FCER1G"
"COTL14",0,2.09189063501952,0.988,0.553,0,"8","COTL1"
"IFITM34",0,2.02997116439407,0.922,0.273,0,"8","IFITM3"
"SERPINA13",0,1.99807334921034,0.96,0.256,0,"8","SERPINA1"
"LYN3",0,1.95021554272465,0.948,0.307,0,"8","LYN"
"SAT15",0,1.92237329075914,0.993,0.707,0,"8","SAT1"
"TCF7L21",0,1.82607070967745,0.845,0.095,0,"8","TCF7L2"
"PSAP4",0,1.78449560822985,0.989,0.56,0,"8","PSAP"
"WARS1",0,1.76519955013015,0.864,0.187,0,"8","WARS"
"PECAM11",0,1.75113834143019,0.899,0.247,0,"8","PECAM1"
"SPI14",0,1.70581877320568,0.941,0.279,0,"8","SPI1"
"HES41",0,1.70446621959688,0.721,0.063,0,"8","HES4"
"TNFRSF1B3",0,1.7006697323657,0.95,0.366,0,"8","TNFRSF1B"
"LILRB21",0,1.6793071808263,0.872,0.165,0,"8","LILRB2"
"CSF1R1",0,1.61242273742065,0.804,0.115,0,"8","CSF1R"
"FTL4",0,1.60537433895345,1,0.974,0,"8","FTL"
"CTSS3",0,1.59224098603581,0.997,0.588,0,"8","CTSS"
"LRRC25",0,1.58858204485256,0.826,0.129,0,"8","LRRC25"
"RHOC2",0,1.57308831259526,0.815,0.202,0,"8","RHOC"
"TYROBP6",0,1.55549647548327,0.991,0.46,0,"8","TYROBP"
"CST37",0,1.55254693934739,0.988,0.462,0,"8","CST3"
"FAM26F1",0,1.50806862055688,0.778,0.159,0,"8","FAM26F"
"FTH15",0,1.50104919916459,1,0.961,0,"8","FTH1"
"STXBP22",0,1.49460413262937,0.881,0.288,0,"8","STXBP2"
"POU2F23",0,1.47907384618739,0.911,0.323,0,"8","POU2F2"
"NAP1L12",0,1.47720522060756,0.973,0.724,0,"8","NAP1L1"
"CFD2",0,1.46649115733633,0.932,0.257,0,"8","CFD"
"IFITM21",0,1.46408536950501,0.963,0.644,0,"8","IFITM2"
"CD683",0,1.43385085384798,0.898,0.238,0,"8","CD68"
"HMOX12",0,1.41987922122942,0.755,0.127,0,"8","HMOX1"
"MTSS11",0,1.39969825375844,0.793,0.156,0,"8","MTSS1"
"PILRA1",0,1.38870326769407,0.781,0.146,0,"8","PILRA"
"TIMP14",0,1.33606284361425,0.903,0.393,0,"8","TIMP1"
"LYST2",0,1.32688485287871,0.902,0.356,0,"8","LYST"
"C10orf541",0,1.32100060754929,0.903,0.332,0,"8","C10orf54"
"C5AR12",0,1.32007241787306,0.791,0.166,0,"8","C5AR1"
"S100A116",0,1.31953222677828,0.988,0.674,0,"8","S100A11"
"ASAH14",0,1.31800875412875,0.907,0.355,0,"8","ASAH1"
"SIGLEC10",0,1.30340757563977,0.656,0.054,0,"8","SIGLEC10"
"BID2",0,1.30052420249964,0.805,0.228,0,"8","BID"
"HCK1",0,1.29622150082675,0.783,0.173,0,"8","HCK"
"BCL2A11",0,1.29075919360823,0.759,0.177,0,"8","BCL2A1"
"BRI34",0,1.27979561249687,0.955,0.498,0,"8","BRI3"
"NPC25",0,1.27459501982951,0.929,0.433,0,"8","NPC2"
"LILRA51",0,1.26619217831671,0.718,0.133,0,"8","LILRA5"
"VASP1",0,1.26618813402787,0.9,0.374,0,"8","VASP"
"LILRB1",0,1.26036805776306,0.718,0.125,0,"8","LILRB1"
"NFKBIZ1",0,1.25587695904129,0.875,0.38,0,"8","NFKBIZ"
"PTPN61",0,1.25217463718628,0.86,0.296,0,"8","PTPN6"
"SPN",0,1.24832086476999,0.822,0.251,0,"8","SPN"
"RRAS1",0,1.24773342678598,0.714,0.128,0,"8","RRAS"
"RNASET22",0,1.22172351169341,0.922,0.463,0,"8","RNASET2"
"S100A42",0,1.21580963836817,0.997,0.83,0,"8","S100A4"
"HLA-DPA16",0,1.21210197739956,0.971,0.487,0,"8","HLA-DPA1"
"APOBEC3A",0,1.20570922742916,0.531,0.119,0,"8","APOBEC3A"
"FGL25",0,1.20087266110856,0.932,0.316,0,"8","FGL2"
"CEBPB3",0,1.19989267543681,0.926,0.444,0,"8","CEBPB"
"MARCKS5",0,1.19145397382353,0.838,0.298,0,"8","MARCKS"
"CYBB4",0,1.17508857052639,0.937,0.308,0,"8","CYBB"
"ADGRE51",0,1.16448327156014,0.852,0.338,0,"8","ADGRE5"
"TYMP5",0,1.16360746503907,0.953,0.427,0,"8","TYMP"
"PTP4A21",0,1.15959957996505,0.961,0.637,0,"8","PTP4A2"
"MTPN3",0,1.15699951763605,0.922,0.514,0,"8","MTPN"
"FGR2",0,1.14464787458121,0.852,0.271,0,"8","FGR"
"PYCARD3",0,1.13426284067355,0.908,0.393,0,"8","PYCARD"
"MAFB3",0,1.11182854061241,0.759,0.196,0,"8","MAFB"
"PRELID12",0,1.10854215076084,0.926,0.542,0,"8","PRELID1"
"NAAA",0,1.08717431373235,0.733,0.21,0,"8","NAAA"
"PIK3AP1",0,1.08114291915928,0.711,0.158,0,"8","PIK3AP1"
"CMTM63",0,1.07805633837948,0.875,0.387,0,"8","CMTM6"
"MBD2",0,1.07647128857212,0.846,0.373,0,"8","MBD2"
"CLEC7A3",0,1.06977536499486,0.841,0.247,0,"8","CLEC7A"
"CLEC12A2",0,1.06202062876516,0.752,0.205,0,"8","CLEC12A"
"LMO22",0,1.04770535208667,0.709,0.159,0,"8","LMO2"
"IGSF63",0,1.04768817664463,0.72,0.188,0,"8","IGSF6"
"ABI3",0,1.04655454426744,0.647,0.11,0,"8","ABI3"
"CFP3",0,1.04457445560427,0.781,0.222,0,"8","CFP"
"EMP31",0,1.04246616944898,0.973,0.709,0,"8","EMP3"
"LINC009362",0,1.0372964244298,0.805,0.304,0,"8","LINC00936"
"NEAT16",0,1.03665527721562,0.996,0.807,0,"8","NEAT1"
"CPPED11",0,1.03440452922971,0.748,0.196,0,"8","CPPED1"
"HSBP11",0,1.03341215005982,0.803,0.296,0,"8","HSBP1"
"SLC2A6",0,1.02532091527507,0.56,0.079,0,"8","SLC2A6"
"FCN13",0,1.01915911988211,0.907,0.32,0,"8","FCN1"
"DUSP62",0,1.01529265709901,0.746,0.215,0,"8","DUSP6"
"LY6E2",0,1.01450818167625,0.853,0.455,0,"8","LY6E"
"OAZ14",0,1.00968710612853,0.991,0.863,0,"8","OAZ1"
"DRAP11",0,1.00873586079883,0.895,0.498,0,"8","DRAP1"
"ADGRE2",0,1.00583572007507,0.611,0.094,0,"8","ADGRE2"
"ARPC32",0,0.998504376956935,0.977,0.787,0,"8","ARPC3"
"GNAI21",0,0.996129707546674,0.965,0.648,0,"8","GNAI2"
"ANXA55",0,0.991226964608617,0.92,0.444,0,"8","ANXA5"
"C19orf381",0,0.990103164131659,0.677,0.142,0,"8","C19orf38"
"ARPC1B3",0,0.988475073569617,0.972,0.669,0,"8","ARPC1B"
"SCIMP",0,0.987472685438677,0.63,0.116,0,"8","SCIMP"
"SH3BP21",0,0.986951786101457,0.744,0.231,0,"8","SH3BP2"
"IFI302",0,0.981296781714556,0.588,0.124,0,"8","IFI30"
"RHOG2",0,0.98003352207755,0.86,0.388,0,"8","RHOG"
"ITGAX1",0,0.979034605032552,0.681,0.148,0,"8","ITGAX"
"LGALS93",0,0.976604912052936,0.72,0.202,0,"8","LGALS9"
"RGS19",0,0.973200541598163,0.757,0.262,0,"8","RGS19"
"SNX18",0,0.973040740339333,0.612,0.125,0,"8","SNX18"
"SLC7A71",0,0.966099929768765,0.695,0.166,0,"8","SLC7A7"
"ZFAND53",0,0.960765037635671,0.867,0.415,0,"8","ZFAND5"
"CASP12",0,0.959422632406537,0.785,0.276,0,"8","CASP1"
"MAPKAPK3",0,0.957369280156327,0.666,0.167,0,"8","MAPKAPK3"
"HN1",0,0.956175041638871,0.73,0.218,0,"8","HN1"
"CTSC3",0,0.951057483749587,0.819,0.364,0,"8","CTSC"
"CARD161",0,0.949297873996041,0.838,0.364,0,"8","CARD16"
"S100A66",0,0.948913127384672,0.996,0.892,0,"8","S100A6"
"C1orf1623",0,0.946169107817103,0.878,0.388,0,"8","C1orf162"
"CAP11",0,0.944548112935553,0.932,0.578,0,"8","CAP1"
"FKBP1A1",0,0.943600043297629,0.909,0.476,0,"8","FKBP1A"
"ACTB4",0,0.936538337583224,1,0.976,0,"8","ACTB"
"LRRFIP11",0,0.936172717171234,0.946,0.606,0,"8","LRRFIP1"
"ZEB25",0,0.935595796443284,0.914,0.432,0,"8","ZEB2"
"CX3CR1",0,0.931781832309082,0.571,0.126,0,"8","CX3CR1"
"TPM32",0,0.927827807263571,0.975,0.781,0,"8","TPM3"
"MSN2",0,0.922469419110126,0.943,0.608,0,"8","MSN"
"UNC119",0,0.921331030781261,0.614,0.139,0,"8","UNC119"
"OAS1",0,0.917661874153632,0.539,0.093,0,"8","OAS1"
"TKT3",0,0.911953782096876,0.939,0.468,0,"8","TKT"
"FAM110A",0,0.911415930494747,0.523,0.076,0,"8","FAM110A"
"ALDOA2",0,0.909133770219883,0.938,0.561,0,"8","ALDOA"
"VAMP51",0,0.906108871309028,0.721,0.312,0,"8","VAMP5"
"ADRBK2",0,0.894245806572764,0.618,0.133,0,"8","ADRBK2"
"ATG31",0,0.893660977990011,0.731,0.279,0,"8","ATG3"
"CXCL161",0,0.888090676908111,0.571,0.108,0,"8","CXCL16"
"LCP12",0,0.887953180796663,0.975,0.682,0,"8","LCP1"
"TESC",0,0.885071916317068,0.55,0.113,0,"8","TESC"
"MYO1G2",0,0.884670946479221,0.791,0.299,0,"8","MYO1G"
"YBX13",0,0.884329774722998,0.975,0.828,0,"8","YBX1"
"CSK",0,0.884272221054777,0.8,0.33,0,"8","CSK"
"LTA4H2",0,0.877973995288992,0.744,0.307,0,"8","LTA4H"
"NCF22",0,0.875562256511363,0.819,0.247,0,"8","NCF2"
"LILRA1",0,0.874179315101046,0.534,0.072,0,"8","LILRA1"
"RXRA1",0,0.871274351625554,0.675,0.183,0,"8","RXRA"
"ZBTB7A",0,0.868195600945559,0.761,0.328,0,"8","ZBTB7A"
"TCIRG11",0,0.867450907113699,0.71,0.219,0,"8","TCIRG1"
"TMPO1",0,0.860060829653698,0.76,0.334,0,"8","TMPO"
"HOTAIRM1",0,0.855906766412014,0.622,0.158,0,"8","HOTAIRM1"
"MAP3K12",0,0.855418495065169,0.762,0.304,0,"8","MAP3K1"
"RHOB2",0,0.855186476488631,0.7,0.255,0,"8","RHOB"
"MYD88",0,0.854087340372712,0.636,0.169,0,"8","MYD88"
"SECTM1",0,0.85285044798626,0.553,0.094,0,"8","SECTM1"
"ARPC53",0,0.852474226750338,0.949,0.633,0,"8","ARPC5"
"ACTR23",0,0.851143553761838,0.953,0.641,0,"8","ACTR2"
"CTSZ6",0,0.850793477537393,0.837,0.335,0,"8","CTSZ"
"PAG1",0,0.849869773324135,0.688,0.239,0,"8","PAG1"
"ARRB22",0,0.848645930676955,0.85,0.361,0,"8","ARRB2"
"SH3BGRL2",0,0.846899944666634,0.91,0.563,0,"8","SH3BGRL"
"TBXAS1",0,0.840705396761402,0.616,0.139,0,"8","TBXAS1"
"PLXNC1",0,0.84033936850772,0.599,0.15,0,"8","PLXNC1"
"PLXNB2",0,0.837335873834237,0.603,0.153,0,"8","PLXNB2"
"EHBP1L11",0,0.833856814389728,0.723,0.251,0,"8","EHBP1L1"
"GDI22",0,0.831907337580448,0.865,0.448,0,"8","GDI2"
"HLA-DRB55",0,0.831182988022945,0.564,0.23,0,"8","HLA-DRB5"
"LFNG",0,0.828801732390837,0.594,0.142,0,"8","LFNG"
"CD300LF",0,0.828345287616249,0.552,0.1,0,"8","CD300LF"
"MIDN1",0,0.826563880728719,0.807,0.363,0,"8","MIDN"
"CAMK1",0,0.823345628994366,0.515,0.076,0,"8","CAMK1"
"TNFSF101",0,0.818199065420366,0.648,0.264,0,"8","TNFSF10"
"THEMIS21",0,0.806887405409744,0.676,0.203,0,"8","THEMIS2"
"C15orf39",0,0.801872982053214,0.559,0.118,0,"8","C15orf39"
"DUSP12",0,0.797990706775086,0.983,0.754,0,"8","DUSP1"
"CYBA4",0,0.796324211950376,0.987,0.803,0,"8","CYBA"
"FLNA3",0,0.792726977233179,0.916,0.536,0,"8","FLNA"
"SLC11A12",0,0.792525199293521,0.72,0.196,0,"8","SLC11A1"
"KDM1B",0,0.789936999816959,0.532,0.111,0,"8","KDM1B"
"GNG52",0,0.787451510569447,0.888,0.506,0,"8","GNG5"
"CALM24",0,0.786570560362831,0.954,0.695,0,"8","CALM2"
"RELT",0,0.778083109504339,0.575,0.139,0,"8","RELT"
"PGK11",0,0.773360040844479,0.876,0.512,0,"8","PGK1"
"CAPNS11",0,0.769565245317975,0.813,0.39,0,"8","CAPNS1"
"NINJ12",0,0.768693829099098,0.62,0.212,0,"8","NINJ1"
"ITGAL1",0,0.76765374839896,0.744,0.273,0,"8","ITGAL"
"RNF1491",0,0.764590188626973,0.756,0.318,0,"8","RNF149"
"CUX11",0,0.762075402693547,0.659,0.246,0,"8","CUX1"
"LGALS17",0,0.76071323315744,0.974,0.592,0,"8","LGALS1"
"NAMPT5",0,0.75961823448925,0.877,0.393,0,"8","NAMPT"
"MPEG13",0,0.759099913816771,0.784,0.248,0,"8","MPEG1"
"SLC8A11",0,0.75855523215101,0.537,0.118,0,"8","SLC8A1"
"RHOA1",0,0.757725308113108,0.952,0.686,0,"8","RHOA"
"UNC93B11",0,0.756305060218704,0.595,0.158,0,"8","UNC93B1"
"IRAK31",0,0.755337642485674,0.64,0.187,0,"8","IRAK3"
"WASF2",0,0.75354537565621,0.854,0.492,0,"8","WASF2"
"GNB21",0,0.752456264992138,0.819,0.405,0,"8","GNB2"
"BLOC1S1",0,0.751007511989884,0.841,0.468,0,"8","BLOC1S1"
"CD862",0,0.749828520163745,0.549,0.132,0,"8","CD86"
"PGLS2",0,0.745614226248289,0.81,0.383,0,"8","PGLS"
"SLC31A2",0,0.744301615564338,0.508,0.13,0,"8","SLC31A2"
"CHCHD101",0,0.741399055656397,0.762,0.358,0,"8","CHCHD10"
"PKN1",0,0.74097942754729,0.698,0.257,0,"8","PKN1"
"ARPC23",0,0.740843181005623,0.973,0.813,0,"8","ARPC2"
"SELPLG1",0,0.736387770496077,0.714,0.271,0,"8","SELPLG"
"LILRB31",0,0.732844230207099,0.607,0.16,0,"8","LILRB3"
"ITGB23",0,0.731428239745146,0.941,0.547,0,"8","ITGB2"
"ATP5B3",0,0.727700629350128,0.768,0.328,0,"8","ATP5B"
"CD300E1",0,0.724870871920233,0.568,0.147,0,"8","CD300E"
"H3F3A2",0,0.722832780202924,0.993,0.887,0,"8","H3F3A"
"MIS18BP1",0,0.722730766225542,0.718,0.309,0,"8","MIS18BP1"
"KLF3",0,0.717711676932413,0.784,0.397,0,"8","KLF3"
"SEPT9",0,0.716878474864016,0.81,0.387,0,"8","SEPT9"
"RARA",0,0.714247725960106,0.542,0.144,0,"8","RARA"
"RABGAP1L",0,0.712266029668921,0.643,0.254,0,"8","RABGAP1L"
"BLVRA",0,0.712210367659308,0.579,0.172,0,"8","BLVRA"
"ISG15",0,0.712129621880123,0.631,0.302,0,"8","ISG15"
"ADRBK11",0,0.711800215249287,0.772,0.325,0,"8","ADRBK1"
"RNH13",0,0.71083680474065,0.786,0.378,0,"8","RNH1"
"UTRN1",0,0.707473258525124,0.834,0.442,0,"8","UTRN"
"FCGR2A2",0,0.707353874044109,0.617,0.17,0,"8","FCGR2A"
"ZNF1061",0,0.707017963001321,0.747,0.334,0,"8","ZNF106"
"SEC14L1",0,0.706893613067559,0.649,0.231,0,"8","SEC14L1"
"RAB103",0,0.706703587637647,0.696,0.285,0,"8","RAB10"
"EVI2B3",0,0.706105951699448,0.9,0.488,0,"8","EVI2B"
"SKAP23",0,0.705881949111197,0.704,0.271,0,"8","SKAP2"
"INSIG11",0,0.704595767269792,0.546,0.141,0,"8","INSIG1"
"SNX102",0,0.701088777721182,0.649,0.217,0,"8","SNX10"
"LYL1",0,0.700321734454978,0.531,0.124,0,"8","LYL1"
"STX11",0,0.699806240495367,0.568,0.16,0,"8","STX11"
"PSME21",0,0.699535317555426,0.842,0.505,0,"8","PSME2"
"C20orf271",0,0.698117488780444,0.552,0.167,0,"8","C20orf27"
"GNS1",0,0.696594888297763,0.606,0.188,0,"8","GNS"
"DOCK2",0,0.691450260255534,0.734,0.304,0,"8","DOCK2"
"MOB1A1",0,0.69104933469127,0.846,0.467,0,"8","MOB1A"
"TCEB21",0,0.690985870195228,0.93,0.575,0,"8","TCEB2"
"PLEK5",0,0.686949198609891,0.84,0.373,0,"8","PLEK"
"PTPRC1",0,0.682090585128444,0.989,0.801,0,"8","PTPRC"
"ATP5E2",0,0.680484640238987,0.988,0.758,0,"8","ATP5E"
"FAM49A1",0,0.676862196506836,0.536,0.14,0,"8","FAM49A"
"HCLS11",0,0.674092300379729,0.863,0.477,0,"8","HCLS1"
"ACTR3",0,0.67401530579608,0.901,0.579,0,"8","ACTR3"
"AP2A1",0,0.673681764469225,0.542,0.15,0,"8","AP2A1"
"HLA-DRB17",0,0.673598141735002,0.946,0.493,0,"8","HLA-DRB1"
"BTK",0,0.671695177024586,0.527,0.121,0,"8","BTK"
"UBE2J11",0,0.671374668815318,0.641,0.233,0,"8","UBE2J1"
"TUBA1B4",0,0.671007027355482,0.838,0.48,0,"8","TUBA1B"
"FCGRT5",0,0.670705639523375,0.783,0.328,0,"8","FCGRT"
"VPS35",0,0.670561865743627,0.678,0.279,0,"8","VPS35"
"PTGES31",0,0.66921843162584,0.867,0.574,0,"8","PTGES3"
"CD300A",0,0.668827130527051,0.537,0.131,0,"8","CD300A"
"PLAC83",0,0.667140353866175,0.735,0.402,0,"8","PLAC8"
"SYNGR23",0,0.666779015482903,0.669,0.255,0,"8","SYNGR2"
"CORO1A1",0,0.665952965385437,0.956,0.66,0,"8","CORO1A"
"SLC25A62",0,0.664110524580399,0.962,0.732,0,"8","SLC25A6"
"WSB13",0,0.663783968849038,0.805,0.436,0,"8","WSB1"
"PLEKHO13",0,0.660074388203861,0.744,0.324,0,"8","PLEKHO1"
"CAPZA21",0,0.65820407311784,0.759,0.356,0,"8","CAPZA2"
"TSPAN14",0,0.658176541626602,0.632,0.237,0,"8","TSPAN14"
"ARAP1",0,0.654488252149201,0.522,0.136,0,"8","ARAP1"
"C9orf72",0,0.653937877410909,0.59,0.188,0,"8","C9orf72"
"METRNL",0,0.652074546401577,0.638,0.226,0,"8","METRNL"
"PAK11",0,0.651540457362114,0.566,0.172,0,"8","PAK1"
"PSMA41",0,0.647345366102068,0.769,0.389,0,"8","PSMA4"
"PRAM11",0,0.646315248902732,0.55,0.141,0,"8","PRAM1"
"SCO21",0,0.64488676462609,0.568,0.204,0,"8","SCO2"
"KLF42",0,0.644652004877913,0.816,0.335,0,"8","KLF4"
"LAPTM54",0,0.636583520169341,0.962,0.659,0,"8","LAPTM5"
"SAMHD14",0,0.634080223621437,0.88,0.463,0,"8","SAMHD1"
"LSP14",0,0.630643918044571,0.911,0.574,0,"8","LSP1"
"NCKAP1L1",0,0.630336705380033,0.697,0.287,0,"8","NCKAP1L"
"MYL64",0,0.628756978631265,0.985,0.891,0,"8","MYL6"
"SEC11A1",0,0.628607651936264,0.843,0.492,0,"8","SEC11A"
"NOTCH21",0,0.628376148506924,0.593,0.208,0,"8","NOTCH2"
"UBE2R21",0,0.627927579196682,0.696,0.31,0,"8","UBE2R2"
"RIN3",0,0.626939288196401,0.609,0.211,0,"8","RIN3"
"FOS4",0,0.622556623282792,0.989,0.817,0,"8","FOS"
"CDKN2D",0,0.619838743117397,0.725,0.356,0,"8","CDKN2D"
"SH2B3",0,0.615568883428189,0.505,0.139,0,"8","SH2B3"
"PTPN18",0,0.614058427657714,0.632,0.235,0,"8","PTPN18"
"ZYX1",0,0.610873999773147,0.705,0.305,0,"8","ZYX"
"IER51",0,0.61041669703458,0.772,0.358,0,"8","IER5"
"TUBA1A1",0,0.609046847062223,0.873,0.563,0,"8","TUBA1A"
"LAMTOR41",0,0.606629720899616,0.914,0.616,0,"8","LAMTOR4"
"PFN13",0,0.60577167494398,0.987,0.883,0,"8","PFN1"
"CSTB4",0,0.605132433594508,0.894,0.502,0,"8","CSTB"
"IFNGR22",0,0.602568388588035,0.588,0.216,0,"8","IFNGR2"
"FAM45A",0,0.60139181905621,0.536,0.168,0,"8","FAM45A"
"ITGA4",0,0.60029432975404,0.751,0.35,0,"8","ITGA4"
"HLA-DRA7",0,0.598148521638953,0.981,0.542,0,"8","HLA-DRA"
"MT-CO11",0,0.595464901740642,0.999,0.991,0,"8","MT-CO1"
"HIGD2A1",0,0.59545644139253,0.857,0.534,0,"8","HIGD2A"
"SH3BGRL32",0,0.590613275794075,0.993,0.9,0,"8","SH3BGRL3"
"PRKACA",0,0.58903639190314,0.534,0.171,0,"8","PRKACA"
"GMFG",0,0.587614173641128,0.948,0.673,0,"8","GMFG"
"DOK2",0,0.587153078027703,0.681,0.288,0,"8","DOK2"
"CAPZB",0,0.58549271920362,0.874,0.56,0,"8","CAPZB"
"H2AFY2",0,0.584956050043999,0.82,0.415,0,"8","H2AFY"
"WAS1",0,0.584421188286542,0.743,0.345,0,"8","WAS"
"CD43",0,0.582539418213665,0.638,0.243,0,"8","CD4"
"CAPZA1",0,0.581951421209744,0.806,0.447,0,"8","CAPZA1"
"RAB8A",0,0.580519616644224,0.656,0.281,0,"8","RAB8A"
"DMXL21",0,0.578128368816012,0.612,0.194,0,"8","DMXL2"
"TLN12",0,0.577270964294383,0.852,0.507,0,"8","TLN1"
"CECR11",0,0.577130053315651,0.633,0.235,0,"8","CECR1"
"SMAP21",0,0.576576240900794,0.851,0.512,0,"8","SMAP2"
"GRB22",0,0.575831113108272,0.821,0.457,0,"8","GRB2"
"EFHD22",0,0.575581909162698,0.909,0.487,0,"8","EFHD2"
"AP1S24",0,0.573278166923193,0.839,0.393,0,"8","AP1S2"
"IQGAP11",0,0.572270759640925,0.918,0.597,0,"8","IQGAP1"
"RIOK3",0,0.572041105788874,0.725,0.362,0,"8","RIOK3"
"RNF13",0,0.569651588721098,0.6,0.24,0,"8","RNF13"
"CFL14",0,0.568786868112524,0.983,0.864,0,"8","CFL1"
"PABPC4",0,0.568446490883833,0.662,0.321,0,"8","PABPC4"
"RAB313",0,0.56806982951253,0.622,0.223,0,"8","RAB31"
"M6PR",0,0.566524284431163,0.709,0.352,0,"8","M6PR"
"KIAA1033",0,0.565114658562157,0.559,0.191,0,"8","KIAA1033"
"LCP2",0,0.564796079805829,0.643,0.266,0,"8","LCP2"
"ATP6V0B2",0,0.562766283215979,0.844,0.469,0,"8","ATP6V0B"
"TAF10",0,0.559300186447831,0.741,0.388,0,"8","TAF10"
"BACH11",0,0.557832191055729,0.63,0.261,0,"8","BACH1"
"FMNL11",0,0.556698463411447,0.778,0.391,0,"8","FMNL1"
"ARL4A",0,0.556123030204632,0.624,0.305,0,"8","ARL4A"
"MYO1F1",0,0.554132860246022,0.811,0.382,0,"8","MYO1F"
"ARPC41",0,0.553375645475318,0.835,0.472,0,"8","ARPC4"
"HLA-DPB16",0,0.551891135651762,0.92,0.513,0,"8","HLA-DPB1"
"COX8A2",0,0.546684282843327,0.9,0.615,0,"8","COX8A"
"CDC42",0,0.543305537594745,0.967,0.795,0,"8","CDC42"
"SERP11",0,0.543016968452464,0.919,0.666,0,"8","SERP1"
"PRKCB4",0,0.542709016717473,0.759,0.37,0,"8","PRKCB"
"ACAA1",0,0.541177082543948,0.559,0.224,0,"8","ACAA1"
"AP2S14",0,0.540358771603592,0.816,0.453,0,"8","AP2S1"
"TSPO4",0,0.538325867351746,0.943,0.633,0,"8","TSPO"
"GRINA2",0,0.535182626178773,0.549,0.21,0,"8","GRINA"
"ENY2",0,0.534239056931385,0.756,0.419,0,"8","ENY2"
"ZCCHC6",0,0.533009975889257,0.522,0.179,0,"8","ZCCHC6"
"CPVL3",0,0.532176018580491,0.637,0.215,0,"8","CPVL"
"PPP1CA1",0,0.529219024866677,0.824,0.483,0,"8","PPP1CA"
"OAZ21",0,0.523635968453449,0.516,0.191,0,"8","OAZ2"
"ICAM2",0,0.522142209550529,0.54,0.182,0,"8","ICAM2"
"PRR13",0,0.521469195955276,0.843,0.515,0,"8","PRR13"
"GSTP16",0,0.520973569802683,0.933,0.63,0,"8","GSTP1"
"PSMB92",0,0.518120622463328,0.818,0.489,0,"8","PSMB9"
"RNF1304",0,0.517848624778731,0.69,0.272,0,"8","RNF130"
"TMSB4X5",0,0.517605385040218,1,0.992,0,"8","TMSB4X"
"ATP5J22",0,0.514472389109489,0.794,0.421,0,"8","ATP5J2"
"RILPL21",0,0.514364453309424,0.635,0.268,0,"8","RILPL2"
"ARL6IP51",0,0.514152462397261,0.876,0.589,0,"8","ARL6IP5"
"SNAP23",0,0.513712902201269,0.593,0.248,0,"8","SNAP23"
"ARHGDIB1",0,0.509099818094775,0.964,0.758,0,"8","ARHGDIB"
"FAM32A",0,0.509020798145415,0.584,0.259,0,"8","FAM32A"
"RAP1B3",0,0.50872382811078,0.821,0.5,0,"8","RAP1B"
"SRGN5",0,0.508411621628798,0.975,0.673,0,"8","SRGN"
"MMP24-AS1",0,0.507795691966276,0.551,0.198,0,"8","MMP24-AS1"
"STK10",0,0.507708535568169,0.659,0.3,0,"8","STK10"
"RGS24",0,0.506649936525752,0.772,0.348,0,"8","RGS2"
"CYTH41",0,0.50632465324131,0.542,0.189,0,"8","CYTH4"
"TNFAIP24",0,0.505810620971366,0.632,0.249,0,"8","TNFAIP2"
"ABRACL1",0,0.50570214032827,0.7,0.376,0,"8","ABRACL"
"CBL",0,0.503703775983653,0.521,0.203,0,"8","CBL"
"PCGF5",0,0.502953740596807,0.586,0.245,0,"8","PCGF5"
"EMILIN22",0,0.50234163150952,0.503,0.171,0,"8","EMILIN2"
"MARCKSL11",0,0.502021016181535,0.553,0.224,0,"8","MARCKSL1"
"COL4A3BP",0,0.501765498721695,0.5,0.178,0,"8","COL4A3BP"
"TNFSF13B3",0,0.50060471589599,0.614,0.231,0,"8","TNFSF13B"
"MCTP1",0,4.33385043606579,0.656,0.11,0,"9","MCTP1"
"SPARCL11",0,4.19004512202197,0.852,0.023,0,"9","SPARCL1"
"ACKR1",0,3.7527769242677,0.609,0.004,0,"9","ACKR1"
"TM4SF1",0,3.66687309411956,0.823,0.038,0,"9","TM4SF1"
"IGFBP72",0,3.53389672894387,0.929,0.127,0,"9","IGFBP7"
"A2M1",0,3.47934132701005,0.842,0.034,0,"9","A2M"
"AQP1",0,3.47601947745288,0.77,0.012,0,"9","AQP1"
"TCF43",0,3.32902051997856,0.826,0.134,0,"9","TCF4"
"CAV12",0,3.17658974047701,0.844,0.049,0,"9","CAV1"
"IFI272",0,3.0645550811148,0.888,0.09,0,"9","IFI27"
"ADIRF3",0,2.8744458573511,0.855,0.08,0,"9","ADIRF"
"HSPA1A6",0,2.8527693403332,0.829,0.22,0,"9","HSPA1A"
"PLVAP",0,2.84151753953495,0.702,0.005,0,"9","PLVAP"
"MAGI1",0,2.83921655063276,0.584,0.018,0,"9","MAGI1"
"CLDN5",0,2.82336274048998,0.711,0.005,0,"9","CLDN5"
"SYPL15",0,2.8007418502931,0.672,0.237,0,"9","SYPL1"
"SPARC2",0,2.7969752081318,0.795,0.047,0,"9","SPARC"
"LARP1B3",0,2.77788704623009,0.531,0.108,0,"9","LARP1B"
"C2CD4B",0,2.77082210436009,0.507,0.005,0,"9","C2CD4B"
"VWF",0,2.75824428179312,0.695,0.005,0,"9","VWF"
"IFITM35",0,2.70281162540743,0.943,0.281,0,"9","IFITM3"
"ENG",0,2.65684245099639,0.761,0.063,0,"9","ENG"
"EMP13",0,2.61507080513069,0.773,0.08,0,"9","EMP1"
"ZNF385D",0,2.61369777081188,0.574,0.009,0,"9","ZNF385D"
"COL15A11",0,2.60126812362417,0.664,0.014,0,"9","COL15A1"
"GNG111",0,2.56855642626612,0.508,0.033,0,"9","GNG11"
"RAMP2",0,2.56151976459462,0.768,0.007,0,"9","RAMP2"
"ADAMTS9",0,2.52732522095694,0.535,0.008,0,"9","ADAMTS9"
"COL4A11",0,2.52659841911684,0.656,0.021,0,"9","COL4A1"
"EPAS11",0,2.5052121114503,0.757,0.039,0,"9","EPAS1"
"CCN2",0,2.50142540368349,0.529,0.014,0,"9","CCN2"
"ADGRL4",0,2.48642566052052,0.706,0.003,0,"9","ADGRL4"
"ID32",0,2.47884577509064,0.736,0.09,0,"9","ID3"
"WWTR11",0,2.46001914043071,0.648,0.035,0,"9","WWTR1"
"SOCS32",0,2.4589117478546,0.674,0.221,0,"9","SOCS3"
"DOCK4",0,2.44736660644961,0.541,0.023,0,"9","DOCK4"
"EMCN",0,2.40556080655383,0.73,0.007,0,"9","EMCN"
"HSPA1B4",0,2.40124646781217,0.697,0.106,0,"9","HSPA1B"
"MECOM",0,2.39718579266978,0.573,0.028,0,"9","MECOM"
"HSPG21",0,2.39186778700721,0.708,0.024,0,"9","HSPG2"
"SPRY11",0,2.37060802756261,0.588,0.037,0,"9","SPRY1"
"MGP2",0,2.35034650220171,0.633,0.031,0,"9","MGP"
"COL4A22",0,2.3492869286421,0.663,0.023,0,"9","COL4A2"
"SELENOW4",0,2.33641725893548,0.833,0.099,0,"9","SELENOW"
"SASH1",0,2.33506525732394,0.642,0.06,0,"9","SASH1"
"ID11",0,2.3210588781938,0.701,0.13,0,"9","ID1"
"EGFL7",0,2.29721348474456,0.719,0.009,0,"9","EGFL7"
"CRIM11",0,2.29088924559225,0.655,0.041,0,"9","CRIM1"
"RALGAPA2",0,2.28866169489304,0.598,0.104,0,"9","RALGAPA2"
"NFIB2",0,2.27953552057706,0.722,0.038,0,"9","NFIB"
"CAVIN12",0,2.26703502819398,0.775,0.043,0,"9","CAVIN1"
"CDH13",0,2.24428524912756,0.567,0.023,0,"9","CDH13"
"CLU2",0,2.21849396780685,0.619,0.054,0,"9","CLU"
"PDLIM12",0,2.21587319995574,0.759,0.094,0,"9","PDLIM1"
"NPDC1",0,2.1879364216737,0.722,0.048,0,"9","NPDC1"
"CD95",0,2.1820062902226,0.778,0.109,0,"9","CD9"
"LDB2",0,2.17467668341135,0.609,0.017,0,"9","LDB2"
"CD34",0,2.17415548257458,0.687,0.008,0,"9","CD34"
"LMNA6",0,2.15996564414159,0.855,0.178,0,"9","LMNA"
"PTPRM",0,2.15443423837705,0.589,0.023,0,"9","PTPRM"
"PPFIBP1",0,2.14122263036711,0.621,0.038,0,"9","PPFIBP1"
"FLT1",0,2.12895015525012,0.61,0.008,0,"9","FLT1"
"CRIP21",0,2.11193998041614,0.748,0.075,0,"9","CRIP2"
"IGFBP42",0,2.10673033516292,0.732,0.039,0,"9","IGFBP4"
"APP3",0,2.10172458969048,0.759,0.17,0,"9","APP"
"PECAM12",0,2.10102311393999,0.837,0.257,0,"9","PECAM1"
"RACK111",0,2.09319241035942,0.92,0.154,0,"9","RACK1"
"MYO1E",0,2.06070731726726,0.509,0.057,0,"9","MYO1E"
"SPTBN12",0,2.05416506624218,0.793,0.189,0,"9","SPTBN1"
"TSHZ2",0,2.02656169899551,0.659,0.087,0,"9","TSHZ2"
"CLIC42",0,2.02146242582905,0.628,0.089,0,"9","CLIC4"
"ECSCR",0,2.01369658898085,0.7,0.002,0,"9","ECSCR"
"ITGA6",0,2.00683227660758,0.725,0.103,0,"9","ITGA6"
"CNKSR3",0,2.00465545853657,0.526,0.015,0,"9","CNKSR3"
"SOX18",0,1.99765151648355,0.597,0.002,0,"9","SOX18"
"ARHGAP29",0,1.98571266030476,0.67,0.02,0,"9","ARHGAP29"
"SLC9A3R2",0,1.98385995754333,0.562,0.024,0,"9","SLC9A3R2"
"EBF12",0,1.98093975526833,0.608,0.042,0,"9","EBF1"
"RAMP3",0,1.972317780922,0.6,0.002,0,"9","RAMP3"
"HSPB17",0,1.97197046778428,0.878,0.298,0,"9","HSPB1"
"VIM6",0,1.96809079214795,0.989,0.83,0,"9","VIM"
"CD593",0,1.95026852819276,0.799,0.141,0,"9","CD59"
"AOPEP1",0,1.93855685736123,0.552,0.037,0,"9","AOPEP"
"BMPR2",0,1.93674450436459,0.671,0.106,0,"9","BMPR2"
"RAB134",0,1.93154334835862,0.741,0.093,0,"9","RAB13"
"NRP11",0,1.91841725000972,0.616,0.033,0,"9","NRP1"
"BCAM",0,1.91747714141255,0.641,0.016,0,"9","BCAM"
"TFPI",0,1.907661698883,0.519,0.023,0,"9","TFPI"
"RCAN1",0,1.90553527747036,0.513,0.06,0,"9","RCAN1"
"RNASE11",0,1.8987441458903,0.66,0.017,0,"9","RNASE1"
"DOCK9",0,1.89270663829713,0.62,0.067,0,"9","DOCK9"
"PKP4",0,1.89033214033781,0.571,0.042,0,"9","PKP4"
"GSN4",0,1.8820359012497,0.749,0.163,0,"9","GSN"
"PLCB1",0,1.87339467524971,0.57,0.087,0,"9","PLCB1"
"CLEC14A",0,1.87105104409795,0.611,0.002,0,"9","CLEC14A"
"TJP11",0,1.86215946218625,0.672,0.055,0,"9","TJP1"
"PTMS6",0,1.85685754666411,0.804,0.173,0,"9","PTMS"
"CDH5",0,1.83139170745363,0.646,0.002,0,"9","CDH5"
"TGFBR2",0,1.82513034083594,0.762,0.265,0,"9","TGFBR2"
"ADAMTS11",0,1.82281004375309,0.507,0.028,0,"9","ADAMTS1"
"TIMP31",0,1.8203342463709,0.586,0.023,0,"9","TIMP3"
"PITPNC1",0,1.78956443732622,0.515,0.174,0,"9","PITPNC1"
"LIFR",0,1.78755270164204,0.581,0.011,0,"9","LIFR"
"BACE2",0,1.78328031223454,0.599,0.028,0,"9","BACE2"
"TANC11",0,1.78275779039955,0.534,0.031,0,"9","TANC1"
"RPL178",0,1.77901036786088,0.923,0.613,0,"9","RPL17"
"RDX",0,1.77898571603422,0.697,0.147,0,"9","RDX"
"FNDC3B2",0,1.77743093255306,0.571,0.17,0,"9","FNDC3B"
"PTPRK",0,1.75491830607147,0.541,0.036,0,"9","PTPRK"
"ETS21",0,1.75228200685746,0.705,0.173,0,"9","ETS2"
"TRIO",0,1.74683795391544,0.522,0.089,0,"9","TRIO"
"NXN",0,1.73571830538505,0.546,0.024,0,"9","NXN"
"PTPRB",0,1.73339239608307,0.577,0.002,0,"9","PTPRB"
"ICAM1",0,1.71451556393252,0.504,0.096,0,"9","ICAM1"
"MRTFB",0,1.70391315055088,0.543,0.018,0,"9","MRTFB"
"ERG",0,1.70101864153106,0.566,0.003,0,"9","ERG"
"EEF1G2",0,1.69833009906064,0.561,0.117,0,"9","EEF1G"
"STOM2",0,1.6972401826844,0.697,0.182,0,"9","STOM"
"PALMD",0,1.67686604202463,0.59,0.021,0,"9","PALMD"
"ZFAND31",0,1.65384675223711,0.523,0.176,0,"9","ZFAND3"
"PLS32",0,1.65178172696068,0.591,0.055,0,"9","PLS3"
"LAMC12",0,1.65162019726482,0.584,0.03,0,"9","LAMC1"
"ACTN11",0,1.64619470649477,0.671,0.182,0,"9","ACTN1"
"NFIA2",0,1.64529504519964,0.657,0.083,0,"9","NFIA"
"PLCB4",0,1.63703126300359,0.5,0.025,0,"9","PLCB4"
"SMAD1",0,1.63379862966376,0.588,0.029,0,"9","SMAD1"
"S100A131",0,1.60581202113076,0.678,0.062,0,"9","S100A13"
"APBB2",0,1.59938517041711,0.504,0.025,0,"9","APBB2"
"PICALM3",0,1.59758460474375,0.629,0.301,0,"9","PICALM"
"LMCD1",0,1.59646520271031,0.573,0.014,0,"9","LMCD1"
"HYAL2",0,1.59018429222213,0.555,0.027,0,"9","HYAL2"
"CNN32",0,1.58937027255089,0.66,0.05,0,"9","CNN3"
"RBPMS1",0,1.58745569448374,0.53,0.022,0,"9","RBPMS"
"PMP222",0,1.58064724921505,0.623,0.041,0,"9","PMP22"
"ATP5F1E10",0,1.57683006889969,0.844,0.148,0,"9","ATP5F1E"
"SLC2A33",0,1.57612314662842,0.667,0.346,0,"9","SLC2A3"
"TSPAN7",0,1.57351476495793,0.572,0.002,0,"9","TSPAN7"
"SEPTIN73",0,1.57108016143898,0.677,0.06,0,"9","SEPTIN7"
"RAI14",0,1.57048535771356,0.527,0.014,0,"9","RAI14"
"IL1R11",0,1.56983685405588,0.53,0.041,0,"9","IL1R1"
"JAM2",0,1.56436694204204,0.58,0.006,0,"9","JAM2"
"CALD12",0,1.56267333545817,0.665,0.057,0,"9","CALD1"
"NDRG12",0,1.55916160773895,0.646,0.165,0,"9","NDRG1"
"PTK21",0,1.55641668860362,0.563,0.062,0,"9","PTK2"
"PPP3CA1",0,1.55359619047531,0.679,0.286,0,"9","PPP3CA"
"ARHGEF121",0,1.55133245405773,0.604,0.073,0,"9","ARHGEF12"
"MTUS1",0,1.55029643698714,0.589,0.03,0,"9","MTUS1"
"PREX2",0,1.54743974156012,0.541,0.006,0,"9","PREX2"
"RASAL2",0,1.54559303747458,0.539,0.039,0,"9","RASAL2"
"NCOA7",0,1.54421947991622,0.618,0.214,0,"9","NCOA7"
"MAST41",0,1.53607166363128,0.522,0.065,0,"9","MAST4"
"ZBTB202",0,1.53433126879761,0.648,0.16,0,"9","ZBTB20"
"IL33",0,1.52549693339253,0.509,0.014,0,"9","IL33"
"ABLIM1",0,1.50363800361009,0.636,0.187,0,"9","ABLIM1"
"UACA",0,1.50254682970838,0.588,0.036,0,"9","UACA"
"LUZP1",0,1.49039874716292,0.621,0.123,0,"9","LUZP1"
"ATP5MC28",0,1.48915874538976,0.773,0.119,0,"9","ATP5MC2"
"ELK3",0,1.48784552236866,0.686,0.179,0,"9","ELK3"
"HIPK31",0,1.48439071162434,0.639,0.262,0,"9","HIPK3"
"PRCP1",0,1.48253698106169,0.611,0.171,0,"9","PRCP"
"RHOJ",0,1.48139155080677,0.515,0.007,0,"9","RHOJ"
"CSRP21",0,1.47802317887206,0.508,0.034,0,"9","CSRP2"
"CSGALNACT1",0,1.47762135916509,0.516,0.065,0,"9","CSGALNACT1"
"TSC22D1",0,1.47582621137562,0.571,0.089,0,"9","TSC22D1"
"FAM241A",0,1.4735983955675,0.539,0.031,0,"9","FAM241A"
"LGALS38",0,1.46821796922484,0.866,0.388,0,"9","LGALS3"
"ZNF521",0,1.46741792065416,0.515,0.019,0,"9","ZNF521"
"SVIL1",0,1.46267081458757,0.563,0.133,0,"9","SVIL"
"HEG1",0,1.46228098116634,0.552,0.043,0,"9","HEG1"
"DLC12",0,1.45612188655411,0.524,0.025,0,"9","DLC1"
"SNCG",0,1.45518171235032,0.516,0.009,0,"9","SNCG"
"NRN1",0,1.45295217667598,0.558,0.012,0,"9","NRN1"
"GJA11",0,1.44693011496979,0.57,0.041,0,"9","GJA1"
"THBD",0,1.44660559623516,0.525,0.042,0,"9","THBD"
"TCF121",0,1.44607528734889,0.54,0.132,0,"9","TCF12"
"NNMT1",0,1.44467740086753,0.544,0.025,0,"9","NNMT"
"S100A162",0,1.44390361459002,0.685,0.06,0,"9","S100A16"
"CAVIN32",0,1.44343787041636,0.564,0.035,0,"9","CAVIN3"
"CALCRL",0,1.43985432559224,0.541,0.021,0,"9","CALCRL"
"ELMO1",0,1.43960565252255,0.561,0.15,0,"9","ELMO1"
"HIP11",0,1.43757227271665,0.562,0.078,0,"9","HIP1"
"NOP539",0,1.43749244328192,0.736,0.118,0,"9","NOP53"
"CTNNA13",0,1.43545493734895,0.679,0.197,0,"9","CTNNA1"
"RNASEK3",0,1.43351783869197,0.708,0.169,0,"9","RNASEK"
"LHFPL62",0,1.43304587532463,0.564,0.028,0,"9","LHFPL6"
"ESAM",0,1.42706799507608,0.573,0.01,0,"9","ESAM"
"SERPINH12",0,1.42050435013411,0.576,0.036,0,"9","SERPINH1"
"KDR",0,1.41413114212482,0.512,0.001,0,"9","KDR"
"NFAT5",0,1.40811056379371,0.583,0.2,0,"9","NFAT5"
"AFF1",0,1.40432465885309,0.541,0.167,0,"9","AFF1"
"ADAM15",0,1.40386448784131,0.59,0.105,0,"9","ADAM15"
"ATP5PF7",0,1.39941092168186,0.711,0.104,0,"9","ATP5PF"
"ASAP11",0,1.39917288183612,0.626,0.223,0,"9","ASAP1"
"ECE1",0,1.39364142405522,0.621,0.113,0,"9","ECE1"
"FLNB",0,1.39160319529093,0.55,0.066,0,"9","FLNB"
"RBFOX22",0,1.38940064375337,0.523,0.036,0,"9","RBFOX2"
"AKT31",0,1.38133188674334,0.564,0.116,0,"9","AKT3"
"CDKN1A6",0,1.38079946819526,0.605,0.226,0,"9","CDKN1A"
"KCTD123",0,1.37874260353831,0.688,0.242,0,"9","KCTD12"
"GNAQ2",0,1.37522799771472,0.626,0.249,0,"9","GNAQ"
"YBX35",0,1.3724866860876,0.796,0.368,0,"9","YBX3"
"HES13",0,1.37228564788093,0.517,0.094,0,"9","HES1"
"ITPRID2",0,1.36972261388499,0.531,0.021,0,"9","ITPRID2"
"NECTIN21",0,1.36899975501452,0.573,0.042,0,"9","NECTIN2"
"MMRN2",0,1.36844764953425,0.537,0.004,0,"9","MMRN2"
"PDLIM51",0,1.36676610862306,0.593,0.169,0,"9","PDLIM5"
"TPM46",0,1.36670548526391,0.788,0.372,0,"9","TPM4"
"ZEB1",0,1.36458720010857,0.576,0.102,0,"9","ZEB1"
"SPAG94",0,1.35996200843405,0.633,0.282,0,"9","SPAG9"
"NR2F21",0,1.35069681785297,0.5,0.018,0,"9","NR2F2"
"FOXO1",0,1.34643544240709,0.531,0.147,0,"9","FOXO1"
"ROCK21",0,1.34459008472534,0.589,0.139,0,"9","ROCK2"
"ARHGEF3",0,1.33412787782407,0.513,0.171,0,"9","ARHGEF3"
"SEPTIN22",0,1.32047884296795,0.587,0.042,0,"9","SEPTIN2"
"MGST21",0,1.31969692625744,0.656,0.121,0,"9","MGST2"
"CD931",0,1.31354368262868,0.619,0.168,0,"9","CD93"
"CAV21",0,1.31129456330836,0.571,0.029,0,"9","CAV2"
"MGLL2",0,1.31023028616345,0.557,0.066,0,"9","MGLL"
"ADCY4",0,1.3072367596702,0.538,0.008,0,"9","ADCY4"
"KMT2E1",0,1.30418689462268,0.68,0.503,0,"9","KMT2E"
"EPS81",0,1.30090815991957,0.531,0.046,0,"9","EPS8"
"CD1511",0,1.29731870173005,0.642,0.129,0,"9","CD151"
"DSTN5",0,1.29685686392221,0.838,0.433,0,"9","DSTN"
"ELOB9",0,1.29629739811554,0.745,0.13,0,"9","ELOB"
"IER36",0,1.27950933450576,0.661,0.281,0,"9","IER3"
"EMP22",0,1.27832156859723,0.62,0.06,0,"9","EMP2"
"ARHGAP261",0,1.27583046003136,0.506,0.232,0,"9","ARHGAP26"
"SWAP703",0,1.27485664456015,0.609,0.145,0,"9","SWAP70"
"UGCG1",0,1.27126169358455,0.554,0.146,0,"9","UGCG"
"RERE",0,1.26625896738253,0.581,0.2,0,"9","RERE"
"SAV11",0,1.26466951685889,0.513,0.08,0,"9","SAV1"
"AFDN2",0,1.26249084335988,0.562,0.051,0,"9","AFDN"
"YPEL2",0,1.2586007914761,0.543,0.165,0,"9","YPEL2"
"CPNE8",0,1.25692025656414,0.515,0.069,0,"9","CPNE8"
"CDK17",0,1.256270673203,0.512,0.125,0,"9","CDK17"
"MTRNR2L127",0,1.24188494204051,0.55,0.32,0,"9","MTRNR2L12"
"ABL2",0,1.2416651700176,0.502,0.086,0,"9","ABL2"
"FKBP1A2",0,1.23842603703766,0.806,0.484,0,"9","FKBP1A"
"RIN2",0,1.23006327707456,0.506,0.073,0,"9","RIN2"
"COL18A11",0,1.22635852181614,0.555,0.051,0,"9","COL18A1"
"TCF7L22",0,1.21392134191679,0.508,0.112,0,"9","TCF7L2"
"PRKCH",0,1.21373848022876,0.582,0.191,0,"9","PRKCH"
"YES1",0,1.20681902582742,0.547,0.069,0,"9","YES1"
"LMO23",0,1.20636950404809,0.624,0.168,0,"9","LMO2"
"CD635",0,1.20039921731538,0.872,0.522,0,"9","CD63"
"GNG122",0,1.19533839909933,0.515,0.047,0,"9","GNG12"
"BAG3",0,1.19261147042907,0.501,0.075,0,"9","BAG3"
"ZFP36L17",0,1.18571526351002,0.804,0.532,0,"9","ZFP36L1"
"PIK3C2A",0,1.17765756513537,0.569,0.156,0,"9","PIK3C2A"
"ATP1A12",0,1.17713289148165,0.673,0.324,0,"9","ATP1A1"
"SEC14L11",0,1.17091372123526,0.624,0.237,0,"9","SEC14L1"
"MBNL2",0,1.16918086064143,0.567,0.145,0,"9","MBNL2"
"ANXA29",0,1.16741499256728,0.867,0.515,0,"9","ANXA2"
"ARID1B4",0,1.1487363339844,0.607,0.209,0,"9","ARID1B"
"IFI163",0,1.14816201398348,0.782,0.456,0,"9","IFI16"
"FKBP91",0,1.14799269466615,0.508,0.03,0,"9","FKBP9"
"MACF11",0,1.14047672960619,0.726,0.435,0,"9","MACF1"
"FLI1",0,1.13860290379222,0.574,0.209,0,"9","FLI1"
"ASXL11",0,1.13422776408611,0.529,0.198,0,"9","ASXL1"
"ATP5IF16",0,1.12847628206444,0.63,0.097,0,"9","ATP5IF1"
"ATP5MD9",0,1.12565811321726,0.679,0.119,0,"9","ATP5MD"
"CYB5R32",0,1.12406166921166,0.631,0.18,0,"9","CYB5R3"
"ATP5F1D8",0,1.1217321363362,0.662,0.106,0,"9","ATP5F1D"
"PRSS23",0,1.12159253222724,0.501,0.065,0,"9","PRSS23"
"COX7A12",0,1.12023721318836,0.504,0.022,0,"9","COX7A1"
"TRIR8",0,1.11754560415767,0.672,0.116,0,"9","TRIR"
"MYH92",0,1.11737608150221,0.769,0.512,0,"9","MYH9"
"SEM18",0,1.11273267396887,0.683,0.112,0,"9","SEM1"
"ITM2A",0,1.11178367377325,0.624,0.207,0,"9","ITM2A"
"MIF10",0,1.11142282928989,0.72,0.352,0,"9","MIF"
"CCDC85B",0,1.1080798346028,0.742,0.417,0,"9","CCDC85B"
"ERC1",0,1.10211469638438,0.505,0.126,0,"9","ERC1"
"LPP2",0,1.10191314954954,0.602,0.242,0,"9","LPP"
"KTN11",0,1.09984423095637,0.81,0.496,0,"9","KTN1"
"SNTB2",0,1.0980189440275,0.526,0.086,0,"9","SNTB2"
"ETV61",0,1.093546606602,0.504,0.176,0,"9","ETV6"
"ATP5MG9",0,1.09331164091168,0.747,0.139,0,"9","ATP5MG"
"NCKAP11",0,1.08675230638819,0.534,0.052,0,"9","NCKAP1"
"MT2A6",0,1.0809594457753,0.71,0.424,0,"9","MT2A"
"ATP5ME8",0,1.0796618995498,0.655,0.109,0,"9","ATP5ME"
"FRMD4B",0,1.07875813933562,0.533,0.108,0,"9","FRMD4B"
"SELENOM2",0,1.07866042177188,0.555,0.052,0,"9","SELENOM"
"ASPH1",0,1.07273888312676,0.55,0.096,0,"9","ASPH"
"CTTN3",0,1.07079143724387,0.536,0.057,0,"9","CTTN"
"ANKRD281",0,1.06792213311101,0.518,0.164,0,"9","ANKRD28"
"CMIP",0,1.06671517102754,0.596,0.261,0,"9","CMIP"
"RTRAF4",0,1.05698814629268,0.596,0.083,0,"9","RTRAF"
"CD813",0,1.05242848030547,0.763,0.417,0,"9","CD81"
"MYOF",0,1.05221649142249,0.507,0.088,0,"9","MYOF"
"ATP5F1B5",0,1.0517225436028,0.617,0.095,0,"9","ATP5F1B"
"VGLL4",0,1.05140544005913,0.54,0.12,0,"9","VGLL4"
"SELENOH2",0,1.04585128890151,0.548,0.072,0,"9","SELENOH"
"STMN13",0,1.04015152554612,0.521,0.134,0,"9","STMN1"
"ANKRD17",0,1.03714247310038,0.545,0.187,0,"9","ANKRD17"
"RBIS2",0,1.02625313816186,0.528,0.047,0,"9","RBIS"
"TGFBR3",0,1.02624580510991,0.507,0.112,0,"9","TGFBR3"
"LIMA13",0,1.01591890921782,0.548,0.099,0,"9","LIMA1"
"ATP5PO4",0,1.01537174045153,0.59,0.091,0,"9","ATP5PO"
"PRDX19",0,1.01495918716007,0.795,0.449,0,"9","PRDX1"
"STAG12",0,1.00712162022983,0.518,0.185,0,"9","STAG1"
"LIMS12",0,1.00622143057014,0.657,0.3,0,"9","LIMS1"
"ATP5F1C4",0,1.00340279017107,0.577,0.076,0,"9","ATP5F1C"
"ATP1B33",0,1.0026334602176,0.693,0.321,0,"9","ATP1B3"
"NBDY1",0,1.00236091857738,0.518,0.048,0,"9","NBDY"
"ATP5MPL9",0,0.992612961881169,0.641,0.114,0,"9","ATP5MPL"
"KIAA0355",0,0.991328250458471,0.53,0.116,0,"9","KIAA0355"
"TNFSF102",0,0.987341685879368,0.654,0.269,0,"9","TNFSF10"
"KRT102",0,0.986588530571491,0.751,0.497,0,"9","KRT10"
"IL6ST1",0,0.984512497931495,0.635,0.246,0,"9","IL6ST"
"PTPN12",0,0.984313326524904,0.608,0.248,0,"9","PTPN12"
"ATP5F1A5",0,0.981900322680531,0.587,0.082,0,"9","ATP5F1A"
"RAB11A1",0,0.9803012033481,0.684,0.276,0,"9","RAB11A"
"S1PR1",0,0.978966135868408,0.508,0.077,0,"9","S1PR1"
"MEF2C5",0,0.977961986096469,0.652,0.258,0,"9","MEF2C"
"DAAM11",0,0.97740339760397,0.558,0.142,0,"9","DAAM1"
"MICOS103",0,0.970414814256281,0.515,0.051,0,"9","MICOS10"
"TUBB61",0,0.961131765914684,0.514,0.078,0,"9","TUBB6"
"FRYL",0,0.96038406642361,0.546,0.233,0,"9","FRYL"
"COPS95",0,0.959459946586573,0.588,0.097,0,"9","COPS9"
"YWHAE7",0,0.957604790389146,0.773,0.424,0,"9","YWHAE"
"TACC14",0,0.953470564215889,0.641,0.287,0,"9","TACC1"
"NFE2L24",0,0.952925761218433,0.656,0.31,0,"9","NFE2L2"
"PIM3",0,0.949205917117709,0.607,0.248,0,"9","PIM3"
"CEBPD6",0,0.940614290465443,0.687,0.366,0,"9","CEBPD"
"CCDC501",0,0.937297637636103,0.59,0.151,0,"9","CCDC50"
"ARID5B3",0,0.936460628215079,0.608,0.263,0,"9","ARID5B"
"ACTN41",0,0.930337934104294,0.68,0.343,0,"9","ACTN4"
"SDCBP3",0,0.930154094817613,0.725,0.419,0,"9","SDCBP"
"C1orf211",0,0.926730195653171,0.508,0.126,0,"9","C1orf21"
"ARL22",0,0.925474193104687,0.591,0.169,0,"9","ARL2"
"MEF2A2",0,0.925243245017632,0.585,0.247,0,"9","MEF2A"
"KLF92",0,0.919820670310774,0.565,0.188,0,"9","KLF9"
"DNAJB16",0,0.918147707215763,0.643,0.404,0,"9","DNAJB1"
"ITGA5",0,0.917908720866772,0.505,0.096,0,"9","ITGA5"
"MED13L2",0,0.91672620008247,0.575,0.298,0,"9","MED13L"
"PTTG1IP",0,0.913428462338082,0.621,0.235,0,"9","PTTG1IP"
"SERPING12",0,0.912468686528263,0.503,0.043,0,"9","SERPING1"
"HSPH11",0,0.909477053661929,0.518,0.2,0,"9","HSPH1"
"EIF4G3",0,0.906635847654863,0.51,0.174,0,"9","EIF4G3"
"JMJD1C1",0,0.894995586748142,0.647,0.439,0,"9","JMJD1C"
"ATP5PD5",0,0.894223359152021,0.561,0.087,0,"9","ATP5PD"
"MAP4K42",0,0.894009348685905,0.578,0.31,0,"9","MAP4K4"
"CYSTM12",0,0.891732382793155,0.528,0.107,0,"9","CYSTM1"
"SELENOF3",0,0.886862717347764,0.532,0.069,0,"9","SELENOF"
"ARL4A1",0,0.880323256423331,0.629,0.309,0,"9","ARL4A"
"MT-ND62",0,0.879610151168468,0.565,0.325,0,"9","MT-ND6"
"MGST32",0,0.878275866805055,0.718,0.362,0,"9","MGST3"
"SRP141",0,0.875421176022606,0.905,0.83,0,"9","SRP14"
"HSPD15",0,0.873257875131211,0.642,0.365,0,"9","HSPD1"
"QKI4",0,0.871776984950205,0.641,0.399,0,"9","QKI"
"CTNND11",0,0.87076567638973,0.505,0.093,0,"9","CTNND1"
"UBE2H1",0,0.86868596182341,0.51,0.218,0,"9","UBE2H"
"RHOC3",0,0.868594044801847,0.618,0.214,0,"9","RHOC"
"MKLN11",0,0.868444444339871,0.512,0.2,0,"9","MKLN1"
"VAMP52",0,0.864077444215221,0.662,0.318,0,"9","VAMP5"
"DYNLL110",0,0.863319446847617,0.813,0.507,0,"9","DYNLL1"
"EIF4A14",0,0.862084325149722,0.733,0.44,0,"9","EIF4A1"
"DIAPH2",0,0.858358954540341,0.519,0.179,0,"9","DIAPH2"
"ELF22",0,0.84945015408682,0.557,0.284,0,"9","ELF2"
"NASP1",0,0.839152125490313,0.638,0.297,0,"9","NASP"
"ATP5PB2",0,0.837999980586676,0.507,0.072,0,"9","ATP5PB"
"MAP42",0,0.836477756352705,0.592,0.227,0,"9","MAP4"
"REV3L2",0,0.835176659446765,0.504,0.152,0,"9","REV3L"
"CRK",0,0.822586757842426,0.52,0.135,0,"9","CRK"
"LDHA6",0,0.805671994295542,0.779,0.54,0,"9","LDHA"
"BHLHE40",0,0.803807759953211,0.51,0.198,0,"9","BHLHE40"
"FEZ2",0,0.803317211109357,0.521,0.131,0,"9","FEZ2"
"TUBB5",0,0.80126719667497,0.618,0.333,0,"9","TUBB"
"GADD45A4",0,0.798824559177697,0.541,0.159,0,"9","GADD45A"
"RAC16",0,0.796808474175304,0.839,0.575,0,"9","RAC1"
"DPYSL26",0,0.794025548574381,0.623,0.262,0,"9","DPYSL2"
"ATP5MC36",0,0.787967512921419,0.527,0.098,0,"9","ATP5MC3"
"ATP5MF7",0,0.786134646448457,0.549,0.107,0,"9","ATP5MF"
"CTNNB12",0,0.778444945094203,0.623,0.314,0,"9","CTNNB1"
"LAPTM4A3",0,0.775191630018127,0.702,0.364,0,"9","LAPTM4A"
"UBR51",0,0.770233929551928,0.508,0.213,0,"9","UBR5"
"STAT32",0,0.768239167228161,0.669,0.392,0,"9","STAT3"
"SETD5",0,0.765738433462252,0.513,0.189,0,"9","SETD5"
"FLOT1",0,0.76569322035588,0.564,0.197,0,"9","FLOT1"
"SPTAN1",0,0.765010538947398,0.62,0.295,0,"9","SPTAN1"
"YWHAH3",0,0.764214751348048,0.581,0.266,0,"9","YWHAH"
"GNAS4",0,0.763922708138339,0.835,0.738,0,"9","GNAS"
"SYNE21",0,0.761050726277725,0.719,0.385,0,"9","SYNE2"
"RTN45",0,0.759603994469468,0.755,0.475,0,"9","RTN4"
"KRT142",0,0.758583989204715,0.589,0.08,0,"9","KRT14"
"TCEAL43",0,0.75516903893039,0.518,0.148,0,"9","TCEAL4"
"TNFRSF1A1",0,0.754624642421897,0.528,0.171,0,"9","TNFRSF1A"
"PPP6R31",0,0.752719988065136,0.5,0.209,0,"9","PPP6R3"
"NFIC3",0,0.750583089444917,0.556,0.192,0,"9","NFIC"
"ITM2B3",0,0.749966305477136,0.922,0.854,0,"9","ITM2B"
"PLSCR1",0,0.748644201683155,0.546,0.19,0,"9","PLSCR1"
"TMEM173",0,0.734107957905271,0.532,0.197,0,"9","TMEM173"
"SLC38A22",0,0.722828111815866,0.674,0.423,0,"9","SLC38A2"
"RRBP12",0,0.710181153193532,0.547,0.218,0,"9","RRBP1"
"G3BP1",0,0.706591639959503,0.594,0.29,0,"9","G3BP1"
"LRRFIP2",0,0.704874921918874,0.509,0.196,0,"9","LRRFIP2"
"SMARCA2",0,0.703638517780714,0.531,0.213,0,"9","SMARCA2"
"HSP90AA19",0,0.69961940647568,0.894,0.851,0,"9","HSP90AA1"
"RHOB3",0,0.698558714648987,0.536,0.265,0,"9","RHOB"
"ATOX15",0,0.69495494155615,0.646,0.308,0,"9","ATOX1"
"GUK12",0,0.694306800529524,0.807,0.618,0,"9","GUK1"
"ANKRD102",0,0.690223094560644,0.512,0.199,0,"9","ANKRD10"
"GBP2",0,0.685864680875192,0.526,0.252,0,"9","GBP2"
"CAMTA13",0,0.678914437385779,0.583,0.254,0,"9","CAMTA1"
"PRMT1",0,0.67241218904711,0.566,0.238,0,"9","PRMT1"
"SELENOK6",0,0.670317651261454,0.53,0.097,0,"9","SELENOK"
"TMEM1652",0,0.658993493013525,0.571,0.288,0,"9","TMEM165"
"HSPE16",0,0.658428139315173,0.669,0.407,0,"9","HSPE1"
"KRTCAP21",0,0.658364789958204,0.62,0.3,0,"9","KRTCAP2"
"AHR2",0,0.656647691277561,0.563,0.228,0,"9","AHR"
"PPP2R2A",0,0.653163845014761,0.529,0.204,0,"9","PPP2R2A"
"LAP31",0,0.651822660291136,0.536,0.235,0,"9","LAP3"
"SERPINB6",0,0.644978107101879,0.555,0.24,0,"9","SERPINB6"
"ENY21",0,0.632291098697862,0.691,0.424,0,"9","ENY2"
"AFF42",0,0.62976303016558,0.516,0.256,0,"9","AFF4"
"CTSH4",0,0.629369287239598,0.563,0.266,0,"9","CTSH"
"RAB1A4",0,0.628502712699198,0.564,0.25,0,"9","RAB1A"
"PPA14",0,0.628044163914374,0.629,0.362,0,"9","PPA1"
"RAB6A",0,0.625714239840832,0.516,0.21,0,"9","RAB6A"
"DYNC1LI2",0,0.620718809128012,0.522,0.2,0,"9","DYNC1LI2"
"WNK1",0,0.614761276533444,0.617,0.383,0,"9","WNK1"
"GLUL4",0,0.601092169753594,0.567,0.283,0,"9","GLUL"
"MRPL33",0,0.599473431467141,0.615,0.371,0,"9","MRPL33"
"ELOC5",0,0.593524678389902,0.563,0.098,0,"9","ELOC"
"GNB1",0,0.593436747059531,0.641,0.412,0,"9","GNB1"
"TIMP15",0,0.588222388294078,0.693,0.404,0,"9","TIMP1"
"S100A103",0,0.585868412174891,0.909,0.792,0,"9","S100A10"
"S100A67",0,0.583325838294993,0.973,0.894,0,"9","S100A6"
"CDC42EP31",0,0.579120762573516,0.509,0.254,0,"9","CDC42EP3"
"FCGRT6",0,0.576399822608626,0.662,0.336,0,"9","FCGRT"
"CCNY1",0,0.575811501706943,0.5,0.268,0,"9","CCNY"
"CDC37",0,0.56853136441894,0.683,0.442,0,"9","CDC37"
"TBL1XR1",0,0.567812349596362,0.518,0.272,0,"9","TBL1XR1"
"SH3BP5",0,0.561739935773828,0.533,0.248,0,"9","SH3BP5"
"TMOD3",0,0.55719900636812,0.635,0.359,0,"9","TMOD3"
"IFITM22",0,0.548484387086185,0.842,0.651,0,"9","IFITM2"
"CHD91",0,0.538746805929757,0.553,0.263,0,"9","CHD9"
"TCP12",0,0.537378078830265,0.55,0.261,0,"9","TCP1"
"KAT6A",0,0.536059888973326,0.523,0.275,0,"9","KAT6A"
"PHACTR2",0,0.531873946311779,0.501,0.221,0,"9","PHACTR2"
"ACTG17",0,0.529946271479377,0.938,0.899,0,"9","ACTG1"
"TXN10",0,0.528178931858479,0.801,0.475,0,"9","TXN"
"FAM177A1",0,0.52531746414228,0.533,0.222,0,"9","FAM177A1"
"TMEM14C4",0,0.514340696145143,0.544,0.247,0,"9","TMEM14C"
"GAPDH5",0,0.506657867876083,0.924,0.838,0,"9","GAPDH"
"NUCB11",0,0.50633141847099,0.545,0.255,0,"9","NUCB1"
"MARCKS6",0,0.503005582569149,0.61,0.309,0,"9","MARCKS"
"RBMS11",4.63749244233092e-306,0.522594602081442,0.596,0.356,1.30726274456866e-301,"9","RBMS1"
"INTS61",1.21269908061675e-300,0.678364478832368,0.517,0.292,3.41847743835056e-296,"9","INTS6"
"WSB14",1.34213072877077e-287,0.587123368819543,0.672,0.443,3.78333231133193e-283,"9","WSB1"
"RAP1B4",1.81290053057763e-287,0.61225939769184,0.693,0.507,5.11038530564528e-283,"9","RAP1B"
"RPS6KA3",2.23224627643523e-286,0.626473971599064,0.527,0.31,6.29247902864328e-282,"9","RPS6KA3"
"TAGLN25",2.72517538360036e-286,0.518372136855277,0.782,0.613,7.68199688883104e-282,"9","TAGLN2"
"HLA-DRB18",1.76038092531895e-259,0.505515043882539,0.719,0.503,4.96233779038159e-255,"9","HLA-DRB1"
"GADD45B6",3.94033404235503e-248,0.951316129655647,0.68,0.508,1.11074076319946e-243,"9","GADD45B"
"TOP11",1.89203590770525e-239,0.50775763528721,0.578,0.358,5.33346002023034e-235,"9","TOP1"
"VMP14",8.99787942248163e-209,0.680762011869434,0.605,0.415,2.53641223040335e-204,"9","VMP1"
"EID12",4.26332657150897e-208,0.502828542818513,0.723,0.525,1.20178912724266e-203,"9","EID1"
"BAZ1A1",1.14650696762627e-205,0.508115917715139,0.555,0.361,3.23188849104168e-201,"9","BAZ1A"
"NFKBIA6",2.59413038014316e-194,1.13974439042417,0.815,0.703,7.31259412858555e-190,"9","NFKBIA"
"SOD23",4.13495919209158e-189,0.772711282954823,0.633,0.442,1.1656036466587e-184,"9","SOD2"
"ARID4B",2.29846669167438e-186,0.570114062908368,0.622,0.451,6.4791477571609e-182,"9","ARID4B"
"SQSTM17",1.74197439132006e-172,0.70197236957545,0.599,0.432,4.91045161169212e-168,"9","SQSTM1"
"WAC",1.04385283774229e-169,0.512054672977128,0.585,0.418,2.94251676431173e-165,"9","WAC"
"CYTH1",2.30418163838143e-165,0.896179132886413,0.544,0.42,6.49525762043341e-161,"9","CYTH1"
"NUCKS13",2.92592480865525e-164,0.512415375126023,0.707,0.508,8.24788944311827e-160,"9","NUCKS1"
"MSN3",7.24054191330255e-162,0.543630453040648,0.729,0.616,2.04103635994086e-157,"9","MSN"
"AKAP131",1.74652413071445e-148,0.709559592502283,0.661,0.561,4.92327687207096e-144,"9","AKAP13"
"SAT16",2.49979304154593e-139,0.783720869929349,0.83,0.714,7.04666660481381e-135,"9","SAT1"
"MBNL1",1.83095250918941e-87,0.524325194377825,0.737,0.707,5.16127202815403e-83,"9","MBNL1"
"ZFP366",1.37286749085335e-85,1.07114919223958,0.685,0.615,3.86997616996652e-81,"9","ZFP36"
