"","AASS","SERPINB3","CDH3","MAPK6","RAB10","TPX2","BIRC5","TGM1","FERMT1","HAS3","SQLE","PON2","CDC20","ATP10B","GJB6","TNFSF10","RAB38","CKS2","PI3","TXNDC17","TOP2A","CCNB1","DSC2","DSG3","TCN1","TMEM165","EHF","PRRG4","MPHOSPH6","CKAP4","NUSAP1","CLCA2","GLTP","SLC7A1","SLC39A6","S100A8","S100A7","ABCA12","TPBG","FAM83A","MPZL2","TMEM45B","MX1","PDZK1IP1","VSNL1","S100A11","S100A9","IFI16","ZC3H12A","PTTG1","FABP5","GJB2","IFI27","KLK13","PGM2","SPRR1B","HSPA4","DEFB4A","RRM2","UBE2C","HIGD1A","KPNA2","S100A7A","FAM110C","KRT16","GM2A","S100A2","SERPINB13","MPZL1","AKR1B10","PNP","KRT6A","SERPINB4","SPRR2A","Group"
"GSM1023434",7.24119319668647,7.4194836963903,7.11211953849179,9.77645015144077,10.6229709995787,6.86248962592516,4.80960808588404,8.22231343738047,8.56842371678159,6.32205274109902,8.97130748816693,7.76050449556701,5.24134983581262,7.35971328424039,8.9417832072583,7.01432283194378,8.88278138837109,6.02337566364886,7.03614626098203,7.68878915135045,8.12492303311089,6.47509782760274,8.75176818581645,9.98603356787692,4.75674560393164,9.12826838819365,9.36748221598772,7.97755508682798,7.9909754784705,9.21630359345109,4.9780730351976,10.9930736742179,10.7802437422463,9.19348250168921,8.49107693115167,9.53685334197185,11.7702357087824,7.89360978607045,7.25481777442896,5.18375051571049,9.30627551030475,7.75638886674678,6.95296848897336,7.98765953109227,7.32277687007425,10.5538397363231,10.0041780433484,9.36492110189167,6.54769676149314,5.97815174332319,9.36479101506652,9.80598498668792,8.41292724063159,6.20655270397944,8.94403976608814,9.87204682203564,9.73838916422293,4.76074144780978,6.54468372300355,4.1889820737321,7.87330263328517,7.26251588858005,6.70217464983852,7.56433471434818,9.97238053143675,9.8827136539067,9.22854068503565,7.74333408634444,7.44444823124382,6.34133400966797,7.51090127206762,10.1730155842486,6.20194816785622,8.74858794334803,"0"
"GSM1023435",7.41701076605198,6.98652428911419,7.78157831329972,9.32240968594335,10.4698738015993,7.34886590692427,4.80960808588404,8.80727593810162,9.09434862589648,6.32205274109902,9.31567978326691,7.76050449556701,6.70078145444992,7.92163430663358,8.9417832072583,7.01432283194378,9.50183934165646,6.42547410722021,6.48513109218421,7.70196454009819,8.47866435312086,6.96573294577574,8.75176818581645,10.1478714539471,3.8822764860155,8.74656572782221,9.25476691180019,8.1749133183934,7.83480274327649,9.54637486164706,4.9780730351976,11.3106986718388,10.7535264038705,9.33497547680444,8.49107693115167,8.25275732061022,9.17816632156701,7.89360978607045,7.25481777442896,5.18375051571049,8.67130962964094,7.8082277982664,6.80096539552831,8.31886543956764,8.30046147960502,10.3720684920327,8.26721244918222,9.26274516505551,8.2030485901057,6.20054416465964,9.28438544116848,10.6663212004317,8.41292724063159,6.49343385176761,8.92058079326415,9.7141859994668,9.79795632798299,3.34570394853094,6.54468372300355,4.1889820737321,7.87330263328517,7.62310560383652,4.50423527222661,7.11640892131047,11.7994467801221,9.8827136539067,10.8786925046908,7.98332056769562,7.44444823124382,5.10429481236712,8.05379971322223,12.8153350067341,5.05510677952695,6.47624187731123,"0"
"GSM1023436",6.68062585011494,6.61879250461371,8.05608550357746,9.39141004646565,10.2905631528053,7.21987946620419,4.80960808588404,8.64185232889425,9.1765109429946,6.32205274109902,8.94345536752704,7.76050449556701,6.48927734925621,7.63261917102708,8.9417832072583,7.01432283194378,8.61496191997192,4.53794883647862,7.56666097768081,6.92060482657353,8.13925455865538,6.84374242139713,8.75176818581645,9.92690110767986,3.6192420801817,8.82902788801418,8.48923216543722,8.00745657254184,7.21283247762938,9.3801668421062,4.9780730351976,10.3780539396406,11.0431205712091,9.31104396766882,8.49107693115167,7.51579172644402,8.03208806207907,7.89360978607045,7.25481777442896,5.18375051571049,7.91118100285541,6.6796076322593,6.80096539552831,8.42578064348415,7.64497334837619,11.047589211616,8.68224994846106,8.63490359605663,6.47369618004937,6.28396017284728,8.87586124884831,8.8167380429848,8.41292724063159,6.29061696876792,8.89329496734301,9.23492454510227,9.35603647264769,3.76074144780978,6.54468372300355,4.1889820737321,7.87330263328517,6.7681559366398,5.03148227509148,6.48519082962844,11.3301931620226,8.8827136539067,9.64068990498966,7.60892505291413,7.44444823124382,4.99737960845061,7.49841032788442,11.1866646457604,5.33521469871968,8.41399343662451,"0"
"GSM1023437",9.17576504898347,13.077166041032,9.07206628897135,10.3755316664959,11.2501412714943,7.53139094514621,4.80960808588404,10.3055268056294,9.91958103868434,6.32205274109902,9.92932503869215,7.76050449556701,6.24134983581262,8.97099361927841,8.9417832072583,7.01432283194378,9.56125133322715,6.83073058570646,13.3534870863737,8.68878915135046,8.79607696688573,7.55502137189969,8.75176818581645,11.7846304812552,11.0115595029605,9.65140849478187,11.3866722167271,9.17161572829283,9.19097917557869,10.2213984605738,4.9780730351976,12.4923625097379,12.0080284144532,10.8409619128841,8.49107693115167,14.4879737823043,14.8818904919881,7.89360978607045,7.25481777442896,5.18375051571049,11.4365547072868,8.6204239833935,5.95296848897336,9.99924750536748,8.6992223346635,11.6111145416749,14.595139284691,10.5811221373659,9.31323150785612,6.69086979124272,12.0607911801774,13.8017063281586,8.41292724063159,8.00564001005345,9.77681313756851,12.2960559051326,10.4063681481978,9.46118116595088,6.54468372300355,4.1889820737321,7.87330263328517,8.23554884097978,12.5144753945009,9.49330347541576,12.5121137781649,11.4676761546279,11.0209796151003,10.2223455809203,7.44444823124382,9.82832135082583,8.83282936695498,14.5835032099419,12.5273624385218,11.3162967627374,"1"
"GSM1023438",7.90591816195718,13.1499223834674,8.52199533265485,10.4261503988205,11.4642423191993,8.19897047644121,4.80960808588404,11.4042110804889,9.66847732070637,6.32205274109902,10.2421365469025,7.76050449556701,7.0993308309402,9.80943456203182,8.9417832072583,7.01432283194378,9.87239361957634,6.70787383792093,14.1459976390226,8.26045482945815,9.07857719530798,8.32106419893032,8.75176818581645,11.7307457056755,8.59193473418597,9.44658870289337,11.1635809845071,9.38596819579557,9.19667670923834,10.5731915266922,4.9780730351976,12.0184637966171,12.4576655318054,10.7189538326655,8.49107693115167,15.234699490547,15.0683968153793,7.89360978607045,7.25481777442896,5.18375051571049,10.5706304608906,9.17526989457343,6.95296848897336,10.588052072383,9.04055848498886,11.9789543082899,15.315245145604,10.1183140776284,10.2701627859642,7.94777809427967,11.9742411482209,13.9379381404332,8.41292724063159,8.861904532592,9.83413823313825,13.6082507158578,10.1562307363785,10.9907618835154,6.54468372300355,4.1889820737321,7.87330263328517,8.85635654064766,13.3373113805601,8.89955021136677,14.3049558705236,10.8827136539067,13.2340604432354,9.88043524081526,7.44444823124382,9.59614790869679,9.32534561891154,16.4393746175201,12.5145383981642,13.1410975205012,"1"
"GSM1023439",7.28194452182132,12.8015873063071,8.78157831329971,9.89821406309538,11.0749100970665,8.30306221731114,4.80960808588404,11.6468996636316,9.51028528073007,6.32205274109902,9.69218441100908,7.76050449556701,7.0993308309402,8.82323580737241,8.9417832072583,7.01432283194378,9.30020548048681,6.53794883647862,13.6395959890811,7.9866940170313,8.94218872639204,7.63892262950863,8.75176818581645,11.0592699425186,8.29731398529434,9.54693922822584,10.6186001692775,8.86773180887523,8.89010087671129,10.5245567514414,4.9780730351976,11.4064576546442,12.4478784788847,10.2139070969385,8.49107693115167,14.2612188993584,14.7091433664354,7.89360978607045,7.25481777442896,5.18375051571049,9.28712440995984,8.74867095358594,7.53793098969452,10.7339029388465,8.15352273357818,11.8010574366942,15.2058119045181,9.44524903748713,10.0961333861892,7.43027856133725,11.1709694273416,12.9731090261393,8.41292724063159,8.70565446804676,9.66159511330801,13.3514779990815,9.55400711972676,10.6929561997782,6.54468372300355,4.1889820737321,7.87330263328517,8.02069796865595,12.1942332436461,8.51205743548112,13.5121137781649,10.4676761546279,11.7008551493877,9.99358890314945,7.44444823124382,8.20383048591803,8.68082627350993,15.4384479166195,12.2293191393724,12.6088631796814,"1"
"GSM1315609",7.12865615829419,12.5701449487245,9.3847278524223,9.69903592139033,10.5286226693096,7.72280087648702,5.3533365306677,11.5234284716934,9.67430259654953,7.43801684321425,9.18261796486946,7.22089027076957,7.3555072430789,8.48892807671243,10.1202667057344,7.32873652093109,9.66652116710246,6.7044069258917,14.8307894447921,8.10766112671128,8.09946454575007,7.8657327820052,8.78296875145009,11.1252251485751,8.96502732909085,9.28287032593144,10.256260960322,8.2034864170523,8.28297780327576,10.2425124073001,4.49866212119584,11.13706141753,12.0991467680883,10.0257136545338,7.99183887751339,14.9864710346118,15.4636707626348,8.0018484945665,7.47719568275313,6.42916328890206,10.0107157998687,9.21917629842768,7.7232397185851,10.6256719730159,8.57094917718461,11.8828666911377,16.0857141910004,9.35497469760081,10.5685822707527,7.29893773002722,11.6737020544825,13.2696220116572,9.92630516911012,9.47576566146265,9.24446978332231,13.7236902299228,9.2982964305573,11.4533437530835,6.80954112051029,4.77926943689351,7.93427967541263,8.42693081816875,12.5431415687705,8.3488020739184,14.4231242198825,10.7017533150353,12.388302911553,9.81273787954268,6.92786043229651,9.12522680777369,9.42397076384241,15.995120016383,12.24501235705,13.1669701017518,"1"
"GSM1315610",6.24358856753933,12.0949032662357,9.91313535140286,8.27735843618389,9.44905273021008,6.41766110409027,4.74239861812224,12.5685927702932,8.0228571445882,7.53434800559851,7.80426701149822,5.98461218100093,7.36555631568071,7.82027195191214,9.34996755002108,5.87940486155972,9.38486422834141,5.61524380376435,14.6030833051753,8.30335837769487,6.68043703530514,6.61400859608729,7.94866109577038,10.5541643945297,6.37171082815054,8.52974455040405,8.98814283546863,7.259501949353,7.01763695065861,9.57633698461225,3.43434240649794,9.84056496784144,12.4141826696035,9.73326963874269,7.47860380143649,13.5395476933847,14.4221547989932,7.01763953318706,7.54541516407879,5.66620049621421,9.12856796519668,8.7408772271592,6.15096925722039,11.1061132810452,7.48906629188947,11.0487916889817,16.498586955144,7.79921424188721,10.9906111777681,5.68681752038321,11.3414884693479,13.1697361100208,9.49228736263656,8.53489003354765,8.21997477299776,12.9161340346162,8.14035423289024,11.6156047124219,6.63965729598465,3.85847411215871,6.04620397410431,7.421820728347,11.7157336635665,7.78637640023556,14.5177717110669,10.7649581806519,12.1282127604383,8.73460127027287,6.31724178313117,8.55057690830319,9.66506633189411,16.0575159608973,10.930180965728,12.7986879472298,"1"
"GSM1315612",8.18655068389048,11.5438714375345,8.72473410794441,9.8075758636607,10.5875704649159,8.27991797643564,5.47284037100641,10.143015832223,9.22553143589084,7.6824592502802,9.08192336028439,7.63860823398451,7.63859745356207,8.6300686715189,9.00288985569433,7.49796057111839,9.32240040426226,6.9171513406951,13.1263256760324,8.07267129509051,9.24808451414913,8.04123077478112,8.39184393656451,11.1142513035614,7.84698846053496,9.31838941696415,10.6025694522534,8.90920674952065,8.28959317777019,9.7146450996054,5.56839663917112,11.4243169182914,11.7333992974756,10.0016847150063,8.19177029687087,13.8865189453281,14.5928387979783,8.00092062862342,7.88405697233797,5.84301825119593,9.91304591364786,8.58957200925505,7.23221809266359,9.94650943515096,8.50944358730412,11.5134612709786,14.88138847663,9.7695592218478,9.2150574076323,7.59083743246867,10.8972566389603,12.5874909358635,9.28270548125462,7.57785596225223,9.53128975578399,12.3932784703971,9.61976773730851,9.30872792164153,6.94586124164034,5.22937340600023,7.23606360298108,8.53052080929738,11.3922750623875,8.159380581941,12.1829247053789,10.4121481142144,11.8568460959425,8.57970353506979,7.48846223591127,8.81274683145651,8.91096453750028,13.69241706512,11.0399672387791,11.6177877356482,"1"
"GSM1315613",7.44318599247638,10.4564810609517,8.15724761424462,10.0172408197952,10.4944027918451,8.3295742111995,5.78707346156321,9.74053367787804,9.18188899381423,6.82878900299556,9.13296711215136,7.26061927151343,7.97805324149193,8.34639356216858,9.72254971987609,6.75639577494334,9.30212771660991,7.01416459787714,13.1903555730713,8.65103720142173,9.34453394139396,8.41168998766356,9.29384276308469,10.8255164579825,6.42290470956128,9.34247711007414,9.81316847288906,8.51824737458143,8.14067685530863,10.2077500322638,5.4345601882239,11.6738501777948,11.3937292548381,10.8591597084776,8.83954975407853,13.5582140319391,14.0069982293581,7.73164859655735,7.78092116236714,5.06312732458929,9.58897766641599,8.04393281181104,5.26863587551359,9.26498563517025,8.99044001517402,11.4646474577417,14.77105006272,9.23921354231724,8.7968716763628,7.54698595593717,11.6274048526023,12.5131271155325,8.09208527772027,7.69092564595685,9.54650341263639,12.8368739442225,9.7046124543061,9.11631044944159,7.73908178916322,5.15830999174483,7.44044419601057,8.60782962471419,10.3929597270481,7.98767733360819,13.7648053802089,10.0492206695083,13.0059761287309,8.46722880581138,7.66320093546243,8.80245457981999,8.48868851571159,15.4092275192442,9.68369459560956,11.2346747031914,"1"
"GSM1315615",7.9438164828406,13.0562251453087,9.15588916629173,9.64830871843863,10.8156914414797,7.73934959507293,5.70241486089488,11.8550500095381,10.5680710890076,7.31386660992457,9.26701756984241,7.85964793200427,7.60832497315045,8.91186587337655,10.0540001391211,7.50623805885985,9.91090498592997,7.30460740904676,15.2541600865914,8.78598479147022,8.63072174419786,8.14820897310443,9.82266113757869,11.0979601272547,9.60517941397707,9.87294442972506,10.4536121761603,8.55388461796934,8.76935154317725,10.0580659610475,5.00617747323348,11.58259635158,12.1695034093123,10.2459995087639,8.25998543208259,15.2374671155298,15.4702425295639,8.17385144782538,7.37607434646032,6.82501315958283,10.0735595224421,8.75486832087394,7.78757472334903,10.8249902250695,8.76943644775308,11.9523606022142,16.3453030879406,9.94592741208388,10.5821699268487,7.29291212678939,12.1185075589454,13.4926383755637,10.3868387870566,9.43236775233615,9.68333577955417,13.1614804572532,9.64060863041732,12.2897771646879,7.4263771815744,4.99444955946139,8.42505377031158,8.3104787510606,12.2714008299518,8.80620103933017,13.9972107236338,11.4541142094535,12.2457444967406,10.0963420111136,7.34497826680783,9.76505219411893,9.1966512091207,15.4782240425929,12.7077110189316,12.9531191424882,"1"
"GSM1315617",8.54778746799439,13.3263895296542,8.48372888065585,11.1168022034956,11.7300981802461,7.85193614443899,5.24934980833848,10.2207951831564,10.1744013433498,6.69147932020385,10.5692334260039,8.6059685081357,6.65789575271221,8.96927820013708,10.7185663162215,8.21732370899207,9.31923305701135,7.08080441191032,13.0995813691368,8.09343702640481,9.27916435513573,7.78453241005362,10.7746970289241,11.903118508459,9.69735823947222,10.3720087359527,11.2186750608448,9.21682958003278,9.87455567849134,10.5430181670212,5.68043466331331,12.2588756897643,12.3799062781562,10.4360430794519,9.2630047229281,14.8120254690828,15.253860698371,8.37197087617665,8.1816668934968,5.74090297538385,11.4269345830829,8.75607592555732,8.874566798216,9.3661052788753,9.68340687078333,11.7522979991342,15.0210395718353,10.6806617257206,9.326004409303,7.43433769382075,13.1159738145547,13.6469335408249,9.73180589038292,8.36977160421532,10.3334221910486,13.1654709783189,10.2844999207104,11.2180651494688,7.6429887292464,4.36770341846139,9.08545854871736,8.44756841541221,12.0311172487219,9.26970529222496,13.0398824329073,10.9947356828788,11.2818042459991,10.6930125876682,7.85795793097393,9.410500553163,8.80497214955775,15.2356070566648,13.077853978071,12.4936354109508,"1"
"GSM1315618",8.7247563497476,12.805946251153,8.36712483734163,10.9901310644511,11.5156883006672,8.85101237025751,5.53210055769868,10.3322914352707,9.27330230460328,6.69467394155128,10.214879870733,8.71681635813823,7.42536904424174,8.93282191857456,9.95618432981266,7.42252219565522,10.0109205291146,7.1492400658718,13.3860563527069,8.58578240318841,9.99833323282049,8.91648686497982,9.96335521579463,11.7312133655963,9.01663837848096,10.0686338823773,11.158364086263,8.93853712041913,9.99877054242125,10.1838441003892,6.06668790314717,12.1166425319991,12.0549935515558,10.1853070224881,9.28190205458981,15.320970150746,15.543790565269,8.65388550856282,8.06861864205199,5.32113126993489,10.746255616939,8.74096871550934,7.9432963847274,9.96675489831267,9.11855271183458,11.5779479464952,15.2531178377545,10.5879276765499,9.77476051489679,7.90343884190954,12.3902353840863,13.2827410649699,9.83225915233596,8.42466935588561,10.2824119141356,12.0801161120953,10.5971346792237,11.1540450054171,8.36745887813474,5.11844277345333,8.72649342661802,8.93199063898138,12.335662793448,8.78272585415596,12.4901416144417,10.5964971212123,11.9686050376909,10.4964843096595,7.49226018362354,9.58457350454965,9.15942821747476,14.378034436689,12.2090149975261,11.9663831954711,"1"
"GSM1315623",8.24925596800049,12.2179274726171,9.23163792775047,9.4942197515471,10.6017098964982,7.62174081439317,4.96618178517086,11.1645438436776,9.51419946199914,6.65305778512355,9.48842865111692,7.9531880647294,7.36128166058039,9.2340020700042,9.99131811021595,7.78160769646215,9.82921678230627,6.98451160758742,14.5980830667904,8.62909364670314,8.32106860912106,7.96052199804359,8.76589565816008,10.7901706647092,10.1251500195319,9.66653646207775,10.6990805694924,8.73830614142456,8.26105350202981,9.94832633222049,4.83806459254895,11.6739236906504,11.8830713890682,10.1872825269573,8.69597709081848,14.9171196247977,15.2356972380416,7.81083158689946,7.85321707921404,6.42613932115495,10.3382844838754,8.53007278009797,8.54012494955736,10.9716391761811,9.08304852550344,11.5734970174584,16.0561105380421,9.85841632581069,10.1355960317739,6.88689331082194,12.0816048060255,13.113568524303,10.9271199266369,9.10592360797043,8.78117043512039,12.6510006485257,9.46013798919738,10.7999045918587,6.58912386668039,4.46773082487806,7.99660715567453,8.11761332120335,11.678766720828,8.73969036068674,13.2569090737577,10.7829930392775,12.0166843284477,9.91868607253518,7.5631159371907,9.58984461456365,9.03103836884734,14.8536993851035,11.7042431237256,12.0710632608666,"1"
"GSM1315627",9.00630659808319,13.7527142196634,8.17973283512193,11.4669633900645,12.0500522254602,8.44465957826302,5.40557616786509,10.5492471280889,10.8398464295676,8.06481898938692,10.7608531163726,8.69218755459797,7.01703591969295,7.94493137819126,10.6465580232509,6.87111388500794,10.0024561199837,7.52653815053648,14.5567503687866,8.15352435804506,9.46468851516171,8.52645141920453,11.367990060632,12.8091365000708,9.84936255883301,10.3503706532921,11.1918738419457,9.60930281774399,10.1124089140066,10.6712889917529,6.06686352672961,12.4114625565681,12.2321245845581,10.2344684383,9.42801667948336,14.6551699317091,15.2861555726665,9.07755179429596,7.75440216114943,6.32162661587654,11.4429940495204,9.27244957030611,7.77037702350958,9.13283872658883,9.38710032121685,12.3051384759132,14.8157075927191,10.7585938335498,8.57143431642813,7.40796790124448,13.0424460073021,13.755684254194,9.26415096121536,8.57694345967584,10.3887303117053,13.5384822055555,10.7779567947284,10.5790896046905,8.71039069930687,5.30112309620229,9.04390636700759,9.41695456140303,12.2856379077681,9.23613048741081,12.1901851698192,10.5107611213486,12.036581872963,11.4099368262776,7.68815933995217,9.0267007147351,9.56868049365119,15.0684328123449,13.4289653215502,12.2733531151567,"1"
"GSM1315629",9.11686829846268,13.7399920197091,8.68965194042954,10.9171785995599,11.6843966540631,8.21912851667114,4.97409365293576,10.3060855613361,10.6750897958486,6.37701742314606,10.3966942887264,8.85212192167924,6.17656517394453,9.14902669222279,10.5452171192611,8.66249338750101,9.67849380876853,6.66682648688032,13.3700737258157,8.13056067150979,9.14694821723778,7.76291425927509,10.2232255932723,11.8398360478639,10.7040240600237,10.6690331293509,11.4434872650136,9.08874159685737,10.215892728883,10.3210936152355,5.39291613546816,12.5626737190266,12.5802714319842,9.87606491215195,9.32625306256092,15.1706115154342,15.4704144191225,8.52081273996684,8.12966924590975,5.8320335872606,11.2847035933884,8.88993434624403,6.3125460073898,9.94015054417539,9.06310371979244,11.5253964638443,15.4641570528986,10.6293053871081,9.52473473869863,7.1107578760917,12.7405397834101,13.5777669681488,8.58904845921797,8.90355910083097,10.5998277762484,12.2824891000348,10.0148827383246,11.2487604952656,7.30521408799677,4.26244430753472,9.24315763194919,8.15165064776463,12.5971790106061,9.12670794577869,12.2175809981495,11.0281478067818,10.7845716296886,10.951719130516,7.3644830902919,9.85850644295446,8.93101400224942,14.2518003804684,13.209682103813,11.9890325086301,"1"
"GSM1315630",9.01247997199337,14.2168703051178,8.58302556634393,10.968520340737,11.8629834016337,8.27760975181018,5.18595635958889,10.5868057099761,11.2761168625583,6.33479032911543,10.2198673418337,8.98692649780758,6.35236285344564,9.3909076711342,10.4921844747373,7.83304325041448,10.0404767687716,6.20717595335043,14.2778946620698,8.05787084311313,9.86476939887045,8.43586000759025,10.8393931456733,12.430191157491,10.3775371811661,10.2897937576833,11.8003406613606,9.41179467399711,9.76914474635639,10.3818765320001,5.79274410490399,12.5668251015289,12.5090863190781,10.4519448527139,9.31892988408543,15.0935384896578,15.3595437197758,9.47498939711609,7.68427015869185,5.7984670032031,10.634079881897,9.01042329145972,7.42488364188609,9.37813870352982,8.6811129639664,11.4138891998463,14.9648262819227,10.7976036360689,9.1717958627396,7.1438525061941,12.0609387580715,14.0601633783251,8.53811813582954,9.36153218628925,10.3441232925597,12.3145628627316,10.786789862688,12.502704501756,7.65385480568694,4.3071365828755,9.20789327389865,8.69484402607697,13.0698444863184,8.70703135847473,12.5484333605883,11.3700056006769,11.2664812142294,11.2151166445129,7.91507203095547,9.15052201998698,9.71342689466256,14.8888213773146,14.0199332685694,12.3948464197218,"1"
"GSM1315631",7.81957519076369,11.9286253364867,9.30810548015555,9.87679903776421,10.9037285426175,7.20439056206872,5.33107808222173,11.0768841458314,9.44603070596435,6.61475859301485,9.49648966556459,7.81272142227478,6.8608928289321,8.65408427395117,10.2991992245854,7.57833343497417,10.1429133930211,7.31553039299286,15.2832643042964,8.93491954798773,7.90168742366787,7.74520625528817,9.88199622004382,11.2915333052208,9.18488335943196,9.81479023065824,10.4823702616288,8.54233351030761,8.68222181224568,10.0365166564126,4.69577874102893,11.6679780694873,11.8905745380249,10.5638833852474,8.61282644104002,15.2151054958891,15.1736498599472,7.54662570709475,7.9607500955906,6.14137035925764,10.458519997073,8.90892374124363,7.99394833048499,10.7710513495529,9.35256228999462,12.3572363178477,16.167360246947,9.50055254792107,9.89764061574617,7.01241731937809,12.0960384242314,13.3776966829922,10.4710854278169,9.3777186384772,9.71406053728872,13.7446323871662,9.47471920671498,11.1485385933079,7.40145954937007,4.61769508458949,8.26291634523086,7.72938572962576,11.6247299024945,8.74307564587138,14.3719687536623,10.6587908304185,13.0851770554952,10.2994858561101,7.23107220593674,10.2081217559031,8.87109649808565,15.8553299559736,11.616024251878,12.3563061362273,"1"
"GSM1315632",7.59845198576453,12.4831292218719,9.61038726377362,9.35752878486787,10.3890235574126,7.09178445719697,5.09474391385595,11.2236663730916,8.77015898331605,6.53496807510987,8.75203163873811,7.67592490480306,6.88502973481361,8.2267304663022,10.5078036971027,7.56693574507136,9.8496784251558,6.49694385222579,15.5889564390534,8.74754650065903,7.4664720424514,7.49647256237871,8.96763042364991,10.6360027841512,10.2782408483357,9.80862763775806,9.96648569207887,8.28000553255475,8.46932460082595,9.92639215314857,4.33307887035802,11.2024425371227,11.9898141205728,9.53126891228976,7.97395165796957,15.4359306412163,15.6468016053266,7.42265808859616,7.80986536496329,6.50296028027807,10.3050834803938,8.76062554455619,8.14186178653168,11.2630862836233,8.6840943321985,11.9666959788093,16.53188627279,9.54493703788818,10.0826638076004,7.32948313301579,12.1137402890532,13.5477032115211,10.6674114333472,10.0751435876404,9.37978743666208,13.6669977416279,8.97188203913163,11.4838314175783,6.39049009992248,4.57539314190294,8.47903145182476,7.76775768820467,11.6639310018011,8.37679745851239,14.0067362303041,10.949196465387,12.5829733184292,9.8981422513819,7.29468349320089,9.74706437313409,9.07333070787163,15.6128952107997,12.0735713840954,13.1703477995003,"1"
"GSM1315633",6.93851128071286,11.2659749261418,8.97436837183025,9.91997749993664,10.5311177827788,8.08325074557364,5.32268154645045,10.4540980778947,8.83321834666832,6.63543335351615,9.08353771521698,7.46614977238052,7.22812666495616,8.38395851711089,9.6314044326063,7.33123194500632,9.59542424665223,6.54819651627767,13.0477583625863,8.44500003455398,8.36303522672937,7.97242806782678,9.2160039558516,11.0253117487051,7.91468926642909,9.51181743907119,9.86914224102764,8.54808237576693,8.54245650901715,10.1863017095217,5.00998212814803,11.1285040291788,11.7157370247373,9.65966640118156,8.1401935219298,15.0706494085906,15.3558476653058,7.48690892497408,7.53936826199427,5.85000087145302,9.69192986822913,8.80114385138052,6.37908272577889,10.2133451070871,8.4429664713154,11.7574859213715,15.6471316063853,9.43397019675272,9.32569963067238,7.13346139932454,11.7261773761013,12.6665004584696,8.34184335703206,8.61007661217796,9.48765176108638,13.1196731007658,9.59657528980758,11.1350465519787,6.85222223735672,4.70296677836829,7.80798858059949,8.36220570881154,11.3829379997133,8.06410177446435,13.9711250513141,10.188183540101,12.8447665311126,9.48201202361184,7.47717264165476,8.26188861234912,8.51762548877196,15.1278697097101,10.671245398098,12.1065732330757,"1"
"GSM1315634",7.3999901248819,12.2149487914999,9.07490112479258,9.88930830450841,10.4504539519484,7.83005076825075,5.60544137634323,10.8391548839048,9.35717987603778,6.70127224166378,8.80713597121613,7.6256741356461,7.20216264612047,8.92636098342013,9.87140037133035,7.51389151337401,9.76347410004174,6.85281159399061,14.2901387148339,8.34975760093448,8.54148824874591,7.98298503317238,9.19579036619657,11.1161579888876,9.01157929000931,9.56668975357669,10.2760308244662,8.5743862794643,8.25555277440749,10.0312437477479,5.16055233730459,11.3408181193791,12.0661185147078,10.0612575779195,8.24055150579769,15.3021228775598,15.0169134919377,7.32433302271243,7.82527809302831,5.48967154587063,10.0212781914709,8.85843144232053,5.57904605157039,10.0857699252528,8.38671325197101,11.5463795599366,15.8818113727091,9.38104667565237,9.81804429182113,7.28078489051495,11.6585620349294,13.1662539671487,7.76718970715058,8.70628922965206,9.65287992238604,13.1424437834227,9.55884994766756,12.2026039433757,6.7555050527776,4.7533024636267,8.19887199437237,8.09926566247664,11.8294810442722,8.15769041866161,13.8443846342945,11.0454817734249,12.2419306476337,8.93738732274719,7.27528715576351,9.22275982569163,9.14820269930434,15.5111336357379,11.6927206105918,12.681591221019,"1"
"GSM1315636",7.71026051567369,12.7220611608088,8.57722795573388,9.55061380688028,10.7502493545783,7.88220205030186,5.4176765026685,10.9584865342838,9.60147530627139,6.7344035314223,9.72690978815981,8.08873538059842,7.5421783342329,8.68276842816221,9.33422710247919,7.44678471399815,9.70004563930833,7.00512253017049,15.1569821278701,8.4862020631192,8.33987130860113,8.32635748928029,8.37452636051722,10.7996483722118,9.34704241658779,9.72972325721127,10.3927350303803,8.67070336240813,8.91545158694192,10.3303306369583,5.06306529274751,11.2411595993349,12.1413599014344,10.248774283707,8.36966042555393,15.408308944328,15.5226373366544,8.01844883875301,7.73090341027508,6.00949961978719,9.97635131316329,8.94150566026247,7.65066619110188,10.8349860286758,8.8246717978275,11.7962382822226,16.1080153566767,9.74882094718696,10.3890478500962,7.43264359423565,11.7600326983947,13.2799431606469,10.3213654422845,8.86296065755159,9.59285128258078,12.5838872121123,9.79863556922195,12.3258168766913,7.05534317672517,4.99234580811761,7.94527425865567,8.53915047235852,12.2814342540877,8.39795031389057,13.4562311227328,10.8976573977354,11.861718033212,9.21866680661938,7.43600518530836,9.89300517647174,9.22743305629782,14.7004757024258,12.3345847486327,12.612434156829,"1"
"GSM1315637",9.17486742342233,13.2663510108356,8.63908482962386,10.387723668304,11.3121847330032,8.45850550069151,5.54407490290704,10.4982800729703,9.77894993545214,6.76287034655179,9.83744685490734,8.8208432752688,7.4593786420492,9.51181396318351,9.85686771250033,7.86328016465297,9.94641920984321,7.20385107533829,14.7743131555261,8.64737183471294,9.69936790852763,8.47831781315147,9.48871328834655,11.4783665113425,9.60241942588649,10.1278977028824,11.4464163545337,9.0805406232617,9.49305911774404,10.0960557757976,5.81219210658071,12.1879953263959,12.290398959192,10.7072656674286,9.08899967761778,15.2849476766084,15.6242325772497,8.80804154068215,8.18377056516281,6.16399961810845,10.5268400776052,8.64312888212854,9.42286172469242,10.3314046314711,9.24485685309902,11.8291343584829,15.5442166628801,10.6262168460149,9.95897779298635,7.66694921763054,12.404388056102,13.4710586622445,10.5988409560013,8.69160420011056,10.0642750143361,12.1203445589557,10.2295376225602,9.84919723426323,7.86642394661006,5.09662015368337,8.47509895184505,8.74893525328742,12.2123687790385,8.88807370616824,12.5562844031902,10.8933972374421,12.0976531685609,10.2956154101296,7.67772034781371,9.82145360612171,8.55645307161452,14.3261676029473,12.7739895055186,11.7602708699508,"1"
"GSM1315638",8.38883041700836,13.291652908739,8.55155912410968,10.4305847254798,11.436906901967,8.23178831959855,5.19553199689654,11.271759287619,10.0523960286327,8.24349986348431,9.89605412287306,8.17522647218985,7.38666075661161,9.37535950467159,10.5082300649843,7.36744235047032,9.88337347150695,7.1050632643894,14.4222379173949,8.44706680987201,9.15150088575906,8.39032189083549,9.85843030698647,11.6838082789377,9.98929235639603,10.1768173861114,11.168280466061,9.30398667318557,9.29423150686013,10.1992897423663,5.3066715560995,12.0029940466622,12.0784060242923,10.582788946501,8.9626276875509,15.2829015869013,15.4130800770109,8.55947225506654,8.05193439970859,6.12126925545564,10.9609813630628,8.84007129293231,8.39442889002443,10.3717609044916,9.27722396903361,11.7911760466883,15.7724824428375,10.1299706464457,9.95835536272677,7.20910181771857,12.3197034355055,13.8646553748926,10.2649496634544,8.93326420148903,10.0203687545013,12.8807750509199,10.2903994363467,11.7658995256654,7.52697221825205,4.75307656602334,8.51910183127335,8.6179874501583,12.311333315158,8.80422178665633,13.6940552972563,10.8707478640676,12.2202488257421,10.0993839563285,7.46441872253061,9.75900360743302,9.43988179417962,15.2179449994897,12.715917226078,12.293845614922,"1"
"GSM1315640",9.68640547232573,14.5731486242662,9.29482349588558,10.8926990585825,11.8133764121334,8.38862069304875,5.77086063194683,10.4710520070617,11.0744679380193,7.02546356123814,11.0708026280671,9.07357167321602,6.69272819658968,9.3707162697397,10.6551168654222,8.52824307147909,9.80972253721537,7.03396500567785,14.6226261574191,8.36053412740479,10.1194396765268,8.47651046275862,10.7914125840165,12.2342600371364,11.1623636828794,10.9030627231686,11.7213731942423,9.5569670975665,9.97961442257612,10.4236014573176,6.40613584267691,12.7621702302377,12.5767999430201,10.5209451372524,9.26724772647002,14.9468041509004,15.5915862455726,8.94755914382641,7.74392320480766,5.886043478985,11.6971336481885,8.69502041261574,8.78775302370499,9.9937723402434,9.53894156197427,11.8505136848495,15.3025369456158,11.1090167317015,9.97780172793064,7.54609832030014,12.732761971532,14.0918965119226,9.82963838548249,9.68430123831634,10.5640784849752,12.8909994185545,10.3393384738764,11.1971259008309,8.10932786086847,5.11993266306697,9.49723252521061,8.76688063659309,12.8219137923344,9.332227395543,12.6260007041675,11.2988803883799,10.8701298387858,11.212919204801,7.7422278594794,9.72841626491045,9.31419873108103,15.1674481535188,14.2966804866168,12.6164952489537,"1"
"GSM1315641",8.7112563362764,13.631400920782,9.042314588138,10.6105776918362,11.4547863727445,7.84853373466508,4.79991380733663,11.0659532832822,10.6491928993406,6.97768709380892,10.5286463095573,8.55340831756444,6.58080154665438,9.19714992587498,9.99048089738613,7.52857258180208,9.92617130830533,7.00668555601346,14.1460271164314,8.18683503989622,9.10794494454496,8.15266885106767,9.86616192650655,11.8331041825298,9.89978659538234,10.1774020649607,11.2945876403656,9.28267454905302,9.71992053601039,10.3605690600232,5.42428874183402,12.0549801025679,12.3676568964658,10.4277943717841,9.2397727413083,14.9554785471768,15.1560075106705,8.51183656998503,7.98970906609031,5.99635163061895,10.9441725132358,8.81169345105635,8.69272722241441,9.87472798192644,8.90956811784932,11.5464973768631,15.1979760414722,10.5431582019706,9.69013124138554,6.95692517184157,12.0394539184769,13.8005236152666,9.52565058356778,8.73186595543798,10.2106892265921,12.2560902522057,10.4794781907277,12.6154090097411,7.66909452308264,4.33094296464352,8.97582229878764,8.62138788619064,12.6317935633779,8.89637432872628,13.0525768782148,11.3478007100672,11.3518391077173,10.5152339132012,7.61575741693193,9.91964037900408,9.25528482927882,14.9967350408702,13.1377481289165,12.5264207500864,"1"
"GSM1315642",8.21806883938393,12.8017218969395,8.39494924733081,10.1253553427388,11.0673640891389,8.22393178640471,5.41633702195454,11.1222270429752,9.17831123421631,6.7442678447463,10.0472117830687,7.95371892271682,7.48052831701449,9.40079245867495,10.0301772800249,7.18273642512769,9.84004732189326,7.27047853525895,14.3620181306557,8.57172254440449,9.00862145963358,8.43811483798622,9.35405623654054,11.1127745899555,8.4941580332404,9.55458862138153,10.8838269226468,8.81869574205834,9.20297114024967,9.97485417521092,5.33331248626669,11.6360775134993,12.2774922163283,10.6304061948189,8.92149781159105,14.9118689973239,15.8108157646137,8.4451437835178,7.58531329960844,5.94611174416004,10.315222760789,8.84265980173956,8.62847623943332,10.2080839742205,8.87270305462896,11.7542622723504,15.6651994764802,10.0492363050022,10.2485633115847,7.88829482615803,11.8714252500508,13.2361424182271,10.2178901583867,8.77001812733028,9.93329537266338,12.7088589951331,10.0834231197462,10.5823489488984,7.47786225737346,4.82081702741855,8.38515084275012,8.72009847613877,12.2935909613925,8.41066031906187,13.1325395591963,10.7198276787088,11.9369628169479,9.94109865749049,7.49720812454539,9.64917638710096,9.41753032776632,15.051940502526,12.3953232522639,12.990143957176,"1"
"GSM1315643",8.64921724659361,13.3493517041365,9.14976027152917,10.4730372453452,11.4623233252326,7.93406991935176,5.08540967424934,10.7126422515058,9.63980602644582,7.45597217510699,10.270635986415,8.73234343352198,6.6523890200872,9.03844934303505,10.5274830260487,8.1542917677698,9.99038328768312,6.90752603173923,14.4062135785407,8.531463886585,9.03842376045961,8.08886233123412,9.80181128135197,11.5753444632941,10.3516376739444,10.3498048905237,11.1383980291638,9.2122990135913,9.6977094916684,10.3065551718138,5.28231511305388,12.2592606987176,11.851359826574,10.2561352746194,8.93126171261317,15.4554874015114,15.2015512612506,8.52863553764518,7.74680881782162,6.19665520581063,10.9609453856304,8.8710818329601,8.43848990228484,10.4244969706155,9.19604766919772,11.7977597944305,15.5222233593737,10.6611889594547,9.58238255065395,7.04921914180607,12.2387079799785,13.8942235324725,10.0436792519795,8.66460596018819,10.2477394226533,12.5955006511365,10.3213279953435,12.8463442546146,7.6316675934525,4.33003456181727,9.00543636231787,8.58132283314557,12.40053943867,8.93067515840717,13.4607768659974,10.853397181822,11.9721428091125,10.3767359492938,7.82994851228439,9.85665353251115,9.12876728569263,15.1117803985522,12.9883248625079,12.0172704292507,"1"
"GSM1315648",8.09509921395165,13.0914258396429,9.40760038652453,10.2468386100248,11.1125442644727,7.85090147759619,5.0932544879491,11.8003827927144,10.722412707898,7.63446930734537,9.92470613402189,8.0086122145197,7.35170000250777,9.44440316421435,9.95641324799045,6.93951882404942,9.88952086705771,6.5414342551115,14.3374181209975,8.3472698773583,9.0761751428244,8.01264719075117,9.83118364261649,11.938579785412,9.3160647837719,9.68425970277652,10.6531771394775,8.74259091336234,8.51952728175826,10.0758410761405,5.02972152316443,11.9424975273378,12.0475329815102,10.622852951326,8.64072011332781,14.157124809864,14.9597875623527,8.46724487259303,7.66874881435089,6.6817182630405,10.4574493135168,8.83342232515338,8.60252288665917,10.3535623966413,8.78692907784568,11.9093958647652,15.6704801531558,9.94407723858589,10.2638760437493,6.91870795897549,11.646160847767,13.5786929827228,10.2751411289226,8.91326158515408,9.83863371750851,13.0615345154088,9.96680717178349,10.4742108301598,7.43270033602754,4.72478752159192,8.03701951466677,8.61658851727437,12.3654851947233,8.74034923300524,13.7765300096023,10.7685832335084,12.3912602253049,9.89597404817334,7.33971144298519,9.36597195990714,9.7603654249604,15.7591098346308,12.6382557205569,12.5991424581833,"1"
"GSM1315650",7.02394675721892,10.1190413267308,8.33573619912394,10.2428495720723,10.6994145187266,8.03448002685262,5.36016439990349,9.74512129059789,8.82308131179622,6.43142678089985,9.12901195408987,6.96306534792127,6.74313315002692,7.95044172879952,9.69339918868136,7.64746213893012,8.9273138755025,7.08393849701515,11.3572179479965,8.22978553604991,8.98293335001085,7.94552131187432,10.1666743116767,11.0293264065478,5.64905428357639,9.85468326835998,9.47024629501324,8.56957077052813,8.11884291152375,9.61352809436266,5.37237358080038,11.4589559932237,11.1688273494755,9.93694394743701,8.51795684487497,13.5292404232309,12.9002180164197,7.17283404946367,7.79006014447984,4.23088779839836,10.2294440645279,7.77874130432838,7.02242998039791,8.48681369670188,9.03477237664881,11.4276662049352,13.9685743516674,9.66606822567908,7.06355398260338,7.19551358543579,11.9170133196513,12.5015407724528,9.18066672507294,5.56465415880742,9.54783032169456,12.7214001110484,9.807219871475,7.47367843579213,7.7605406426749,4.74537492559621,7.77750388579202,8.19504542085648,7.73686822202082,8.0953398191297,14.1719333286036,9.2288504927903,12.3806608632141,9.14954776787755,7.46114121818837,8.47828767257996,8.12987013961216,15.3383404281419,9.24851779863139,9.10579678482338,"1"
"GSM1315657",8.46696395208127,13.0651827272652,9.15499845461006,10.5646384004226,11.1676218218414,7.63365043012966,4.98678340840755,11.027664710657,10.0956762752281,6.78610589426988,9.80142503413754,8.13342972656841,6.78190654939125,9.1167599907611,10.5609495634174,7.32605985913841,9.42577517426133,6.55596463417825,13.6124192280978,8.29912166441832,8.85424987766167,7.85601150907739,9.85101050510104,11.7569147142439,8.84557318631636,9.713359673213,11.1186738337104,8.82066027405537,8.97603522307567,10.1516411527061,4.99529359726587,12.0897092327519,11.9304786718972,10.791132654516,9.0253119216469,14.5010902025879,14.910554557488,8.54340548790845,8.05085713629108,6.24311696190946,10.392643016687,8.84297238400868,8.15157553715116,9.99059320875882,8.48348246421109,11.4772257599751,15.4083510481516,9.9225275891717,9.86627118714436,6.99224050235535,11.595392662205,13.7512898034354,9.67668982435227,9.15618970575308,9.94546838018056,12.663988859476,10.0451702746691,11.8626856089227,7.47651428332696,4.26593176016136,8.50651568889207,8.03715300875607,12.4397949734579,8.74907438649282,13.8301646874457,10.9542265109957,11.9286646525736,10.0312542462114,7.73807350942085,9.39048509364294,9.2363753471429,15.5897154105075,12.6070983109631,12.4117913763184,"1"
"GSM1315661",8.00802970333563,12.6605807512115,8.97670502158917,10.1631806809779,11.1058994956684,7.75460458068441,5.1706784530054,10.9665665436931,9.42625760121847,6.48728001563337,10.1970567766028,8.08704269130412,6.80630170354088,9.13953649196506,9.84995297750012,7.85447522698469,9.81226488760095,6.6286469724052,14.4353780073987,8.12852311777953,8.90576822809206,7.99263631626746,9.25458333263746,11.5064247232417,8.81588852767182,9.90942764707571,10.7592303971557,8.73145087397597,9.09311653039437,9.99187644209987,5.19271047739637,11.6902242050321,12.0896727125703,10.1392286554766,8.81270709264316,14.9839768965852,15.3076353392573,8.23779436823987,7.56273362608516,5.46784479944005,10.2310560478156,8.75030048104583,9.0228939471199,10.214551855476,9.03611922134681,11.5178051593075,15.5168489126588,10.0486011541294,9.48204481778831,6.90182749590276,11.869636227654,13.3975811429749,10.6875454591569,8.23363894666914,9.82495175924595,12.4661406566836,9.81534428481409,12.0136090360099,7.2543293246082,4.54466062566741,8.56031235084506,8.13713114034762,12.143523029881,8.48690025280099,13.4925982463775,10.8333033041646,11.274753527835,10.3052976540889,7.44982665384316,9.61242069475586,8.97845777138485,15.2420437386878,12.0333664539441,12.5476928027967,"1"
"GSM1315662",8.55418400588321,13.032706858359,9.3223524153498,10.0777447935647,11.0960150483943,8.31903071695803,5.47269718257486,11.0012492430418,11.0791567586788,8.44215483209492,9.41664128404419,8.24176118517033,7.62082668165719,9.15594670961093,10.017590930981,7.93907270380119,9.84963537954882,7.35055745015595,14.3486365113517,8.47994908086023,9.56190230204226,8.59266712661537,9.89248393858045,11.9823805092946,10.4895497284047,10.0281891712636,10.8538885298363,9.04143237609038,8.77274795721135,10.4799938968839,5.41570975694523,12.254275644325,11.8230879243579,10.8303863880335,8.76946656552692,14.3228422322088,14.984825958989,8.4317997721458,7.77295845000577,6.65113348686317,10.6597305566164,8.69066933919414,8.26297177777848,10.3824205130933,9.11798044509032,11.7965730325373,15.3834359384253,10.3478458458917,10.2981966682897,7.38069716490531,11.6768898241689,13.7842887593208,9.90633955833998,9.38217376349873,9.81999607399313,12.4979261736084,9.99431988145869,10.8459614120128,7.17370251877858,5.19585905578509,8.31726745375974,8.81434376480931,12.4771137598273,8.56707969680453,13.0288801022667,11.1991629377113,11.8100190404498,10.0022439698642,7.85864402586895,9.67440864325932,9.46405436157831,15.0292618484204,12.7977883507803,12.1187320171122,"1"
"GSM1315666",7.91795606153071,12.9739168948467,8.53013336583611,10.232108670571,11.340785738357,7.88133365438425,5.17350035129558,10.9866999182415,9.44263465585788,6.64341017085293,9.99152145851981,8.2935984119852,6.80363834028555,9.03258222502707,9.91648031594236,7.52958261109348,9.78057664312487,6.7707203557398,13.9933640694631,8.0071763423608,8.93208029709233,8.05121818099613,8.72037413238094,10.8103313338694,8.5124733190613,10.1086445972581,10.6439325388598,8.87601079839148,9.38471768878447,10.073718788203,5.24926924505458,11.8503090066776,12.2135660873532,9.85540054456601,8.96363285700373,15.1087374910987,15.1958222613592,8.35430118768502,7.62863730701775,5.23299590132772,10.3794864706351,9.10344730654391,7.53784765064619,9.93301061414144,8.7591426620051,11.525450802777,15.3795836038726,9.77510680981635,9.47299079066811,7.0864708261405,12.1332028620254,13.1793393326752,9.56367547235847,8.53896648153578,9.9216330485092,12.5864239881966,9.90858410647757,11.8451556237413,7.39894395145129,4.51459240116789,8.29977383992487,8.29653042944623,12.3096758642184,8.49149215177334,12.8749134890359,11.3209416673352,11.2558707056859,10.2360627799387,7.44073961389526,9.45024266075966,9.22991586822173,14.6264153080375,12.4081826070175,12.7010694197528,"1"
"GSM1315667",8.02494828106399,13.3343340284617,7.36363918391078,10.8046740787616,11.6056733299451,8.30959359391534,5.74097256030508,10.0675558267974,9.97235075917292,5.9508319193907,10.9118755266656,8.57084405034099,6.79781024264724,8.53791075010194,10.1338565812947,7.96671775072992,9.39274394241624,7.17039309513208,12.9834027627135,7.60148599601146,9.4525916876339,8.20971187781344,8.9590985322295,11.1939428837004,7.67657711516289,10.1806400815708,10.9941978001589,8.80377975006538,10.0290621231728,10.3768348876926,6.01355812497113,11.9729305649671,12.643547612806,9.9446422966301,9.07064766056817,14.8031666964237,15.4480240997322,8.48784422162979,7.5567590281502,5.54949692383076,10.7044047418821,9.19170524476137,7.20403800885267,9.37458042481655,9.04363840343771,11.4426064153265,15.1292938411692,10.1862490549064,9.53670024832234,7.43946432704294,13.0172697949042,12.7181488094041,8.86486321274598,8.37991113482177,10.2568551864167,12.96044562753,9.67280737439213,11.289093344707,7.38464229740195,4.56899082802817,8.88568528258195,8.53090831804021,12.6523153902958,8.55674996683088,11.8701015509525,10.8277015128476,10.4353748077617,10.3320071230636,7.55609810319737,9.02901734901022,8.86034924646126,13.9875694405909,12.7377665511514,12.762735841973,"1"
"GSM1315670",8.70076577902148,12.172232942475,8.20463941665446,10.1806569092087,11.0563452646967,8.11154345604855,4.9635348243646,10.3664614727028,10.0624458929768,7.14955350487975,9.66460474936838,8.6567624590398,6.88136021202545,9.42077907492093,9.9368869672864,7.53155671253236,9.77301566326321,6.4928709565954,13.565912926817,7.98808152722638,9.25821018158404,7.93718672933207,9.00918712442924,11.2762990618978,9.30799454773547,9.63650513291311,11.1822734599687,8.88585029245852,9.11595477675031,10.3441675830855,5.24902161459725,11.9104997899111,12.0080011562664,10.5053196217988,8.74931445713505,14.4033336839018,14.7472917176697,8.75037857898691,7.52805832490572,6.42132736695392,10.1949860377947,8.57205732164396,8.38697482923203,9.99693810599494,8.81025987041168,11.3470946861213,14.8943219652731,10.3944212115595,9.69874754270528,7.0529731910727,11.6869180398206,13.1413325727352,9.81036596957662,8.98206312942073,9.82941046156381,12.2064752334885,10.0887140588964,9.13979219428276,6.94810738103362,4.51752119158959,7.96003106180912,8.27498555860321,11.8865605490615,8.47834959039187,11.7583374728718,10.7957058708275,11.5284379099088,10.0657815121906,7.78707730314048,9.2780958187936,8.52947236855625,13.8971650561964,11.6895195524972,11.4626747064243,"1"
"GSM1315671",7.47812265040472,11.3174139080751,8.9690970314373,10.0096362511304,10.8293774403734,8.03200419137376,5.50035352547773,10.0158915373189,8.69262646562204,7.09116303038493,9.56195592040785,7.85288103510948,6.4998026841939,8.71515892978311,9.00201709041421,7.68031866365277,9.83041692798806,6.4543795846485,12.3663368891842,7.81291278014285,8.93246747651253,7.58482264671525,8.41848188467121,10.839977548847,7.59990337096825,9.49677709318995,10.7051682843209,8.68043738038912,9.00929529491665,9.87267988298339,5.43259896816989,11.7013229880789,12.1755185634735,9.56920316299553,8.82639384308268,14.3888531455361,14.8104298332758,7.94253643004187,7.88398976239452,5.70761306436686,9.61161335121523,8.69114291812003,5.53681373616695,9.54987378230316,7.96681094867771,11.3538405686624,15.1108150787844,9.49739585214495,8.5631413376315,7.06417708167073,11.3344252627464,12.255632728705,7.7111639223974,7.83946908486909,9.93150729373814,12.4862809438655,9.71425584986322,7.83756317069985,6.67299259870545,4.29166683309925,7.94419946975858,7.90038582988752,10.8935293644939,8.40758218962705,12.5224398566629,10.5112021152001,11.4837986486167,9.11519735952665,7.40529173771778,8.16153612317276,8.08341153596263,14.1092250374538,10.5401998552854,11.3696062451226,"1"
"GSM1315672",8.58561232737106,12.065086363713,7.62571288001532,10.4807025545238,11.2208025915221,7.91806944065804,4.91693544079134,9.59369486372827,9.21551219688108,6.37459456713588,9.63819179007757,8.51765232962272,6.2087662204562,9.09492812334061,9.62861629831101,7.51320347468083,9.34648561194728,6.13974728242926,13.0075889279194,7.85477111480173,9.17917196389803,7.61185081070017,9.01123687849379,11.1219882998957,7.96805873641099,9.54040311944559,11.1743316711222,9.11784376643741,9.02850548712813,10.0113596664666,5.38988703010528,12.0895281632288,12.0833428448174,10.1662151625754,9.10561661586829,14.0888226095361,14.5176631888087,8.6571457593455,7.78991667125205,5.46784479944005,9.99702596666338,8.45825328425937,7.58639325635444,9.15482406360633,8.45872054262995,10.9403207504394,14.3155809524197,10.2057659347779,9.01636605061883,6.65859132991716,11.6010828951006,12.4691570985658,8.95571922482371,7.40157423866043,9.77057132809046,11.5501133673806,9.94867941031455,9.46402423124614,7.11946143516665,4.00719749176119,8.00771027161459,7.89793443590358,11.0359758666188,8.19785472975563,11.3395337843762,10.3945676822801,11.1238434283853,9.43099871708185,7.76713664593707,8.78302035947272,8.17601019404356,13.1201176344441,11.2319775098125,11.1403784682139,"1"
"GSM1315673",8.67305121121513,12.5045865023166,9.33871193693501,10.6012888839824,11.1452657542054,7.79543535737286,5.16200189331471,10.7101968336878,9.73166941857903,7.46299445706974,10.2258003979957,8.41954567938652,6.41652200356402,9.08230281724978,10.4325117623748,7.78422257618504,9.96282933993643,6.35529732934241,14.1297904961573,8.04876970595876,9.02178126915818,7.83313225588657,9.99300373861624,11.8029241133714,9.20835220427507,9.8472868663325,10.9026861398309,8.95065420857857,8.98247140252249,10.3846411372019,5.35510517668801,12.1897701417504,11.9530636133673,10.7430095917621,9.19587862436204,14.5592274177948,14.8412592179189,8.34224200223424,7.70579931775282,6.19194114330991,10.6775082439174,8.74920932125029,8.89125759945885,10.1103010009096,8.87691838280212,11.460901920418,15.1033042537388,10.5103456253818,10.0641631002147,7.00285899357699,11.9073603647519,13.7672633831761,10.171895043064,8.39066164156775,9.8668482358803,12.0968909583607,9.99392225062094,10.8179355687046,7.37265215032545,4.2439151971296,8.32490345592409,8.32022647429103,12.1429693428018,8.82912338642867,13.505669962313,10.5809201766618,11.4779309767609,10.4319717662526,7.74816424160239,10.0620862133373,9.0163802545286,15.3072412771805,12.1388997916791,11.8496247231342,"1"
"GSM1315674",8.76475441767952,12.9509774334082,9.33038927043805,9.9807457079976,10.933878616913,7.39024947678471,4.86899811927212,10.7189389378759,11.3421975595933,7.81115047325739,9.7992653106191,8.14304292897989,6.54645685693002,9.3310226575092,9.97426553784191,8.09661113155605,9.62841549189152,6.41846111042832,14.8384791762203,8.32707186331362,8.50983955176092,7.70386660452497,9.85613458237795,11.6629672778941,10.3528912198929,9.89986164798062,11.1122093374248,8.82129342382455,8.76331929582406,10.2314369266726,4.55783907225399,12.1735579643033,11.5404900661638,10.3814953244997,8.65450539218857,14.7597060178616,15.0299013023454,8.26300836024251,7.49903836760609,6.5217431351125,10.8079005563904,8.29877025247626,7.80993464950668,10.6680342119015,9.06714993601546,11.8088360474734,15.4603059587545,10.2869473232896,10.1833503762756,7.22269397494217,11.5358124439968,13.6422078499377,9.75997194853027,9.78581310676895,10.0383789291204,12.0470880297236,9.92657562235432,11.2396254530435,6.54390194638015,4.17712249320351,8.22095671059087,8.17865191407511,12.3701411486868,8.6897870142155,12.5195406437813,10.905345077829,11.5727566661316,10.1373242731286,7.77954601397383,9.6690595617882,9.21843499236022,14.5430816521386,12.8707070446009,12.1086862576718,"1"
"GSM1315678",7.7728849930512,12.7179596962921,8.52284746943937,10.1936075800233,10.7394786624501,7.22917422616341,5.24851370571242,11.4945987329224,9.3902158388535,6.08743395239039,10.2258734933425,7.74619932422053,6.52162500395009,9.14763869671189,10.4497937962952,7.12245446790003,9.60157199498341,7.15424522407512,14.8667999053959,8.22923520415658,8.27112533534156,7.23845866796507,9.21898041619978,10.9363009994222,10.1064562239936,10.0066963313307,10.9029892406705,9.10276725493483,8.94991838274358,10.3997285127003,4.99632667646568,11.8478907956829,12.2927237277243,10.5103594729037,8.73902403009876,15.4199281148733,15.5428637952272,8.35104956047498,7.96055889619453,6.58871175237934,10.4571942717,9.00578598553082,8.40389620221062,10.8213728419853,8.65481823574007,11.4418427231698,16.1443581513705,9.78342858167155,10.0871959633482,7.34559740357872,12.2958047086278,13.4925924834656,10.5893099745926,10.0026329616369,9.95861740899897,13.3147482496256,9.72152274764016,12.2913277999037,6.90188853987956,4.18618657563174,8.3038762488545,7.93783490124813,12.2859793515235,8.61518616170975,13.5780810818932,11.2256791978777,12.2845833421871,10.6633153256004,7.1365714559726,9.2447939485625,8.45290024599724,14.9123333233251,12.3997841369056,12.938356853766,"1"
"GSM1315679",7.94973524002787,12.9080278552518,8.89968088966452,10.5070012883936,11.2616601219604,7.91326280893203,5.541619715519,11.3886332861658,10.4742579282556,7.61837131301804,9.72170118583819,7.95150572460093,7.37675811871175,8.53211988719896,10.066435755831,7.2114248946707,10.0330471474841,7.1222623374793,14.0907913589181,8.60785075230721,8.67628184910523,8.40472704022618,9.6960516341235,11.7706952591076,9.54383284485897,9.99417027677298,10.764974738695,8.86720788608462,9.56653509368274,10.4963201708617,5.26221051155687,11.7929710595119,12.1486141807226,10.1342083275428,8.95065555890499,15.3268317358287,15.5691684175972,8.26560113181138,8.00258119619968,6.33451639733538,10.6650846941549,9.22083909544384,8.2058905387889,9.91232990046157,8.87310504551753,12.1874905351007,15.7420503823087,10.1826733744272,9.33448692807856,7.47116829661844,12.3942913117315,13.6672779769316,9.91624154795324,8.76311496789446,9.92576233787811,13.2307463166966,9.97188203913163,11.4818066215615,7.63297126168633,5.2248192352348,8.35325129489403,8.74344233812907,12.3758016503389,8.87869943640309,13.7235269515637,10.8315648888128,12.9059611486638,10.3905663678675,7.48177409429627,9.78328946376942,9.78795641347339,15.5689424615362,12.5530748673488,12.5668759132281,"1"
"GSM1315685",7.98186135585191,12.0231995606224,8.60320441648356,9.82000956409257,10.6233813463977,7.65954434122133,5.28452513788187,10.7565269024714,9.52607077064895,6.43175977456339,9.70109736993501,7.82891966100324,7.10717672054257,8.51871202480903,9.97074436650575,6.76160061884308,9.19899694042913,6.37817951502403,13.5947523732128,7.91393463524641,8.36341815839476,7.44394882756743,8.5107733574292,10.9369931543064,6.86377694942374,9.71734921717729,10.3002969432601,8.34097227922165,8.46632305556508,10.0386738118878,4.83162950363936,11.2285739863698,11.8339320353284,10.2216616259286,8.80787218164352,14.4099071704832,14.8372517280289,7.81518511233365,7.62679093968784,5.67995322836139,9.66978083485906,8.46572744624723,6.34240968063869,10.1490693431996,7.9585952846128,10.7524016929975,15.3854321590716,9.56979955099073,10.3376141219938,6.92474653843453,11.2508792252782,12.9215284133906,8.77634845736524,8.57587338572127,9.52440439725494,11.7240049940092,9.49769589912399,9.25916157355094,6.84709606703918,4.41158774684053,7.77860977163959,7.85998661395606,11.8592983570294,8.21880907683778,12.7888144697013,10.5190033469157,11.0460280756393,9.69505605435742,7.42936049720446,8.7814316215743,8.58317527915293,14.3328867022839,11.2753996963624,12.3916068249826,"1"
"GSM1315686",8.14514639865572,12.3650394846868,10.2504469999124,10.0472225108707,11.1628028501513,7.23349061482955,4.66254724180469,11.0272142365403,10.3905250916126,8.47516141327708,9.9978133291128,7.8212796841577,6.61338014130463,8.61169940991335,10.0474588058814,7.31122325053489,9.70937426207286,6.42294996016109,13.59163679993,8.05832157967569,8.33558395019803,7.37118621118562,9.30110491487796,11.8504427120149,9.54682957824501,9.92600120713592,10.88550779787,8.57152900998635,9.02839029423106,10.3735833395535,4.58143669955937,11.8446197678953,11.5844134789183,10.2948565620301,8.56226294321009,14.2547142907603,14.6595870574301,8.04405679340972,8.00721681178396,6.91784178385583,10.728570624645,8.69722247258977,7.44149616798045,10.0391768242949,8.94474987348023,11.5069189813271,15.0548898969073,10.1728595005601,9.92252623784964,6.77689760228086,11.3826488162591,13.8705869409958,9.28343648649434,8.58418479859231,9.88157233207822,11.9685413416428,9.93383048816638,10.9266693548383,6.79680237389025,4.2051368693731,8.18602292048148,8.41553872346841,12.3987495305979,8.99755316309365,13.3951655501277,10.8140513045063,11.9107450576767,9.63492909205806,7.73426137631116,8.77716839904243,9.5578757171158,15.0957735590423,12.1612721893483,11.8011778900104,"1"
"GSM1315687",8.1085780076861,11.5775543014686,8.94594802833454,10.000171387443,10.7850301764295,8.15398766605916,5.66129130454344,10.22327313204,10.3095028122687,6.68413734486268,9.35091294101885,7.43029794298471,7.62659197874138,8.73192774892467,9.77797388732074,7.27473404145584,9.18695193356162,7.02720434953345,12.6072515200837,8.16743210997202,9.28352127011322,8.38584587300386,9.36196740485908,11.1464855744227,8.45889890753046,10.0861761949011,10.5387234527501,8.79574815829279,8.6684399493015,10.0513256164867,5.21532191313125,11.6104738853045,11.397663481124,10.4576281500375,8.8324928055323,14.4778447116051,14.4636189902119,7.44770971579205,7.93736425244798,5.88029071649751,10.1456354490997,8.15411427550662,6.36815451546189,10.0290926340988,8.2711363180751,11.0827668037085,15.2476227336564,9.62075095892526,10.0842111432294,7.5814903614796,11.4109079934314,12.7964420863276,8.45109911303146,8.21322990075029,9.76647392391368,11.825649801097,9.59142348349929,8.72571940248003,7.50007699118899,4.96724811171349,7.70627787806933,8.44160388254761,11.8639326302367,8.54602276266883,13.4469996210523,10.5123448052151,11.5531480384504,9.61146745508012,7.61622727365026,9.58759673009268,8.58884774402644,14.6579335178891,11.2234223138815,11.5652301421026,"1"
"GSM1315688",8.35115505944772,13.0815003943936,8.36160876299286,10.6220066075713,11.3149249383611,7.72360861126031,4.83486944173345,10.3465327236169,9.11496876552412,6.17065521777706,9.92016590224571,8.41093734323823,6.27476526714392,8.96082502461365,9.63204148451927,7.51508924931711,9.43461222894834,5.85196717193496,13.144865241783,7.74068251480084,9.24517836488262,7.39735454075466,9.29577302192678,11.4619817424232,8.64025531949188,9.77041959858972,11.218605485872,8.98349616267622,9.045984586968,10.1082456590479,5.26502983238617,11.8296615544396,12.190236484445,10.5091715291855,9.25806381016154,14.3819917691557,15.1253797399203,8.93561223281104,7.89610404119696,5.84173607469509,10.2130431405908,8.75589484928219,5.81471099172704,9.36388228962073,8.11360677279647,10.8097197938226,14.6238378262059,10.2971154442146,9.29294443889911,6.957239433138,11.6026139861341,13.0587947486399,7.0003181880626,8.20975722240846,10.0750275198175,11.6521204480457,10.0175882150497,11.2193509530448,6.76979770221798,3.93176051931785,8.44217940007666,7.97713551800691,12.2969710458681,8.79582481462705,11.858096103893,10.9480749513833,10.9104442173943,9.77134780152294,7.84507842132318,8.62663277213804,8.65203011301897,13.7660098335857,12.6498813433424,12.1273173290827,"1"
"GSM1315689",7.70776795278537,12.2473645579122,7.56312600890623,9.97281322299296,11.0920070224541,8.01745456098975,5.09697517354683,9.53117322113169,8.6362636233235,5.93635425391845,9.69100178759375,8.37815777666921,6.65333068316191,8.53231329091812,8.78806969624126,7.26311121670659,9.38892795183219,6.28431549080305,12.766807285595,7.70722989414722,9.28947803055533,7.7229860904466,8.11470113649411,10.5268658380609,7.17170764981012,9.20033552343563,10.6337937266848,8.58843958580351,8.93843896207147,9.93150908025236,5.42987062089718,11.6313153731737,11.8771763445307,9.97181232521315,8.75917761798577,13.6895294462874,14.1361426950419,8.32009436148877,7.11805841361962,4.12297538522557,9.48673234303247,8.20315059136609,6.25960118094479,9.21788709952119,7.99044001517402,10.9606563729487,14.123771462185,9.92684515686921,8.73525282462507,6.77912130727564,10.9886458774103,12.1562306707253,7.95864743699437,6.34266444369575,9.54698124050128,11.025484921403,10.1545258206812,9.3050726983324,6.74176008716078,4.35376709245219,8.07196362249575,8.17778608675224,10.9392215122484,8.03463009171522,11.0505803428195,10.2024536772817,10.4203175207996,8.84700926553149,7.51128511091949,7.69930699673895,8.28392100651545,12.694960907445,11.5179577596624,11.8464294892223,"1"
"GSM1315690",8.06522868436951,12.1200709833449,8.13981899804336,10.0533370542773,11.1341274323618,7.81360575260027,5.14485014653883,10.6058923773495,9.20907439487267,6.34849438112064,9.85719589915389,7.75048304541072,7.28443583383683,8.71992142657967,9.99724274068632,6.89171851332896,9.26219559381564,7.16528380264828,14.0362737225652,8.30611270086101,8.77630034373124,8.09141995828928,9.86612861753014,11.2179113588302,8.401603647243,9.82879741873525,10.5087465869146,8.91366676535878,8.77673083909612,10.0644120186133,5.04049277702777,11.5129536191544,11.8749764652449,10.299818825006,8.6889985698353,14.2193672363113,14.5258156517509,7.72544997042759,7.94550232189166,5.24572939123551,10.288980374657,8.19426888731559,7.15041472109061,9.84066697476762,8.6582042971994,11.5756135551654,15.04690128761,9.61247351979856,9.38762503183112,7.02378933823017,11.8101067999266,12.8017181537411,9.61695074853706,8.68149835030253,9.68782032078576,12.8568118736414,10.1298966682575,10.6197307747718,6.94316125013321,4.62487330239829,7.95428880770212,8.52599216643703,11.3073051943911,8.60447277550863,13.7407251221202,10.5653069156547,12.3127382723604,10.2141053677092,7.61776391752677,9.08970002129397,8.59482690869272,15.457976568346,11.702739867738,12.0736689720642,"1"
"GSM1315692",7.25831182022144,10.9886626984601,8.14015069020274,9.80121905594984,10.5993587988952,7.90588037379864,5.03819760144297,10.6098433452875,8.76272435975487,6.7497091222568,9.65453926845093,7.51810105440656,6.80388066749547,8.55514516711711,8.97638845641833,6.50848936215307,9.33690586743414,6.34290574824723,12.3634088987402,7.62495369837246,8.5722919122682,7.75413634187097,8.15086107738801,10.2635663706423,4.89652269872038,9.32861844451092,10.0149385546614,8.44092588553054,8.23120402975475,9.86760386525659,4.95547813530095,11.2002859329855,11.777390266056,10.1926282325773,8.6475526315468,13.8222693550934,14.8486031048481,8.36642993234522,7.79442923792674,5.22136302839967,9.70328684020299,8.84072597013165,4.88013794578162,9.84402372317541,7.82056133040959,10.8302997780023,14.8318301449856,8.92048271494518,9.0422567128966,6.77636340267926,10.6859759142762,12.1127520560127,7.58802261329707,8.17851595641026,9.49284171440037,11.7693301379273,9.56694103197808,9.39218380198911,6.59161639644273,4.28948777015694,7.51166410262414,7.99601731990916,11.6492558990658,8.09548696534237,12.3925014907247,10.3116701047141,11.36042555911,8.87292630685847,7.23963619964225,7.74583600128913,8.20879730633624,13.7256112561,10.2013870370547,12.1906117501583,"1"
"GSM1315693",7.85807364028369,13.7611919077539,10.0039589722615,10.8961983691195,11.6269820644012,7.41646268643236,5.47384229230133,11.3036727827305,10.7415945846371,6.32586015344188,10.1547591394748,8.57231396780162,6.7123534666669,8.04727319342206,10.8802448068591,7.53390019041457,10.037740012027,6.7055072539326,15.1758369705856,8.41376985846837,8.46736297994707,7.75491876751059,10.1756121109487,12.1864891085234,10.3576928784093,9.67871403946123,11.2216867579163,8.81240394075778,9.48023035698627,10.5671294237558,4.74805795974836,12.5203900570815,12.4616186005681,10.3074641709487,9.00833454134105,15.7242688223564,15.4291356514762,8.46384228837219,7.94311732854136,6.89643600051043,10.5664305151221,9.46821639379235,8.1062404921454,10.6596735790535,8.89023589256692,11.6802705578538,16.0911807149046,9.83565416494072,9.42001190121224,7.39596268840636,11.9466530435075,14.368613024329,9.48260647673742,9.57049675189645,10.3350216654918,12.9589626477035,10.2948669889891,12.3771972175992,7.4263771815744,4.26403055842667,9.10672188143026,8.26768017084564,12.4575278745428,8.59617723024386,14.4143260751827,11.3055154334474,12.1601664332611,10.7576213272656,7.96991064848803,9.90278484929229,9.15015429789204,15.878882914593,13.253786876559,12.5867064457569,"1"
"GSM1315694",7.61264473821685,11.9348051764359,7.85228561586722,10.1723301403292,10.9090140257816,7.7185933501101,4.92197836479896,11.0020611861396,9.01830164030005,5.84746303067956,9.33288267154904,7.77316731760691,6.8470847898077,9.02559247620165,9.43073968887074,7.09924597543175,9.18977711084718,6.49751568212199,12.7522977585122,7.90255803827625,8.68641792153177,7.41553007461437,8.77248616490023,10.9000940987646,8.12704437216316,9.42911725212332,10.456309373578,8.7982588171712,8.53798603864297,9.67467479417664,4.9753735347386,11.4284435910717,12.2059946588226,10.0839443254669,8.83679829007338,14.3048793396967,15.2555443657946,8.34250054973329,7.77991016369865,5.57737884704278,9.92500933401648,8.91326023157499,7.09918187996816,9.9478556945669,8.40392504583905,11.0372831052849,15.2974725307067,9.33633303362812,9.37009605920191,7.07130798406909,11.6501838002437,12.0771472902906,10.0989533161492,7.99693574309838,9.93917226918688,12.4512820948346,9.50993360532172,10.7098911360786,6.99925962931715,4.07852464179885,7.9899966260883,7.97300613851824,11.7532463261718,8.12677993834543,12.8071273362735,10.6726411378359,11.0739029147714,9.13619954363357,7.27631454306642,8.92405249945059,8.71243123093377,14.1958308488713,10.9672519031688,12.3019950831637,"1"
"GSM1315695",8.85278140668698,13.0403642667695,9.12811369042586,10.325010378385,11.1564029187071,8.32500417630817,5.46595124510611,11.1161148882602,10.3791006952152,7.79575345984516,10.5130769354587,8.26639990788927,7.5896831682534,9.59781352962225,10.465217521712,7.41469973615857,10.0320612208299,6.97331834552053,14.5642486296436,8.16052123359118,9.56930736796326,8.19429180937219,9.78607056460679,11.5993592474018,9.61425918338627,9.81154103167724,11.3094613117613,9.08083148653281,9.0700228503758,10.3313533315212,5.76313655899865,12.2106170444177,12.2562497605234,11.0819692106998,9.01192849843347,14.6968968061486,15.1540306566277,9.05587790311782,7.9825707166892,6.51903072215273,10.7264557938097,8.87963889996238,8.7095412541798,10.5388236416077,8.75282173390219,11.5113758661701,15.6140331678572,10.2683616458592,10.0783887510858,7.53050203296561,12.0094728249258,13.7940574939195,9.93091605627306,9.86691482537352,10.1666982056666,12.6046233606237,10.2232754280051,10.7262926224841,7.75840906366816,4.8145524138188,8.34078147432951,8.67215825856576,12.7743463279521,8.71901912180848,12.9735752246259,11.3328176003499,11.650996553321,10.1584161487644,7.638307933692,9.39823651739178,9.09219148683273,15.0467359908111,12.6867047528886,12.3008038916289,"1"
"GSM1315696",8.30523286760894,13.1797556612846,8.74972866829524,10.2832146391338,10.9400332678814,8.02389546795722,5.34491246562024,11.1659600833432,10.3644714112764,6.73152120285486,9.6873613385802,8.160278896794,7.23874137893494,8.96297883696823,10.2549281135943,7.42079542262405,9.75168232464683,6.41846111042832,14.6682809771726,8.1066264096529,9.12926818394623,8.02445693750159,10.1351490483227,11.5783747875304,9.7054510642342,9.2790618482017,10.9570499852016,8.67484309276905,8.94947231172545,10.1882647869909,5.39089743871963,11.9268077113312,12.2330084545864,10.8194561616238,8.81757123795468,14.601231101149,14.840661935519,8.69934301435039,7.71972461537057,6.48765502412586,9.84558808949632,8.86600142414519,7.749177078724,10.262388962513,8.40774528481326,11.5188900005894,15.5111658935936,9.87176336973955,10.500051701277,7.37052798465562,11.6047887634101,13.5200713352753,9.37571661260102,8.9776620345442,9.86552928784713,12.7546406435423,10.0180860394304,11.8998993512012,7.54894236576208,4.70436949606838,8.18789074853296,8.21604206829204,12.0649015899492,8.78674094731037,13.5265367193877,11.0640689713222,11.4361847073041,9.93453812706533,7.45523243119072,9.03535768146907,8.92482280881774,15.3161502387018,12.7723543821997,12.5207366383393,"1"
"GSM1315697",8.2459956388369,12.5310759166191,8.52175685955433,10.2500146248845,10.9067940791369,8.2171797804728,5.62978905185078,10.9185247399516,9.9322139588518,6.54977034859531,9.68417282606775,8.06091843450946,7.32273630944217,9.43812049160513,10.1776508452624,7.31094232461814,9.6446572563272,6.935977061875,14.3073474823937,7.98849547452847,9.2238264234662,8.37003761938113,9.39683292890188,10.9885305961969,9.3123555198071,9.39369306436891,10.9264796373575,8.67084388693372,8.64559079829961,10.2520877144537,5.43619250411467,11.7975472777686,12.1308896023767,10.5521225067863,8.75723876569853,14.3605338352669,14.828714591172,8.47975727914847,7.97772913712084,6.18425751382633,10.2723766160233,8.89627370178886,8.44228923108242,10.3200184481208,8.48637561416199,11.2961224062443,15.2770783471174,10.0259890783142,9.71567221809983,7.35540681063679,11.664485538384,13.2348438750885,9.82009072965988,9.12831514348807,9.69229096524434,12.459602067337,9.94565453899838,10.1776567206268,7.51065219249113,4.7975665250486,7.99706789660967,8.51943282681036,12.1498718845739,8.33876826381622,12.7714718977874,10.8239855427705,11.0251470280439,9.71499490141075,7.42814465408703,9.07923957108989,8.70034202282517,14.7773498374682,12.051483551149,12.2258285030426,"1"
"GSM1315698",8.40507628327725,13.292964454389,9.15556107333256,10.0319914723372,11.0594455101056,7.92524949422764,5.14700529949665,11.7057550748235,9.93450630984779,6.64953099426128,9.273302597239,7.81150163168104,7.16406609303177,9.20675455480363,10.2316211057716,7.24734245017759,9.69274544393281,6.14283726284361,14.7267509954832,7.93997320483185,8.95817461501434,7.97116612497503,10.5656866493744,11.9102476643768,9.41536731048864,9.42213753851322,11.0720320255961,8.50758682482127,8.35896296982527,10.095217071296,4.93976085158052,11.7631725458677,12.1949544567713,10.9584058079146,8.73005875846382,14.7910113638806,14.9740670952944,8.70226722686198,7.50079261762876,6.64679149847175,10.174715951461,8.87091463181941,7.78761930050392,10.4238663630132,8.49011495269587,11.6464563978984,15.4654657009063,9.85692779141596,10.0042286795894,7.19238011684467,11.387385954214,13.6544143338462,9.01777999040942,9.89557032217042,9.85853149273339,13.1519808896519,9.73534227083373,12.0950709096576,7.35120029327095,4.53233990630114,8.15515908973286,8.44022923257139,12.7583946379372,8.43074293012659,13.9247325666584,11.4240454403897,10.9124509245024,10.2737698661654,7.49298136249621,9.10366682933418,9.5554153437696,15.9293810753765,12.9373566884667,12.8760874086532,"1"
"GSM1315699",7.95415842706206,12.7088009269864,8.35619389186949,9.94893039148406,10.4949620740419,7.75886614125849,5.5685336728094,10.8195856677935,9.45362791631415,6.57972847395012,9.15953759124531,7.69747991211357,7.16472664609208,8.83774792808964,9.72965908392038,7.29692898786469,9.15682691350115,6.38972553543761,14.2735388478223,7.90744471192475,8.77558118961591,8.01199279598307,9.26805780360952,10.8928934817816,8.16147082843624,8.86233947835076,10.6571699432344,8.61446268984074,8.49805902854694,10.1230951593754,5.19990277594683,11.2577901114126,12.2795983333506,10.5505430687127,8.57756533655222,14.2559660741401,14.6747695743689,8.30981758623582,7.60060877333875,6.24087396543637,9.45013726359644,8.79839178906003,8.00998943343509,10.3163545818631,7.98207869653645,11.1457158769454,15.4596522502029,9.90748868133577,10.1372902792953,7.0404215173792,11.0633598490303,12.9515967692287,9.49009688457194,8.6766616799204,9.44025385719788,12.2247191204597,9.82557808700663,10.5884695722522,6.98240959637847,4.15335432727056,7.51689461718898,8.24396453005822,11.9148106329958,8.25719790604209,12.9289561468757,10.8953318208878,11.6437362235529,9.19936712689595,7.70797206872264,8.84589811653461,9.23619463377637,14.5917105574154,12.1716697894571,11.9771857623859,"1"
"GSM1315700",8.43296046886999,13.2363493186009,9.2448288801871,10.6056843022694,11.0495084346832,8.47068103010034,5.82973568742781,11.5067752425273,10.6180502520998,6.32047539400022,9.90250107919632,7.86436123960691,7.69638753917527,8.37751406755843,10.2480164260645,7.39685834273502,9.6054520625453,7.15226945392594,15.1873995112613,7.90205590382145,9.4588767767915,8.66682635147767,10.195392736023,11.8622157508582,9.15114294970136,9.29075204070817,11.0612867478019,8.85223007890525,9.0363934803013,10.4660781912277,5.51790523743744,11.7077076284463,12.3500750031686,10.6270380672645,8.63305589845503,14.7918991136338,15.0705856083907,8.42176111835673,7.75741366832325,6.18223278764584,9.64460103176314,9.12545672129264,8.38051683843961,10.5316017770504,8.58101144564061,11.1999991231893,15.7326543530118,10.0987757658036,10.4333340451258,7.37206088512935,11.2641904911678,13.7728637972809,9.37522274913467,9.14114340400708,9.65642705034914,12.669371179278,10.2177445984407,11.3247290446345,7.65109999285661,4.73580401832316,8.17333869035813,8.54852644713433,12.1554092666921,8.43493545983461,14.232595131948,11.2068263253238,12.0622088288551,10.4374422906244,7.58326797208761,8.89961092884069,9.01641533227374,15.7736611581632,12.802911369483,12.4621220477013,"1"
"GSM1315701",8.27776798489138,13.8828059192445,8.12433443241689,10.6672748227099,11.4432548118779,8.29205761896474,5.53655978175611,10.9482639568789,10.9172027656377,6.50616539468232,9.58762848540682,8.48463505612355,7.24446601181769,9.14650206993029,10.0870194371205,7.57007642903172,9.85796227514909,7.09745537443726,14.5788311752039,8.11877823336429,9.95855485530846,8.47935379613484,10.2245902495753,11.9409767617571,9.87027273923259,10.2654274749616,11.266336827259,9.1726083884455,9.29764473674481,10.1841318106072,5.88806037394084,12.0909839486573,12.4605473614107,10.2947839936821,8.87674536516635,14.9022405906908,15.4460820771392,8.92822406024231,7.48208813910187,6.47784740619928,10.5197623260511,8.94862669577574,7.41695183107996,9.78823586876955,8.57144467198736,11.6410499270225,15.194961778243,10.1689582468213,9.33925067294385,7.49895625001132,12.0755005251193,13.5336569650562,8.24433110687866,10.1529691150058,10.3261097354158,12.7308807466588,10.3622612817365,12.5525421217804,7.70167535340954,5.0318017527883,8.85269995972851,8.76438360309913,12.9711567484839,8.88985643585806,12.8707341430913,11.4760168197874,11.3438455995034,10.5650743336771,7.69010826971953,9.24844355140495,8.82245174703593,14.8083386087394,13.5805133552993,12.7362282102037,"1"
"GSM1315702",7.59224915614385,11.9558070702296,8.44949703488308,10.1262297274842,10.798663612182,7.89042584549177,5.45888449863256,10.9909173075619,8.78010701020876,6.98489091571394,9.83704814634115,7.33490228604887,7.5041339837033,8.87650208613127,9.74326823792511,6.5764436034696,9.27234694943937,6.75512978560353,13.7680137317292,7.9296017854749,8.72044710899772,8.10988572208046,8.9529643227577,11.2227778472353,7.29017379681765,9.51589992553789,10.078014095086,8.69259977783726,8.88896553352633,10.1433408073349,5.05317119568872,11.4724105924692,11.8418335150518,10.6736026119257,8.75745169390214,14.3637974117906,14.6846787551649,8.0046285172311,7.66991872524691,5.1373564035191,10.0766509061533,8.61545169479061,7.02110353842016,10.1401948397814,8.45436164012714,11.0460140506961,15.2413180055784,9.39450013864498,10.1969114495582,7.01211485173384,11.6042121769237,12.7399588017737,9.69678968925982,8.45300648825002,9.53691346974487,12.423983683676,9.76212349103482,11.1396577229994,7.04810183506223,4.49473356211776,7.70726373438945,8.61658851727437,12.199953917827,8.21894415431935,13.0153143682394,10.7831418230156,11.3328137778339,9.46868843264662,7.41032491634164,9.19282727801722,9.30684641888338,14.7660922550863,11.2982068089397,12.6858319520604,"1"
"GSM1315703",7.71820790043089,12.5642486017051,8.33188343114329,10.358171734807,11.0452961833962,8.4251287440815,5.66392751113805,11.3717529066982,9.12838096352435,6.71054179224824,9.71734049607307,7.5827332779461,7.48211914895696,8.94942824435961,10.0207356653908,6.82900021431499,9.77582736057864,7.24550494487861,14.2052356463476,7.8423275526929,9.53563861782473,8.57017194175184,9.00098919800432,11.2200205135366,7.39318207911679,9.7389706393434,10.5546119183078,9.08394797314196,8.84825829184076,10.1960168643549,5.48305960577138,11.5647877160706,12.2639951176765,10.4718836359632,9.23245556230941,14.6899759003918,15.2282063226297,8.47595209105026,7.58266539285373,5.48550937693494,10.159559421367,9.12054258628466,8.08995736354052,9.99235954707831,8.81784930075814,11.1404131297359,15.6306615278004,9.70627970865863,9.92057667237148,7.46100998557198,11.6076839937922,12.9676135656215,10.0121889623473,8.8931037506514,9.76428387409519,12.6909977110925,9.7642870567446,11.3946881396943,7.53516312811355,4.88757845735124,7.93953277635824,8.78269503601889,11.8068381566749,8.14139180927158,13.7653995435977,10.9520626122886,11.8508256754146,9.73171675976467,7.24135399079476,8.96339153561354,9.41707868439351,15.4828348217715,11.7982002403931,12.3180109508869,"1"
"GSM1315706",8.03014502692455,12.113782445394,9.5994186261364,10.0714029046581,10.4092273092747,7.76562718973499,5.40497598271202,10.6546618491293,9.91137412133995,6.96608563216834,9.46165626455647,7.43499479856417,6.72148977226668,7.87223014337951,9.96627665472507,7.39738766616078,9.22703730740438,6.07719602742906,13.7640225550382,8.0846688281901,9.01180054991593,7.72867287332457,9.93559450480057,11.4549490332607,8.52805219295178,9.05819567374487,10.1037079573952,8.45666006294728,8.29074615526511,10.1218166895061,5.12806502971825,11.4956375745453,11.2752320000947,10.5565478621895,8.38352223323928,14.0735838309238,14.1678581655457,7.59582203273653,7.51240443500815,6.0905409898895,10.1431008471813,8.07875826038537,6.65719495328692,10.0506844040998,8.53989130748764,11.1720475828635,14.8653192564359,9.8728968214471,9.47693032996489,7.06154868916882,10.7324701394935,13.5440348083294,8.59260018814268,8.00178857688126,9.20336571525711,12.3702519425475,9.75112839097977,10.8069272824649,6.9074397461164,4.18115800643866,7.74344639760436,8.01053934382706,11.6380466259575,8.18297577201356,14.0195282875846,10.5078831867768,11.4935934721334,9.69586639962409,7.54281323628819,9.60171858874964,8.91209621101175,15.4580631789572,11.5653281895241,11.6052417557488,"1"
"GSM1315737",7.82119036330924,12.2333520814826,8.53114540298509,9.30071237026296,10.3375078452961,7.64818781571293,5.48737144024937,10.5215368933858,9.12704534080199,7.56087471859905,8.83551608066702,7.88802360217247,7.39914472739628,8.0682328120577,9.37602874308365,7.10747471698882,9.70982488563543,7.21318404197389,14.2235708297828,8.32725888626447,8.12701467670752,7.90573827765148,8.56332600017482,10.7848882942023,9.24884793494793,9.56055001089483,10.2491714242316,8.56481475316126,8.79169390588887,10.4103504882193,4.93930049045098,11.2119773812976,11.4583783081704,10.1383392259711,8.01252331794118,14.8977151440295,14.9171626234632,7.54647608873414,7.45193742527774,6.23720288838978,9.9832404108018,8.43815586358693,5.70050188551055,10.4102483795214,8.43045669041123,12.0120050890285,15.7665028993902,9.30946055832989,10.0856818263963,7.12131319857089,11.2235270455487,12.939412418771,8.3603979373346,8.64497145386879,9.15445146932047,12.3810703291126,9.47306022129039,10.4256700740505,6.99853737896871,5.09519509364318,7.73552988342063,8.26430489955611,11.9906470600558,8.32176282116605,12.1387997717632,10.7238073738981,11.9073462136489,8.89865672114227,7.63683513021473,9.24922301791457,9.14858682898534,14.2300937617858,11.9981837922639,12.2156062758863,"1"
"GSM1315740",8.73666480513845,13.292887801813,8.90752369066011,10.7649050149883,11.4754324780203,8.37284889997601,5.14790233057752,10.0006851246968,10.4475771305461,7.09998988005998,9.99721392470095,8.27020532034263,6.84567315071182,8.52183220994715,9.9530812696819,7.41255895634084,9.20832608540749,6.41879658189615,13.6995179434844,7.97590581084241,9.83173305337799,8.61971116809175,10.2792203713522,12.2056559369931,9.52905819401447,10.1375585056302,10.9433060708561,8.78566160143643,9.07397197158804,10.4500370801014,5.66631716770237,12.1046203755269,11.2178406576641,10.3252657379963,8.97164909977199,14.124193233251,14.469799722634,8.30619893166052,7.55498714174689,5.62906300233171,10.6131937846061,8.06532827325041,7.4476592452709,9.15225016076168,9.00339685335334,11.4070473912003,14.2963997240194,10.53714136525,9.22014956764506,7.11583406971478,11.3853771106673,13.5269546118512,8.44628182282595,8.50271316083909,9.90896728655573,12.0561200050755,10.414651680407,11.7048252020084,8.06951141358742,4.62807956673729,8.68470287420205,9.01229810736828,12.1976752193752,8.45307844565935,12.8110376338207,10.5472788295495,11.3615503027768,9.89857550127075,8.02344956240313,9.13896062623432,8.99207800907913,14.8762209754406,12.8064227757446,11.4599172420961,"1"
"GSM1315741",8.48687158589431,13.2111290878222,9.47496504592442,10.5474423632796,11.010384408552,8.28112557422709,5.72915348563403,11.0530249157989,10.3902776947088,6.1074435249622,10.0549126289315,8.08704269130412,7.36078761513036,9.33601679895082,10.8136824353114,7.80386605150938,9.66074273994755,6.69202557373511,14.1108716552527,8.19326222518309,9.46191968309266,8.29657450466273,10.4394862205725,11.8360211798616,8.79663154308594,9.68043997584249,11.1044110006954,9.22101012381963,8.66878487357475,10.3114232807026,5.6364307313793,11.9013705042223,12.2552094887968,10.8815112887715,9.2315702330615,15.0289071605967,15.2154989926794,8.33615275904044,7.88143346164393,6.95343601444581,10.3424331822624,8.82156098942745,8.67245965545051,10.3965634573909,8.30467748310499,11.5391619132314,15.6048927010636,9.89831529529864,10.1445371166678,7.68511097416753,11.9437547814738,13.7015511578025,10.0509521953493,8.85998643798476,9.99269095089326,13.1364442881461,9.78315434197153,12.5311288862703,7.36123588484458,4.99272853660928,8.60414482105407,8.37977315349277,11.9565526523859,8.90865265850472,14.1189533910353,11.2186457107842,12.0363880941548,10.3362111329014,7.46783080712684,9.46534831738967,9.28249240783549,15.870664481507,12.8830327422277,12.6858895224208,"1"
"GSM1315742",7.53940130773568,11.3243482968634,8.19800924741117,10.5501696319276,10.8873086597855,8.43876901530215,5.47298354522782,9.44933225396149,8.67120040815737,6.66112736681618,9.31604398428452,7.85945907903533,7.01714042873287,8.05024754466766,8.99347276201626,7.15135630278993,9.23292384204167,6.54703075162041,10.9222539796553,8.07862698824051,9.74563601597728,8.05113855547298,9.41639069250166,11.2753818031782,5.21393317010802,9.22830664775788,10.1975564895834,8.59222843151913,8.39496964360725,9.99460940169353,6.00001021786545,11.7122347785746,11.6071932029097,10.3727559494974,8.76542566353919,13.4758264897812,14.0343132355712,7.78170049515599,7.19841099857235,4.69160654740495,9.60158661021757,8.19444705830484,6.6438615346372,9.18890083397899,8.87646732916678,11.1041502652403,13.9597837069998,9.8020334412624,9.25385918171321,7.36840281460515,11.3124392796719,11.832039326353,8.31512945874131,6.31255634788718,9.62940801146335,11.4615700185771,10.1523247149641,7.5322675143366,7.84629345503468,4.41158774684053,7.83455925935593,8.46237274764218,9.84571964331364,7.81828735721962,12.6574396345614,10.0325463749044,11.9450221823854,8.8696705917545,7.62711912197074,7.77865386204093,8.44822712498924,13.7530151896349,10.4903635064913,10.8145872307552,"1"
"GSM1315743",7.73421748471971,11.9020778833728,8.34369904604634,9.51773334604799,10.7858357195537,7.98454196529929,5.33012998029875,10.3540898273769,9.43761533405227,6.96914770493176,9.12379122377483,7.88115626429725,7.32518635284924,9.21135182591006,8.73541293267406,7.4047778742909,9.52207338212628,6.76387068963459,13.6067237164908,7.77317107815235,9.1988316345051,7.87214738053682,7.89840796828194,10.7196833151293,7.63052947873475,9.46255899287819,10.7724352095756,8.63607161423569,8.49927859791446,9.74084955318569,5.29580397036047,11.53234821835,11.8281786198427,10.0393349658555,8.25476602874643,14.0488553313518,14.8852030598777,8.30257117772958,7.39977223541318,6.36291504615888,9.68231694040306,8.56308160873163,6.5044163674817,10.1218653055081,8.00994613813118,11.2272367761048,15.0763726515909,9.53783231686949,9.61598422933995,7.04375466104332,10.7421121866616,12.3630023568243,8.31880945493987,8.65608500962968,9.40589546575518,11.9617054063296,9.44641220699922,9.76297909166544,6.99680250146826,4.53864448315535,7.66014807157849,8.05369796166195,11.8577096311137,8.42934270836586,11.6556751626203,10.8984192713273,11.3756444619359,9.01201239218549,7.45628253184584,8.64727049313084,8.54044236910679,13.4530418806228,11.3277297922571,11.9094520716291,"1"
"GSM1315744",8.2814603194917,11.9393204859824,7.67108082576454,10.1861560975571,10.8777012417458,8.15122859267506,5.15470160045563,10.3265769300475,9.0239738434095,6.46359167771802,9.92671610653985,8.36404931091121,6.85669419852551,8.69456826093536,9.52084492968367,7.23885606302827,9.17679700350554,6.43022300285016,13.324261328356,7.89658387683373,9.14828219332995,7.87430926162202,8.73208179194674,10.7928495976846,7.91401424241823,9.89776665129515,10.6600420337547,8.7504577542424,8.92694986234648,10.1124064651831,5.30940539715983,11.3903475885779,11.9524627086105,10.1367206752422,8.72969705686634,14.35770962302,14.9147319973461,8.01412728674149,7.78157071616225,5.70468637444894,10.2378424120792,8.89671176154579,5.50452485302831,9.63446092514002,8.14398928166029,11.0290918948285,14.8210885286421,9.65688546020056,9.75545779755691,7.19378101843481,11.7088006560799,12.4035603341206,8.41640626968255,8.83723212655203,9.79933301290566,11.8472244388293,9.45221294785366,11.0532031109945,7.32390015442615,4.32821603841571,7.98718737450124,8.25276171776735,11.7781489749393,8.35937942509383,11.6217497737923,10.6629569620229,11.1654836993089,9.93091575451888,7.55230851593598,7.87936242042832,8.73971340587119,13.3608482002741,11.4053614755778,12.1709510415453,"1"
"GSM1315746",7.64087945179382,12.5036088541834,8.12155347132541,10.7198807225728,11.3917433285984,8.3286188894291,5.94063034626334,10.5899694063808,9.02715965687343,6.12525906368545,10.1897305264341,8.42657403556641,7.33259559957487,8.80226094191437,10.1847954848855,7.45471303089961,9.93498233948961,7.43358023491939,14.0946886504017,8.70370471938092,9.6026137989365,8.65262175359154,10.400229877789,11.8902995841114,9.70789929378119,10.1462729254119,11.0255561440868,9.36679086005593,9.02188619609261,10.1885978746203,5.63538904007737,12.1562146441911,12.2623717959217,10.5094529726911,9.13030733402458,14.8696924713377,15.1196839965381,8.53445606468559,8.04521832105257,5.68996319941898,10.5581542015586,8.95023662574047,7.57135055795953,9.99582832580558,9.10746981193289,11.642490294536,15.3838201645982,9.63683114174086,9.1329856057766,7.95038875473261,12.3220079297668,13.2012579942892,9.67148362676244,9.35645618235772,10.222968124319,12.9212220202193,10.1903358966217,11.4297834419087,7.84918077095682,4.98889667501825,8.65876551752837,8.55457402378246,11.7056862101469,8.74288778272366,13.5948688304962,11.0642693332658,12.3859121614478,9.94162431563366,7.84686301118793,8.8842630972535,8.85133163796791,15.3934902424158,11.984115276063,12.4257816595805,"1"
"GSM1315747",7.87594559433137,12.5812142957708,9.64365400513596,10.2410527349079,10.8482597798192,7.77485271376532,5.33895479452032,11.0278714385706,10.1518118244171,7.0718508811597,9.74589401675121,7.90468425259876,7.16670649256249,8.87543528575664,9.79222837918789,7.41179702400136,9.83967894194766,6.71619170044141,13.6781484464892,8.2552697290732,8.84646369038389,7.95500012010229,9.80356902093585,11.4427450489177,8.48469937530833,9.63046193556981,10.684579320723,8.77772396100204,8.91628186726001,10.2322270115997,5.19425470557794,11.5780805898845,11.82123657409,10.3534802783601,8.74129853629754,14.6485791949723,14.6639789439146,7.87931544975336,8.00004074858824,6.11229927095801,10.4586474064892,8.7216895162649,8.09878672439118,10.3593664985431,8.48525849389414,11.5922707206121,15.5694687412854,9.8111284132596,9.81941594953939,7.25206381482024,11.5881481574192,13.4090357850466,9.82410148746777,8.21480729835348,9.96188602569162,12.4006617512274,9.82764862097167,11.2419862653808,7.42207447918771,4.68294701732525,7.96748549629565,8.39407945694368,12.1504660746075,8.34261661151543,13.9357458070648,10.7763769640441,11.750325177511,9.77701411642383,7.25222273655551,10.2359341321457,9.39730754975128,15.5051895982425,12.0720322316998,12.0995536023326,"1"
"GSM1315748",7.35099533677488,11.6968957101404,8.6723591279598,10.275819026711,10.7555046744132,8.14942635004108,5.71880722935751,9.88478028397613,9.30688377725535,6.28454574534768,9.58386933895518,7.61133383364953,7.29110636652083,9.17006088993989,9.9210227610593,7.64679448213106,9.67521851150424,6.90268918801493,13.0276300620905,8.20526836188586,9.05214733717959,8.26032073094511,10.252660833898,11.5152304258769,8.82982337545857,9.68092736648736,10.5571269080411,9.28055814812875,8.18764791942532,9.99644964163862,5.28243610898978,11.8371553583197,11.7333143453167,10.3717242985292,9.17240047691527,14.7879360173807,15.0662126231666,7.66153889738805,7.8331668421909,5.11613872663266,10.4688544783941,8.52469789591306,8.19485716078577,9.93742239674815,8.8763670758718,11.5674383812703,15.3450771877048,9.73297040692476,8.524314253713,7.67692949668469,11.7820162004569,12.9827531518197,9.97138339054163,8.2481137272658,9.84175277835599,12.496764463892,9.93943553181476,10.4466689589934,6.90127041860151,4.65927418834089,8.17855272015759,8.37034867784265,10.937499203245,8.42208649995363,14.1930235846939,10.400328221299,12.1724340772793,9.46434169711971,7.60146065081643,9.59835783386008,8.29078185911934,15.5845342872101,11.175006920141,11.400270403245,"1"
"GSM1315749",7.26375210964106,11.4552083742118,8.48622841110898,10.251035305149,10.8303696580778,6.85164060105152,4.71360614330028,10.8556366003176,9.16448959026017,6.22430968543819,9.32875945306679,7.62267280420158,6.36457098038398,8.86595188726057,9.4814833547276,6.91082014596325,9.16871099465396,6.13354739598028,12.4076081590561,7.87525349031089,8.0200821244701,7.02023282738219,9.38493253162256,11.0099920394732,7.73091065827332,9.28346295047306,10.2062609477331,8.53022453427738,8.57909396950726,10.005804826209,4.59747550267546,11.5173498491917,11.8530165734728,10.2973941572985,8.81507302477301,13.9326935151241,14.4188637255908,8.07322221520165,8.14724818919784,5.40525963218756,10.069594195377,8.83850455482039,8.18659823794435,9.88689645640743,8.28743898721756,11.0899494941907,14.9595255860604,9.55706932448097,9.31742062803252,6.70086694752031,11.4817733922082,12.3292471870435,10.2005613583707,7.6552747192121,9.64838423349096,12.4462977847284,9.69339106669523,10.0271353016193,6.42078116216619,4.02039698951605,7.69499834024929,7.79817700241476,10.8354097861564,8.40758218962705,13.6919369189333,10.1843173405036,11.6665775860498,9.55445968801826,7.31055348444537,8.6104959189369,8.34183990316109,15.2140325248977,10.699213868284,11.9454526764069,"1"
"GSM1315750",8.15743721846223,12.2223520336346,8.34365790083719,10.0559258224104,10.9847302243693,8.22073138411421,5.03160285597346,10.1556657752365,9.83321834666832,6.81447416593426,9.54830340960995,8.2367898108088,6.76096613263814,9.04903150569442,8.98085359025757,7.54651564097786,9.32382654380077,6.12090217920844,13.3614879387775,7.80574966622434,9.32077286378382,7.79588663749405,8.31197896619009,10.9950163029921,8.72079032097908,9.7034664481337,11.0626827417862,9.02641014171839,9.28782990320376,10.0935381981425,5.30536223333732,11.6479626595461,12.1646679750547,10.0031511170037,8.44421495000906,13.9467055821658,14.6050939386713,8.66867081809297,7.37128769628003,6.25079148429177,9.6954371796587,8.49346997638655,6.88647873918942,9.67674472339168,8.14073761983387,10.9190602852958,14.4510075608548,9.97549339894797,9.74531472288026,6.82650729824537,11.4368451231535,12.5114414486179,8.48258421845528,8.45592538451898,9.5792635155478,11.5914601271616,10.0436691581372,9.78016614785367,7.20334017237666,4.55584134068065,7.63042421409297,8.09411769321666,11.9457116449969,8.43412119935856,11.3778411971616,10.7025687566714,11.1454201747283,9.33350996184293,7.6666692518186,8.8796896506338,8.20830605067783,12.6746862499775,11.6398381398708,11.4259710011831,"1"
"GSM1315752",8.28480880664162,12.9738578329527,9.70720371989925,10.4572359397547,11.1384635442567,7.69983454325835,5.19031680249268,10.5808298542991,10.0133301429096,6.05220451417833,10.0518647095341,8.09468431541935,6.58588345224882,8.54444575080293,10.201930805655,7.2958969986643,9.58486085624252,6.07566504563606,13.365702253747,8.10858629755703,9.17590548316474,7.57244840600605,10.2472616105712,11.9327025552305,9.55990129978834,9.41002211677826,11.109697944281,8.90616604389723,8.74871018801455,9.86989028361722,5.18185434953893,12.0582986070897,11.8741155172516,10.582491728733,8.80510535272641,14.6683920809556,14.5549926788087,8.31439408189148,7.87211177383187,4.91887104390855,10.310260875078,8.4366503901738,6.7950222560672,10.1726913635819,8.51936481226954,11.2436089802497,15.2417470888918,9.81512390136646,9.14031181293051,7.05458957395208,11.5399080840343,13.6942621429444,9.37828868054796,7.62684442908466,9.87997181775316,11.9043051698924,9.98325384992588,10.4892277286193,7.00185674080319,4.08104652164846,8.28711360329076,7.90373100858478,11.8558667941336,8.52104322720509,13.8091448783612,10.8565113206783,11.6100428367925,9.99775194767092,7.49149208073202,9.20183418010371,8.09069299792514,15.448176403018,12.3490990558918,11.7181954261798,"1"
"GSM1315753",7.44857030532696,12.5841264085562,8.69936318453388,10.5097146406011,11.0514470176531,8.12322127969368,5.60125585742305,11.0345299295699,9.64484415440233,6.10494005275046,10.0072566851927,7.52585685653235,7.68446058060608,8.32176564392446,10.3712945054642,7.0428777586158,9.42123489246002,6.88264304840613,13.9172921993477,8.34851427536226,8.90721348530047,8.39139155596049,9.59109975223388,11.5067675641345,8.57540593432981,9.15107057423747,10.704820632998,8.82792477392423,8.82496976600479,10.3696065010605,5.2041243649799,11.7185714165188,12.213551757879,10.5731876419839,8.73422384253651,14.7566254972696,15.2285548218352,8.1965314172914,7.61290789941084,5.94491803021792,9.65027926858709,9.17857059085249,7.22502701308048,10.1885100911612,8.30124622292383,11.5007172955454,15.6918581361028,9.43999878405525,10.0194473226631,7.48997016502169,11.8969124855114,13.1426698621112,9.13027622320042,9.39106728723753,9.86527386824643,13.2534137514001,9.72008103546478,12.4346235139495,7.48241530819012,4.8951732271866,8.10215160830242,8.55482810326197,12.1932326551859,8.17673062957525,13.7198176660831,10.8589772690558,11.8744090864604,9.74038325887161,7.61609914608397,9.09919917511999,9.4410844104876,15.5663737423539,12.0065961113364,12.931888704624,"1"
"GSM1315754",6.97254760471228,10.4503893904447,7.12797035499091,9.82828840930668,10.8624055889621,8.32372622977959,4.98698393589983,9.94849018061061,8.98600386698653,6.00882073604332,9.26308141407518,7.48946370503687,6.52280319514737,8.58900838656058,8.82507320678188,7.1848842686069,9.06103382189802,6.34580194706434,10.2635138031216,7.74551872103593,8.62976705460249,7.16456850108116,8.24940840252509,10.0448588029024,5.74421583203825,9.26107122111609,9.5934766939834,8.59445252503395,7.61947087078256,9.50389417321855,5.10087946857049,11.3348660104373,11.8933770707462,9.68906293279416,8.55729799783012,12.606201914139,13.9032870907369,7.56432041073158,7.36946459698672,4.67752277439048,9.54424595063072,8.44003549884368,6.47338239643336,9.24546547172065,8.6185965618367,11.0628423550921,13.6585014089516,9.45778378641909,7.83581059162677,6.88127359455762,11.2474738606977,10.8664460525754,9.05182404998744,7.16453734218935,9.57114296636548,11.9955968905956,9.7043473423564,9.14852580911984,6.74469186937767,4.18417725073746,7.73214351713189,7.50385719719583,8.49247071342234,7.66511487791435,11.6679704985155,9.90595385448153,10.7226868306115,9.00327667029982,7.44915549909681,7.80746435680264,7.95005426698033,13.3001600368568,8.8206210038476,10.881067719293,"1"
"GSM1315755",8.09319063444206,12.4355410405358,8.38646641261383,10.4621236034427,11.153993498053,7.98804202030172,5.19362194721635,10.561273839442,9.84084254707571,6.78045184117023,9.71948787949481,8.0631751142139,6.95924790091067,9.49121814834415,9.24948800693894,7.53682965462088,9.65656592616902,6.82341491302384,13.618838046567,7.99374818988285,9.51854791223026,7.97251215811567,8.81161677562231,11.4192327330545,7.99527792585569,9.59222698116381,11.2089951623183,9.24178033687433,9.20826892941411,10.0207436922727,5.7191190180847,11.7586838632634,12.054733621994,10.4282244690327,8.92255313842763,14.4030910346574,14.9178154102566,8.70736201507147,7.85458963667738,5.70739647601022,10.0389393765294,8.75782515882563,8.97883025388816,9.6135728756106,8.34631458026499,11.1797718842506,15.0694865935162,10.0758109044688,9.40568872910174,7.29477840496895,11.5111439428138,12.7839579119967,9.7900899941524,8.01831002095541,10.0321350425563,12.1605632874971,10.0293124680453,9.95452662625241,7.24181102112088,4.45556544390113,8.13030394181028,8.37204386590058,11.8458139265241,8.68588335211416,12.6784318557482,10.8743454665185,11.0837674509956,9.92664714833793,7.60787522238813,8.85690924789359,8.59623569896242,14.1668559506634,11.8469392002437,12.1643598591241,"1"
"GSM1315756",8.29895380471879,12.5698119061042,8.55639585214142,10.5274838722294,11.3057554279684,8.05849537264742,5.06047311714513,10.8626737057718,10.5309604096643,7.27727588263881,10.0033389387644,7.61676308173871,6.61503825282617,9.29294807705893,10.2415128436399,7.84388730197376,9.79770195316815,6.4304226607964,13.7012948447915,7.90155359453635,9.37751564717288,7.91031072873481,10.2755634429817,11.9513514699457,8.75977287335577,10.0977349577664,10.8728900778619,8.96751187668273,8.86890559723334,10.0494114713628,5.32076060244995,11.714595137582,12.0468857310856,10.7886354168328,8.97171027714646,14.4905756862726,14.5737797694134,8.73006849869569,7.76254078205382,5.86668074029058,10.6517510651858,8.91312491337006,6.81497345102995,10.1531372458448,9.10194986154462,11.5280385875282,15.0426012005391,10.262247394376,9.78756998271067,7.15121935841187,11.6136536110299,13.5264391741176,8.93078554642243,8.39645963797318,9.95574128547071,12.7957062692518,10.0329766363785,11.5494959082241,7.29595586945451,4.54570435516918,8.43626692433514,8.26737013054124,12.231420705924,8.89129798625838,13.4693325877552,10.7853717397761,11.6608106129314,10.5906543134245,7.54747910732818,8.65205261844784,9.28639583741619,15.5817664947101,12.1730422797931,12.2104108982925,"1"
"GSM1315757",8.57018958557376,13.4779794294779,9.44102218616917,10.1456077667653,11.0693503730526,8.05014827760519,5.20107416953556,11.2083021048464,10.9373243020999,7.06678565909895,9.67131205146509,8.25775607029404,7.06776289816886,9.21328314486099,10.0854919533109,7.59453915730989,9.72170365083278,6.38938323466943,14.8939454791551,8.09222698855654,9.27713339113327,7.96644509450785,10.0468938486198,12.1145032744021,9.77386242018281,9.52156257743178,11.0666049693376,8.85247789013803,8.92187379577916,10.4397665395027,5.22467122626287,12.0306899127293,11.9008358496733,10.6127006432246,8.7766510951978,14.5929873219668,14.9315729131121,8.54509138282069,7.56926887236048,6.7480805774569,10.5014508043273,8.79240110734633,8.12486693899939,10.1506921498621,8.61697740896576,11.5507662068323,15.2855395420216,10.1893307160189,10.0529906765518,7.17809356648834,11.3255214357604,13.6826380579965,9.76558440672971,9.32141999570776,9.79879813662151,12.6381963126935,10.0537628437463,12.3432638777596,7.37854865648379,4.52336099549705,8.4034274396769,8.52391718557196,12.6817574399679,8.72872786691141,13.2713155203478,11.4227958728621,11.5512505077333,10.0556433714672,7.71357182361747,10.0804445281806,8.93428533668204,15.2827266991532,13.1793196142219,12.5216893546866,"1"
"GSM1315758",8.42190179782934,12.148278057356,8.55628933432626,10.5903854089419,11.159530841666,7.88263605232295,4.96983880877895,10.3078377783973,9.21621023010588,7.8126002038771,9.9251563712196,8.13081101439797,6.72341259680946,9.23614080460245,9.93163304293246,7.26867135132974,9.87728423020532,6.38876688854808,13.3049159371551,8.25674332054062,9.16287509517504,7.93122856088621,9.82763016267978,11.454863749955,9.40427978800012,9.71302976772041,10.7843455688492,8.87899402723088,9.06908987632665,10.1596675038728,5.19785148966379,12.106247807624,11.7183852944142,10.2181455590272,8.94354075330137,14.3288004817365,14.3838919479539,8.34017195249749,7.64133709900505,5.6873299428524,10.4315115990928,8.19609409767016,9.02809152566317,9.56805459134175,9.08078799705933,11.4608772963456,14.9633083339395,10.2703844275972,9.27450827679851,6.9361108117522,11.9646196299226,13.2256692279699,9.94560428971407,8.12698121241081,9.79683522522686,12.3573039850341,10.2201263812985,10.7620161994054,7.63306433578339,4.50389185116037,7.98475019301433,8.54734580639356,11.5264670017452,8.82122645360603,13.2064646383856,10.3654509662467,12.0732196325812,10.1308162610951,7.50045107420613,9.75586694042293,8.84680160845167,14.8391537032138,11.6165020934054,11.2793493916621,"1"
"GSM1315759",7.64270746639014,12.6114669406978,8.5355467266035,10.3844218685829,11.1230230562983,8.23133403476731,5.50512184238679,11.2451185075784,9.65553714688682,5.91872371867706,9.91884022798571,8.04668180770185,7.40202883661268,8.97027784039347,10.1388087020257,7.28095391595,9.92200143024877,6.79547506369429,13.3254597158112,8.40436051226457,8.91023071631069,8.05931698565294,9.41782303162186,11.4135978256533,7.84849066969865,9.6722798929946,10.7905215322985,9.12488746178196,8.93491989252403,9.96997508153123,5.36290726845499,11.7980869705049,12.2880636343587,10.4477410694232,8.98530864572619,14.6266760742543,15.5524397305552,8.27651234180889,7.37836630967364,5.75176105807329,10.081590001358,9.07617410479126,7.6801879459468,10.3918726121793,8.36879486325286,11.5224391526111,15.7194279903092,9.67685952937481,10.1347699077997,7.28222799350959,11.9344916935066,13.1236824181234,10.4924653311402,8.7305330814236,9.91177320406009,12.7778483641211,9.92095832378809,11.2603989142398,7.46881711777045,4.74582910316674,8.39112274370042,8.3654322020622,12.1908368127602,8.1405363719261,13.484012593162,10.7211413449829,11.8010034498255,9.60670247710487,7.25683234045558,9.13050337691801,9.1544002916062,15.1636786597159,11.9358458266815,12.693668938573,"1"
"GSM1315760",8.42296590043131,12.8575300436647,8.92476125508581,10.0933566709499,10.8755757238057,8.13516963785699,5.44376999711136,11.192594637149,10.1604694757072,6.89186723490047,9.87100289710431,8.14745827873521,7.60178937961958,9.12678499441282,9.75157522773685,7.26123544209078,9.86328087413542,6.90652168581152,14.8343075696146,8.29649723705453,8.88684693235697,8.09528653178965,9.55017963686826,11.6713594146994,9.24822882074137,9.5354361541347,10.7603779104225,8.59415617726094,8.45070524901383,10.038509570649,5.15712519352182,11.7039686906682,12.0380889673022,10.8341612790907,8.6307590032776,13.9864416120649,15.0656952261478,8.52286748203138,7.59782491144259,6.22681345165985,10.0879625875691,9.10147720582079,7.10574000322739,10.1965270018605,8.76099011174685,11.7902853867194,15.3909567560362,10.0164304272921,10.5968310934936,6.89183377010197,10.9706861385051,13.364307121777,9.59217320424456,9.16190596039699,9.74608797596494,13.2064587686131,9.75022974216436,11.3838080932592,7.88612122402124,4.82512165552899,7.93536187711098,8.55657368941421,12.7424165341154,8.31546008051306,13.3335743050389,10.7473884046689,11.3383913526664,9.52729615117329,7.48102383846456,8.68480281761778,8.92669042382701,15.5333319050568,12.5971396966483,12.8857569945969,"1"
"GSM1315761",8.67942580200729,11.6094081623121,7.66930899693058,10.1264283774041,11.0556955321313,8.18528482526144,5.36634363642312,9.35479628052454,9.68245844620211,6.86819663050863,9.83519669543163,8.60137388917327,6.99926424106006,9.08968099975008,9.27329819156153,7.56766276981499,9.5694183032377,7.00257340080627,12.9668319899204,8.30578056143456,9.56664924645425,8.17410580280214,8.51226403099182,11.0062141568853,8.54398282945816,9.81458523444121,11.13163974212,9.13199901086226,9.35103243685909,10.1152904921589,5.57037999807696,11.8699135760196,11.7515389612184,10.4700852846499,8.75252263903345,14.1686314373534,14.3710262438847,8.36231333954593,7.56306948804474,5.71226186652775,10.1924754581549,8.07745468563999,7.52065235314299,9.48665024834958,8.78975303447157,11.0765028576312,14.5304620445053,10.4304846196445,9.60329964703538,7.40134275514223,11.6646431779013,12.7320204647694,9.17609349875301,8.08944139311794,9.80351603045192,11.2290475637525,10.2284471558707,9.05460542327813,7.80003907134443,4.50630640409367,7.98967832602284,8.58714160264304,11.4924235821846,8.34174852662344,10.9148123143485,10.4325553075299,11.0091899582767,9.36402713357203,8.04825789385095,8.64164155489017,8.27515221838188,12.7973317061808,11.3429581570904,10.7295579988132,"1"
"GSM1315762",7.75392241937778,12.1243545936626,8.20522829951525,10.0804952480447,10.8671244916983,8.0386402749647,5.31854455552001,10.9108590520399,9.10263924875691,6.91999021281382,9.47565792482212,7.95800286871019,7.61379484787795,8.89572115361235,9.73635275229865,7.12219249048962,9.59868069339903,6.86438486961482,13.9519080494779,8.18971795986389,8.95360389734167,8.31565858025107,9.36364354371061,11.0826424375297,8.51850860327615,9.68978413038209,10.7188421281061,8.77000479799505,8.80430731950937,10.2292439708301,5.0599630248236,11.4624986214159,11.9289609452,10.396620724689,8.57635890160452,14.4645758666461,14.4873998370518,8.25236111604301,7.84681747706729,5.94812962807344,9.97228768201664,8.72782661924741,6.62592300563358,9.94076051837408,8.47767870033384,11.4345191870121,15.1046947902946,9.61134211845061,10.0179703909624,7.2069230681866,11.5223981347763,12.8605319180685,8.62659356403297,8.85062573893089,9.64981844700866,12.7076914541232,9.91505179983277,10.6510239619691,7.10060415619476,4.85173843588665,7.82326881213538,8.63533057621546,11.9704669848865,8.55332593189956,13.1450752356049,10.4642806629214,12.333924353202,9.36790434823135,7.6227467366019,9.0487838458102,8.7513098788109,15.0893398688362,11.6883946295391,12.0119735199036,"1"
"GSM1315763",8.74956674503,12.7272108578658,8.64864179192887,10.2250765361307,11.1552408334856,8.30333974911712,5.44420821765061,10.9301212515183,9.81448683988589,7.86885258734443,10.2753052117482,8.49655507408548,7.65285992845379,9.04754384252536,9.87819029691019,7.22710178344964,9.78825542207434,7.22109198790586,14.0635074343393,8.33945638706442,9.534533853212,8.36754586230837,9.4200709810359,11.5775133601496,8.98599419344859,10.0270395311918,11.1323416187354,9.18569806775831,8.94788967492427,10.1716239201473,5.58300933363348,12.0102820432128,12.1597158809969,10.7396014185138,9.10806768467844,14.6291088449842,15.1923289949326,8.31395466453888,8.13470562587552,5.96190400169713,10.6168747434992,8.81685266734868,7.78174555430828,10.2380673367102,9.02277503108903,11.8100469699536,15.4904630687901,10.1273610646496,10.2675302146832,7.48016254709511,11.9501162752672,13.3668173916021,9.88663214736697,8.91559809842333,10.1233541326202,12.509476943628,10.1535227919166,10.887008211708,7.62279001717534,5.08535951451954,8.26370635805021,8.85189329341101,12.3779519334745,8.81337551817193,12.7971480869112,10.7054120413557,11.2102443170074,10.0840858746973,7.69739339734035,9.21356355419164,9.48001512477722,14.8891956554296,12.443667401779,12.2658490294296,"1"
"GSM1315764",8.57853560889656,13.3947248093808,8.93356313564357,10.7810706163819,11.5826175589503,8.0215327606021,5.43585917994967,10.9587498860226,9.57325661998279,6.50342222645325,10.2030346833694,8.60661565216435,6.89586896717507,9.12729722415045,10.1957205041441,7.68556842157792,9.68627611037219,6.77024719445181,14.1381372840987,8.2437733039182,9.69625529666029,8.14627206942286,10.1450663158663,11.9831396175375,9.69480607754907,9.99983098169551,11.3608009582264,9.28630200869672,9.67159047713822,10.4096204436305,5.70573776736631,12.2821063184219,12.2966993841423,10.570762314825,9.27996825153099,14.9084556896851,14.9688106282385,8.68122931297277,7.80348331701923,6.42725761296915,10.7984486490745,8.83104638707074,8.16337312107126,9.91929010433141,8.83244439963681,11.8511092586199,15.4603933829772,10.390416576942,9.83077213304574,7.47061804868436,12.065035532412,13.5808695734927,9.27416417918737,9.28849345501115,10.2531507170826,12.5010268229201,10.3938684604024,12.0524824998268,7.79364166858719,4.6483840457418,8.64877548859393,8.69513219622831,12.6281302102741,9.0047004814505,13.0772626648344,11.3193756683776,11.2395156873187,10.7284457377754,7.88525669871838,9.92257514756184,9.15325223297951,15.1508571898243,13.1833574969115,12.323560179906,"1"
"GSM1315765",9.09852830717253,13.5495401430435,8.95895290421924,10.8570874112521,11.0235501444941,7.88220205030186,5.23287321461274,10.2799776690698,10.8865500507956,7.00375289000244,10.0792826895184,8.69827209390755,6.26670060014997,9.40966281185952,10.5320979351236,8.15848509381226,9.9815123668832,6.34488426945388,14.0101534094099,8.28614395401494,9.07372008807218,7.92724273421395,10.2588647258013,11.9748665071315,10.6664239508582,9.45275690812208,11.5023690471551,9.23671067963122,9.08877770525578,10.2579013003136,5.52712507664708,12.2617502748786,12.0640458135693,10.636403265092,9.04947235786293,14.8319388315096,15.3340230351928,8.72048508480321,7.91773544569905,6.53455791001379,10.3235854203099,8.90528187401423,8.05601519570946,10.0578593388546,8.7292571176037,11.4335581750447,15.3063157576401,10.7471530557552,10.1355525633564,7.48942704298806,11.8672623699968,13.9054774889208,9.15256534591818,8.85560764119438,10.0679790781975,12.5898114817446,10.4337811147003,12.384081800144,7.51863378841073,4.40786170214862,8.66557450676865,8.14094398551284,12.6446780244402,8.82602300599923,12.7700651644591,11.1284988734253,11.511379359592,10.3325483253861,7.97551465014407,9.47549258940213,8.85144962248752,14.8467545163484,13.2471120552639,12.301080314819,"1"
"GSM1315766",8.14606724826947,13.2512555701896,9.10802799323843,10.9531698877089,11.394129637777,8.06895712642836,5.55263530358942,10.5555290972107,10.1429183578558,6.67825545432886,10.2990527574507,8.52216313579415,6.75107218282048,8.44214043537669,10.6170142756708,7.60148879065499,9.99519731052403,6.60614048502028,13.9599544404292,8.56990599551311,9.39466499007855,8.12100452056847,10.689704081203,11.9205773165772,9.71278332420159,9.61488913164935,11.2693739041469,9.50593366687111,9.25210413861677,10.5265561611066,5.67638886194936,12.3239788515906,12.4478523914724,10.8202630521685,8.99087329893412,15.2090062219758,15.4261814987792,8.22438900733526,7.82205434876063,6.31928992311072,10.2466939653311,8.68522782695319,7.24337679098704,10.0065776074943,8.99912151719488,11.6218797144782,15.7626820485121,10.0490357612498,10.1938949592545,7.54353678119063,12.2380007163834,13.7501882492669,8.93239325695663,9.01843605537906,10.2771254681798,13.0246863263409,10.430819659564,12.1569428768047,7.77756503978651,4.67676742450588,8.82860153737322,8.38710457278223,12.2541151902307,8.9303452298617,14.007449520647,11.1149364732595,11.7164501127121,10.1667807980304,7.76517355957382,9.82556853870801,9.25245820235996,15.783291679147,12.8300625498319,12.5237228622563,"1"
"GSM1315769",8.23201308268249,13.3650845198841,9.65329704536826,10.421838647442,11.2475844764396,8.03656165050298,5.30557966011268,11.7034135055011,11.4293763566922,7.17735633581173,10.3352335163324,8.22529388117096,7.46857904549489,9.09518997923404,10.6329510709821,7.30385000599766,9.87561521433943,6.83547676471125,14.4248402702669,8.21298115621987,8.89189922869664,8.13090855791099,10.1599514184216,12.0190957068373,9.79987797409273,10.2588128143501,11.0453834250433,9.08726833143357,9.46101260278698,10.5040131313964,5.14213498559514,11.9885684463369,12.1197082552042,10.643857594002,8.92529338084396,15.0937638436978,15.4592856431871,8.35400200193727,8.14135607967207,6.65169642390827,10.7255242852251,9.33032598233495,7.86813116087653,10.7466696480911,8.495412132252,11.6512700997656,15.993138931632,9.94730900322675,10.5040528212464,7.35367706753817,11.9210062100611,14.0361960450156,9.81809350970571,9.88737605264404,10.0487257281865,13.1788380011936,10.0894924945349,13.0747121774953,7.30836471537455,4.75058935508683,8.52891306258573,8.64729428223094,13.005810897786,8.99076585443066,14.2594186096943,11.4516826239591,11.8517409961768,10.6329938871523,7.43943678035006,9.53774637496092,9.80173970787967,15.9687294632811,12.9119797500504,12.8348236334825,"1"
"GSM1315770",8.36624864229056,13.0534025624262,8.67504315163424,10.4942505385648,11.3800405949588,7.70180342113594,5.10124213299246,11.0471363564364,10.2436185448214,6.87081867026647,10.1407933586856,8.23004933960371,6.69938649962436,9.31773201117323,10.06259952488,7.62069735058531,9.73304211527081,6.49389025897173,14.2353793499391,8.22788349880554,9.04297296442436,7.75921453990687,9.79708436059923,11.5578616608094,9.50278368068967,9.95868061409865,10.9492163529524,9.08505560854445,9.19871203249281,10.2650258216185,5.2061667578758,12.0096580851374,12.3054652692128,10.587091737389,8.92149781159105,14.9337835659183,15.0512194339585,8.14355714012343,7.63855112741286,5.92465863449372,10.5285039668403,8.70521595801725,9.13712897203059,10.2771592813044,9.06499629863695,11.5855749741636,15.6121461703117,10.2184239853198,10.238034361782,7.22086289445772,11.9756149478728,13.533517895823,10.3207791612664,9.48519689325922,10.0935355872204,12.3836633463468,10.0626148220113,11.5474801769146,7.49496503402671,4.53102297782915,8.46181878093913,8.19704087816312,12.3848999651123,8.71930560766894,13.6095712858411,10.9526880720307,11.4828832520188,10.2942269126618,7.67653302866374,9.51308514573644,9.08648892975091,15.2876254072958,12.727070797373,12.3295178720456,"1"
"GSM1315771",8.22174226917806,13.3617642332405,9.3571113709578,10.3316763421216,11.373378733622,8.04019728028632,5.38502848305301,11.1436836740416,10.2331729019225,6.79320723481915,9.56365343582763,7.98932341425596,7.20179489311289,8.24714070530251,10.463720380153,7.429738044018,9.6632920182419,6.75619211402007,14.8201831274947,8.40067727904965,9.15404854552054,7.84447940585757,10.7626517075505,12.1029212505192,9.92904288894451,9.89966839107056,10.7840008126382,9.08826821131006,9.06546421423405,10.3393422333146,5.39616255050909,12.1336140065635,12.0645662541492,10.632647252629,8.61007792612814,15.0262745395097,14.8676471121424,7.92767847131476,7.64760572852105,6.56386417999886,10.3318442421,8.68519613016768,6.98155095006611,10.5443222102701,9.08682266109012,11.8030127167772,15.6554361227391,10.0916049686995,10.4940291380094,7.43957679596063,11.9425690178369,13.8798893495837,9.3262604786465,9.79212353973436,9.96478967393292,12.9966558542469,10.1344955315457,12.9091667004283,7.70247386856587,4.73259955396074,8.58762432466563,8.48608127194394,12.3820846299327,8.4697479470318,14.1758853240667,11.4128475942543,12.0822206356156,10.3094171954684,7.7857488720491,9.92115742149413,9.36014330757567,15.9141958919926,13.0735953192506,12.5141051170316,"1"
"GSM1315773",8.12623161690118,13.5843530079912,9.51698484570061,10.6368082099227,11.3690995226193,8.20993495335717,5.78960470799766,11.7817178905176,10.7568353118356,8.29915900053726,10.2051618958646,8.14455496455344,7.82945826895166,9.25513089210373,10.1307625108128,6.79072080004625,10.0070371205662,7.24383971432125,15.2174801042293,8.41970191070083,9.29601221429642,8.62298264762576,10.4377390874,12.0444526879456,9.83115362020637,10.0208925972233,11.0064066675773,9.1050050004194,9.53833663609923,10.5442911886281,5.52916595269953,12.1924044513737,12.165019987911,10.6574669555864,8.91330336557808,14.9904007009334,15.019805874545,8.54968946898357,7.75396092502379,6.95051076687736,10.7946989260519,9.17852555729521,7.90597226092033,10.4652150624507,9.17476453721222,12.1388156558992,15.7243567898902,10.1200608442613,10.4521996549351,7.52997396010434,11.9675088062377,13.990685309512,10.2494392033833,9.58815988008516,10.3076804440683,13.1508608857119,10.2776261219578,11.9204870191025,8.05256234502207,5.20711723350134,8.66664286801377,9.09555923077923,12.5985590269714,9.33185273443263,13.8245510897635,11.2396342741466,12.417241376013,9.93448531108023,7.5578335291764,9.91188347345832,9.93493500283558,15.9246240675661,13.2784045325344,12.4573606103304,"1"
"GSM1315775",8.45631234063775,13.2273329634197,9.07705586152255,10.4542953735336,11.483251909533,8.31217348291081,5.68088445387057,10.615120735303,9.92390556675791,7.03813074450524,10.5618015017364,8.45103243547961,7.2908470522322,9.31548622142818,9.56728237039123,8.15507449924494,9.94002492725206,7.16740156450997,14.2425554336784,8.25472903485554,9.51018543884982,8.6105545886535,9.89096228945014,12.0770754534378,10.1809520334794,10.2867180411709,11.4572433572547,9.57028658930519,9.56917705431795,10.3327604467625,5.54397752193402,12.2614567842635,12.0110754317511,10.8768165241963,9.06866609333395,14.8420118300301,14.9859263311707,8.54107946757531,7.62445953820609,6.14633220430703,10.9895325266555,8.80499960879602,8.09423463888524,10.3326631109795,9.27915902125436,11.7910705826698,15.3567438001457,10.3826656089893,10.270634277174,7.53197960949277,11.7544736204239,13.6184322092193,9.61029607806075,9.06111057415463,10.1669054695844,12.0523382904108,10.2767943063314,11.370077047618,7.90720887181282,5.11149890844855,8.56007850458017,8.73214062834108,12.5384673304878,8.85699141098712,13.0604943392214,11.3034894605813,11.2155307993859,10.1636976102254,7.88996277783007,10.2068182818226,9.22339694886131,15.0451069192638,12.9587751392586,12.2336322641002,"1"
"GSM1315776",7.01106546592219,11.7328824606846,9.11337135908714,10.1686310190503,10.9273227353986,7.77921037200231,4.53258144460041,10.2425378731295,8.56034014411296,7.04409621079085,9.8322870358928,7.35352754268793,6.34222113522019,7.97426948929806,9.19139870120287,8.00832761987668,8.1361530583039,6.04269805317295,11.8135991479841,7.55289363512609,8.65454241013005,6.89059893759613,9.01889762293336,10.8362503566306,6.14901110388817,9.16700200761385,10.1768405611654,8.6371508026971,8.70762330672954,9.91090914066671,5.30904910284869,11.6292263066165,11.6887618642793,10.0977365265581,8.66705240527924,13.4167177973904,15.0325994103169,7.59343424292198,7.45601219822601,5.94353943953405,10.3585546888418,8.21290169826501,6.52509743297752,9.61979658478614,9.32244853565389,11.8275949143431,14.666134163067,10.1133949778784,9.5463891869818,7.52325056499578,11.7743137173307,12.4969753332804,8.20842768282782,6.42584970139378,9.49046990347224,13.9090211357776,9.59290412610389,9.9273150589475,6.77064400660131,4.64911261828867,7.84284934030965,7.81152895645933,11.8949048340643,8.15147615728659,12.7755723549772,10.7137239461988,10.3185001019646,9.11085716058461,7.61229284276177,7.96678379735005,9.04939404195794,14.8147619232064,11.2433467279059,12.9647001049265,"1"
"GSM1315777",8.87494615193539,13.5858397593303,9.34458338433387,10.4199598849426,11.4678824839281,8.36872396495466,4.84861794610923,10.9187477123375,11.1222864207763,6.71017581176914,10.2214323258448,8.09508538712994,7.35847983006645,9.73403123257507,9.72047167835646,8.00484244758779,9.153587757624,6.63956843375926,14.743568070166,7.6649404744044,9.19119404086286,7.77530712557668,9.47430866755076,11.5125424573778,10.3424324756825,9.46865164787824,11.3879376755501,8.76316705634073,9.23726340444442,10.2456993864911,5.72634164810325,12.3190113987184,12.1231030444868,10.7123139384066,8.78463601854682,13.6722536003803,15.2634921621424,8.71889270600922,7.42345713528072,6.58335152374825,11.0057891584215,8.67044520271885,8.97011688194555,10.2762507318772,9.67114960059834,12.2270274070926,15.106538586495,11.0683268778623,10.6497040245559,7.7291600914819,11.8415499517268,13.7070712159464,9.31632386482574,10.0027125950713,9.83037033853927,14.4250257151169,9.96942038374622,11.0340944867008,7.57301066980087,5.18484733669511,8.1185213945525,8.37334096200134,13.1931537170543,8.74851306294996,12.403227662304,11.1459898914977,10.5350188128013,10.6192264228755,7.47430104370559,9.52758228165131,9.25688907828494,15.1299530531532,13.0318244015409,13.790674063838,"1"
"GSM1315778",8.78676800677342,12.5512055076812,8.50106154566576,10.3262561095732,11.1871009564056,8.31657014864511,5.36942335803428,10.8025808943946,9.94456645490826,6.92291472917004,10.0942007774871,8.39363024005699,7.47961848197852,9.79703887425215,9.1244185726773,8.00457400836067,10.2716884742424,6.91980841315208,13.7961708158501,8.23328273805546,9.46682848347628,8.34407955135267,8.79330565483479,11.2898290554559,9.73956820387837,10.1364108202959,11.3177777689303,9.17751240213066,9.22746249464743,9.99102796014349,5.60320222378274,12.0755330187972,12.299746509409,10.7735344915279,8.95668495055364,14.514175808277,14.9581813086114,8.52954417885984,7.99326503932174,6.4782917713838,10.4676648355016,8.79457707402721,8.15998515903036,10.4062549333183,8.75625808735112,11.5160998005957,15.3467827387955,10.2858556452141,10.269116102306,7.33879946177973,11.6371610199916,13.0991857071905,10.1083573222171,8.4834707947171,10.13463078582,11.8501351497179,10.1120528990532,11.0659271176727,7.67904543126292,4.79515490752028,8.0394259656983,8.64791964415251,12.2569663671288,8.52115277540674,11.9949416971965,10.8290384946738,11.5796860806374,9.59046996593886,7.79426751968059,9.60467568172488,8.93369110007551,14.1076232603286,12.2111100753321,11.7238991912071,"1"
"GSM1315788",7.68057024306752,12.9106675326166,9.06884072868986,9.98408192804838,10.7922639234104,7.78463900028915,5.53409176074593,11.5285666876437,9.97832961166234,6.93235905971183,10.1321093475464,7.63855320604359,7.62439839087658,8.59716656043967,10.2275562248391,7.18560879290288,9.68492567865038,6.87786832809747,14.9827342587378,8.0386974030511,8.82298899971403,8.07882060076555,10.2294146704857,11.6795692170734,9.24427361189755,9.50319370885949,10.4782498482041,8.72760575364261,8.28175417059848,10.2183920404954,5.12036919776574,11.619280806598,11.8525473549818,10.5883356698779,8.63026818084077,14.40800510881,14.8928664446445,8.00217583423835,7.85664602754327,6.39245049503618,10.2909279889128,9.0711616731013,6.56496682634472,10.4845646570413,8.49886769088822,11.734300695602,15.5716124776366,9.28990629218846,9.90161651252815,7.40255483722264,11.4184050882418,13.5144146708895,8.57739038823254,9.76447444960514,9.73908875096655,13.1207401359325,9.67036634193736,12.5534184362783,7.2742786118022,4.84708934867909,8.09081057962621,8.37912763629948,12.571649353881,8.35163850565144,14.1536031484036,11.2644259605129,11.8265970796349,9.96221018067925,7.5885888401459,9.36026515326244,9.34189588992947,15.9120272049294,12.5286498521114,12.7966047395846,"1"
"GSM1315789",7.68184078039393,12.9928795759032,9.13538121072796,10.5820085396394,11.1150411772602,7.91835168560483,5.10124213299246,11.8076681452758,10.1314186073055,7.65448511272165,10.1761260149501,7.72272025717132,7.28920364513121,8.84321475934082,10.1623854148977,6.70079474068393,9.83383731604201,6.45882347576772,14.4185198664237,8.2586077116028,8.69785040019282,8.05852499230801,9.84880407250541,11.4762953019727,8.77155863143024,9.71709333916848,10.6092012401544,8.76593235436321,9.00956764467775,10.4820787821665,4.69850166421702,11.8788517372983,12.2082148904027,10.6819778600356,8.66137423493371,14.520745711499,15.0794584583382,8.42163876101345,7.66499871140741,6.43898025003156,10.1699616024002,9.05898202556851,9.07414635077685,10.7858503677054,8.65977786038855,11.6737038768588,15.8024244607627,9.91618268659066,11.0060764130749,6.83901010552629,11.6603022491226,13.6709863519724,10.138611839144,9.55829666329054,9.92290171170045,12.6752911263631,10.1764496990569,11.0641273487144,7.59630218301671,4.69028056534022,7.97753058938223,8.52748171770801,12.5618257928011,8.54268106832405,13.6127036547495,10.8630394507264,12.0255106038634,9.98421686125556,7.43290490600712,9.41668910413292,9.53953951798574,15.596416419051,12.4587453154093,12.7814980732439,"1"
"GSM1315790",8.12865615829419,12.9822624527582,9.06966186267057,10.6368360996748,11.1233331465823,7.83454421573986,5.02692952471984,11.228267700275,9.87731184394028,6.34272147259676,9.96875725116966,8.01345804213574,7.1480259645174,8.76587899715499,10.3546343342337,7.35265522325768,9.55534029930555,6.86270903644415,13.8038974449935,8.1486115674167,9.16956923851262,8.07012374060952,10.1777339389239,11.9220381486922,8.25068697723394,9.89376158491592,10.9916078652768,9.03478726316078,8.87937497318404,10.0601709332114,5.2976009750033,11.9319014910563,11.7365838907511,10.5030286578085,9.07241733676829,14.644801561774,14.9233932382667,8.3223681819251,7.96831397280729,5.77488968015699,10.389411895424,9.00816985145508,6.17910757506081,9.77818050380982,8.52064829177315,11.3979606148391,15.3982028647249,9.75420268761598,9.70916373534206,7.31925077843757,11.8112440348012,13.4246440053413,8.2515803195367,9.64499866451848,9.99603890494482,12.6438032168198,10.0586104975507,12.122133663864,7.33675787019765,4.37153449732009,8.52368604549095,8.54181265673967,12.3679991637519,8.61641721778179,13.9755798130875,11.4017823867428,11.728766059577,10.0202725716144,7.79392773778603,9.55176209414643,9.19280732663467,15.830774866233,12.5413313562754,12.5416498512263,"1"
"GSM1624280",7.96268796489927,12.3431676107714,9.19176077961629,10.6096741898711,11.7227158213186,9.25540404945868,6.02492077604701,11.9712019183458,10.5260256535537,7.91892089635192,10.3698483801961,7.77529345877041,7.99016779226206,9.71803625499715,10.5799189138317,7.45956825774298,10.7915098139844,7.46860379960409,13.37607912184,9.01243405863395,9.7074045948998,8.92394584419717,11.6711279344352,11.9672947347314,9.00134626550816,9.78856480640994,10.6358341537839,9.66801272072655,9.2635201006129,11.2948537035353,5.83971576713839,12.5324977110991,12.5776570343965,10.7660346380868,9.40821431612707,14.8749394511031,14.6543090895345,8.94420938847251,8.9978329764443,6.85570388150143,11.069020703744,9.55617737641662,7.86808747009134,10.7787449815238,9.84706244271452,13.3884590857035,14.8494886273434,10.4541166534058,10.06658357579,8.0164328600443,11.3894190695629,13.9313375668716,10.0233222954594,9.52032687591538,10.5334734913314,14.9347521478826,10.8747900504039,9.592041881488,8.02930675268617,5.61712335149608,8.55234579455018,9.76110151116147,11.9130159238543,9.48094408274727,15.5951004716015,10.7308436951441,13.9169370200497,10.2309095194338,8.09912070287846,9.42407740310945,10.0922549919779,17.1822303155564,11.4061917613524,13.3317374640303,"1"
"GSM1624281",6.87249015592769,6.56706362269827,7.43473753310883,8.62388804909078,9.94462549376617,6.53012026034011,3.98052665668856,8.25932730514242,9.01631277181447,5.96286424393951,7.51740556860992,6.9238159834805,5.6682396973747,7.35947923811907,6.96366028262104,6.74907487493797,7.93779925623504,5.14667570471673,6.53561588797046,7.05196242282059,8.0415878416938,6.5024820757589,7.10916825299616,9.4194950487164,2.96425694677294,9.11366018037599,8.33726145556252,8.48868902128199,6.76810918487003,8.89955242231768,4.28249825690014,10.1553641141883,10.6127608353524,9.2729946268067,7.57622211457509,7.7512159595,8.3611712218926,6.57657277169137,6.88235575902436,4.88169909003437,7.7777894060796,6.74882245435901,4.53896387379977,7.08686727688609,7.48752005602738,11.1179592296231,7.35964066690408,8.55900322557364,7.20860258066245,6.20907793798669,8.21949406812059,8.9102954557888,5.83690917122854,5.68649974249659,8.1782692415697,7.30634623297144,8.78525882881235,3.1122616174589,5.75984607769294,3.61712335149608,6.70799666501037,6.48224213816599,6.14109049133431,6.13221592851619,9.41812071262524,9.23099780806085,9.30160087028505,6.44687567161078,6.5141582021573,5.379683283751,7.88280162634894,10.3983445430964,5.42129865374263,5.89830105392597,"0"
"GSM1624282",9.22207459371791,13.8092850177966,9.76816126683403,10.8822000446822,11.9286034760418,9.14577955828418,6.18998002231751,12.1595695247416,11.2761088035817,8.26152255950403,11.0151834988967,8.75780603204157,7.91616721081829,10.244216691489,10.8259985599521,8.10128553676137,10.3859450673258,8.39460321816031,14.1256789067827,9.00238039397003,10.1562304076349,8.82441017064626,10.5926854901578,12.2772424657586,9.73244127154986,10.2465544508733,11.2229355652613,10.2341161941964,9.84135816690067,11.6143952055857,6.29276659235396,12.8134742876432,13.0286650784488,11.41413672762,9.66789194288748,14.9526487622008,15.6161236218615,9.16786566888312,8.85963568252428,7.14043335843454,11.6935115686518,9.92939470000083,10.0276074136536,11.5001697247942,9.78750559803407,12.3602621938728,15.0408790786819,11.0007328424775,10.7425811526648,8.44854387268208,12.0268489901782,14.3038940215706,11.3109647244626,9.92029692710529,10.693443412134,14.2696192984775,11.1281465423354,10.4364421640776,8.59634734541006,5.14763806819486,8.8484778885602,9.53433064931444,13.2315524918123,9.88040877810565,15.8275116487629,11.6520106638401,12.7666027469653,11.0966084277222,8.46835451254417,10.1610429972757,10.0426729631273,16.6816281847895,13.1902181097665,13.7974421499296,"1"
"GSM1624283",6.72564876759842,6.41506052925322,7.4913210614752,9.41089432575658,10.8016071849535,7.78537731558218,5.22845417013214,8.53062932695982,8.99677258541883,6.4889330556071,9.12007007106453,7.28289707678533,5.6682396973747,7.62251364395286,6.41617248731855,6.58732380494136,9.18355567063699,5.14667570471673,7.0210427151407,7.88690317655009,8.66578550569806,7.39556687184239,7.38770375237015,10.070647829132,3.70122254093914,8.8657326669324,8.87947430882434,8.95581503170929,8.04112767927645,9.55921229031643,5.34303979883519,10.9553919761042,11.2252040724957,9.78114153047703,8.07329538271994,7.23840324453468,9.57689991294804,7.43678348822238,6.61932135319057,4.39627226286413,8.99746744271901,7.59681936091396,6.19431570241232,8.67182977760725,8.08152769635154,11.0192252760377,8.35964066690408,9.10834181656408,7.7935650813836,6.6830091263191,9.21949406812059,8.67709627949577,9.11847952849977,6.06089525727809,9.33746783641895,9.56414399043909,9.43893407961752,3.69722411818006,6.78538116980008,4.25455327211137,7.24856504637307,7.64270681035924,5.90502313310078,7.68680478019383,9.7900894900122,9.73084369514405,10.0324142374697,7.85453364052402,6.90647562493606,5.96464578447215,7.34223324498623,10.7781926139129,5.71080527093761,6.55037775050566,"0"
"GSM1624284",8.14711253603669,12.0330380872023,8.58529720968422,10.394406202968,11.4804785885853,9.05165738091963,6.47237975301823,11.663441155385,8.7545716830022,7.08719237894172,10.4135697576254,7.70403477560059,8.19180165343171,10.1668341601767,9.32059482733632,7.6294932591853,10.515875371371,6.14667570471673,12.6910413197177,7.70049005231921,9.54854783041368,8.67240707720121,8.80549186266503,10.8063189458306,8.21218446021652,9.77262326254092,11.301950139767,9.37850610353157,8.75805552020611,10.7740215402338,5.90810274211864,12.0284373006545,13.0747124459682,10.0788220791177,9.5000658434648,14.0400918903283,14.9708861560874,9.46892534675681,8.15537425343078,6.77478388611786,9.79664843333091,9.54237157689158,8.30979291983226,10.8942221989437,8.60508965240856,11.9578247313736,14.0807398556113,9.91912764402195,9.43099500199889,8.03915293654438,10.2194940681206,12.423522202911,9.97610765703859,9.21701445919537,10.0128456323623,13.4675328973361,10.4721009435527,7.60411471378858,7.75984607769294,5.40139466044065,8.36750611909658,8.99469213910278,11.6407859801853,9.05107916579079,12.5105669613898,11.4525849293257,11.9294063720119,9.85453364052402,7.55124752089252,8.58913664937995,8.90516943937739,13.7714979613389,10.5413924992329,12.2906184767047,"1"
"GSM1624285",7.00575668679115,6.83009802853206,8.31444329939112,9.30901471173737,10.6988690793642,7.72567106945792,4.43995827532585,8.6107996756438,9.11627967987492,6.65885805704941,9.12007007106453,7.44464814678194,5.99016779226206,7.9581166757373,7.76012688853591,7.04453075846414,9.2514597351388,5.73163820543788,7.2840771209745,7.88690317655009,8.54854783041368,7.08744457648006,7.78054550553479,10.2044216813338,4.18664936810939,9.00869062077445,9.5200001427326,9.18258589355631,7.78800874230774,9.463453307511,4.88113569451837,10.9844795549847,11.0103532001718,9.88267955693909,8.45903857520475,8.27316866269536,9.03633153158534,7.57657277169137,6.25158956869008,4.39627226286413,8.25778234719921,7.69991285387806,5.12392637452093,8.74397956336308,8.15191702424294,11.3791212211241,8.52956566834639,9.05943221608313,6.94556817482865,6.49858455518168,8.21949406812059,9.47356288541064,5.78628309815858,5.32392966311188,9.14174336554458,9.32194308802246,9.59763182563657,4.91961653951651,6.20041866907892,4.35408894566229,7.43838960525309,7.20213421897325,6.64198872726699,7.17661004787464,10.2848541817618,9.93143752620194,9.50189952077088,7.29159744613287,7.49143812565722,4.96464578447215,7.58324134449003,11.3133239586821,5.42129865374263,6.99783672747688,"0"
"GSM1624286",8.50325634626197,13.1414679317208,9.99055368817047,10.459257347318,11.5276553819533,8.90684082806785,6.18998002231751,12.2247135500611,10.3803197985699,8.13918701657998,10.4349434084179,8.20760894948109,7.6682396973747,10.3203086408384,10.3426585630023,7.43939037580535,9.988425329305,6.46860379960409,13.6611843397485,8.42747155791279,9.1512123328683,8.05267915831938,9.40412930028326,11.5232015042879,9.12076143245293,10.2115075037741,10.7460328103976,9.2341161941964,9.66427337388549,11.3417747509228,5.67677719601218,12.3556627646741,12.5988216443945,10.7372756451054,9.13711048031739,14.7213341439051,15.479107515673,9.01894735559086,8.14288330924758,7.35974638683902,10.8674837946285,9.33378495508017,9.02439070097001,11.6902083069221,8.80399372082263,12.3132332854677,14.992635864047,10.6235159871284,10.8134646388213,7.56271489260139,11.6789256867579,13.6916551693135,10.2735489249926,9.4433648941005,10.1105824340581,13.723831883255,10.6125821671025,9.94831197251698,7.69395814203648,5.53466119130411,8.11892976595648,9.06720463888715,13.0738345142324,9.33188827335255,15.0754917088744,11.4109068980758,12.2977588039907,9.66821618255364,8.59453161862132,9.85541671471739,9.78969222195746,15.5385121421582,12.3361820401047,13.551402028178,"1"
"GSM1624287",7.36123734138954,6.41506052925322,8.05766788402901,8.99585682647774,10.5198989383189,6.82385146339682,4.98052665668856,9.15623381217832,8.94333332645737,6.15189806832953,8.99133675694233,7.307144623032,6.25320219809586,7.97166320757525,7.87223725485745,6.87460575702183,8.91704069606824,5.14667570471673,7.06168469963805,7.67539907135638,7.81919542035735,6.5024820757589,7.72060296507851,9.90878710268867,4.83872606468908,9.16341321557309,9.17880858691668,8.25920717515923,7.64257830278617,9.87849080678985,4.67677719601218,10.7971724753141,11.4897499452471,9.76603463808682,7.94446540237499,8.25589067126352,9.14844189790688,7.47199818080643,6.65494526292129,3.65930666869792,8.40022661221942,6.6492867808081,5.34631879585737,8.84585917738229,7.92952460290649,11.3507394197543,8.81907228554138,8.89493817845488,7.08307169857859,6.89713393167195,9.21949406812059,9.57212671989423,6.43835979473827,4.93161224033312,8.99929910052438,9.48322399505552,9.83709776033196,4.28218661890122,5.81047215076291,4.69512586349736,7.22584496987299,7.14966679907912,6.88890346773751,7.13221592851619,10.5785853848185,9.83091065024797,9.57990203277215,7.09895236819047,7.84805893871074,6.1870382058086,7.69015654840654,11.7848563441939,5.83633615302147,7.26087113331068,"0"
"GSM1624288",8.639393034248,12.7309648365128,8.66124606291751,10.6449496646186,11.5506775998692,9.01886744580196,6.37284407946732,11.2839893593767,9.8664645630731,6.42753251094296,10.3991426869901,8.15514152958695,7.91616721081829,10.5498683421211,10.1968594589141,8.15176398178917,10.0373349297859,7.31660070615904,12.8561005659882,8.10929559788654,10.1537235520243,8.62586449126418,10.3415447629052,11.7549063729674,9.66469666491403,9.80433212226826,11.2712750995328,9.82749093473375,9.47470112999272,10.6858457288475,6.3331243299701,12.6988073454712,12.5010357527936,10.7333974302945,9.7631002492986,14.7302563408644,14.9307818696931,8.72562274275645,8.82877471881952,6.07434416797677,10.9582220653403,8.95045631552866,9.75619459002044,10.8042800736309,9.17745211635008,12.2024471000935,14.7647821300404,10.6567784412601,9.98119208455937,7.73959265468547,11.2194940681206,13.4556922085719,11.0848366846721,9.88580855071999,10.2881869336477,13.7471251447068,10.3702213295335,8.96401065887496,7.83513420499718,5.69512586349736,8.56144800165743,8.94936814859329,12.4792592272289,9.33188827335255,14.6229795041769,10.9486742311272,11.6387957218257,10.615164036416,7.49905130976709,10.4986243564745,8.40636358240595,16.2545262924606,11.362509322535,12.8290383914889,"1"
"GSM1624289",6.50325634626197,7.63745295058967,8.05766788402901,9.66570822478541,10.7855234616184,7.95096338130016,4.78788157874616,9.12926676457805,9.17541480396225,6.72839899030249,8.95234262532647,7.68565624628573,6.6682396973747,7.45901491166998,8.20758586550713,7.21247539577821,9.21790717542777,6.73163820543788,7.35119131683303,7.84250905719164,8.71422586075581,7.39556687184239,7.91652317505377,10.7332723024829,4.54921944749409,9.25805008971117,9.69044048443432,8.98618868075281,8.32610463799092,9.87849080678985,5.51076724457325,11.1191005702015,11.6058080747106,9.94772308884497,8.19822199462078,8.94154717160415,9.41820216692898,7.93681472830139,6.9978329764443,4.53377578661407,8.60667748968684,8.0118568601928,5.80199827963356,8.59588092437395,7.7368795249641,11.2822596818715,8.94460316762524,9.19580465781442,7.32407979808238,6.89713393167195,8.21949406812059,9.95794843138022,6.59363802021618,5.78959323546069,8.74711207692758,8.73698058730131,9.42770682419426,4.69722411818006,5.95249115563534,4.44719835005377,7.33602788762341,7.6042326625446,7.05702622654583,7.41761814737844,10.8542198274319,9.77402962831608,10.7356967053796,7.94069028427374,6.76208571560088,6.379683283751,7.40636358240595,11.3764519372475,6.42129865374263,7.73480232164309,"0"
"GSM1624290",8.98438303599858,13.210919812473,8.76816126683403,10.8402059560175,12.1126178826745,9.13816637417431,5.88741725229708,11.9327277705312,10.7833689473096,7.06047504056594,10.9865197406446,8.80964496356119,7.99016779226206,10.2663698337276,10.2830551107629,8.03111024270182,10.3083621263733,7.46860379960409,13.4221660352948,8.45721890130685,9.73784946528171,8.76121634415907,9.19977080177707,11.759595889651,9.82223794190051,9.77262326254092,11.7325844940969,9.48868902128199,10.04939529526,11.2748437428038,5.83971576713839,12.6926513682636,13.1387333100001,11.0448019701852,10.0587225816327,15.0520280375684,15.9095581250591,9.49936307997761,8.67243268965013,7.16180700922711,10.7848904624547,9.85315911417375,9.43620429937457,11.4949520155232,8.78196741449264,11.7812196646955,15.1011076533052,10.7560400726332,10.5062831293031,7.65386278065959,11.541422163008,13.7671622572395,10.978928176101,9.46299370084943,10.6507570130324,13.7274963379579,10.9434066624783,10.6160873554547,7.55240399782246,5.25455327211137,8.97648550093627,8.94936814859329,13.212451658293,9.76884054905984,14.3886495941341,11.8046449955542,11.6688529556819,10.7863621378824,8.47994248681939,9.66508550261325,9.59704714401506,15.0751937676548,12.5551544004774,14.094464043977,"1"
"GSM1624291",7.25814384842544,6.05249044986851,7.03880885677769,8.88220004468217,10.0344721111487,6.38327887201084,4.15045165813087,7.986308810736,8.8153257140813,5.56693556760838,8.69325540400934,7.25823502255106,5.99016779226206,7.06308623533884,7.10805019195622,6.41892627324564,7.76271254967694,5.14667570471673,6.2136877930831,7.20006106180972,7.54089425787025,6.28008965442245,6.99813694060742,9.87460998737058,3.37929444605178,8.63832217082933,9.15510875143777,8.04508236980638,7.84611169687131,8.4914676836806,3.67677719601218,10.2732006044821,10.5847464591828,9.5712184611028,7.45903857520475,6.98937569669476,8.65490242494931,6.96471504390715,6.2973932583032,3.65930666869792,7.7777894060796,6.92939470000083,5.46496329235599,8.34062386913187,7.18586435616628,10.2156224888413,6.94460316762524,8.86678713814073,5.94556817482865,4.62411543726554,10.541422163008,8.50241774808282,7.48672281629967,4.51657474105428,8.59330674084854,7.87024711816477,9.41639151096643,3.43418971234627,5.3448085784141,2.44719835005377,6.53396726523532,5.85421091555295,5.66109755021469,7.59164754715349,8.7900894900122,9.18519411844772,9.03241423746966,6.85453364052402,7.17712321487973,3.379683283751,6.69015654840654,10.0119897985216,5.42129865374263,5.09094613186836,"0"
"GSM1624292",8.58362976272599,12.9662347165181,9.09466209151121,10.6025143982982,11.5257201770476,8.42141400089761,5.22845417013214,11.4993783929754,10.7795623618799,7.07389555632826,10.699156005449,8.5701790288658,6.6682396973747,9.62680100235596,10.2881172038191,7.74359974487182,9.84193924082752,6.46860379960409,12.5392181246507,8.33436215352131,9.07376824744295,8.08744457648006,9.66489353249223,11.7893841820549,9.04463036323696,9.78856480640994,11.3542730227637,9.10166589817275,9.59253762028658,10.9857848199618,5.15321523995517,12.3567755260412,12.7228927519525,11.0195462698021,9.41966433687061,14.3654224208324,14.7238220951082,8.82028686223069,8.66371547254902,7.14043335843454,10.8808010741824,9.12733407761274,9.135899016187,10.6625519640192,9.1942278291009,11.9468057304135,14.3454826039074,10.6872805296575,10.3378855976074,7.56271489260139,11.6789256867579,13.8786613606582,10.4239430219694,8.82643000364106,10.3588414872115,13.358323523749,10.5875781609727,9.26707972651101,8.02930675268617,5.53466119130411,9.20276135675995,8.83772279276438,12.4369243900705,9.3021409299585,14.6593327987028,11.1822825230278,12.1732767733095,10.4468756716108,8.20996647156675,9.7890742198887,10.0325487458536,15.4737431441451,12.2128233466985,13.2733404852729,"1"
"GSM1624293",7.00575668679115,9.51192206850581,6.74507765372098,9.36085364325699,10.38122834288,6.48281454556175,3.30245475157592,9.46743550047262,8.292228468945,5.01944777230588,8.95234262532647,7.307144623032,5.6682396973747,6.93063593931519,7.93812519051391,6.09699817835828,8.61587116134767,4.14667570471673,10.2316097010804,7.36607101324865,7.54089425787025,6.94305466714488,7.70300890506377,10.0920531927353,5.07973416419287,8.3251642855697,9.21936895024115,7.57115118147397,7.18314668414888,8.94077508504419,3.54553266273393,10.5471942223058,11.1217744828403,9.55812280349111,7.75859885706366,10.9616687675249,11.6066472563421,7.43047891136817,6.05228076046667,4.07434416797677,8.44872512991061,7.0118568601928,6.12392637452093,7.84585917738229,7.11715160608227,10.478656894675,11.1925306810688,8.92937167551876,6.7935650813836,5.9460435321529,9.21949406812059,10.5789158855569,7.38831911223867,6.35787699503522,8.02626614812465,10.6836510848952,9.05706344427387,6.46981362207699,5.12241615707765,2.44719835005377,7.57049314126044,6.64270681035924,9.41598505237816,6.59164754715349,11.7056973027218,9.2916937397484,9.87629503555238,8.40202143582652,6.79956042101955,5.379683283751,7.88280162634894,12.3786562081742,8.71080527093761,9.94892712699593,"0"
"GSM1624294",7.54765046562042,12.3405325506035,8.69777193894263,10.1313717971342,10.752807886475,8.27636366809433,4.56548915740971,10.7500744642459,9.91238039812846,6.72839899030249,10.0386424717207,7.62907271791937,7.47559461943231,8.85955284125371,9.88565777061977,7.21247539577821,9.42322608340528,6.73163820543788,13.8910550852191,7.45721890130685,9.33503356042369,8.01705524858866,8.79722424668143,11.203438584164,8.92618890593942,9.38929462298942,10.3672236935784,8.25920717515923,8.8270028739236,9.94077508504419,5.56260617609287,11.5432897678499,11.8723230492794,10.0195462698021,8.34956009840626,13.9999544769792,14.9829867857125,8.38447138889047,7.42667627524817,5.77478388611786,10.0767563525236,8.51435720072199,7.47442362160506,10.1677872722697,8.00752711490777,11.1512536697215,14.1311301364047,9.96300245340004,9.48162107506886,6.62411543726554,11.0268489901782,13.308752015665,8.52582263598861,9.50904106836887,9.71432214180991,13.4057512217049,9.59763182563657,8.76331330863783,7.47605311169235,4.44719835005377,7.93506557355629,8.34897560730253,12.598664960982,8.21967876976653,13.9453677154901,10.34473997411,11.2627118568915,9.99455715625248,7.15801439193202,8.50896630069596,8.71569164051368,15.3293668011778,11.9431171714716,12.9332964752822,"1"
"GSM1624295",7.2758458501589,10.2451355278109,8.29867598353281,9.65190242526038,10.8672666110599,7.66338679120357,4.15045165813087,9.40134631001485,9.06716191331023,6.24974539172768,9.46295778458754,7.55000114692817,7.127671316012,8.64804873606,8.32059482733632,7.09699817835828,9.3476750503981,6.73163820543788,11.4654068856891,7.9717920741366,8.75448973096954,7.08744457648006,7.72932018217962,10.5145081635766,6.2861850416603,9.16341321557309,9.8410001610097,8.44562029939011,8.65346661892891,9.54591546770298,4.96057016201277,11.3578874297886,11.8311843544859,9.5712184611028,8.49195319767748,12.2822641186308,13.3093500259918,7.94715667252285,6.68971068108196,4.65930666869792,9.07675635252365,8.0118568601928,6.60935320169117,9.29331815435352,7.84706244271452,10.8772062711653,12.5494652257841,9.43026991145144,6.94556817482865,6.36108103143174,10.2194940681206,11.1015941080237,8.11847952849977,7.51657474105428,9.31577276531963,11.3102612829748,9.57745394369894,6.89362133098356,6.75984607769294,4.76912644494113,7.67482980107517,7.64270681035924,10.1961682456915,7.96510594268093,12.2010225909583,9.89988279232709,10.554366940665,8.53952495957645,7.36382392907287,8.02353947352572,7.83699793673581,13.2521238022453,9.52749805757455,11.2608711333107,"0"
"GSM1624296",8.70619640493224,13.2936224018032,8.89940580011228,10.7780111944102,11.5956483590054,8.72567106945792,5.98052665668856,11.4834953513687,9.85926906166889,7.03325357183091,10.7050325717857,8.53980537982228,7.36867941551579,9.92368317867343,10.7728219613843,7.79214359682985,10.075302779985,6.95403062677433,14.1069893239437,8.63692492354174,9.63735709737154,8.80365161047946,10.0160588486047,11.6868972049704,9.12748729564124,10.0621298797359,11.2186545679335,9.15611368219512,9.16042660764879,10.9407750850442,6.04803300326311,12.3377408566768,12.7002236766028,10.8035093435055,9.45626149053418,14.5573593194411,15.4625962862874,9.17542566019597,7.92674987838281,6.35974638683902,11.0076201590799,9.54237157689158,9.38445392474414,10.9638563867807,9.23533303243058,12.1221632977973,14.8170215459766,10.6065926840919,10.2086025806624,7.53100603287406,12.1263846637291,13.7076182242727,10.7668307354924,9.78023518076246,10.242922199912,13.4039203901891,10.5723650670261,10.3976638363212,7.83513420499718,4.53466119130411,8.7877238574811,9.12269975147885,12.9960176653214,9.02703369182413,14.6206767183075,11.1953386758533,12.080167368918,10.6216994724659,8.07385394426803,9.46714612500134,9.59704714401506,15.5740518971327,12.401120771805,13.6174453710049,"1"
"GSM1624297",7.32768478167851,9.81499113614185,7.03880885677769,9.36085364325699,10.2746424086307,6.21978013972796,4.56548915740971,8.98630881073601,8.42486623752312,5.56693556760838,8.82860725690422,7.5900785863035,5.25320219809586,8.13708681678262,8.14199752387956,6.82362182830302,8.73925357685295,6.46860379960409,10.4270350748165,7.67539907135638,7.88112316950055,6.01705524858866,7.73798504330675,9.87707824296133,6.46675728730212,8.95319550818274,8.94658850468288,7.98618868075281,7.8270028739236,9.29882260573821,3.40114275339875,10.4336652766754,11.3961368944756,9.34083727258775,7.92852385850597,11.0903046055455,11.7579140930522,7.47404310679146,6.61932135319057,3.65930666869792,8.66941324503481,7.42689435947165,7.32556023569058,8.47389039999534,7.31418845314182,10.4960389729033,11.3596406669041,8.90881035303644,6.20860258066245,6.03915293654438,9.80445656884175,10.6515611873886,7.48672281629967,6.01907508158346,8.71432214180991,10.3063462329714,9.33459741980278,6.32171498308785,5.99688527499379,3.03216085077493,7.47738373686895,6.71670739180301,9.59804537967939,6.52453335129495,11.7056973027218,9.34473997411004,9.82382761565824,7.99203716427396,7.36382392907287,6.1870382058086,7.74078262147651,12.4305728759942,8.72710708326671,9.9735891812302,"0"
"GSM1624298",7.45745265664884,12.0460354277312,7.98070590221413,9.96268996254254,10.5845364038852,6.78537731558218,4.68096637482965,10.3082369056234,9.85926906166889,6.40647089541513,9.69325540400934,7.66704056811839,7.127671316012,7.85955284125371,9.09655455311839,6.21247539577821,8.66649723441764,6.46860379960409,12.354261970793,7.42747155791279,7.9170427437555,6.60201774930981,8.71183275545078,10.7815005829791,7.87114754238146,8.77262326254092,9.84285571758818,7.98618868075281,8.39260004977783,9.98085252441953,4.70780409163281,11.0845910397749,11.5705325999631,9.75076788143351,8.08772245335522,13.5167960387053,14.2696122690645,7.95596256989819,7.34178737766166,5.32227168142035,9.60667748968684,8.6492867808081,6.53896387379977,9.45251674920277,7.40345579123891,10.6514934915373,13.7390190339753,9.39127577983558,9.17822893161893,6.9460435321529,11.3894190695629,12.9223570730657,8.52582263598861,8.63205195847421,9.06579451231129,12.6776020402224,9.53623128097243,8.32171498308785,6.97485896866379,3.76912644494113,8.09405509731745,8.00948914103086,11.9135140060415,8.21967876976653,13.4074734684257,9.90342315003234,11.2428670454946,9.77174504181026,7.02722778439667,8.23766427887857,8.86008154984885,14.935071582409,11.7492254892514,12.8069081221235,"1"
"GSM1624299",7.12774721116976,9.49306304125449,7.31444329939112,9.27339080200665,10.3421755663162,6.86132616881548,4.43995827532585,9.10178602815594,8.57296487651225,5.8425700102218,8.95234262532647,8.02961064750309,5.6682396973747,7.20747614467402,8.34022363408525,6.58732380494136,8.69115928865191,5.14667570471673,10.6365935356953,7.36607101324865,7.83179545713698,6.78258999495163,7.68519762894731,9.99312445862997,6.18664936810939,8.80433212226826,9.17880858691668,7.79354360281042,7.59818418342772,9.26676139650591,4.47514333484253,10.7197163352341,11.2786433314571,9.35099713880798,7.89610238081359,11.3413071362262,12.0031646676501,7.08733433057111,6.88235575902436,3.88169909003437,8.7777894060796,7.59681936091396,5.9174754970535,8.51571057568996,7.80399372082263,10.5840098948213,11.5494652257841,8.99586708730567,7.87156759338487,5.20907793798669,9.80445656884175,10.8693458276095,7.54878378443192,6.57546843010784,8.9152348357359,10.4409957596662,9.47210094355271,6.8127013356,5.75984607769294,4.35408894566229,7.39831216587775,7.03863548669037,9.67995657746601,7.21967876976653,11.8063913023413,9.4404511736898,10.0507927667845,8.6003501522725,7.13864906706509,5.96464578447215,7.88280162634894,12.7115554208826,9.10935464742789,10.6066459701524,"0"
"GSM1624300",8.44185580159782,12.7489612658067,9.05766788402901,10.9626899625425,11.8190946116823,8.20528057003284,5.56548915740971,11.3786262335148,9.71923860988992,6.65885805704941,10.8658058748585,8.41148128284674,7.36867941551579,9.92019419259355,10.6125697001221,7.74359974487182,10.2347809939922,7.46860379960409,13.3654654478152,8.59739655935511,9.56750598811757,8.5024820757589,9.81371236946999,11.5894200501587,9.10721490061498,10.0356576683747,11.0673658567961,9.25920717515923,9.36636850820465,10.9955991097887,5.90810274211864,12.3456091000102,12.8489590562139,10.8791736134376,9.57366187425652,14.5924106740645,15.2205557144954,9.10855081648081,8.61027621358756,6.02854047836364,10.7872497353287,9.36549381480751,7.83174562302762,10.5563525601873,8.79302260300163,11.9826994000126,14.7433449593781,10.4822219910862,9.85245877043717,7.96989027410727,11.9199337862617,13.6857706130616,9.58625848985058,8.99770143079089,10.3266610814624,13.6085381097975,10.661326500954,10.0429989550218,8.21927769633024,4.90662996869107,9.08776883447002,9.20213421897325,12.575561365528,8.9266317948663,14.6044534705892,11.0041370147805,11.8762950355524,10.8779254888783,8.19598224213104,9.379683283751,9.25784105769586,15.4369330407736,11.9707624732424,13.5400947772438,"1"
"GSM1624301",8.31061126831957,10.8300980285321,8.16592077468103,10.2913127100039,11.4150761133636,7.87970469813034,5.22845417013214,10.3671305946769,9.69922864915842,6.4889330556071,9.71671437683333,8.38893871419565,5.99016779226206,9.28004477062466,8.79610618564148,7.44614774198066,9.42322608340528,6.14667570471673,11.4309185093038,8.30194067582893,9.0415878416938,7.5024820757589,8.35990530002658,10.9362678391108,7.42368856541024,9.65580959755817,9.64862030873969,8.75877818464974,8.46854890301113,10.2586335156225,5.51076724457325,11.6578644547174,12.2873605485582,10.657658477042,8.81171019352322,12.2806631992423,12.9157600735702,8.49130893461609,7.42667627524817,4.98123476358529,9.48986382470409,7.88632597810895,7.07501677403998,9.61524624924088,8.08152769635154,11.5880681113956,12.5295656683464,9.89493817845488,8.62364007994129,7.24860630217333,10.2194940681206,11.6770962794958,8.33648018071906,8.10153724177543,9.66369606873994,11.590139198972,10.1892580566387,7.50457904023767,6.70737865779881,5.0910545398285,8.41849004781539,8.03863548669037,10.6359649396392,7.6557778845732,12.7982634214579,10.5663881627548,10.9564653842364,9.64594701871261,7.99528489189392,7.379683283751,8.52665781612366,13.49396398581,9.99284063870146,11.5503777505057,"0"
"GSM1624302",8.05784519793961,12.5165985557153,9.26661477430051,10.2823795852339,11.1867473855286,8.14577955828418,5.56548915740971,11.4013463100148,9.38031979856986,7.01944777230588,10.3016768775545,7.80964496356119,6.99016779226206,9.55212431606146,10.0436596046863,7.45287360516898,9.58987595281473,6.95403062677433,13.3429708100281,8.25189999332934,9.06312100324344,7.55310814882887,9.49127186291293,11.1308348352071,9.33349075643866,9.72371366205997,10.7676834833668,8.61067954566061,8.87430858870196,10.7452242759264,5.03585828931701,11.873793756917,12.1884455224856,10.2809874175602,9.01031794966962,14.2827973638931,14.5992677259765,8.25725933201342,7.5641797989981,6.07434416797677,10.4216455958543,8.67482187291523,8.79068296640573,10.576252117625,8.32945520979513,11.4742784541645,14.6075681803477,10.1468950573335,10.0499048346434,7.6830091263191,11.2194940681206,13.423993594858,10.2244808823567,9.1065379228338,9.66369606873994,13.0437038105773,9.91152260145852,8.81962074953979,7.58184777571495,4.90662996869107,8.77994650688938,8.78709671969441,12.2140699366914,8.45414402340355,14.9268476275193,10.8027504515644,11.9294063720119,9.98191294700025,7.9735898207946,9.1870382058086,9.30906638105103,15.0846763044092,11.7392136861234,13.0008392156384,"1"
"GSM1624303",7.10811840442083,10.1758728653738,7.54576884549758,9.36085364325699,10.3553109685053,7.00218870465533,4.15045165813087,9.48880915126519,8.63326538678007,5.36340217352324,9.08444616133381,7.3775339509234,6.25320219809586,7.72204931750378,8.34022363408525,6.43260121014271,8.26794785792737,5.14667570471673,10.6533109306402,7.09043657063522,8.18597775102898,6.39556687184239,7.6580614990098,10.2278172487458,6.2861850416603,8.74020178484854,9.14912245637203,7.86065779866895,7.72746720037269,9.23397146138824,3.96057016201277,10.6007752625106,11.35526461306,9.59705846603805,7.7404515103534,11.4073504790532,12.2602844669094,7.46584595382484,6.65494526292129,4.07434416797677,8.65914490958098,7.54237157689158,6.34631879585737,8.87828065507467,7.64224265082602,10.546962908066,11.6815687617914,8.96300245340004,7.43099500199889,6.9460435321529,9.80445656884175,10.8554335207543,7.81181819026571,6.83850283594164,8.84123425429213,10.7600642004143,9.04241666830947,7.1122616174589,6.44434425196501,3.61712335149608,7.33602788762341,7.39477929691565,9.86644067078173,6.88710343067966,12.2375484669834,9.38581591711295,10.2146175686904,8.40202143582652,6.98447813693733,5.70161137863836,7.88280162634894,12.7865174785638,9.00626115446378,10.5907920189516,"0"
"GSM2211691",7.89359108451329,12.0126547733468,8.24792831548478,9.94513918194775,10.8760246010714,8.02311830679096,5.32002243317065,10.7114148910677,9.60383107338843,6.3045981876722,9.42652169371043,7.66455994095476,7.08863376512597,8.90432378587241,9.51680716792353,7.08053749618761,9.52540210040814,6.44063390243283,13.215254310214,7.91515627444152,8.95915536396403,8.00176408819415,9.63786080226872,11.2564075299846,8.79745994518336,9.49342249059664,10.465026789563,8.71135516946995,8.51921721458468,9.7691555776609,5.27146792196895,11.5739099484059,11.6899584035458,10.2111295622693,8.46441958764248,13.7261205928764,14.2120601166394,8.05345658462456,7.51446131510315,5.81997360838421,10.1391220772861,8.69624095911817,7.48242743221604,9.89088923454279,8.62562555648722,11.2257473164726,14.2550436384673,9.70007092405375,9.36652736841002,6.952025726524,11.1955560739721,12.8167202654195,9.46175587092094,8.46620856748527,9.45741524977992,12.6435253813383,9.56717706498014,10.30188339756,7.10265886975973,4.59033943354321,7.92547426440855,8.02785179277537,11.8364256532666,8.46218814550293,14.0841921816169,10.7317529432505,11.5093441826012,9.62785934039809,7.10577543286666,8.9012835504229,8.68992196601487,15.0897686464664,11.5848277390867,12.7750501952937,"1"
"GSM2211692",8.24021641659919,12.8957137014106,8.78344698315422,10.668326123237,11.206952179933,8.1983615855109,5.40248459336262,11.32284960315,9.95273984671719,7.05771006494582,10.0437630147993,8.02608421018792,7.29948764155785,9.46314773313121,10.3574575798414,7.5101970298313,9.75838400153333,6.62004315321853,13.995151741691,8.16199345274751,9.1504924680717,8.03661950323835,10.291185465521,11.9899189162999,9.40632967441282,9.94814989713653,11.1392954771188,9.2212758949296,8.87149729626523,10.1946233855655,5.49542381681619,11.8396129039589,12.2611806965308,10.6913629413561,8.86708938689086,14.2300496631045,14.7384947859491,8.82551129522262,8.06760109101078,6.43389523158181,10.6219690518277,9.40727058503335,8.38845418065639,10.1834517902769,8.7641136310312,11.4950008277931,14.7761288385406,10.1905173255731,9.79390195769349,7.30392888085685,11.7376051482849,13.4476802334119,9.88641428821268,9.46756384709728,9.99860088976476,13.3225829323313,9.85247531106685,11.0664375287193,7.50751452910646,4.77295515692171,8.40168343628936,8.32431157926309,12.6909767648938,9.04631405876029,14.6769937564507,11.2966123370322,12.2018793170258,10.494056985958,7.40062381665006,9.30621840956329,9.16143143911879,15.7665276461023,12.5105888214112,13.4379727354601,"1"
"GSM2211693",8.09206262555466,10.6057742973394,8.38586879151441,9.86255839175391,10.6141612419605,7.38797004890159,4.80890896233675,9.43226081987061,8.84787932920864,7.10126643093256,9.16782400878769,7.90785812872729,6.44063752391877,7.69175233534699,9.37435492629772,7.44097411598674,9.24544820833784,5.99227632995396,11.6184957541944,8.05686708358082,8.52459352524612,7.57195123623491,9.2907594519225,11.1249115115242,8.06724309623882,9.53549881905273,10.3183786435415,8.5276829598844,8.48369078095554,10.0372078888087,4.92503706182749,11.3131140147681,10.7528977473098,10.1560917987843,8.31368098626939,12.8660212673906,13.3722773575806,7.38847855649748,7.37388027524298,5.75168886881773,9.93546307243686,7.88858431269663,7.39262799808444,9.33884135629437,8.46839675782139,11.2725634367688,13.2836097122143,9.95241276423854,9.26725148778123,6.54757686223335,10.7424368305144,12.4460169029729,8.98775039058234,6.92188805126146,9.15267134468974,11.4339610067692,9.76856409160102,8.29232909084677,6.71442678425496,4.18799265620055,7.64791134264032,8.05103929031984,10.8396239855806,7.97190234432022,13.1082746062645,9.8199990705177,11.7298144994633,8.93501135896885,7.8294769086871,8.52879972714104,8.42007650525094,14.372151937024,10.5967082630885,10.7116483892671,"1"
"GSM2211694",8.80944897436705,10.4211934101404,8.53821164526134,9.9190926401749,10.5819932615085,8.45653433538466,5.92505055694591,9.17707846341649,9.25649316053849,6.28314507800589,9.29221060830221,8.00022214687595,7.6453131214901,8.57774251426399,9.42131223725783,7.65182765196423,9.30067158275099,6.92794168820183,11.6221472819927,8.15449458783196,9.79819072414082,8.47453561455836,9.37113706617848,11.3104206206611,8.50067849462457,9.64140657501624,10.5695763947243,8.80871235606617,8.2639601593426,9.86816408954183,6.15906717896871,11.6880079161597,11.0223275163404,10.633707484363,8.66456762950723,12.7716515743767,13.0949777685376,7.28024088203422,7.78102920154167,5.76906543753771,9.8699792067381,7.62258966391123,8.00825354838138,9.36690956436848,8.84698582250088,11.1606756339909,13.2622402185308,10.270346985819,8.95769046536049,7.65675098368999,11.0493780410454,12.2328042837263,9.34608362882469,7.30695573496083,9.31878234111416,11.3981226460229,9.7965038666022,7.99828862840176,7.78301998883703,5.27058243769748,7.56490420367488,8.5448539029828,10.0503342883011,8.28156014245358,12.9659727707237,10.0438677019952,11.7279418825979,9.15242381318967,7.87113702663594,8.91175054947397,8.22800222654087,14.2968614397617,9.73582038324609,10.6089129605677,"1"
"GSM2211695",6.88839217783898,5.7472641641018,6.64144068527688,8.75807224424672,10.1501001672409,5.98282858576524,3.01016717058386,8.38916870665397,7.83617857536455,4.40235823633327,8.15155561964294,7.45841059866262,4.76312577996281,7.01798056766798,6.72267814518584,6.87935262132677,8.31571284887417,4.75330968408199,7.43514062674305,6.99102927021807,6.43624695040558,5.57534182543568,7.2448732935323,9.18545481439072,4.77739638921861,8.8445140094093,9.00460625713709,7.25479504384083,7.41689372366214,9.15685029440826,3.10632571689673,10.3643273341208,10.4432975596076,8.3706730785292,7.34102057522328,9.36606026804785,9.83135312155461,6.55222833537505,5.98549102234975,3.13133246156138,8.25413032994475,7.28019746646415,5.18024619739923,8.39208337757135,6.51105086961964,10.8156872444576,10.2474051773678,8.95639561165451,6.945566906278,5.37104307671538,8.02001465629002,8.84395552806549,6.09725029815985,5.39277878527382,8.23784242876942,8.61044841168084,9.1018030915726,3.05870941408707,3.87939341055041,2.71355086972411,7.07906850728244,6.2723798012627,5.79288812072963,7.08701802933859,9.36544091522262,9.11999736890877,8.97806208564674,7.20696661450328,7.24362295140881,3.85863921301441,7.25513835647839,10.745392030596,4.56306933772501,6.46079474399409,"0"
"GSM2211696",8.38382874993177,12.8540080652193,8.36139085377931,10.2494558959927,11.2538469290225,8.13003351070747,5.37940098024958,11.3638963274567,9.94404452130354,7.12180606924144,10.1398576918551,8.0484895782408,7.23633992303151,9.73798416975546,9.96255799325112,7.20071742016706,9.75194749290535,7.02779061656689,13.977175931826,7.9891568558853,9.13437280270842,8.08618491146553,9.48909207732193,11.493212009146,9.47183736673826,9.72886941626658,10.9578970078992,9.1719987330878,8.87251507058673,10.0786736955555,5.45622096312052,11.8788506892727,12.3443158100569,10.4808446203079,8.86884598645146,14.2291693272673,14.7126945331659,8.73380515054331,8.07108887212106,6.08315426542608,10.7430586509004,9.2147308171418,8.00448234223516,10.2150589837457,8.7616509930946,11.4796297775918,14.7950563356926,9.92865062117161,9.36811786629317,6.95799139336038,11.7307692858559,13.1849693996964,10.2128930438842,8.86007477735951,9.92771042682619,13.1441993268735,9.96015082859299,10.9010597575009,7.60408067493818,4.78818967061687,8.23029852129081,8.44125212477368,12.4033422241751,8.80124288527364,14.6539670912648,11.0791439016039,11.4724455412382,10.2147683143971,7.02135791473898,9.41598803053921,9.32829861460501,15.6058065564358,12.1336394168101,13.4592219594505,"1"
"GSM2211697",8.09432213273678,12.3078815655774,8.43126284224283,10.151132884839,11.0254756551967,8.22242711501437,5.60013035236338,10.7563486382764,9.57736738131804,7.3517321632633,9.47645528106159,7.91446691280294,7.50098717983361,8.81548770376923,9.92071955917629,7.18371544865711,9.61476647750894,6.79255131567484,13.4439037596936,8.18589468846158,9.29319115422666,8.36321373646468,10.1900744358158,11.6370659541405,9.20935773693164,9.69065009403609,10.572283866105,9.08451500485744,8.64842595960289,10.0979193027977,5.5024385553081,11.6351453399543,11.8669928521787,10.5716341193341,8.59431987416301,13.7215067940655,14.1535143531921,8.21655059190811,7.79254415692777,5.76086051471598,10.359178883761,8.67190136805957,7.82082995656173,9.82596676498191,8.99480111898249,11.6554512991837,14.1586504295933,9.93966641692272,9.13604174464588,7.25146146096271,11.4467168207216,13.1829736209002,9.4943964877448,8.37844061278505,9.7273323079171,13.0103205048083,9.96231078307329,10.4504900201002,7.78465292058,4.9018005293795,8.01677160033976,8.66755062691582,11.8633659765283,8.42233449938986,14.5896982873487,10.531543469669,12.1903090230841,9.62385570125454,7.56317963897693,9.36389501394657,8.92140095930139,15.6041124623766,11.866420328663,12.7619177454187,"1"
"GSM2211698",8.29034985007383,12.0412004529659,8.58378327511576,10.1757475268384,11.1996744947559,8.11725490598617,5.3440679071373,10.6115043189085,9.90612027835603,7.07731752957857,9.96018481975267,7.96754647218866,7.31942951731658,9.29551454319689,9.62912184385254,7.5249723825117,9.68498688144477,7.09001313164975,12.7496285121675,8.2230130512532,9.07829864333355,8.18381792065773,9.59001345878669,11.6041547983805,8.80445350544733,9.79028507203645,10.7911113121046,9.12409135219623,8.8364586944977,10.0519651898623,5.46582296223182,11.9149423313964,11.8239520648608,10.5838639711213,8.92294262162438,13.8421120589898,14.1762868242335,8.02735836595434,7.99233968795222,5.78803071588145,10.5603029844243,8.61877469022706,7.97459513504644,10.0352109539153,9.06771787417438,11.4579236881071,14.3419949271381,10.1007855209897,9.30522566352318,7.11039132219259,11.5746342956423,12.8516818105178,9.85767451805462,8.09812682663597,9.85279816712587,12.6027311538331,10.0539934372045,9.81025347317616,7.35430236580665,4.52272852738853,8.05394739452957,8.40427615201734,11.6522531927876,8.69564943595338,14.415915309268,10.6985882454346,11.883446352449,9.54168377065912,7.5514953441738,9.30025548242097,9.071426403306,15.2467708571216,11.4310626756503,12.4913718374005,"1"
"GSM2211699",8.60754002595453,13.2477034911984,9.10131582342606,10.1518320343758,11.2432006669594,7.86852495910464,4.99506027819365,11.5844086387048,10.6611045013651,7.88511752183587,10.0003785754852,8.01136270448115,7.08684493037616,9.58461124561688,10.1661030561048,7.35819393638625,9.74779452174459,6.78738036017169,14.1526444653609,8.0307093453298,9.05095679452078,7.99418423691796,10.0426455179648,11.6117883665928,9.37848132672931,9.72232657039981,11.0170095618123,9.1368175561886,8.84062532567081,10.2237610100559,5.21707278240427,11.9696697375062,12.2314147539162,10.7497796275814,8.93824853595056,14.2369876320452,14.7259478099113,8.67945786383066,7.8695296569182,6.43675942756106,10.8381919907735,9.02934859907847,7.79389437759068,10.2828315726352,8.67007439074246,11.4162636353043,14.7696123255538,9.93673708588404,9.86192260549698,6.85305927572297,11.5446457645438,13.5774476317163,9.73696873641497,9.31991912523461,9.91885533031421,13.1055096286216,9.98251864162145,11.3134428033337,7.53493929324099,4.64491596639802,8.47465364389511,8.45383384731405,12.7237961236292,8.92837073514031,14.8357389681858,11.4186811423204,11.4430690219454,10.1904027696288,7.31045917803821,9.32787400668207,9.4468030096186,15.8416399852715,12.8382809337053,13.6002853717931,"1"
"GSM2211700",6.86211285304013,6.1351898177634,6.96759146369932,8.78626321136123,10.1160782039776,6.26359935589585,3.4252046698627,8.54434954376461,8.215533422062,5.6360770753425,8.7335404205642,7.05029107072157,5.13264861998928,7.38781864751672,7.27773038737066,6.02900719554753,8.18119885140389,4.96962759100876,4.88908922244012,6.7798205873743,7.42871327772017,5.77136954277273,7.48723413110135,9.75388763106897,1.72248804811622,8.46365735712742,8.96453688429278,7.66128743398666,7.22942174063812,8.99901630991333,3.74550860861578,10.4362340905411,10.4768527034992,8.8214288214088,7.40682263361902,7.00527503986307,8.77278820419991,6.83900660049759,5.75957381293968,4.32927183917329,8.32871615582361,6.89490731057936,4.61226980840485,7.80002148446686,7.20031972175455,10.3776636938606,6.97081471005079,8.51139983323434,6.9284209229936,5.37104307671538,7.98634292397417,9.51181924405048,5.56012100076392,5.29845140272567,8.19221541227777,9.62956286082667,9.08093905137251,1.64367191480822,5.03017336272602,2.97018750435975,6.7642789476963,6.59367638156748,3.36290027998481,6.97425009917664,9.96871831332386,9.03257011066083,9.70321521199522,7.76085448223006,6.68441678265065,2.79974552396084,7.28835613337182,11.3411524502018,3.45135895022799,4.52362158144953,"0"
"GSM2211701",7.32539679717303,12.4407511216011,8.01732250910804,10.4934758336305,11.3014477298719,8.76254794090865,6.12564438800379,11.2802791681401,9.23050859327216,5.85726019649005,9.99679560764273,7.9347638422074,7.94593649780063,9.39565121448233,9.8696141209625,6.97600691271631,9.79148831049012,7.31510302034897,13.0905336416765,8.4221162631614,9.49062515833665,8.72785282067823,8.74250123573055,10.5663160426329,8.56451320387151,9.595205065177,10.4764282753349,8.98530901192059,9.05661403205378,10.24896618905,5.81758628665994,11.8565700560516,12.8569010940422,10.1911189981727,9.00558325703577,14.2347286047843,15.0204601001956,8.70037374312317,8.28956585707779,5.41774979483313,9.74129290431561,9.44725713421207,6.15173647528798,10.172105791138,8.48142570051036,11.69607540099,14.825748532273,9.30028426997315,8.70176146287992,7.99133865054882,12.3398430215058,12.5834114872865,9.42818856236599,8.96167291736732,10.0948787694972,13.3205913641298,10.1944925585311,9.83924918155903,8.01634108954645,5.52999652785257,8.32747804379796,8.82864686898339,10.9875536014032,8.32175444077002,13.2316184688956,11.0943644190195,11.7991563531737,10.1558404993121,7.43483417628547,9.09666173084013,8.90721505305808,14.355846479985,11.4118518119775,13.6518502964217,"1"
"GSM2211702",7.59163363504517,11.9595147562797,7.81731718417102,10.5221477301371,11.0513377185086,7.73771608792871,4.8514694245648,10.8579689757933,9.06393169043367,6.13683427847378,9.90125574928034,7.50206447369207,6.74282168350772,9.48928628659356,9.62722098593793,6.71604160552856,9.23822979644027,6.48921408287789,12.4102772396914,7.90028810738624,8.62029577078144,7.52362678889153,8.50680766496977,10.3724803989266,7.9082179163358,9.44081274395836,10.2663036846153,8.7030531930005,8.82177998460511,9.99326203436831,4.99964661396118,11.616527516817,12.2682416753533,10.0970017426327,8.78406880012296,13.6757474308904,14.187994963666,8.56299606232343,7.96742388700793,5.27397013678275,9.65968083845081,9.01442320439771,7.21655847634423,9.39073380306612,8.22555701325357,11.2154131702022,14.2678531894268,9.17537483741037,8.72038176159702,6.80090799367187,12.0147595909826,12.1212233861584,9.27032810615141,8.29601235727425,9.82754404569939,12.806083532229,9.86901636638657,8.89948733768212,7.14140860402045,4.16015844800383,7.85165801117937,8.0846870282143,10.8864622360418,8.28629184574689,13.0398206687144,10.5571048444436,11.2071538487399,10.0204257069469,7.28802865165629,8.86538604545499,8.66653091444777,14.2313188936711,10.7102642844535,12.6291730020173,"1"
"GSM2211703",7.54943707139096,12.5009432300538,8.24471994861568,10.5515860459963,11.2171884584437,7.79500589127969,5.07625636104163,10.5164051860396,9.53601568916086,5.53759870857463,10.1069988160916,7.91775998668398,6.63433272567865,8.05040204536035,9.60079850210469,7.23633216879504,9.23559593894763,6.3903606959516,12.6037387997759,8.11468773796916,8.69912480531513,7.74902482598359,8.80409647345458,10.8743946457818,8.15164223907535,9.31262251542401,10.5299351088896,8.55561697426364,8.84892266006376,10.1682198111951,5.01280697925215,11.6419833556906,12.2555581400963,10.1368902190906,8.75301762018207,13.794261968439,14.4526217772656,8.31620358873888,7.48637517627089,5.0104231372179,9.49607332204475,9.08893185798866,6.50662476894975,9.87649814223717,8.33561728935467,11.5741815193992,14.309563690876,9.66973862462758,9.1245269017529,7.10323153061972,11.7003909339336,12.2179102140383,9.24004582841314,8.31179293996483,9.78544552898253,12.7083868583419,10.1300758300353,9.46491441950592,6.94949160837506,4.07328099732386,8.21683223394423,8.03717156059194,11.5743019174033,7.89715957215054,12.4974501954262,10.6884499330726,11.3854311715174,9.98628870747611,7.90149006089111,8.43516135093491,8.90436105600293,14.3299673926411,11.3957608249814,13.0286210864801,"1"
"GSM2211704",7.64192875149945,13.2636347893517,9.04862939859171,10.7509375808637,11.5559903718954,7.48864013968484,5.06182929040635,11.2857364301329,9.97068851117623,5.70222941034743,10.4711020465674,8.20277418248444,6.52232132151248,8.93110311698801,10.3274713412631,7.41141887535313,9.83128321893795,6.37320597491254,13.5416480226303,8.53229918091183,8.40970516295308,7.54453577865451,9.30938605508703,11.2026095354298,8.96943335679642,9.41489804520756,10.8312228643317,9.05582511999053,9.49033609459755,10.5098643320985,4.78247786784601,12.2440222706194,12.7723573984557,10.6856222534015,9.26755274675486,14.753129352521,15.2067814532686,8.85788789734633,7.68674293160664,5.83133691192398,9.94162724784666,9.53151079474712,7.7934087851792,10.7907141535263,8.7722921962497,11.9752533778179,15.2735366725408,9.73484662503422,9.43229756999509,6.99133865054882,12.3030031301675,13.1952239676022,10.1565398993036,8.82709029671721,10.2484836319245,13.0361362992138,10.3905460952205,10.2503855604395,6.98259229819191,4.26405931411614,8.4818166671633,8.33038929247866,12.1509841621994,8.53556133183315,13.9170150353317,11.505847855165,11.7681326886766,10.2854891103058,7.75850182854461,9.78083706141078,9.19801707757804,15.5158006496866,12.3543982419172,13.666163819,"1"
"GSM2211705",6.1055668899044,7.7472641641018,7.73739363987407,9.42773996503923,10.6831333840397,7.21884277766533,4.68259251255535,8.53431585673763,8.74984117673884,3.93669466398445,9.17613364236361,7.25161179039864,5.80289630865541,7.57562246238962,7.47016161126604,6.15376222655548,8.61019857382723,5.28055668694686,7.62726665627514,7.13684415162133,8.21103401000675,6.42934684079211,7.36386499512848,9.75422008758407,3.65892291933875,8.63600177057544,8.81449530718101,7.89789371454281,7.40849780254109,9.60200963175191,4.71764880415479,10.9017538372839,11.2786742695931,8.96719261067276,7.91071631929112,8.9055864655605,9.63326603600879,6.70806144083175,6.20818516805013,2.9117660843037,8.38078647145769,7.44438609835732,4.54000706500404,8.17092695813688,7.40983861826134,11.0508004635404,9.41961320979312,8.58948006199384,5.66563290005527,6.45217983944079,9.25393716929456,9.3531293868054,6.36801114636352,6.07199161179103,8.75897331762134,9.80720320247608,9.54428963814653,4.84006912761173,5.73821734758971,3.82410924487181,7.39594980247728,6.73553746459191,6.17482793183224,6.48129696845064,9.22669338073776,9.07253982345874,9.54381539041562,7.3555070403213,7.40814499266536,5.24268901980957,7.19801707757804,10.8951391501007,6.41106624427996,8.08378069117011,"0"
"GSM2211706",9.36055146148056,13.9066256055881,9.79299642511365,10.8161208230353,11.66798917848,8.49260359009218,5.75612154797732,11.6469411585341,11.4814751744331,8.76160795742636,10.375010017502,8.66338335121368,7.55503689665586,9.80194964658297,10.446831480537,8.07050096007483,10.3318325142374,7.36281436906594,14.5518548219121,8.87465515749698,9.72049270023525,8.63504807155995,10.273722712555,12.3938150372931,10.7451428408971,10.3239510619667,11.8395947371858,9.68770770219708,9.75767359769781,10.7370302111051,5.85002859583922,12.4506644622969,12.8319596434622,11.2138270968813,9.29027698461317,14.8784361591242,15.4135779319644,9.39247615961465,8.32505414232206,7.31408706640622,10.9581677931944,9.32926807303208,8.52516828397453,10.8530470727293,9.27186320574021,12.1454004331773,15.5284067715603,10.9734691250135,10.7710691750459,7.87108657069869,12.4369275610968,14.2878093295428,9.73448037716105,10.2256687994386,10.5434662216882,12.8986765458873,10.5869099775005,12.0050674479741,7.96685625180075,5.27275027438019,9.1074131329764,9.06021093621809,13.5635400946489,9.62755251239325,14.4010212671958,11.8265553957994,12.2152524658886,10.4268865501602,8.27069261531584,10.2550727442654,9.62509463350404,15.6593648405336,13.8657037819905,13.4908478402855,"1"
"GSM2211707",8.99018301153544,12.6530672126799,9.079871571687,10.4196349154022,10.90822400846,7.86394254644034,5.02511751204983,10.2109936579632,10.0960112743654,8.08276020123781,9.68161262852034,8.40684740633859,6.89777530665759,9.38842266470825,9.41199029484152,7.62408799635929,9.64485505590292,6.49239533012257,13.325013310248,8.16531381103913,9.07890039309864,7.92942044392675,8.91716063798675,11.6172815641453,9.60302158541792,9.53466920716047,11.2214243057914,9.04236059634991,9.34465449562574,10.1462925724104,5.3590917872767,11.8466907351995,12.0986815055643,10.4749197863508,8.70642825591868,14.052115682588,14.6585430194023,8.62596740900127,7.75152269286847,6.31626612934853,10.2123300193788,8.35242579401933,7.93969389104707,10.1658075217477,8.52273267466727,11.3209552852144,14.7529422863887,10.5797719959809,10.447315087606,7.21040305416751,11.5779555032398,13.2347323505154,9.32648211185072,8.88706475745978,9.72342573894224,11.2306106442466,9.91466586096081,10.4659771783318,7.48760123792887,4.41693386336594,8.07734999005614,8.24448921907301,12.4959853943904,8.39980547036948,12.3223741976403,10.892114664022,11.33874900815,9.46319146233981,7.87311467607638,9.55796873868757,8.76578582609435,13.9669498597501,12.6726388470957,12.2530878360544,"1"
"GSM2211708",8.87004703458234,12.8828915928462,9.43055708028458,10.6439336355792,11.1377950471692,8.22838129202092,5.52849247827472,11.1741966458291,10.9168991913556,7.30393258441201,10.1634053375207,8.10851246569872,7.19209708507003,9.48872306384939,10.3686775153978,7.63635920542757,9.83041070905899,6.83577184427397,13.6411676286561,8.27695916686803,9.60533681721335,8.2047668602179,9.90705099853909,11.9873758503977,9.52917654701582,9.92396043156946,11.2117824043224,9.15011123715745,9.40990052024118,10.2361009042481,5.79014160454418,11.9217963248203,12.3011157420264,10.6614801018323,8.98855726625041,14.6226253248734,15.0648131020298,8.74574476385483,8.04750752050355,6.15099949501746,10.5323564439214,8.96519648956641,7.53275222199351,10.2541751140121,8.63462555473817,11.5232331141342,15.2688421041508,10.4726130257118,10.3418790328599,7.62585697574421,12.0658550865875,13.7203830336864,9.56627522096746,9.57683807091977,10.1717190053922,12.6973577925708,10.0108194935898,11.2550041591153,7.64690457486366,4.60761742497505,8.66841349647437,8.47798859784185,13.0486029801233,8.291008080875,14.6763474011283,10.8582149567987,11.7837654677748,10.204906504142,7.68807238065596,9.52141438495219,8.8660027206423,15.6554487068718,12.7801669718895,12.9073258739236,"1"
"GSM2211709",9.07041894621029,12.5291818722344,9.69178630208716,10.373625205427,10.8672113201344,8.24727118599184,5.54414574258621,10.3739780948359,10.7246772531848,7.65446899313082,9.72523663891486,8.18648464125721,7.3025736214316,8.52268349647367,9.90834213073974,7.63051551032074,9.72403249674255,6.88984851702976,13.0261018680857,8.73191904216265,9.49829308812607,8.24789996945458,10.2326156401294,12.0254722458079,10.086245202261,9.75937150466393,10.9481029080852,8.91116829205314,9.10157792011755,10.3912148289279,5.65921551184572,12.1386266068983,11.8679981562372,10.7336298875881,8.90866849064226,14.190194516057,14.5822228984252,8.00384182759781,7.96260329393253,5.96432172893664,10.2211100611408,8.0838673417139,7.41552840019452,10.163043359061,8.92241832102541,11.7546435863319,14.8862404263737,10.6438155871327,10.3510997723467,7.79425450743993,11.7747413676993,13.5111194367953,9.54086644368397,8.69956154102176,9.80812461924585,11.8104639527216,10.0945068163317,10.5303846284791,7.68237520091492,4.6681589669101,8.37814566304176,8.33266185011458,12.1476805145418,8.51313141799153,14.3213090157707,10.7528348071582,12.0218353931742,9.57396739657311,8.10556517344184,9.86111671662065,8.93335026790303,15.3804835088082,12.5500601970903,12.2177419945203,"1"
"GSM2211710",6.69946251539557,6.43108005174924,7.6839113096033,9.37602071455505,10.5098813881775,7.35786801711217,4.12564438800379,8.55147397819799,8.16654076726245,5.41227370519835,9.64263730967641,7.52642902209127,5.6562105760463,6.82800962402391,9.34131517929669,6.86093197277904,8.4341604486583,5.54236378939665,6.63089607967583,7.5988872617554,8.14475609852255,6.50241030298183,8.6528560352772,10.8228671255948,3.8979300545261,8.80721546798632,9.68575328110593,8.36881514060272,7.63649293010691,9.55624836498789,4.64976894817962,11.2691972736342,11.0361075155982,9.45042522443009,8.27578535929588,7.42325272458749,8.85624618499459,7.12153334577259,6.34782638359502,3.98560196513186,8.72741297025955,7.46860969528435,4.95040566947937,7.70440204175323,8.34551763729448,10.8419473311769,7.63218416044023,8.61352553596049,6.71074353049917,6.53166462326761,9.80969054525909,11.4258608988555,5.80850863063331,5.4465500417148,8.77717791299893,10.0185207562968,9.81608593109566,3.96560000969559,5.41460287607446,3.50070222105853,7.66708110436354,7.16424990076783,4.87667173284902,7.69991146280754,11.5530421065527,9.05299161374788,11.2570264926811,7.65497445777022,7.83456040598653,4.25917714259814,7.94102976605033,12.404814989581,5.25171048454784,5.49881819044895,"0"
"GSM2211711",9.05077441706402,13.7887776934033,9.49768197208248,10.6558118093613,11.6969504365534,8.64460668353723,5.92105969674987,11.5718504934074,11.1559119799914,9.22227302533406,10.4890656430506,8.65787987571894,7.61708424475648,9.93565616780467,10.5531850707353,7.820439377068,10.3889494850358,7.57723883067511,14.6044888962005,8.82460850912113,9.84103372514655,8.637483000477,9.95636820018239,12.0712866948244,9.8727605800847,10.2970519624946,11.4782854243245,9.53886972349218,9.83280299470048,10.9174791660376,5.8835495490383,12.3707394330936,12.6437481664012,10.9853671355575,9.29289625737492,14.9144381229181,15.1567385342562,9.21863898553604,8.30530527797119,7.06697708731155,11.1658159280259,9.17933856246773,8.834465556707,10.6626577499754,9.29645681884359,12.0770523993014,15.4496741569796,10.772402403965,10.6674794317817,7.68460076661687,12.231148733201,14.2395284718141,10.3778328432589,9.90738049213787,10.4867497403329,13.1600978641153,10.5347832333329,11.9788761513259,8.48006231618792,5.42864728392973,8.88150793892593,9.06614139058687,13.3138449257405,9.59130388376015,13.9789678128066,11.870492201922,12.1564237541083,10.7891816471671,7.99979793629948,9.96381440527989,9.91928194539649,15.4369980983806,13.6127470807595,13.720111940461,"1"
"GSM2211712",7.50596904281485,10.274824353778,8.21387924022736,9.54734126164425,10.777645219064,7.49655618171768,4.67313218330629,9.2161585768489,8.72298394895176,7.05454799235747,8.94910350351053,7.75054612389718,6.33307570982894,7.82800962402391,9.16340506026463,7.59494736661854,9.56213013365924,6.20112221945246,10.8875729899927,7.93279814559188,8.75290560803053,7.34047809229305,8.87855967000405,10.6823174634284,6.80114499199122,9.37559508451188,10.0424774102131,8.31293121382165,8.35124048493189,10.1173716654639,4.89158686810372,11.4949306041182,10.8820822851855,9.56708435604641,8.17829107518517,12.7165820280416,13.2314385278972,7.48149031985878,7.43780010780482,5.70493510011799,9.75790148759278,7.68958840260185,7.30131283133849,9.35968489305034,8.60836931941948,11.2313727091823,13.2070878438956,9.78497833066312,9.28419893100596,6.44370168551649,10.3773901822915,12.2936044594828,8.98879477070983,7.38246968593485,9.10602397922409,11.37339012533,9.83372135100149,8.06713803615765,6.31867845607593,4.28997668849078,7.78653720420415,8.11668896971835,10.856177557122,7.87973250039235,12.0253671481117,10.0893571979864,10.7785733402345,8.73024212262112,7.87286761810149,8.27682916096017,8.32403343768946,13.347286597052,9.85887877965042,11.0218361780306,"1"
"GSM2211713",8.02257752523337,11.0787528972973,8.52063366306768,10.0478710274836,10.785737869274,7.61218520584485,4.71982541875433,9.53395621693996,9.16342277374085,7.12407030466444,9.49493901949307,8.02119371384084,6.28083184227753,8.32104963530402,9.66586001318599,7.90078148538561,9.55475329853196,6.50819718624546,11.8105551575524,8.1206864785906,8.5706732706265,7.30415657848103,9.1494161342844,10.9552757142607,7.78113297519988,9.34941454679364,10.5179475447731,8.98188172896574,8.74383601759891,10.2964683128045,4.77477320312097,11.5160713568539,11.6086940023366,10.2013764601746,8.76098518700992,13.4798054429243,13.7688838762893,7.74116429104464,7.82772631262364,6.07288070697011,10.0895144724698,8.06623366719828,7.97887232478143,9.76033778299437,8.81804491354346,11.4050118918982,13.9186534300521,10.2067189657388,9.7084135671961,6.94001987326384,11.2390957692363,12.6260303612171,9.84945727791019,7.41991491521133,9.44323399168036,11.82638197597,9.96785014797076,8.80857884148391,6.73653097096183,4.16015844800383,8.0501558153672,8.14368857828552,10.936126672655,8.58478884660381,12.1430484938862,10.3902253878037,11.1691307346861,9.10857744194687,8.05550222638544,8.8680759686225,8.55084313072214,13.775340106088,10.8552014681617,11.6847534644338,"1"
"GSM2211714",8.11004036648371,12.3854304550645,9.24659236294845,10.3852659237167,11.373265813396,8.00935202828501,5.32002243317065,11.1062745084089,9.85639996898288,7.69818257728473,10.1199789595896,8.26201338585911,6.89573327511937,9.64044446344586,10.4842525424765,7.61594270923346,10.0206536604418,6.68265513051821,13.0692491214333,8.26540213544564,8.93609283748878,7.78753847966624,9.94517766807924,11.4942075205303,8.66984788140503,9.61653190637722,10.9129851705804,9.18497359434325,9.061084736099,10.7007998737498,5.07529882127611,12.0643377973638,12.1922859618868,10.7203358496889,9.27710881140308,14.5035886528992,14.6269899930701,8.634554904838,8.23152735183165,6.67613783581056,10.8483687199819,8.88541239121176,8.77495709155818,10.386677488189,8.96728005621859,11.6468150391288,14.9931959692858,10.0250621126862,9.84292989015393,7.36057246021454,12.033786002162,13.7072416461955,10.582431162489,8.55098898768229,10.112908935945,12.8258756783544,10.1725389424276,10.2466800060713,7.23037003794827,4.69103343316268,8.72804518172576,8.63845327003509,12.1284718593907,8.7363309414698,14.2395251540926,11.0337038592778,11.5071621377574,10.3686334649433,7.97030983687452,9.55128958304994,9.04381109910489,15.2643252882493,12.0676585754551,12.7763945132509,"1"
"GSM2211715",5.37456285397691,6.44060282586775,7.26966324675504,8.67782317949112,10.2111919844982,6.64460668353723,4.33209526547122,8.06206180307657,8.01148904230167,4.52165716470561,8.85176650202483,6.86619380212441,5.32702666515614,6.43301806694682,7.6234117400043,6.31928283996802,8.83389758698813,5.33118276001683,6.54886031080982,7.42142215920725,7.59106505945768,6.34842684540854,7.3775704995413,9.36379205564923,4.67828824420569,7.97194046047128,8.33714790610682,7.78005722424895,7.27015199305687,9.14651801112344,4.10632571689673,10.5012872992932,10.9471065750667,8.17016044793457,7.70701755201547,8.46587373018938,9.42228161804463,6.29323255915733,5.58655754174621,4.02572227360078,8.08521810147551,7.01587436466178,5.08822595578209,8.30664253390622,7.47942889044641,10.5177546306392,8.56699844373649,8.36327458754619,6.1293582571027,6.49930375155482,8.15132210281168,9.60475902936694,6.21695907143734,5.24886937387511,8.4475030250002,9.94853417959892,9.11184509295822,4.6132982657647,4.92748769875145,3.57285200681437,7.41376389824368,6.6286222606754,4.75369023301698,6.7946158867544,9.90807476306317,9.13922604689026,10.0928523535209,6.91195981893121,6.44284546040268,4.4046075821197,6.91857491522263,10.8388856243398,5.62941183255371,6.77499639651158,"0"
"GSM3138824",6.2963105242663,8.21072903679443,7.56882120165747,9.07588853596873,10.6265140978995,7.45379572146778,4.30683346986843,9.94341440378549,8.58505492433433,4.82452691717131,8.13873426960362,7.42788017260862,5.68053181895881,8.26868939036708,10.1993677926442,6.26295815853819,8.66699903516403,5.56967962966721,7.81485946384997,7.75885955460841,6.77572632356092,6.63294911757048,7.77961166256014,9.8227640682221,3.10004711967958,8.60614760971204,7.15989080686998,8.15035253529236,7.71445020448836,9.44846212351417,3.75272092642293,11.3755976125576,11.2996692270757,11.7048632173553,8.38797102789891,3.21501422255342,5.46163109809034,6.67360164883371,6.82720473225724,1.34031058491403,10.2233862482678,6.90344531873071,6.26716720838985,8.64796886312842,8.64104287821831,10.5501508880246,4.14551402439636,7.52064679231787,6.86276270815029,6.78511049962928,11.7041538323866,11.9321300278786,7.6280619308153,5.86377783244132,9.03768977924522,11.1239708963982,9.04489473561061,2.10236923833179,5.15122066179414,3.96838989934678,7.17864204299043,7.40602700586694,2.04220380809181,7.20052968774053,12.327883838462,9.41868448536575,10.0735124199027,8.54881026755394,6.53791789842841,8.40858381216725,8.56740524169632,11.7010058325654,3.51872001631014,2.59402724701165,"1"
"GSM3138825",5.69058946337834,5.71282327034249,6.57143714986448,8.20141941805259,9.90626237729456,5.94134572053099,3.14636879767519,9.63749862688675,7.07105894496731,4.09828772959816,8.57793808001321,6.82539991062944,5.45226283128569,6.93786489499132,8.73010417937102,5.4744622637319,8.12045675275669,4.47853174160902,6.43343035721395,7.31305980155888,5.95081303011901,5.95707812065111,6.82979741972836,8.53461298531916,3.42197521456694,8.02118510899088,8.95968573761474,7.1279847222639,6.78553330254984,9.34968396903599,2.2013109854128,9.2130145864565,10.8355671404714,9.18285728701903,6.82214269413447,6.13784636203096,8.5089368128687,6.06335973966419,5.72318166771401,0.147665506971635,8.21029624882739,7.64909066858933,5.52711067562108,8.7645444399778,7.31626078627579,10.4159897007973,7.72632488184705,7.00337109910829,8.4136836355109,6.35571770737336,10.6804191835942,10.4402769315489,7.14196392659602,5.61179861511652,7.80220170029709,10.364978995902,8.63382613853471,2.10236923833179,4.62070594509536,2.27131703230409,6.89003402130309,6.6316871410373,3.04220380809181,6.5558609408951,11.435148360394,8.06434919343121,10.1417277861231,6.55618979791954,6.813874803055,5.13556531776084,7.77385611916375,11.2455044702835,0.933757515588986,3.0090647462905,"1"
"GSM3138826",5.81088369709605,6.38601295407538,7.30526303650012,6.95205994911587,9.15749897756183,6.0633362449096,3.35658650506553,10.1224704169799,7.91905585152226,5.00636524015712,7.98817459302823,5.83293358331485,4.86730033056454,7.06587250736739,7.33198998312865,4.41712908866595,8.19056099122104,4.81295078067958,8.66123627473676,6.93081223739771,6.79880993667396,5.38088582955769,5.81741369527253,8.76040799087645,7.24979423918426,6.78017700948708,7.58369851577656,9.46337507695783,6.54452520304605,9.26679651287807,2.86689194634224,8.24201445817905,11.5638267898685,8.47669307487704,5.17899912232478,11.879165174546,7.47360373975642,6.6446744633702,5.77613054766297,4.96236240437041,7.36680073450738,6.76656351231032,3.52323766647387,10.1754587725722,5.90597681696758,10.7961146259143,11.8150100353292,5.65872292772084,7.26437969166681,6.05763635444037,8.41875161352434,8.68313345544506,7.02961620073052,6.24371153076424,7.2773601920135,10.0515624008701,6.84484974579196,2.10236923833179,5.00536979533068,3.43637627857458,6.17052939720311,5.58525156804702,3.36413190297918,6.38339374489034,10.5334323078062,9.66634740549527,10.2803434040884,6.84837054941285,5.84718088967218,4.94915219352996,6.57637539520087,10.8812846536797,0.933757515588986,4.91595534189902,"1"
"GSM3138827",6.33695250876364,6.50336990471354,8.2194690156104,7.20141941805259,9.66273428581225,7.62866993888182,5.13215493845548,9.05730537031347,8.60512054738843,5.53322478631471,8.88347721436154,6.53337330145594,7.44882374731892,6.90780766113514,7.68141468645643,4.92192124070312,8.97243900726282,6.10471690505669,7.13969915415724,7.80085364327304,6.46538620294877,7.64392023539148,7.35175012292372,8.98643715485179,1.10004711967958,8.63751178062137,8.40225164443903,6.33743808789285,5.99198418001727,10.2798625195384,3.49307710978991,9.49182957498087,10.7985165700083,9.91265122578298,6.83914911944016,9.86726168258729,11.8038539551956,6.62629593405535,7.94171661338095,5.64864961505344,8.017651170885,7.73895128110246,7.03800473689695,8.72220749342034,6.43940901704866,11.6276249541244,10.4969863948977,7.96221377435153,7.99323264004569,6.64259885516152,8.5442824956082,10.1554381553968,8.75485042887962,5.89125856886342,7.89146903839417,11.8380562658662,8.86299709250222,2.10236923833179,6.00536979533068,4.70265634391203,6.72627175900927,8.35553723541325,7.12966664934215,6.36031013177729,11.4961957052562,9.97316637963215,10.8133263763779,6.7994609489319,8.32982568890452,5.37657341726463,8.49356251298435,13.193606891432,5.18168502903257,8.67440066347567,"1"
"GSM3138828",7.41495502076491,9.32991839200446,7.73670829230057,9.40901483746095,10.2196044795041,6.26327381541835,4.61349480810248,9.45196378898747,8.89317721969666,5.8082862761641,8.52919374616179,7.52409548786793,5.99540515631222,7.57635679212927,8.92394568727077,6.67120009630818,9.53399690364903,5.70985728771547,8.62013107140709,8.35795633953321,7.77572632356092,6.81869463649519,8.95661218108258,10.1275024018119,5.00693771528809,8.45002840779475,9.83851241480538,8.05872205982679,8.03928989479562,9.55888611320782,4.25022058589374,11.5803572668449,10.917512557565,9.44886939265272,8.09181455189041,11.2900476142622,10.9492031970921,7.62629593405535,6.83346372272892,5.8321636812437,9.5382230843362,8.01413111679834,5.76871370092336,9.23451761474153,8.23547813155974,10.8889972687135,11.7195528760813,8.9435378495911,9.01743498837132,5.90825873040214,9.20724750833063,11.5339497786505,7.82238358656508,5.64446480403684,8.5330150674817,10.9480432134007,9.50396500295212,3.68733173905295,5.55930540043121,3.81188541366679,7.32713525624792,7.27004933634797,6.46846856279391,7.58602291140535,11.797550260181,10.4142793062457,11.1052367750683,8.75526114502137,7.10421655488453,4.33909871184597,7.64050573262059,13.293844004555,8.40136306567198,9.19888930517051,"1"
"GSM3138829",6.2963105242663,6.525737717742,8.38920868786742,8.89656483652417,10.6477528942738,7.10181039272423,5.13215493845548,10.094128801262,9.32444318076739,6.12038150044878,10.2100516741053,7.53798992952631,6.55179850483661,8.79327927310876,9.04049577976126,6.7429510996578,10.030934656573,5.27689788043937,7.59489377990807,7.66777783156392,6.88761920363182,6.80897948166198,7.55188973741304,9.67374147080374,1.10004711967958,9.17516856656417,8.73307613981479,7.88287222442737,7.87950945075885,10.02050873635,4.70965220453104,10.6326219186373,12.04470210251,9.8426812250391,8.30471552424956,9.44863389931312,9.90125423564746,7.15082258091453,6.88258148929362,5.84413632290978,9.38688498055072,7.55721697737052,6.69316266791619,9.59832024015668,8.30190549329872,11.2198930181565,9.66257246061572,7.72036199351323,7.88339404092242,6.51060330935153,9.45117309121672,10.8123003554403,8.4884319410059,6.80237728777717,9.60809418427621,9.79698957378455,8.91175640442207,5.42429733321915,6.0357434443742,4.20420283644555,7.76629865288085,7.37905995826667,5.68605999786654,7.28875687075226,10.867188146419,9.8785730145503,10.1766550702356,8.64191967194542,7.56546860914619,7.17863403965272,7.97944025281364,12.5563615932452,5.1036825170313,7.69556527347371,"1"
"GSM3138830",6.72161635899897,9.84544457271268,7.70370402524827,9.64620426072549,10.7009730900999,6.8982769986391,4.0886532998189,9.29525807657713,8.70518750249235,6.27413756499758,8.99895443178148,7.56085403787804,5.39622879637137,7.79738367144149,9.04178217756463,6.94914270943814,9.09935111974504,6.12489478699432,9.50291545753523,7.60482592593599,7.65442002733879,6.31377163369915,8.53307988763828,9.91037049693619,5.26997212112189,8.83981995591449,9.74338640859248,8.28785605904229,8.20403465713226,9.51074640176851,4.34332999028523,11.1203933211463,11.2951678348408,9.31927648524562,8.06073624070497,11.6747873478892,11.3884212511366,7.89240973282111,7.03156323076343,5.35711887260059,9.13312838830493,7.72142135654489,5.95562240931662,9.18287200919083,8.658049303524,10.950775729566,12.2026654782194,9.20892001028132,8.3663103772488,5.95978903104222,9.94800468165921,11.5322587899347,7.99187410673897,4.84516215427397,9.01579717339638,10.9085676130448,9.51261255156563,3.68733173905295,5.42806086715296,3.53070366112274,7.48593436850913,7.32760035891013,5.62716630881297,7.40611382139042,10.6765289725786,9.81983159686115,10.5923560301106,8.51133556213528,7.31150208383077,4.6147331544594,7.79706351032507,12.6044841276027,8.123582074469,9.27115959166068,"1"
"GSM3138831",6.55934493010009,8.86092190933163,6.70131743241139,9.65459204621821,10.6188523961914,6.40847173095829,2.90020821040579,8.41156323952389,7.56470627894252,5.37314757082874,8.09920590541698,7.25919833801694,5.64490790922809,7.02445257998741,7.45295703721107,6.80386547918141,8.99546997591816,6.65540950369309,7.92696983017151,7.7649340690181,8.48686593035922,6.4450161669774,7.82361884479924,8.77562108482296,4.42197521456694,8.43225370606678,8.99463161672267,6.74269456637911,7.68500642659588,9.07898720161576,3.57214868078111,10.5393299985848,10.6040528922526,8.24127397324435,7.53958883758125,11.9406645034918,11.9898898408488,6.85816940840268,6.47356777764254,4.80791613499703,8.10106717907263,7.20533566038153,6.37209614071098,8.35899119004234,7.60056380886324,10.5323544574891,12.2086301173756,8.55180772380433,7.75493382779988,5.8411445345436,9.49847880599508,10.5378877281753,8.53390833827027,5.20773223365868,8.68501816092675,10.3318783060851,9.95257998562693,2.10236923833179,6.00536979533068,3.79677852127658,7.25479831410071,7.32760035891013,6.84955873014942,6.07853916336192,10.0667719618495,9.6013989272582,10.3561338916928,7.7869700047487,6.91728512813653,3.67613369912354,7.81990348668318,11.6039840888798,7.48834636726662,8.66727622904229,"1"
"GSM3138832",8.03739222690473,9.25825740687701,8.3501333085547,9.73589214832005,10.590928394629,7.97282395200415,5.22213630529315,9.06047612992141,8.58100809127163,6.49314734693937,8.86788035931052,7.59669923682477,6.8724436338405,7.3379520528042,8.26086439850226,7.32401968427447,8.80375717267114,6.08425280249697,10.6117675984725,7.62166036479925,9.24359477934686,7.51838935330762,8.24020347027556,11.1693790419609,6.10004711967958,9.54956408134567,10.5362015219304,8.5458372371498,7.94307457953632,9.7849746500149,5.37675299182268,11.1834198042682,11.1204446648957,9.71107727595408,8.34098630434246,10.8767923203254,12.3796992430103,7.35881562319036,6.94749896597495,4.77493881255076,9.22524659029336,7.62289315163889,6.14647018412275,9.15801162883442,8.34454983070722,11.3584615537679,11.8088880918271,10.1712909646602,7.59972830231649,6.4578158949921,8.31687199950513,10.6059209356633,8.27861277316403,7.43946251957446,9.42420158034277,10.8779862654304,9.92261194879944,7.27229423977411,7.04323798092112,4.92736263108673,7.43039652395822,8.03854143606812,9.31366683599619,7.71899677667478,12.710065343903,9.56439034034959,9.71622768827281,8.58533614357905,7.47538816879174,7.74938268115418,8.47769112034147,13.7024857995325,9.58121594204391,10.1613495885971,"1"
"GSM3138833",8.69840896783764,14.1381809548853,9.20774653058586,10.3274273029647,11.4495034358991,8.22020509352646,5.58768562175288,10.9468453091858,10.0226467397821,7.30533218660117,10.2750557408164,8.45742444822264,7.30787292195052,9.69109887830228,10.3038518925962,8.35360786885751,9.99873030508175,7.3812345402541,15.5338852186836,8.19654579283246,9.91956209613457,8.28602664321625,10.2402034702756,12.055580632026,11.6411437350291,9.87094247341027,11.9023440266746,9.5373756584016,9.41601046252337,10.135786341865,5.74420942656741,12.343343413553,12.2308632978726,10.9328790340107,9.07755385876524,16.0011817305741,16.3938950711584,8.95707494652498,7.69252111501222,7.38743449702806,10.9279726718938,9.05108887279702,8.45168440544884,10.4749158241323,9.23547813155975,11.785392731628,16.3167878987785,10.5533482418801,10.172168882783,7.28171712592959,12.4907014554034,14.1183488366615,10.1429426221365,9.95883667866804,10.0047250158974,13.2400300412375,10.1740641947578,13.5048484105468,8.10183263483197,4.49370945364054,8.54151171640402,8.63982419047564,14.8340789125565,9.09261434857364,13.2881312839921,11.5886094868081,11.9804030155112,10.2520927354639,7.93429155344222,10.6938700634203,8.90543967136986,15.3237347582568,14.8743464099481,14.6621337228704,"1"
"GSM3138834",9.52017433281941,13.7625246735804,8.36980328869483,10.921107020787,11.10362060886,8.5227678635469,5.41645796104293,10.957939735662,10.4033372280242,7.02990075461791,9.90846789323924,8.41538922842543,7.28876409900281,9.5619537270023,10.1935923844473,7.62341749132709,9.7698098407478,6.73632949907666,14.0384224288944,7.92539874121134,10.0479422059628,8.44187645944683,9.90048030648554,12.0176958720211,10.0542434300665,9.72040478896971,11.7945690672178,9.1279847222639,9.36586435453935,10.195613976898,5.73993477146708,12.5721732552718,12.3946734519319,10.359391072537,9.31892938346926,15.6240736189813,16.699657597912,9.09109822447297,7.61107130139248,5.99136227609296,10.7533280690826,8.55127587752273,7.26020326064008,9.84150642179268,8.9248358442189,11.2440303772791,16.1366693103655,11.0240733028993,9.8144671511095,7.69295305504857,12.1166669302499,13.7401565246272,9.59268264339883,9.45105049384967,10.2344029914018,13.0480220431649,10.1557788417301,12.7561100170384,7.83015931072431,4.83425322669524,8.43039652395822,8.3653850213696,14.7688477295758,8.84905731723915,13.7867373087595,10.9757311714914,12.0396160009375,10.0835870111069,7.60494780256066,9.74222288958131,9.02710950420496,15.2609174576195,14.4962384609383,14.7928815056107,"1"
"GSM3138835",9.64680777135043,14.9791033356799,9.36453385143242,11.1219849505582,11.5576522397547,8.79052081828322,5.80486033381831,11.508199022569,11.6930521766334,8.21067896714435,10.964538228761,8.70124171660431,7.47948430002072,9.68446578596983,10.9246431468158,7.97420463163586,10.3368504334717,6.33000921689893,16.1182712363113,8.17845533584956,10.1115488601067,8.67098847858965,11.0402502277533,12.7771965955626,13.0159264985154,10.1662354417942,12.0620820659427,9.77903641344283,9.67755062167683,10.6140946640664,6.0086659074704,13.1076477163097,12.8882227565107,10.7783793594265,9.5142240398256,15.9596553795798,17.0330203363675,9.4670819257152,7.97889416225049,7.13147347346905,11.1528107541666,9.70099504675878,6.92365806968054,10.9972519169235,9.77958282086403,11.8017470175001,16.5482228980548,11.0817888007556,10.4707931155058,7.77795070805641,12.6085761724044,14.8401885554832,9.92471852488692,10.473193376887,10.5498709633667,13.5534386033663,10.521208575254,14.5515178837072,8.10183263483197,4.81188541366679,8.85671394810306,8.61692378836556,15.4921906861008,9.40329330232804,15.2098552491528,11.5601241123786,11.8841221544877,11.2429761487869,7.77978160438659,11.3926673933849,9.12918737231832,16.74368913593,15.9242603996871,15.1045441876064,"1"
"GSM3138836",8.79638412740094,14.1725871668303,9.29580270725105,11.3547100573581,11.2377264977785,7.65478277920095,4.83149546032177,11.2588012141635,11.1880889979775,8.78426939504556,10.6785916885607,8.03587364198512,6.25371715190361,9.20523079251386,10.7503097676675,7.0085756229573,9.89931093569801,6.44682288188168,14.8373393700404,8.08443542651092,9.1344129684584,7.85691395872568,10.2597852604732,12.3355663510627,11.5798273837087,10.0927064063722,11.1565881841971,9.09376900692599,9.41601046252337,10.5281893159849,5.30911427494731,12.4959736293904,12.402018631291,9.95166133399965,9.19999620361982,15.783326650951,16.4251052220652,8.81500522913551,8.11099769825783,5.9660194279785,10.8360050918919,9.32739435055858,7.9706320051225,9.84046514059202,8.76657376030217,11.4851294010307,16.3433767896864,10.694067543086,9.87679466201068,7.07526624846216,12.8511036981054,14.2649599377465,9.75228745957722,9.40492410086998,10.3630900660394,12.685198748327,10.1502477357568,14.4871529884251,7.81710315789886,4.02133877929574,8.7716718249797,8.43624161891395,14.8904355091856,9.14082344161626,14.9657736768341,10.9407157303605,11.9241995938631,10.2791018557968,7.42614464977189,10.1852488840743,9.64761612178378,15.9813796161976,14.8689225651927,15.0952009713178,"1"
"GSM3138837",9.00623129541827,14.8083628519337,8.64530704649084,10.9890110852888,11.4356145677089,8.80516759424762,6.00921883232449,11.4159021752482,11.0046315832283,7.30340215950277,10.3273119779478,8.62951403377827,7.53243317996968,9.24183389854038,10.2464317767661,8.03104296308323,10.5384842946413,7.0945211379508,15.7822167398082,8.45131688763511,10.1321427948336,8.62189392906148,9.8602995081257,12.1116047749317,12.0263431144607,10.3159068339134,11.6104985751203,9.41800356919652,10.0363782993757,10.253611089422,6.1793803453433,12.5375035708932,12.8528229895662,10.4347537026656,9.37830793054819,16.061565649032,17.1972012245238,9.01896562030574,8.27403631411491,6.80179003220019,10.5809836556346,9.60484141412982,7.45168440544884,10.5093936332198,8.9844787906463,11.5962533155596,16.7594384088175,10.8094373251973,10.133937502573,8.05171152048326,12.4330257445065,13.9721781885186,9.35323660671034,10.6691496682198,10.4796339711537,13.0847694462601,10.2706897411679,14.208277746903,7.85592240678939,5.1398122491756,8.9552380322418,8.72795510075431,15.0736465636859,9.00974016637661,14.4136482002087,11.8241076597209,11.9312967688034,10.7869700047487,7.97868567280067,10.8173893577346,9.40989280447917,15.9386589165361,15.5651619643175,15.4399746016158,"1"
"GSM3138838",10.2859685800448,15.3381865754419,10.9847584682482,12.0790078778129,12.2216293149815,8.83402245691981,6.02083791559133,12.1700330251689,11.7482288837856,10.0582181295721,11.3215983267534,8.5855929845862,7.92289265652785,10.2892367677712,11.280612623763,8.56852280721666,10.7831066633613,7.3643607216897,15.3729322463221,9.24298136582274,10.5237026985396,9.17317330352635,11.2998391909983,14.0034978487559,13.1600674741874,10.7541818009541,12.4407747162424,9.95453320955482,10.7522051264838,11.0842723741455,6.05068912236611,13.5309092194588,12.7077800198374,11.5307805904393,9.88695467344775,16.2372230760492,16.9572030199202,9.50076505197149,8.84899342102253,7.89393987883039,12.4625674484453,10.2253734136181,8.85367269860663,11.3513356835486,10.5003996469378,12.2909833397303,16.9674116841991,11.9920557858805,11.4019853567344,7.94388264013286,12.9494239587445,15.3147870345374,10.706285156508,10.7243077593996,11.1200312269708,13.8667259052847,11.1288465139431,12.3263709125299,8.52492240640555,5.38679424972402,9.21984571526629,9.52502299342368,15.8988724889335,10.4627515365036,15.7688789713554,11.9404969247119,12.8802562462755,12.0610695745455,8.30606819778014,11.4689239934246,10.6160648733573,16.9079463057427,16.1356899675592,15.3230814501919,"1"
"GSM3138839",8.53334972156714,13.0567592094352,8.66012938619636,10.3965670031982,11.0870567639855,8.4905074998243,5.96178348952674,10.6417387329246,9.57491647754474,7.35835056890066,10.366686216282,8.04887098251399,7.77967646525679,9.25681529007879,10.1375411603701,7.33179703486618,9.49758626345935,5.99936390491046,15.2332232101519,8.03753445154189,9.89567147592655,8.67634171308386,10.0335741628975,11.9314654060668,10.7330423168225,9.65038158087241,11.3011880087836,9.09952827621467,8.7217182049524,10.5249919534964,5.65166902042463,12.1876184346748,12.023088289404,10.8994098767185,9.08113226913449,15.0817779899068,15.5780183828527,8.31931818063396,7.95899460481278,6.4566545461515,10.5663813544468,9.06087937598982,7.75721806208553,10.0441355883077,9.4295387730246,11.6569978003011,15.7824354780924,10.4545822109406,10.0685207673499,7.65437602293788,11.7241915856231,13.6031046116587,9.85452266631741,9.29090261401889,9.73946594494913,13.191715503034,10.1831206905428,11.922548200747,7.91838649373604,5.07867195436169,8.15279391566409,8.9139055261227,14.2160370717739,8.65877925384067,14.8278693342357,10.8541551117979,11.8763799509679,10.3273423544458,8.04412220772101,10.282230412934,8.84486423112678,16.1868194893737,13.7167557245094,14.2140943012964,"1"
"GSM3138840",8.95493006671276,13.7460974407001,8.86698982932755,10.8697979269614,11.3530497866796,8.73652592864249,6.02469024108693,11.1110475937198,10.4283294206469,7.89798907911233,10.6064132486237,8.09346113353807,7.80410650407734,9.70208670781225,10.0392082339008,7.82422456681599,10.1486150228673,6.84978754885995,15.0876895061575,8.39954685985631,10.1702581674051,8.90558780546137,9.86180781463098,11.9705500923952,10.2972638127896,9.90999524997404,11.6853638706921,9.32274157668615,9.33302109785233,10.4761611909641,6.18568033369903,12.6751067776153,12.4859802027569,10.7478098270087,9.46577077179853,15.2952210620858,15.8342422679584,9.15979539107874,8.15163968275518,6.61410618412829,10.5751604588653,9.35948102750449,9.19261806210421,10.4389060257521,9.08850185518953,11.6925134361723,16.0466930251956,10.9656887540506,10.259314636584,7.83425814895836,11.7439548404446,13.8204060556185,10.8799864832718,9.7262165072514,10.2438509298233,13.1729435503544,10.369205481809,12.1535781792466,8.4309205212922,5.05981292711038,8.54778886209018,8.94969309021703,14.2714732703586,8.84490567396868,14.215660249079,11.0695611028182,12.3476119896994,10.4630803935281,7.90870614324774,10.0569554830645,9.19181504038091,15.6040049272873,14.3629026860677,14.6003533255366,"1"
"GSM3138841",9.90849449372248,14.7411027028477,9.46079782091542,11.0427216720335,11.6026291484731,8.54038340646387,5.73133129839634,11.4977108864195,11.2131455745848,8.07810984766053,10.8047742995631,8.72977051425944,7.68930202858654,10.0777326625775,10.8655751244842,8.11306272805513,10.1962521032989,6.76232470760961,15.324814366555,8.56534459720591,9.95852112525427,8.63569972858651,10.2586407185322,12.6429646332044,11.775122040065,10.1317759710508,11.9533553411441,9.52030214504266,9.82992742190829,10.4865301643477,5.88636181054046,12.8806935070839,12.6259054850477,11.1000444048025,9.60319133674675,15.7503908629608,16.2972078431291,9.24357030184424,8.20088320177503,6.69345741041211,11.188530020323,9.46331683848903,9.42857614246965,11.0816334861296,9.63818888116315,11.729710479174,16.313710626158,11.3784105304552,10.4771090156525,7.50193844822441,12.6562875211213,14.3871637165789,11.2745104045791,9.63772007440349,10.708410009281,13.3877407546957,10.5578772853014,13.0271817419376,8.16502646131917,5.25482890951552,8.85502757147518,8.78922841802378,14.6861727040141,9.63011549558852,14.7931285191962,11.2726731798117,11.8004642254408,10.9287439658769,8.02968857623477,11.1713225080165,9.42404106652514,16.029961921418,15.2966602092937,14.9899183526702,"1"
"GSM3138842",7.04967055668317,13.6478688305511,9.23275053671575,9.69174504463567,11.0176666477519,8.19817878719646,5.58768562175288,10.7980750406214,10.0091565060414,7.34340022743469,9.95164871700312,8.22238567239922,7.25765356646278,8.78916316463653,9.80852660435977,7.65269056890542,9.47903044443111,7.16442315118095,15.0797522066346,8.02998764248854,8.8822259448616,8.31377163369915,9.44123213181071,11.4494304966993,10.6236090757366,9.83981995591449,10.7382404845195,8.61983781859358,9.25000051108444,10.5112081380633,5.34332999028523,11.4880518953129,12.170702186414,10.5063742532574,8.46120093889654,15.3824846389977,16.0945657274195,8.18261529632156,7.55536186880619,6.81806885135792,9.98727752184148,8.76485314454522,8.07683599628569,9.74575764390717,8.534566250089,11.5575413935308,15.7044954494997,9.89818886241623,9.70365069219561,7.42151976576911,12.1565366879971,13.7191290181874,9.7074764273099,9.39375890939261,9.66546536350535,13.1456659674975,9.8264712164771,13.6750694648191,7.66023430928199,5.18111922333251,8.46176069486755,8.86615239467433,14.5869268058473,8.65877925384067,14.3554968423464,11.1421402998607,11.6383773512668,9.85436929003429,8.0789497962741,9.8741694073228,9.11899160521243,15.7923509252594,14.1019595218263,14.755579067429,"1"
"GSM3138843",8.52457951193941,13.5441733145611,8.36528780757234,10.8805643578305,11.1318883338828,8.50134130573557,5.28129837776129,10.689624782429,9.32927633450333,6.84590056796387,10.0585639209196,8.40025592490027,7.06893419173419,9.40673033078961,9.74676457670455,7.72534511117081,10.0149223385843,6.80045983649638,13.8450528406502,8.39171674543388,9.78731429783613,8.39718764188679,9.36244472371995,12.143226754105,10.6774759477153,10.2682779709557,11.1697535534987,9.22074186318375,9.43382173863982,10.3737507798161,5.87860536690603,12.6428514229055,12.2694676928445,9.85020834667505,9.53176462113474,15.5817234716169,16.8803094811642,8.64010173358038,8.07974676427339,5.92902522049629,10.6833254708654,9.28506285285226,7.07419127503013,10.2471452230693,8.55891611150474,11.3603711437766,16.1228433003308,10.9108626924513,9.610375546516,7.70809959880244,12.2307830227914,13.3654851819795,9.38931421358589,9.25433264652082,10.4683942200499,12.941856485948,9.96733375231695,12.3359889150915,7.52759654070388,4.66986640879436,8.46286833027005,8.17245950897382,13.895903228392,9.07853916336192,14.0257503295756,10.8908552158337,12.042167831113,10.1509333194333,7.49653397766329,10.8585280525281,8.81359523421496,15.3671093579647,14.1612230450907,14.5069165832416,"1"
"GSM3138844",7.2963105242663,11.315547210228,9.44733115188745,9.45775917131238,10.7480915148558,7.67406184169584,5.01310226681172,8.99569779471823,8.72366016256383,7.10937690825997,9.39416695270407,8.05210210377701,6.70956086757034,8.39323448830539,8.50797771711743,8.46388441156438,8.72326725481078,7.13487887556694,11.69131439769,8.02998764248854,8.60943257256548,7.59952611603303,9.39822455272322,11.2203029771236,8.85493462184304,9.86874156521699,10.4870874226735,8.13921197768716,8.75751892638024,10.276063809318,4.94324283247235,11.1655562943377,10.9493742127851,9.91982288118523,8.13835713782744,14.0356585811931,14.2297051208648,6.87694661543331,7.75979181084822,5.59769842760668,9.56784825344548,7.34924507178024,7.23674428781609,9.10869845310013,8.12565485360699,11.6438427740778,14.5311161349412,10.4668954723795,8.37881937215537,6.73422933062709,10.7406797084117,12.4756075807763,8.45918501880586,5.68690007035724,9.34564493157998,11.5885904245276,10.2240635812965,10.1412882276241,6.88540917128977,4.10956596230748,7.63094679998596,8.63657487594694,12.2758234848515,8.30698062937117,14.0213211758177,9.93589432364014,10.5883706821595,8.57810457434798,8.03363936384541,8.44431802390047,8.73566296566093,14.611839637962,12.0999205982351,12.4019187861634,"1"
"GSM3138845",9.28596858004484,14.1337508024655,9.05910244923072,10.960541425871,11.6341353255588,8.41230359254931,6.15342355520914,11.3760557215352,10.3220205185005,7.71699044214455,10.3443184032535,8.89542950904861,7.70956086757034,9.94343157086587,10.6125308190661,8.32011522981855,9.90453494276102,7.35584922183419,16.5354405733901,8.81994301646927,9.84943600974393,8.87565052130727,10.4054821068615,12.051940743526,11.5919002160093,10.2120951355625,12.1825292690017,9.84223023993002,10.1349421338593,10.3548382976372,6.21984693685023,12.4559226821427,12.8695721438634,11.1214567423549,9.40139154366123,16.2957901205491,16.7526098858667,9.0076503070779,8.20812687410165,7.2561899637498,11.1111630568081,9.35380335374254,8.27697561077501,10.954098248169,9.16187504151975,12.0329461506728,17.0022816313076,10.9754893174924,10.4963709178132,7.94707797929267,13.2143485647058,14.3744788806338,10.2234249557626,10.5394635035764,10.1959800802041,13.5791160665145,10.6690633185912,12.4893094836561,8.40206565862002,5.41179825585392,8.66503162964978,8.94838333521024,15.3945921369564,9.49357666264076,14.013892011484,11.4777792328882,12.7618387583916,10.8195308665329,8.22891230233384,10.3972328878307,9.48961100396541,15.8172262191253,15.0248622739655,14.850235935539,"1"
"GSM3138846",8.73688311565228,13.2758906810283,8.94471212475206,11.4637380238018,11.587006959649,8.28433543094618,5.84463086251091,11.1045342867611,10.0404397099089,6.63802097632632,9.85409340758044,8.50535892528634,7.36737393369918,9.51037956144968,11.0571301418981,8.71646088510151,9.7034224434139,7.51721220977308,14.7898244076476,8.39759331177055,9.8016695908132,8.45439449929326,10.4917886254338,12.0945193675203,10.4129300749639,10.5034944326497,11.7981059531297,10.0378778060339,9.31391227490463,10.0359939838475,6.25022058589374,12.3345349559358,12.2813511977222,10.7558471460741,9.86567256195993,16.0099207871189,16.0714254517914,8.65740153429621,8.97323652738856,6.4566545461515,10.8347871137352,9.65464306174512,8.87662167201439,10.3244031182587,9.05892873980618,11.6744263948926,16.2659418527959,10.562556964896,9.82821448156561,7.73422933062709,12.6889407384401,13.6866850187953,10.6957860167869,9.18478082627685,10.4125197752951,13.238865951577,10.3273386252633,13.5618008569691,7.58520726387397,4.79677852127658,8.81308331966429,8.5372715391452,13.9954908759699,9.17760329089102,14.8144049128492,11.2108796002523,12.3756320337098,11.2129429817087,8.00441249791904,10.2932950222328,9.09526423024988,16.0309387740842,13.6352805821634,14.8958092090628,"1"
"GSM3138847",9.15571219409349,14.8377828710046,9.50935464109362,11.5118518741021,12.1468830721127,8.58520191030571,5.79587155059105,11.8255916168369,11.4395479456124,8.38961478241751,10.6480991514306,8.72775134662279,7.51937702714423,9.22059510216604,10.9604541224864,8.25752427248756,10.2492265681639,8.03178538260284,16.0774763627959,8.69029526812534,9.86044900246635,8.85455468585176,11.5354445743517,12.8886710749116,10.6774759477153,10.8840778755994,12.2130551358562,10.0587220598268,10.1322174965228,10.6383923627254,5.68762589820104,12.5839011031659,12.6408835436249,11.0238822329663,9.54650825152104,16.2314743275326,16.8253643405207,9.58597099055277,8.67520163881219,7.60005384860481,11.1780028456205,10.0227442471031,8.39134661961058,10.3429042058747,9.31982740129598,12.3724519274168,16.6741449540817,11.507196837104,10.4323058080774,7.4711949247933,12.7650638670387,14.7687424322662,9.86499945469274,10.5164849397983,10.6298766067343,13.8754915474633,10.9871184043314,14.1034255129666,8.34559870696099,5.22692291294563,9.24066043218523,9.42592656330465,15.4122100235927,9.53281829423361,14.7576212225524,11.9446485679824,13.0343156648071,10.987239615187,8.20224863784506,10.1518671300899,10.3108051033091,16.5075366565279,15.060058674281,15.4484411461077,"1"
"GSM3138848",8.77435782107094,13.3541427670269,8.03086876850178,11.0201791033824,11.3585808926529,8.22020509352646,5.52379200515425,9.82069123269009,8.89317721969666,5.76406227590741,9.31298519644872,8.21375536725578,6.78786586307013,9.05219757047032,10.0615760469293,8.0500260664508,8.84056261366969,6.78785979971674,14.028246024502,8.45507880643131,9.52888914525493,7.97456554737995,10.5072912062034,11.5135952040501,9.79004509109902,10.2051339879635,11.2561238577481,9.2675360746627,8.85988064400992,10.0783641417741,6.11151431506215,11.9784416328425,11.5701748823407,10.3056532013816,9.31892938346926,15.3917327992976,15.480526719212,8.05513923285922,7.81776503637094,5.25917382218863,10.4550564831923,8.56706476332686,7.44145973443838,9.07545112877391,8.86750266915295,11.7823437096248,15.6555790262494,10.5853248499571,8.99594192730368,7.25618203382245,12.1977247342121,13.0563601170728,8.29912704682288,8.71664741375129,10.0441932990829,12.4755227933513,10.7097411157471,12.7792078448059,7.4675892313396,4.32495499590616,8.85418364337806,8.42874708236703,13.0471264866609,8.62043294219119,13.9315818499268,10.6894478196266,12.2389954273866,10.0048750350928,8.11171109143145,9.47487549087644,8.91135964291368,15.4449528874009,13.5637970682451,14.0912137876444,"1"
"GSM3138849",7.93521183209825,14.050866968946,8.97565315588981,10.9723323441421,11.5137088921671,8.60877038144412,5.56140629695403,11.2800378494101,10.3147280259342,6.37314757082874,10.1273166121739,8.464716940789,7.42101189730125,10.0794190392053,11.1602236348622,8.0500260664508,10.0003577108278,7.24037200441425,14.5625777761475,8.13221115108033,9.00143910318898,8.40688103809063,10.2168205428376,11.8068089625762,10.0099402034496,9.93124298367808,11.8285163991411,9.431765470441,9.41601046252337,10.4503895720853,6.25022058589374,12.4747515702601,12.8018522825715,10.7631755596384,9.53263607693949,16.2151903220399,16.1796216129621,8.67091423102918,8.56667718203402,6.62339893793803,10.7207307708988,9.7936571731926,8.5022402111228,10.149628717155,8.99343965821792,11.4466147066243,16.3335699085097,9.87126756310094,10.371535645695,7.34121813767825,12.9996097159128,14.3194925687146,9.94528521590239,9.69796523432019,10.7015693371906,13.2433232035529,10.1957050261428,13.768593241135,7.85166037993523,4.75048486900265,8.88508480533136,8.44555537005358,14.6571436554025,9.50151084418298,14.8309498947575,11.5986282426331,12.420315183429,10.8633208908788,7.97595070507943,10.7618274475208,9.10769240509103,16.2935597780373,13.9421861376596,15.5776146944517,"1"
"GSM3138850",8.99357599461224,13.6968952652148,9.46009217402393,11.0379206857697,11.386825272018,8.44633991654873,6.09599527516007,10.9117246271997,10.15648360122,7.67431710554931,10.2466935177395,8.18755029690838,7.37101251076253,8.62335427166644,10.9085156467012,8.67833459709755,9.38747650654167,8.20763521800225,15.1167020358818,8.86163815178585,10.1115488601067,8.68433450383739,11.0442410879493,12.1898701830543,10.5263118743817,10.3287737646057,11.2719806194914,9.12233815912276,9.42938949232456,10.5381922841702,6.27406732784811,12.1773334621141,11.4428815571929,10.6867596636555,9.15203207472451,15.953088884791,15.425923827107,7.57163471782001,8.31710503600679,5.74970152105173,11.1081417048329,8.91582904318654,9.11978814147024,9.89664797598514,9.70789785297456,12.2110009547586,16.1896018965923,11.2123369854148,10.3334843400068,7.87509186646694,12.8781832321616,14.3265018912147,10.4055530080825,9.21590616510438,10.1424306119274,13.2728177972896,10.5025186920131,14.7094683324253,8.29627099459742,5.07867195436169,8.84995658192775,8.96142768303496,13.8276562762504,9.10655353953151,15.2387795259643,10.9581135298724,13.0238406659413,10.5853361435791,8.02704869436207,10.4694660543143,9.41989419663667,16.4084663858008,14.1639280990848,14.5724993820007,"1"
"GSM3293897",6.75899968361242,11.4206871000933,9.85966505458733,10.3357785308576,11.0530118204699,7.2967709865376,4.65717017017736,10.7866439120468,8.84558840258439,6.45645431240222,9.4382445254869,7.85660134282927,5.87162359740816,8.34916398522529,10.5747491934182,7.91773148400175,9.09001640644786,6.2619710410672,9.18430526341307,8.10209329509524,7.9792373478647,6.53966945713478,9.57433573314992,11.3724449994328,5.064428808578,9.48692970500903,9.64912196370534,8.79501760660166,7.37728507410055,9.98130295900655,4.62854715736543,12.1360075331045,12.2245363522137,10.8817040445392,9.28621335811731,12.8448354088869,13.1969051583759,7.04137750002859,7.03173911358993,5.33687448501739,10.469224455991,8.92009072664211,7.56747863505401,10.0531578112591,8.28029940450896,10.2521404242453,14.3485944917111,9.18545951258028,8.58408334860536,6.80077153212758,12.4999246564439,12.7217688317156,10.3806358446325,4.40036583999369,10.1576506891177,11.824400157792,9.93342371004195,6.78886680141087,5.80551992094166,3.33919296953446,8.03446752659032,7.41624861343002,8.10629860731967,8.69529798823919,15.962323433403,10.4550108234679,10.8480227575688,9.99474811154037,7.48569747402247,8.417556592872,8.99471484542441,15.3424934865988,9.43865460728579,9.42333036666658,"1"
"GSM3293898",6.91114243042365,10.7296645633272,8.78171710007239,10.2904444218645,11.2345985407845,8.44915899092727,6.05649983825753,10.591093377504,8.86993330379761,6.26175702294065,9.90220145263401,8.27258459577622,7.74072873316734,8.70645349658302,10.3340042924458,7.39650666676819,9.87169683364037,7.07002023053718,8.14536726805292,8.46193056110586,9.66915648418781,8.5804041370308,9.23125168888143,11.3610605337955,4.34488087846997,10.0227453630076,9.71840343388533,8.92948968313143,8.13529370429933,9.7183508065603,6.00843915008046,12.0667375774206,12.5200833316322,10.1839000118025,9.21200223662886,11.7226039110404,11.6043184894243,7.93246813815843,7.06114428222449,4.31518850857516,9.92038244731887,9.27151523814074,7.14701643672545,9.85604232970853,8.63023482821441,11.2424140556282,13.0508581455367,9.60420007406512,7.68700302563152,8.06946150182395,12.2161187628227,12.3986339999487,9.33888767005536,4.84416753106394,10.2086165168933,11.5213518263205,10.343947832438,5.47381452459517,7.37325614761469,5.30512434472619,8.08640490571228,8.79178108923996,6.07845902023605,8.07387421251515,14.1343078871667,10.0442840354822,11.7165407647008,9.70156293637731,7.54380899868677,8.09855653187773,8.95953815015999,14.0988106821415,8.50508082141946,9.06323606824545,"1"
"GSM3293899",6.64314602809422,9.88119793501795,7.1232490920806,10.7410750238826,11.1756872008336,8.47062772502807,4.64297045394929,8.92901340200559,9.09986784186753,6.37187011637574,8.71165734161129,6.29841495374359,6.12761066441565,8.65794519386182,10.1235277328133,6.36302614272729,9.0512947598127,5.64164309269359,12.2056778001131,8.12245630985891,9.05339208986928,7.7503308742852,11.7030138531793,11.3171509992239,4.99112480461914,7.74638718914401,9.49396540326659,8.77401351739356,8.99145811286026,9.51821219922626,5.18126857197726,12.2290593627443,11.3690520422474,10.7024750599613,8.56171000654682,12.3902681436167,13.1366981370031,8.53555401322728,7.50610964221615,4.29583125109941,11.3718918058281,7.24261261011742,4.49267380521512,6.71751000880958,10.2894057114747,12.4883296944292,9.22743988180612,8.88563979258169,6.32708949164615,7.70216210408582,12.8689940796937,13.5402444599592,6.8185761059413,7.29170946959876,9.34844762460135,15.3181609097046,9.84194122771309,5.29500385045,8.15025897657043,3.74458522078257,7.95577962100009,8.10498835466421,7.29610467635591,8.01486780947358,14.0332726389828,9.27500491144229,11.3066387567975,11.3703737514646,7.22606559565976,7.91784033042064,8.09905711483323,16.9042312071459,5.74495332890896,10.7452728281407,"1"
"GSM3293909",8.50735096722158,14.2990684455174,10.0155292778226,10.6806260270851,11.4983402859468,7.9458273923652,6.06025431379304,12.2655417042757,10.4360777146837,7.10416978140036,10.9258069042113,8.56273941028651,8.03730190827846,8.93900036269141,11.6864025304753,8.02797585404393,10.4176750100045,7.5758179033302,14.7086362332765,8.77786081814487,9.29405473571569,8.73759880831626,10.3054099144786,12.3437653820265,10.1116368580467,10.4980298069267,11.5785411777439,9.45476956648532,9.12706652344532,10.7302025428671,5.6111858313889,12.6171883581982,13.1050718249385,10.6856131940818,9.45349831343876,15.9538913129582,15.7545888994078,8.80695267278645,7.75235652866287,6.96828851855168,10.7129600043219,10.0625703306309,9.52496618252106,11.44409256339,8.37039292340057,11.7487030168161,17.6348154932519,10.3771051428913,10.6528669252099,7.81267332634933,12.6106342958756,14.7009528733893,10.7698106943374,9.41694139022659,10.3278430933565,13.6778804300886,10.5092492362157,12.1957816413195,7.37823232381693,5.29382883229866,8.83703132492096,9.04761782869666,12.7052096815398,9.35851390613045,16.3119676430435,12.0119457392329,12.8362181211002,10.4585094203089,8.21101177281124,10.1191659440288,10.2148335583473,16.8882412148873,14.0629210293091,14.6743620212301,"1"
"GSM3293910",8.56281163630356,15.0640490033413,10.2532956046451,10.7388834895205,11.8002490383175,7.96493926165907,5.62846362661836,12.5973740779586,11.4889883944439,7.80261556056783,10.9953841199425,9.1810520540724,7.91040026042545,9.66196153802074,11.3787224116763,8.15720670116918,10.7617804215235,7.51531734467364,15.4090693246373,8.91552256467003,9.21514424788201,8.74987486252526,10.389693557668,12.4164393472473,11.5217104356115,10.9465094383734,11.9052991622258,9.78545161849316,9.63761038396735,10.8494212227768,5.50657191186707,12.9240775775126,13.4601412637726,10.6173120024226,9.55544753066077,16.3255268730752,16.1881744607515,9.16974199424226,7.68610057041787,7.08334374851388,10.7844753617993,10.270394045799,9.78641548041854,11.685783412279,8.81725076256037,12.0714525478472,17.9236949700802,10.7570885921761,10.9324636567428,8.04121207127798,12.7088539208452,15.002228092006,11.2869263351007,10.1069487245343,10.61665935478,13.3465020452194,10.8964254636795,12.5468434480324,7.56066781076575,5.28322735268984,9.22215126089249,9.27858857121093,12.5297193246365,9.36597796947025,15.8640049916356,12.2665140743322,12.8611008090499,11.344470821962,7.98416822452727,10.8689633639549,10.3584401589989,16.7088484639318,14.9067869498138,14.9296629192295,"1"
"GSM3293911",8.04501923118491,13.3425306617925,8.92158988842497,10.2052419769694,10.9248181995328,7.98275422482901,5.80321055780064,11.2181962905031,9.31179150511949,6.00038827851942,10.4620445765578,8.42503130956869,7.19971949687451,9.08428168195317,10.6965974571304,7.90505499909225,10.0218510281388,7.08344576014965,14.1362761236869,8.27937075529643,8.95801305803024,8.17528561390642,9.88738543600094,11.7364153406235,9.90123925910538,10.3287480366349,11.3593376699746,9.37490855407249,8.70981170282818,10.4016918322321,5.53253046094972,12.1508960908903,12.9677876599529,10.1313358550296,9.32100965037255,15.4226111683215,15.384951638791,8.27150038217176,7.41795762089715,6.19235596035509,9.8670213717738,9.66417662929238,7.99281353925978,10.9575457287246,8.09002330512034,11.1608214487871,17.1285853136664,9.87265120467963,10.3639158871214,7.61791081623695,11.7066079141376,13.3879176249699,10.1654111603393,9.02885996355799,10.0622981869337,12.7799540933088,10.1169496308803,12.387277050148,7.20221706634779,5.1554543098643,8.47193823750099,8.42236585850703,11.1948498104731,8.94749170769305,14.8212920230851,11.5954848350981,12.4857443303743,9.86731364780185,7.84679164129097,9.91348153118614,8.81973841112468,15.9156763634915,13.4010873840455,14.0174393183052,"1"
"GSM3293912",8.12456719364151,12.5130220587753,8.26479201734443,10.1087438187924,10.8533123614322,7.71680964480125,5.39522847252183,11.1335679458188,9.20645759706235,6.2663737542024,10.2695177861996,8.47932825812992,6.94668510859738,8.79088208746483,10.5301304981812,7.49520765576034,9.77074709939009,6.9623086551615,12.6130842320043,8.20670958722571,8.72554212241583,7.76594246187939,8.38165882484996,10.9872382098329,7.96563030161576,10.202918689323,10.7038180040458,8.9991997250762,8.46962057414604,10.1792986791884,5.24483295058497,11.9155939370574,12.7318337568336,10.0351408604004,9.22496452665739,15.3038873805724,15.405231117125,8.25664681323931,7.81410958833886,5.4213174142314,9.99109879681391,9.90211674647822,6.93881754966534,10.5918959754041,7.91248615658629,10.6417516717909,16.9198711015884,9.64711679698594,10.1095537725711,7.52443212032727,11.7372773097071,12.7451837139027,10.0449445777459,8.00063639036827,10.050424944285,12.3349707044417,9.95579483906568,9.93367757016834,6.81622911475406,4.52031661876856,8.10129489081717,8.22072659666239,11.3468765394291,8.62113419782877,13.9837397159722,11.2075422437264,11.8735659149928,10.0518498292132,7.69303614683496,9.16323894185552,8.52344655561902,14.743515598526,12.1063958367948,13.91033802809,"1"
"GSM3293913",7.63274033195982,10.2024189826595,7.29057647147983,9.96924422052799,10.6238098921729,7.37286908342444,3.87477735671145,8.26607936536015,9.02864924040784,7.03460568255117,8.71195186183535,6.45865916134447,5.40298118443486,9.02990724400214,8.28576894895119,6.668673583772,8.49089128713949,4.15321207815921,10.5669842653241,6.84761387764045,8.20079635755955,6.06875309594814,8.04018416836832,10.9218832672339,6.73746709042259,7.74051319079591,10.6319118357357,8.43166485670266,9.20709736217361,9.18701726382448,4.35766414273027,11.4379764796753,10.6126711608174,9.61294119063499,7.83627263390588,12.2558896373071,13.5614455338682,8.22240978595044,8.1584672261042,4.44351607447525,10.2362574804778,7.02250195175609,5.79869343355177,7.07513179867501,9.30202287503414,11.4521447186307,8.9696295684682,9.95300860850592,7.41915596699701,6.14925856099886,10.3918605132272,12.632029644818,7.02120613945783,7.96686517044089,8.838287707197,12.7042190198305,9.33277110680362,8.31918601439453,6.62891850088556,3.26545866837272,7.61519062295109,7.00183753458611,12.2580010920649,8.08984032391234,10.2839179923884,9.49141512249365,9.01960764327782,9.29935757238638,6.85929552062769,6.2689601008702,7.46790210740329,14.3868428865473,9.46028250890445,12.3575617901777,"1"
"GSM3293914",7.99385236778461,10.032519024991,6.65883155831506,9.94532611298679,10.4990285352277,8.46830124173512,3.91801428006973,8.19620217097994,9.31418846176247,6.29817348228729,8.71041724298957,6.73577238631702,5.51989339430721,8.71575294000189,7.95635673093135,6.08184608059042,8.66961811188967,5.06512369154502,10.036229013027,7.21773198223364,8.54074033082643,6.50368902378718,7.75097888289014,10.5590606061734,5.96688845930966,7.30673276350445,10.5805040177603,8.20969856156505,9.33355843726916,9.28555812426395,4.63144445491611,11.2088752145299,10.6816658637969,9.88118770303073,8.06581360980607,11.4737394013869,13.261077616735,8.38183985113167,7.83124886313344,4.30705729674033,9.7219013203678,6.97310722865549,5.48994484240451,6.97467073626418,8.60464740263704,11.3499187069345,8.82913637944526,9.71184558436213,7.1909356896071,6.12051846603416,10.4334714743573,11.851152860466,7.17121735138939,8.87866779500297,8.98477347060083,11.8058637670581,9.39834533694717,7.2341801242416,7.06703436873396,3.4669512889251,7.24380358676974,6.99611373744783,11.8437627320044,7.82885183378478,8.62371253011607,9.3265285498243,9.13260546749011,9.21177624625924,7.13811398997746,5.9322116184175,7.54775333177926,12.5981889321542,8.68084492785267,11.645024467841,"1"
"GSM3293915",8.13239447738209,12.0063420660001,8.27746619990376,9.91610656213701,10.7757374358939,7.96497154591062,5.00635473200321,10.4514360180989,9.47150673088834,6.94040682805434,9.77406417108915,7.72311980694814,6.44193738022146,9.40557086181217,9.51360499111187,7.28577672898338,9.52393923295806,6.28379828352463,14.2226825767701,7.96733734507058,8.97518483104023,7.49944032839109,8.87567478729267,10.7641237301425,7.9733196003403,8.43468326914479,11.0617816867159,8.10479710645598,9.29286751019427,10.1260056300456,5.21550507765672,11.524834834661,11.5982524616634,10.7123021114335,8.51206577996004,14.2846437552239,15.8014966217011,8.40968853283456,7.75082324954639,5.6663968001118,10.2763209114095,8.41024151821686,6.93049157824264,10.767622733936,9.16648664868716,11.17735584839,12.9284236337031,9.99320635943945,8.99485846732262,6.68459085178855,11.6532231340248,13.3710913589705,9.23506976104164,9.78456975591758,9.6383470428376,13.5919444332766,9.40856215577619,10.4301678310861,7.2532813651381,4.21258871874572,7.9112607933404,7.89234483240319,12.6237349776317,8.51922213400672,13.6898642505888,11.1329788847288,11.4454837329561,9.26229057579948,7.79841875224175,8.41214059641211,8.04096382663286,15.188012089732,11.6289125034452,13.7099598600943,"1"
"GSM3293916",7.94564735655652,12.5175933716032,8.5079662934629,10.0378931554983,11.1714874372198,7.92188619282786,5.24780039003004,10.7614168847729,9.55221533146097,6.86570070363672,9.90415743829891,7.86297379929959,6.62950688512376,9.34716537108602,9.93152404689068,7.54135672904123,9.73695132731743,6.14850223724744,15.6547345806518,8.04443542615105,8.66373430687188,7.23465495744867,8.78834648790501,11.024831966629,9.42651103492982,8.51087853713963,11.0684160165763,8.32060532211739,9.94819856268007,10.5913918953119,5.0485512767727,11.6152948357715,12.3645512993952,11.1062125881311,8.84373978393664,14.7057823085703,16.2570794618394,8.92785371444638,7.63189476113432,6.12836978679243,10.1611918827404,8.53904647461199,8.37281686663355,11.1322050174127,9.41139915376348,11.7508315706357,13.200281791613,10.3341635015379,9.45811113941438,6.50975781079667,11.8154592544446,13.6917138079475,10.6326369313618,9.16972618486712,9.54012786626438,13.1569254654377,9.80489623214266,12.0003216824853,7.37485335585168,4.22571642925513,8.32169371594602,7.89300196727786,12.8612823645068,8.41974814331885,13.4288577273786,11.3762035454482,11.9272824248302,9.5707395108055,8.14623121940247,9.03162314686326,8.73368693403641,15.3375409670531,12.2570609961919,14.0894026643169,"1"
"GSM3293917",7.87058677805408,13.4740907059661,8.88851077521457,9.91190826099352,11.3484918439656,7.74792790891272,5.50304091481568,11.7424595806627,10.6557330975785,7.16633244278163,10.4508683607136,8.90762020705965,7.53108400614328,9.0808383232391,11.2660317208373,7.73595194443592,10.3590112681523,7.32050269225168,14.3245042143846,8.56112675193035,9.04207224119673,8.2778874087188,10.3045518261571,11.9839543453822,9.68384026532004,10.2165973173428,11.3669796393637,9.63337888778669,8.66676354795872,10.4543417492219,5.42011699915306,12.6897490133539,12.5994485915855,10.4658386702941,9.07161678790281,15.3378069824265,15.2227336689794,8.56436248940245,7.44432993097892,7.0811421759788,10.595618421207,9.65316072009389,8.75825370741202,10.876123667864,9.39707979002924,11.756309693591,16.857980782891,9.82944575722456,10.166684737173,7.62560111842448,12.3005247085016,14.0751322594367,10.3671080742799,8.72794979318966,10.0025610842358,12.9094435168882,10.2159360645189,11.3482125701612,7.21270857371621,5.36509428846724,8.49477306287642,8.71589421782252,11.6906225050648,8.8031225897607,15.6968875167467,11.1788561596412,13.064544890822,9.92747151652332,7.55875465752669,9.68858025634736,9.39900546961924,16.5081186611776,13.301305796965,13.379342375602,"1"
"GSM3293918",7.77444277972094,12.4745686733852,9.20783537511761,10.2164425701488,11.4036730913535,8.04674633700589,5.70493251077739,10.7179971790105,9.34510093735799,7.30506986587521,10.5409102032678,8.72032792229033,7.64702704761098,8.28054599084994,11.2648551607117,7.87750106327318,9.98180806677333,7.53884148055018,12.6494922832459,8.49521218554136,9.58222883619991,8.58744301813785,10.1839893978811,11.965577674036,8.22234739015299,10.3978770932936,10.8738201937694,9.63544998802537,8.56900659570959,10.1019052663007,5.82030067259298,12.4584467212572,12.227691227124,9.86597130696217,9.53322351695736,14.3420343839895,14.5160903394666,8.12479678024805,7.25360111840284,6.35311117621441,10.2923349906114,9.30469109207562,6.73068657201308,10.7501322327389,9.49278659814406,11.6050755639105,15.9963887077904,9.59793825294757,9.28248186366485,7.77700490420929,11.7119464399213,13.5869391822935,8.91475657695048,7.21272803472104,10.1349698439329,12.2192399521501,10.4190590240491,8.43071153395967,7.10978506598694,5.30608561401768,8.36065814782222,9.00411782331226,10.3965778003343,8.53105673684341,15.5655797159934,10.8766782256092,13.0259122813812,9.71530785163481,7.88906209054924,9.58184686057458,9.21088292086091,15.5155626467105,12.2936935867977,12.4063033660395,"1"
"GSM3293919",7.82675301386822,13.184223504372,9.79407472700627,10.2166161636112,11.0772622224712,7.37271558989503,5.00263078451087,11.2674901924224,9.66088896793918,7.39044592538949,10.1548365430761,8.24559324819898,7.34456374421841,7.94287144693556,10.9363603173266,7.47916504962495,10.2032068413463,6.86126425798261,13.9357169706875,8.73459693092885,8.57915028954285,7.93150828050609,10.8912977672215,12.2283135424977,8.8754482577584,10.3619977711152,10.9582125750762,9.20265117388334,8.96508791690951,10.2675070237121,4.7950576632187,12.2818528300828,11.8717280874514,9.8148742844406,8.88019599841878,14.8791800549298,14.4812408515302,8.07674199542243,7.10232203702616,6.57166345163953,10.1988636988731,9.46962880875976,7.04691950614782,10.4982819122728,9.1348510795963,11.7426071132076,16.4434554144944,9.85926050628317,10.0647835097727,7.05337887997311,11.4687914388472,14.0123323394862,8.85579325023533,8.87887561796943,9.9683768075176,13.1553868476605,10.3212435675143,11.736217995666,6.93240212864302,4.72973376121148,8.17521378773717,8.63792073198008,11.1619307153909,8.66397657326046,15.659086823486,10.8561722846283,13.8170065235322,9.31277594177008,7.84644426508997,9.35837865693723,9.49742996208231,16.2759873565852,13.087873248796,13.0700235746185,"1"
"GSM3293920",8.24966845153252,13.5651355075158,9.72602159603103,9.79244162229935,11.1588236562649,8.03237288178338,5.59967368981877,11.5047781421332,11.3631288482756,7.80822151519998,10.1902750594719,8.49450368585677,7.73739072072248,8.41954749340129,11.4029048280409,8.05308125302163,10.0792704247209,7.56722039480793,14.078820533137,8.55504588993543,9.63501542620706,8.61163377615065,10.5404942901353,12.2922263143749,9.93500431199896,10.4057746887092,11.0511335913545,9.57051453416355,8.62094832905444,10.4453740245797,5.734584377104,12.4575953802198,11.9995783017244,10.4141803084032,8.86174856034659,15.1048239522978,14.8804328924956,8.28443695512063,7.3732948646899,7.12077196346297,10.4370621708242,9.14240093206988,7.87987206278301,11.0611084991874,9.19840092092923,11.749465844896,16.625822204622,9.81594665778636,10.0764905335407,7.66825835910807,11.782037733306,14.3262686758142,9.34780968886145,8.90027224734807,9.94048790000176,12.5454707331556,10.1000461468345,10.9155692511345,7.17825318536529,5.52369351469747,8.49031939082022,8.956076481585,11.9154903861591,8.72513771118877,15.5998093182541,11.1054642502895,12.737047653297,9.86405744608853,7.68829113540781,9.98503069636049,9.17451235934995,16.1351900213048,13.4703243294147,13.1126792342415,"1"
"GSM3293921",8.1183381153935,12.8678546432501,8.34558663589321,9.97164948695735,11.1304441292867,7.53824892368207,5.16711469977817,11.5106440866068,9.59753252919128,7.15078966095983,10.3206092248817,8.31521556204314,7.20279961709248,8.90746633583198,10.3733814075836,7.19980972928277,10.2120689758285,6.80868315659258,14.0807901609262,8.35230699646163,8.6187815040521,7.95432993871655,9.30192824131963,11.3074295039865,9.50343170189316,10.3642514701605,10.953820413194,9.15823680028708,8.95398193810578,10.214139217353,4.83975006493717,12.2223341568848,12.4545256370265,10.0076046529186,8.80746772054477,15.0189894625996,15.1162387461854,8.65795060501758,7.45421165062185,6.31038815360951,9.92446555137342,9.5760016396956,8.64619710434925,10.9366550174238,8.69276233089756,11.4221495955054,16.6995929539707,9.62589150123497,10.0807588526246,6.98295698573306,11.7171065327812,13.3855132322124,10.2105935453451,8.58638956520351,9.84115340162354,12.811897734738,10.109637645894,9.91981628111981,6.46567717963728,4.72702652420405,8.18031762182614,8.57034989347,11.3342483887876,8.75931053909513,14.4346177712104,11.29699123279,12.5420805328524,9.81941417783496,7.6395133363994,8.82599223736186,9.44958191271057,14.9098711952229,12.4839972173807,13.5130160730203,"1"
"GSM3293922",8.54736545247817,13.1280222276793,7.85219817138287,10.2563314864498,11.2685736360501,8.30169742321551,4.24765095573979,9.39781318547971,10.4838053897742,7.45424429866062,10.0281628970733,7.09165973841933,5.42614699588695,9.29672372369259,10.0015437606008,6.59340350999829,9.53340661501917,5.25150867569611,13.7887054626808,7.05646135401111,9.51792423867933,7.28581479516603,10.9589136567399,11.7516851902735,9.76965722899003,7.80779000240406,11.6922255503253,9.08106058164272,9.57847469594142,9.80057089337555,4.97872051232356,12.1421686912053,11.3950259137556,10.3522003028298,8.00169050087875,13.3920205112991,14.4395127089649,9.07012582161416,7.96020346249784,5.57692199077051,10.8569562440181,7.70437774380038,7.69290409052352,8.37227633923806,10.0980718478732,12.7289593735785,10.4381257509665,10.3155625148228,8.02842436143886,6.78519893618874,11.5668281865439,14.6339275780753,8.10012572168866,11.6407988273915,9.40114568532759,14.6046599863421,9.81562089337627,11.4990611224717,8.07585965530453,4.3043597324259,8.58762577343655,8.03439760626707,14.0451143118097,8.45917942199886,12.0691073127136,10.1197338781403,10.4179559673987,10.9281995946162,7.05123074533616,7.40619723623502,8.01580006371183,16.1898243769942,12.6233758857355,13.6972921283387,"1"
"GSM3293923",8.49065914453054,11.7464140458454,7.49653231973613,9.77537811800665,10.9467084717235,7.69708491588582,4.22842561214085,8.552322350916,10.2811465030792,6.94310824697474,9.02800027519762,6.67680282443109,5.10708668357828,8.91369935334626,9.26485952011259,6.85935802739091,9.02915809347149,4.26796935253334,12.1012308265615,7.25794423197756,8.44088310947716,6.70797229250383,9.49342544550307,11.4388655941769,8.72161193220779,7.68768959443018,11.2296107537788,8.73723906298373,9.29034822229658,9.29892383087447,4.54026236857045,11.6430668344863,10.7121286305779,9.9873790152486,7.6499738371159,12.5490531682189,13.7314430513476,8.66749539623127,7.70048048645977,5.0426699912634,10.3407033778151,6.99563174943531,6.02473555202724,7.90071970519025,9.97392055017667,12.2931960118707,9.70411995841749,9.84420238528224,7.69153780698424,6.24613627857952,11.0403764064172,13.6667659600412,6.88218737900886,10.5442630925081,9.12594015047188,13.6785383458178,9.40650505124968,7.9962551157108,7.38487464041754,2.96529215207289,8.26616072677088,7.19378258403753,13.3419863861753,8.07200047317743,11.133267296767,9.77215069242646,9.57273083897245,10.0333581214523,7.30034387109422,7.11695070633242,7.27787017899873,15.1483262291208,11.0850873269973,12.5573936572829,"1"
"GSM3293924",7.69448475685303,11.3576284966338,8.49526038887462,9.73463232954844,10.7927458493079,7.71220404890959,4.75903837761645,9.90581380616502,9.82862786696176,8.18726110664688,9.32237044819479,7.88524819957282,6.55019413136092,8.70436062934356,9.59034456110237,7.30326615626762,9.54800702855357,6.22132610152645,13.7698265206085,7.8088169792059,8.80716569682646,7.64511985298853,8.95938293164934,11.0116533541054,8.51572837155376,8.2377231541818,10.7089567614935,7.99522347125304,9.50794762525186,10.1700444263863,4.77925006286389,11.6152572903902,11.13097680006,10.2892364440994,8.23598442950281,13.6944985951449,15.2297105883664,8.25625042364546,7.19176824324835,6.11527541828658,10.1327978663365,8.00264555330321,6.91312783475313,10.4363018239193,9.55702755662975,11.5650935910381,12.1445077197147,9.96581386113856,8.56477844525454,5.99114284921499,10.9093464956809,13.5866091749191,8.87601870842113,9.50837767209732,9.36245000582666,13.5227612182334,9.60989973725405,9.85509325028612,7.26725161055277,3.91148480588479,8.01150227959211,8.08010632945678,12.0717775239783,8.12399854752435,13.3720259804235,10.2919061197151,12.3165929550988,9.38515163816765,7.62034708905709,8.00999171713972,8.15494310073783,15.1946114615971,11.3011367384039,12.8230631033762,"1"
"GSM3427949",9.72972000676476,13.918835620492,9.81728331095157,11.4143002059341,11.9905742474227,9.01062476453314,6.60282445430726,11.9285998911901,10.665647332255,7.12048880855366,10.9239810329976,9.31141947471241,8.31094734007739,9.60495794704905,12.1599332766025,9.08093416635386,10.6485336297522,7.63678316927027,15.3473589417821,9.56127153206478,10.2498242390181,9.3941245379614,12.3681641610441,12.5889788735908,12.9065528973768,10.2321984413173,12.3930430047854,9.27834449158638,9.67581163030513,11.452285598412,6.64920277400973,12.8733151252076,13.261134899253,11.4158635387302,9.78226874452094,16.8835466871146,17.039259640575,9.33412837133259,9.43009248487967,7.85337983059762,11.0121256389392,10.1267303285042,9.5195939251594,10.9436087104636,9.51498581458688,12.6604556628219,17.3057576858189,11.1957555978173,11.0452308353423,8.57869694165661,13.2082668813745,15.2773685245939,11.8346896982201,10.3424933726448,10.7446016714269,14.9084285119502,11.2747491074947,13.4556407896186,8.86758008247761,5.52494721678231,9.12271067865122,9.56438949668336,14.8603570546462,9.51350335734229,17.4434983355225,11.7473453980373,13.64149267605,11.4146175974545,8.89720925350838,11.4212705088885,9.56181541315988,18.026730320332,14.5661454793124,16.4778406269572,"1"
"GSM3427950",6.11721504608668,5.60332685447598,7.1119124211842,9.23306385186217,10.5311426287854,7.29894320997014,4.34409018590709,8.80100379384693,8.45956057782395,5.46788759095714,9.19917549310479,7.34794535073752,6.21473202481809,7.6289241639895,6.8741889740869,5.67562569021686,8.75351567594958,5.59061298783734,4.30378476847632,7.02145475011521,8.34337591657093,6.43583863703814,7.17491271622912,9.69228389079606,1.8006443888056,8.63107723784348,8.31699942642187,8.05019330072562,7.41441487445367,9.32378380078563,4.49237235933913,10.5090705717258,10.8791626692442,9.59697441547405,7.83850545471305,5.83888563608116,6.69141996536387,7.49187254177836,6.00339206807524,3.57766016513271,8.59377990146015,7.24502406034246,4.28179916190185,7.65110672950947,7.16134885997218,10.4983857510982,6.13872435309179,8.42559069016498,6.0568374549903,5.75435645131863,8.74582441981994,8.62428539645051,4.35214100918049,5.56410193357574,8.56291739960152,9.53580711839042,9.66390730409873,1.33108862963303,5.54369047125696,3.28931896828917,7.06811210340416,7.37626697743166,4.74187940907036,6.81417605736171,8.87446919494056,8.92394355112467,9.47094218357648,7.7063213461196,6.9010136879173,5.33714548497512,7.05592448342992,9.80251401312866,3.11833294394193,4.41057434391283,"0"
"GSM3427951",9.40638704770765,13.4440505261188,8.73489836836022,10.0467923187044,11.1635539226616,7.54815712121709,5.10659087218044,11.1620765248451,9.45432738314938,8.2435702926962,10.148415556371,8.725135219395,6.99647933384257,8.94480321420405,10.7409426187542,7.80807598624051,9.93486628418967,6.59646571408278,15.3008701370788,8.54843406672996,8.83942385949774,7.95588366107796,9.87561394218777,11.3218020175967,12.2528856292364,10.2900842369972,11.3450282525896,8.99970834169318,9.54655188845379,10.6624208926597,4.98006223801794,11.8862380273235,12.4332729931089,10.4011675759001,8.79281885482615,15.9021954766656,16.3521064098454,8.67041781829028,8.52205799553888,6.85822923025902,10.5750026944295,9.41107849752909,7.65350630500532,10.6515350195648,8.85858817582277,11.9718117498812,16.4401026894984,10.3240138643688,10.4684027623623,7.04454246341239,11.9200964023078,14.5141289829951,10.2083441913402,9.6937433395527,9.8487352010796,13.5730943512546,10.1227624870261,12.2743360255346,7.34964267561448,4.56394134839818,8.57308520301976,8.71391330606595,14.738504210934,8.74533989829847,15.0548434799921,11.4891414108965,12.2286538253223,10.246820151391,7.92790032221612,9.732404183066,9.65183728371161,15.9777774622469,14.8243718101511,15.7392492712408,"1"
"GSM3427952",7.41738858833352,10.6492277050846,7.89521673001728,9.49099433349103,10.5545166421089,7.16784421969739,3.85866335873685,9.24629467693729,8.90885460213509,5.86842552054087,9.17357861931163,7.60954780107818,6.38228612179766,7.79414654646652,8.99030753183341,7.02847466363309,8.84951749582694,5.88650322182318,12.0421022556425,7.71312425862857,8.2824078992795,6.96190744870573,9.02454568834358,10.388676493828,9.54883723839506,8.89411164367728,9.86817361368675,8.1212932849545,8.12252560594769,9.46174744096137,4.797075944474,10.9241080710046,11.1312052755327,9.46281157915699,8.03924470828176,13.4189167286047,13.6286383489693,7.51879582692156,7.07868019537948,5.20384532858038,9.04828730533364,7.87365703272059,7.27410477011185,8.84930968527885,7.52193857522864,10.9461954500939,13.907863517906,9.42061587474969,8.14299409874002,6.16189941405055,10.0948237457456,12.0475500995212,8.8649096851635,7.16569510884102,8.85389690619538,11.2722155798828,9.62163423402245,10.2299419061761,6.25090872202912,3.82697575423197,7.45816576447431,7.42945991659725,11.6336631122887,7.6810027871105,13.8913976988656,9.66339925176734,10.552430818375,8.49123887905745,7.33143792062708,7.96441879055424,7.91759632688194,14.455884413314,11.6214571526066,13.0580327703678,"0"
"GSM3427953",8.92035771685737,13.2888610755006,9.26171983512169,10.9630317199036,11.4281672096253,8.14761919163336,5.49093157423636,11.3919401956127,9.93299780311556,7.97377852068709,10.3966416717076,9.08233240080195,7.18239130477587,9.30028386880244,10.8948879667547,8.27747517704337,10.1366016399628,6.67600447906799,14.0555519649939,8.88994996698672,9.17422801993647,7.98969060521927,9.62701076991448,11.9776610073043,11.2566564869018,9.84383843719605,11.7571764879792,9.04887557034852,9.7306179815074,11.3443904903232,5.38716347737302,12.3069796100604,12.7545181903673,10.9614642909011,9.3872557428609,16.0350213649793,16.6688309123931,9.02306877157068,8.94483988572013,7.49704170492443,10.6588033593416,9.81075949821614,8.72721031022421,10.6018721344961,8.30531463435181,11.8163095769951,16.5147658057008,10.6414055982273,10.9664382632394,7.34429376745508,12.3088533492876,14.2791631836788,10.7026382562646,9.43628830569776,10.2141751740721,13.611590818508,10.9416959702525,12.1986247866047,7.63518882574246,4.66902339445573,8.53185561000686,8.98511323174255,14.8625338690345,9.51483815624172,15.1088817412425,11.772342378574,12.550359893117,10.1466009628603,8.70604055550669,9.18371043603694,9.9378687219082,15.9559104850235,13.9436659001631,15.9191614560023,"1"
"GSM3427954",6.93435098893687,9.05822881463277,8.13526781785023,9.99956447309333,10.7795953209258,7.69474961882878,4.78466277729308,8.95266477321855,9.02186832840814,5.25699080845852,9.96491373689964,8.17188876512382,6.58831509692522,8.13744829214645,8.20376887659012,6.43193849051719,9.26145575644689,5.59061298783734,4.30378476847632,8.10840316988002,8.5911288646999,6.67462549662526,7.94769569795121,10.3225401038753,1.8006443888056,8.51021005136173,9.04067932983786,8.09344279367118,7.92863090034736,9.95163635041054,4.96643037243018,11.3573262112515,11.7592364981458,9.74193108774752,8.63458090416453,8.76880720034502,10.5196682144721,7.9624170966765,7.26408253344074,5.97891071268148,8.55542266572345,7.9708966862568,5.21102608748847,8.24857986869938,7.54941931165075,10.7890398688833,8.33322737725476,9.21545818549374,7.34432490454864,6.68546137010756,10.1794534465283,10.376726171126,6.70667376949978,6.85303820285229,8.99474232405231,10.1244783487655,10.2975479437132,0.746126128911873,5.86365437926381,3.8794431741261,7.63532233514769,7.27576337694682,2.51948698773391,8.27229290780367,10.3628584359667,10.0638569223852,11.1662715981509,8.30898584857422,7.66316009881334,5.33714548497512,8.01834130062176,11.9832457695276,7.00815002619151,5.61220820508248,"0"
"GSM3427955",9.46443716113795,13.7612835326576,9.96115741102606,10.8129987392425,11.8534033590447,8.83836492678111,6.23717498199058,11.4366611738878,10.6415707232999,8.88472733286997,10.3999065413283,8.79294048348307,7.97566086233501,9.7117635486681,11.2473986328735,8.57813096132459,10.4775851404756,7.43926137105312,15.1670934712598,9.21450962639608,10.1589984546121,9.29898418002754,11.0579590883327,12.529946417862,13.2694381106466,10.7920445640637,11.9116972537457,9.24036664606363,9.53920160062229,11.2899810926949,6.23913397104993,12.8888803676841,12.7922352360344,10.8866871540454,9.50856426261451,16.5136765434084,16.9977705308234,8.99010697779337,8.85813904472037,7.85418919670069,11.4119092951119,9.58969141637683,8.81864569654782,10.8504293555259,9.95421277943279,12.6259540134841,16.8914843227408,11.0043319865891,10.7688970172409,8.32177075082894,12.467285432031,15.011899179292,10.662429188512,9.9964804288082,10.6269890037364,14.267296523507,10.3564533073709,12.8307684510998,8.53754348692181,6.14890384911933,9.20925078559387,9.52216126129406,15.1098791078354,9.59443144613695,16.7207149172562,11.7955960832107,13.4507026188201,10.7790411900402,8.40944043262836,11.3114781244247,9.82630049286239,17.5081507307555,14.8306576312359,16.1736621919728,"1"
"GSM3427956",7.23495531501518,6.21783363081116,8.16239086621199,9.66511044984437,11.0961927373774,6.95933198086353,3.29162276601296,8.94726574778556,9.36790674725982,6.08706580701621,9.44412580837234,7.59370176513948,5.04124920396259,8.1637276169453,7.54703939307679,6.88109480851684,9.21222516474404,5.26280832661331,3.98185667358896,7.66356115793998,7.50480032061595,6.17049407051715,7.49298242516294,10.3836331584784,2.21568188808445,9.05399833619816,9.31348860762473,8.35391847277888,8.2973000070514,9.35977805964967,4.2362968117464,11.5073229094395,11.2402720049984,9.98439762965125,8.27863219648202,5.83057036786916,6.49586915624606,7.69701747656925,6.94849382192634,3.79556519547684,9.09945756574395,7.7835446130563,5.80402590727504,8.54445510375043,8.13740316434714,11.0467594166612,5.88753966513574,9.60568814280651,6.9493530283239,5.86233913219164,9.76230683428878,9.28576079103245,7.20869992923886,6.02239263080847,8.88159983498522,9.19847893020932,9.84854921404959,0.746126128911873,5.19576716783665,2.95961352281009,7.78402406550249,6.71837295425665,1.93452448701275,8.03118914203938,8.82699048477368,9.97876348796287,9.99063639521703,8.22445233836255,7.20963691906275,8.00552399388391,7.64363236088989,10.7368626042439,2.20079510413391,3.41057434391283,"0"
"GSM3427957",8.27729226157264,11.8931867530207,8.65047268960604,10.2543502737856,10.6566504083425,7.66896559305854,5.46747260141238,10.5868191243873,8.87222170522488,5.8858075987691,9.45768598243707,7.71850822087576,6.902542933131,8.60150146852412,11.2725298535697,8.18543486848909,9.4455824501165,6.73024752385197,13.5050918954036,8.37964638898935,8.43726242577026,8.01308617263129,9.90255516396497,10.989925722064,10.5376099829718,9.89026372168336,10.6215915891541,8.93413057394663,8.40904836470385,10.1667097177932,5.31190580177039,11.460401862052,11.9065360525861,9.87036426247282,8.82126147827741,15.3172833460601,15.6896130843261,7.36343852727428,8.5342670532341,5.74059873625892,10.465789012913,9.25877139079857,8.71589499699638,10.1064827642172,9.27408331032857,11.3258935002574,15.9729265862607,9.90719909964695,9.46840276236234,7.34925148725105,12.0082726535885,13.7385834597052,11.2297099939843,7.83755295535487,9.60419713886319,12.9564908408292,9.40683781766239,11.3221380031187,6.86168751455441,4.47125934588832,8.48230110825115,7.94229122982405,11.8406634832081,8.66586251793072,15.8957787500217,10.5226416632233,11.8679590397748,9.79299819168671,7.67970640769323,9.36141449973826,8.94456337448221,16.5800391986865,12.4411889448921,14.6934311061119,"1"
"GSM3427958",5.72489762330792,4.81573518723981,6.93205349819765,8.99122594959715,9.91832881803261,6.6970709307389,3.58112938320794,8.27920457701172,8.27327844989678,4.45629961668192,8.56762786852026,6.898142433298,5.515180392295,7.03867013766828,7.39840342169341,5.12866045273749,7.90895596254098,5.3205238244696,5.25487516799537,7.02145475011521,7.35822368097824,6.00143581289237,6.57170244602711,9.43074981227133,0.215681888084448,7.81048648862918,7.99130941273831,7.89945799629185,6.99937737517483,8.75842958468963,4.1138607360854,10.1310479147675,10.4385223441067,9.17834223781893,7.28308450443155,6.55076024928454,7.89040100009026,6.57213869012644,6.44396465946122,0.054098209075697,8.03878543756648,7.05966901833054,5.10224974157114,7.87006824544565,6.72035213363065,10.2460450134512,7.14983630821201,8.32534537811432,5.9493530283239,6.15058410082272,9.58441387311919,8.7007982903113,7.43231135786447,5.21046497896104,8.05553076736503,9.08505286887496,9.08436847533259,1.33108862963303,5.03051865360382,3.62052487676454,7.00145023394559,6.42728226329188,3.74187940907036,6.91467513331296,8.61039650547729,8.86528432953354,9.73335082707521,7.84625160726407,6.62160345312966,3.93578292259335,6.97975280294451,9.89358810793138,3.88885109781917,6.92153626319021,"0"
"GSM3427959",4.53225254536552,4.993273372792,5.43640682870953,7.64124116208106,8.57698097149505,4.98615576893924,1.12169776457065,6.78811866764024,6.59455799676653,2.67202830773736,7.6037963764383,5.54059042867991,2.7973236210765,7.15641752871304,5.64901411207912,4.3029906332998,6.62340518835337,2.89602599594169,4.8563257915051,5.63241245936931,5.89138728111919,5.11391054215078,6.65368630662882,8.25278312096044,1.21568188808445,6.33526198327525,6.94408740281571,5.97910133308289,5.71039970208875,7.23935501962493,2.18621158031009,8.87580062214181,8.98843689306673,6.66722876698504,6.06325827868607,5.47275773728326,5.89922485047727,5.44329467359842,4.88635264688502,2.69795439885042,6.52964956404044,5.33813346473394,2.37106649999894,6.24631326172744,5.44598972199535,8.11629188461125,5.46954884846754,6.90140781951225,3.65896050686964,4.06879000965907,9.07256685190317,7.98160739787306,3.26725211159397,4.00401410149361,7.15087864395251,8.38318497535815,7.76108637279925,-0.253873871088127,3.22666117578244,1.60814115230871,5.38487362868027,5.04527954325683,3.39395610565005,4.83996473879661,8.33672870414201,7.29572960017416,7.77954564995381,5.99218018629944,5.05626975915744,3.45578998147374,5.09656646792726,8.29412603751511,2.35279819757896,4.89600117108307,"1"
"GSM3427960",6.29258213259724,8.27047511055239,7.74321363657223,8.92045890340515,9.99470155698686,7.03835198006467,3.96300001855159,7.86866209495079,8.98275083831266,4.65185042579973,9.20148011826083,7.22241446865366,5.24983582577401,8.23585199620744,6.7378524770703,6.29711406696313,8.46106478213905,4.93350070136035,5.75444617748589,6.78441555281436,7.8417735262075,6.13539026956123,7.5998326940039,9.81034431413543,1.21568188808445,7.79880468358155,9.20885062256625,7.34105632184183,7.27190322998592,8.90232003234736,4.30289456047542,10.3891812908309,10.7972263335292,8.85148054992646,7.63109248050739,7.35304418179472,6.95952536074508,7.2635601488981,6.52776841593536,4.43780250154975,7.7455666825814,6.95597212170178,5.34192015433942,8.03146238940361,6.51266076164063,10.1581904229273,7.23577903713895,8.9182712571459,6.47187495426915,5.63763284501695,8.75183983523771,8.67371875625501,7.6863823655067,5.67280819301824,8.11938279102326,8.37697982583144,9.46932024842214,-0.253873871088127,5.4988362354727,3.0720882520685,6.65804241164778,6.67130470059987,2.93452448701275,7.08250123273563,8.27516437506027,9.02221914697412,9.83212131121356,6.55382341643547,6.97609941047345,2.79282496875131,6.80438571643395,9.76682230598535,4.55443205874861,5.41057434391283,"0"
"GSM3427961",8.41539453820143,12.9427468713959,8.50321019939377,10.0379398037618,10.7083189133224,7.73822825549566,5.49093157423636,10.2929519074678,9.79867168438467,6.84195330917967,9.67518100967506,7.97577450107054,7.29758895722238,8.50859712348071,10.5147724577984,7.30372352386212,9.20546779856874,7.02313791384503,14.4049725837361,8.55448945879251,8.9431861816994,8.46299268854187,10.2043593559957,11.1780836157852,10.4742479219744,9.9669039837432,10.7127477546009,8.82391744490194,8.98141082864537,10.1266481778987,5.3473982446747,11.4832235522989,11.602080170809,9.76481937914209,8.6516680810257,15.6501034451973,16.2090339100081,7.60294136378806,8.11490038329223,6.5196646138851,10.4057623107768,9.00452746413808,7.25273111931928,10.0601347792863,8.70210276117579,11.6024042404429,16.0576336840869,9.69955075186874,9.98283687354653,7.58816416875265,11.6399328353921,13.836624153123,9.65800733060245,8.96178586610432,9.70271143535135,13.2386015585395,9.58670958678586,11.8081722666324,7.5607639846159,4.82697575423197,8.25020041377314,8.72104214103263,14.0679075567067,8.02994490303092,15.7514277377872,10.6326157228867,12.5640613633512,9.69570708496878,7.70914379404647,9.63517531216512,9.38279050113295,16.393790287782,14.1071011562629,15.0550615747378,"1"
"GSM3427962",6.75043271541505,7.03074807821066,7.92476100563129,9.9490724981822,10.8526270905079,7.42192470980217,4.46747260141238,9.19059018983815,8.81843238540421,4.69192786517507,9.43631952600071,7.75911330355471,6.01700165771591,7.99952038391312,8.2163227482364,6.19967991605751,8.84579760968982,5.84777082733447,5.44128829222625,7.78698949647819,8.09420416411888,6.43583863703814,7.52267411009975,9.93306605338843,1.8006443888056,8.37985213429932,8.39784655657949,8.68774865672254,7.45664310984297,9.58343952816446,4.88906181704186,11.1195014311556,11.5665178151912,9.76734025177525,8.60951029855236,5.88779523656211,7.30985717063611,7.65421938796683,6.32906256464842,3.71230969182749,8.11310375825632,7.05966901833054,4.71589499699638,8.70161463122001,7.25334464405295,10.545996938237,6.49881344297274,8.68302722074184,6.81145091497594,6.63763284501695,9.16637700677064,9.74988175884941,5.48024583492817,6.273200734309,9.05104337637271,9.06589329059151,9.64200638954151,1.33108862963303,5.36638593944905,3.99808767062472,7.77905781260914,7.03100944629019,2.51948698773391,7.29007190460271,9.6699132543725,9.82452272354109,10.6829296465598,8.22289687186051,7.50001975556246,4.52979056291751,8.09255340542064,10.1601542047354,2.93776069830011,3.67360874974663,"0"
"GSM3427963",9.32481046549504,13.4736490536851,10.1631657449564,10.548956704843,11.2794850448533,7.28357890031796,4.72655982272951,11.3660172464793,11.343024378125,7.78055276451553,9.77758815864863,7.97799574098721,6.27731656219611,8.49624168078567,11.1289472768599,7.74472025020364,9.31445494746422,6.24055551976618,14.2360979609647,8.32578878498784,8.3680379708052,7.70845909170114,11.62109616334,12.7680088992887,12.334622960808,9.90722714346753,11.2775162848953,8.94692092733374,9.05311959858116,10.5339757685166,4.54529267361491,12.0972122678791,11.7746837648781,10.6230961528957,8.66968917204887,15.6806126387453,15.7854232862703,7.86699128448803,8.41344413385449,7.1269007436199,11.1884430404242,8.84963380351407,8.4508712546342,10.0761755831946,9.16579476500337,11.480917573521,16.2614122800959,10.597996681111,10.6084323450477,6.8864132671705,11.5919782687583,14.6999131012639,10.1715902320551,9.43543134396132,9.84577734245069,13.4449240956767,10.1035262681631,13.7540294022939,6.84784386441635,3.76138741260439,8.82836810606333,8.29021453324436,14.4312534583935,8.86878445313386,17.1059321314584,11.4644114347658,12.5139327000182,10.5378045390701,8.23870437887562,10.3293959853702,9.50708848608361,17.2178004287079,14.5942451512205,15.5217752339681,"1"
"GSM3427964",7.38514825133331,10.569668210347,8.01337020772136,9.82197519924945,10.7517914202387,7.6378872818731,4.99616688248679,8.9112747425362,9.35927846623988,5.30945822835265,9.60336071433597,7.78725186477951,6.41976082721632,7.99952038391312,8.92820428630396,6.2075334740519,8.84579760968982,6.25542879624771,12.0079189701752,7.6802720981479,8.37048114673353,7.15655487955928,8.95497369799966,10.5266559310408,8.40550644696447,9.21735666703663,9.3274809102902,8.38558093688496,7.87254735293934,9.64712858447116,4.93177630340249,11.1292309182542,11.1845783509841,9.76935378321289,8.39810570672588,13.0215939135352,13.4156936135182,7.25562887526188,7.23246055426751,4.42913764042262,9.14001491235791,8.11781789836349,5.93666367585316,8.52027009440491,7.69186357667096,10.8611896546391,13.4348600408018,9.45933589318559,7.79158180923983,6.52822162829637,10.2370522574774,11.583037110183,7.78891203040661,7.05846188551599,9.02054677560483,11.3932117655347,9.88358022408158,9.68864063425111,6.39930056192179,3.91003149395953,7.60757734466479,7.77940238765421,10.8959741814109,7.30455068603507,13.530726851115,9.72398696807039,11.3193561142826,8.67082266489821,7.75130049142991,7.4955748475796,7.97540077840481,14.1729282991419,11.9430109589873,12.2654427271731,"0"
"GSM3427965",9.90835578040392,14.7281255799957,10.2761181087303,10.9623438378322,11.9456255652894,8.70747085993015,6.39471625897706,11.9447521727302,11.2476565155868,8.1780603392368,11.056559864825,9.3149382448492,7.82085913553729,9.61756131942022,11.7377951897575,9.0231445034781,10.4990589471251,7.65091349810516,16.0294350494147,9.253185036031,9.86535082857073,9.08015641537572,11.8101755914044,13.0559277327144,13.4222384278231,10.9064109086277,12.1086688157362,9.83797268444646,10.2866097288009,11.4578317658993,6.07944715185913,12.8849823399223,13.008793980974,11.3183234370883,9.61705381922076,16.6126311684597,17.039984493515,9.23303503315782,8.79324324249354,8.30143238710443,11.3492280623558,10.0267185965293,10.0033347154985,11.1281871608653,9.6596522665135,12.8372610785408,17.1002821981999,11.3290007170385,11.1194994208571,8.28084048677406,12.6934593230113,15.5222296895248,11.7099443325068,11.0100704014137,10.5434242870973,14.376882658292,10.8419601864244,13.411017798198,8.66312570224558,5.4540637306258,9.762169362175,9.44137860657801,15.926865411014,9.34213092876474,17.201173491896,12.2697908737804,12.7232752776976,11.1506972036612,8.78050704848072,11.0619516479007,10.516105359441,17.6747009220346,15.1406599561943,16.6540161295783,"1"
"GSM3427966",6.6179824193914,5.92326365154425,6.73489836836022,9.80027553205035,10.7316671511531,7.41347964154592,4.36962527801423,9.15155134498242,9.11103275101709,5.23002376085825,9.88758934243889,7.61241029217775,5.71932110907523,8.37101157948908,6.87252015372628,6.10025673773382,8.82327459306368,4.57883582006099,3.98185667358896,7.08976076350612,7.8696750251567,6.19797480693926,7.26177544860994,10.3047209707986,1.21568188808445,8.92775254079893,9.01620554462386,8.70402510097784,7.85160041449443,8.97889455745496,4.0024996271377,11.0282009980229,11.5774124562945,9.73576571494181,8.33660997550538,5.63434687955751,5.21409818783068,8.40517435241087,6.0585336222677,2.63906070979685,8.1966554090767,7.67836237636425,3.79329950068198,8.55365013195057,6.96445681092959,10.7533299282607,6.46362401451044,8.9200349432346,6.59925426074538,6.35172397293057,8.91082935899887,8.89827901427417,4.43231135786447,5.30357438335252,8.98469332794933,10.9315686775091,9.61133925329457,-0.253873871088127,4.71905755776752,3.10771216179922,7.46848551549295,6.47022278550883,2.74187940907036,7.33710936072635,9.7399465810182,9.64034282213051,9.08603501357318,8.13713523615174,6.87472239009837,4.37778746947246,7.58199329509751,10.1040503191848,0.615832603412751,3.67360874974663,"0"
"GSM3427967",9.60579301038349,13.8905774977306,9.22211107779799,10.381229259105,11.519731264829,8.06375858706321,5.88546341808057,11.3510548620314,10.2257655917467,7.7547687387453,10.4687301322076,9.12354779351069,7.18239130477587,9.5003719299304,11.1342668583996,8.33918658706692,10.1542541330256,6.80291659155021,15.0232306343578,8.83379738687587,9.35164353255453,8.67706867255359,10.0752151331285,11.9307858768392,12.1666022401145,10.0855896869532,11.8188808311841,8.87636652191589,9.4072550828808,11.0281898537117,5.73545215879728,12.4768078674932,12.6418259035478,10.9117421547344,9.59525899688265,16.3782171733242,16.8088252834951,8.81740834550849,8.32438304370855,7.88619705511483,10.8757950544928,9.35529725655985,9.86899815189522,10.9890516812248,9.31602114019321,12.2124408410968,16.8318385356795,10.8090124438613,10.5172775986885,7.67562701000299,12.2991301534732,14.4586634922747,12.4053299411781,9.54991912643342,10.3531896188964,13.5810449684244,10.70123106052,11.4163397656504,7.68720384186848,4.97416183137924,8.37722585212957,9.18716541929009,14.9482397127169,9.38266151254076,15.4421654275644,11.511249013474,12.0567386120902,10.3801429572936,8.65578056844775,10.5662389483584,9.4470637150114,16.4271514561459,14.7461350222401,15.4373052540227,"1"
"GSM3427968",6.42533734144901,7.28139875958862,7.32817613729338,9.36258149787672,10.394276588806,6.74721703872291,3.7066602652918,8.75053042408488,8.47467736357941,4.50210330629505,9.27334904919549,7.06624173345966,5.16410595174812,7.69239822380117,6.46414638472844,6.22001091434322,8.55973566019524,5.33459900968132,6.8062851090055,6.68303853243928,7.71164653823544,5.50347735391351,6.50835443878268,9.49051949261575,3.91612160622554,7.99992848816435,9.07662874071241,7.47529361136692,7.21563501033917,9.01194452352185,4.08471439042589,10.3366107687356,10.9731607844735,9.07142703390242,7.58712032731637,7.34430937181711,8.38716289680356,7.12915777329105,5.6253487762786,3.33950042793795,7.95370393667671,6.34578703727737,4.76063331176166,8.3680585340798,6.94389548844728,10.5046857394539,8.02464081960656,8.55267269060156,6.86313507026487,6.00738946499493,8.37822226333885,8.25361026742875,4.96432497863667,4.71861188263137,8.42009077125955,9.47610087226616,9.59575771209571,3.99405364235546,5.1513730484782,1.75016015718114,6.49800199913731,6.91457585161223,5.91180441051267,6.53778057920766,8.57889536226329,9.11633737163581,8.90524490398638,7.13961054995467,6.83436465248223,2.96274997019362,7.03097812629969,9.93787935766585,6.03087010269159,7.25857125046778,"0"
"GSM3427969",9.11966652508077,12.7266277134058,9.08381410151003,10.5412387916822,11.3991454229259,7.70631900754091,5.58112938320794,10.557252612901,9.70202911683181,7.68697864920333,9.90784176646534,8.22147734939961,7.04924199471612,9.84245041087605,10.1769771123872,8.42454520834607,9.91370167419163,7.1075301011354,14.0617858421539,8.60787378305588,9.05423775680124,8.0208011377593,9.94420912097852,11.7683185071102,11.6403730795974,10.4031846381299,11.5767949891481,9.36913281041032,9.1159529520242,10.4001868724447,5.42752121498916,12.1692751491889,12.2130163843573,10.2757547394769,9.46872957468459,15.589948678168,16.3959933956634,8.15219659874083,8.74152820594939,6.88064669636661,10.5579193984623,9.23166091846577,9.10224974157114,10.4081502529696,9.4484246509124,11.5692259916486,16.2323324989658,10.5172832423949,9.79324805971289,7.20355856568776,11.8991329834081,13.7682659864688,11.4030779744057,9.52112824775259,10.057769239561,13.4109723497294,9.74704853939897,11.386822966482,7.18006848147867,4.51171138962562,8.59914872259421,8.57327980579427,14.0387956159496,9.1652967559258,15.6959564329194,11.2601115152663,12.4657715088752,9.94507990397273,8.13591309594848,10.3127887718379,9.75191829653982,15.7787461287398,13.7199945076049,14.9197555243825,"1"
"GSM3427970",7.41738858833352,12.2259341295823,8.06624682154877,9.49099433349103,10.6848358232965,6.83415267549419,4.78466277729308,9.95073886845932,9.12547185443919,5.96153492493235,9.48726608364506,7.75911330355471,5.93310040010697,7.96526731676377,9.30405644910175,7.12534771869665,9.04494620746988,5.87691717299398,13.4737097699186,7.7557948748746,8.1597049077598,6.98969060521927,8.8277619127153,10.7564284163096,11.2532288420466,9.16826549270347,10.1870901038274,8.47725423913082,8.58592612678793,9.71277086769793,4.67945791193963,11.1236140629967,11.3796056732363,9.33948470896329,8.09432923435997,14.4168786865495,15.0700048547204,7.50614928422137,6.73378500831796,6.07090649676225,9.30036264246377,8.2212966853799,7.3474301357317,9.34917207473317,7.79495706963506,10.7821411346815,14.94868304433,9.32401386436878,8.85145326521723,6.4145648465008,10.3467726247138,13.055730652251,9.65644343338601,8.1615553784801,9.10399225632167,11.9363239483838,9.33414678446412,11.0748010562398,6.34683314202765,3.70435646756801,7.97418815394114,7.3807754031034,13.7203855927724,8.13436840504845,14.1612014544989,10.5038053383493,10.783581163189,8.84372366717293,7.07659656026181,9.1124970896983,8.63813637313504,14.7751951518734,12.5745061425146,14.2977949593812,"0"
"GSM3427971",8.25069805156093,12.6266128018423,8.14993586763907,9.30514686627414,10.228422754287,7.07807825838028,4.60282445430726,10.0916372585664,9.96245194560607,7.49645674315391,9.29022923658551,7.86372026877703,6.35029600755322,8.19769917324826,9.98857525821218,7.75279355073932,9.09071610042026,6.13995157882778,13.9840856803976,7.88635371658058,8.43337270909507,8.08660319615505,9.40658450788797,10.9414646453652,12.2549436824255,9.26398282690798,10.6669072168927,8.24152064829092,8.78549061867012,10.0213391413138,4.83006777008481,11.3740450964593,11.3224704714094,9.65475660288061,8.08143582503625,15.062762518666,15.5518731087299,7.56509645495428,7.49815675982482,6.71409410150567,10.2325224511202,8.46126425469731,9.42721646110708,9.74239448136234,8.76986608867223,11.1601872329912,15.5812297084691,10.1066082957021,9.74010202932327,6.82367751182254,11.160171048384,13.6423431121614,10.9918693133325,8.04952876074598,8.89453889069272,12.3081248771291,9.37842017836885,12.3904330904575,6.90052418109253,4.58936394527808,8.1049602765138,8.14670727614895,13.8027683047174,8.25854781626918,14.6084964593911,10.5724711806233,11.4668698683046,9.35515603000714,7.4949941892533,9.53035400562762,8.47507809118099,15.2696496399522,14.0344319344629,14.5994104169434,"1"
"GSM3427972",6.91754270125031,6.19160208923797,7.33369314226095,9.4929008952075,10.5764437549404,6.59122584310897,3.34409018590709,8.8163155594709,8.7345754746109,5.28346301981971,9.40516500343017,7.67398955409711,5.07295806368993,7.7081969336479,7.42141339973991,6.82706246567981,8.77453892652,5.24801132468523,7.74562232709888,7.08976076350612,7.62016347747205,5.71798186581964,7.71576439558799,9.93747796826681,3.38560688952676,8.67774529734477,9.75736108206059,8.12296403793901,7.97294924989718,9.48184864701789,3.91531505670332,11.0573180929796,10.8815989687946,9.06897694266953,7.86012226651803,9.07013440837812,11.389904546953,7.41241578036793,6.51139258698151,4.62395381740664,9.10250122729668,7.80313534141418,6.38184633875218,8.84781543859852,7.88039254614112,10.5722284798101,8.92575175622897,9.28553971655414,8.03822177682296,5.61311052588288,8.411536417705,9.46931073647417,8.77936404690745,5.85816323503016,8.68130118449939,9.99473226167027,9.6383236943934,2.33108862963303,4.86758008247761,3.43666068436436,7.4858614362651,6.83795457000932,6.16334317750863,7.27334481819726,10.1338229781289,9.53111100350817,9.79362083516554,7.81458764864444,7.26803969275362,5.42703098849231,6.92664146648495,11.7854647123592,4.91351315205344,8.51491100372757,"0"
"GSM3427973",9.20063105427431,12.442226473625,9.33231586765431,10.6686570241629,11.1302664412664,8.4891026951525,5.96300001855159,10.5283593938393,9.95943270130728,8.25532005547401,10.3111888552212,8.50483501731444,7.87582559475522,8.84570045739784,10.6654911576212,8.10950751000077,9.94880547514754,7.44576000835186,13.3678987709412,9.16292717606809,9.50183181125403,8.83309398263257,9.36099096199957,11.7214383946266,10.5732338927025,10.3814194294463,11.5266693966666,9.13708785687256,9.79306383837492,10.9476999358514,5.67527416311813,12.1979454301018,12.0787336426584,10.3388069100122,8.9210012249655,15.9450574575348,16.3888280913867,8.19087028574555,8.66067571296568,6.88064669636661,10.8572198055046,9.37646876868394,8.90960466362874,10.3696213019245,9.29588081719082,11.9592516029194,16.3454681126958,11.0192180520133,10.2949971921851,7.89830134536884,12.3064712599892,14.1452827430205,10.5943624042789,8.8872840007636,10.2490156794483,13.0220791824568,10.5604364090238,11.2682171977989,8.06083758775055,5.35378650216733,8.30420506880567,9.48181075978404,14.401811610573,8.97798452486764,14.7406140113079,11.030270025924,13.2570488415131,9.77187876545418,8.73190261881865,9.93280258649251,9.6298529338761,15.472509066854,13.5214703157112,14.9386376922048,"1"
"GSM3427974",8.06728982075499,11.0406556292072,8.68397443319755,10.1770094883758,11.0419683594096,8.27116854386853,5.13664810603662,10.2013214320023,10.1503976870126,8.19559026379438,9.41958958702683,8.24010504576918,7.30094016672201,8.76629049074053,9.36199648668332,7.49297585758907,9.7777963111526,6.87691717299398,12.33316403047,8.77017618603111,9.25930336040782,7.85807163772119,8.96974712936791,11.2008564874095,10.8986764717661,9.5511703710415,10.6371230244625,8.88131064958159,8.60012444299091,10.4976406190615,5.55898202816302,11.7261635563125,11.6804282157506,10.8630761273176,8.66036455589182,13.4507160174624,14.0640091667725,8.38976647701532,7.68934677456683,6.32322488822511,9.91180940356283,8.67152674611476,8.78181462818488,9.70244162754009,8.68774746819872,11.4621566454123,14.1067972857641,10.3689326661555,9.43748166553685,7.24936225530089,10.732957770388,12.4856223790042,9.91154541545806,7.38394779981654,9.643477126525,11.1510852435391,10.2530899771924,10.2608401830504,7.11385597005004,4.81085608886869,7.83196934364759,8.29738618864662,12.4797303144384,8.70770558064998,13.6596923049594,10.6116807003255,11.7615006075296,9.14454847277033,8.09236909978417,8.39273781093843,8.69217621284793,14.5319686513544,12.2182221758921,12.4323871674977,"0"
"GSM3427975",9.03258635141202,13.8006282948496,9.79911934725522,10.2412532496755,11.1393882157169,8.02177967866996,5.66601828079446,10.7536268119932,10.9950893738726,8.1387279268387,10.0839865552424,8.4713277662428,7.5064981491952,8.15117326615585,11.181280519414,8.41304417876471,9.9301897969802,6.99239439041392,14.8568380212427,8.94860418470753,8.970284931848,8.61343756636588,10.4975206328714,11.8805474905992,13.5012286004158,10.3825937844488,11.2443164951207,8.84735156602575,9.79306383837492,10.7576803273158,5.39227036780611,12.2784359079021,11.8141885118164,9.87738241336921,8.82737115020164,16.1011830246631,16.3705035294333,7.60169051724529,7.89773741036465,7.07368893743358,11.2180369137855,9.08561228558282,9.20142324741816,10.5943175767456,9.60395110761322,12.3543696346161,16.6535858095419,10.7097826744797,10.4102331360798,7.55421683682931,12.1065095265387,14.963514401218,11.6163825229142,9.02239263080847,9.99707705240516,13.0593690744474,10.150821212582,12.4608009562199,7.83987315330777,5.3085808704498,8.56541382547134,9.12604462391244,14.1927224395023,8.82354190075774,16.3439353326376,11.1338205599122,12.7815648175905,9.91312469088993,8.00820025364048,10.7272530093781,9.93226601567883,16.6732727058994,15.0584305849404,14.9852624711023,"1"
"GSM3427976",6.47978512547138,5.97800661613869,7.1478495403906,9.5965461633613,10.5645740952782,7.23008135182533,3.85866335873685,8.94107059047884,8.36942404279763,5.60013538925558,8.24904580151289,7.02171711841653,5.87132420252028,6.93507167618628,7.55017455195107,6.08839658252376,9.05357221248548,5.914885023193,4.71882226775516,7.60641725083637,7.80972550654602,6.61980147188074,6.92563877707802,9.8157465486017,1.21568188808445,9.07642662563839,8.7108427034316,8.08917572448273,7.95342008481193,9.3607651927986,4.44072675378843,10.6506965371271,11.0439912416053,8.95859939489644,8.13496183581059,5.49397422319296,6.0652348019162,7.22224004686024,6.25230536566438,3.74059873625892,9.18234284088775,7.67987701696624,4.13660124636191,7.99951949690085,7.49392419905905,11.0738463840522,5.99824312954196,8.59854743318526,6.5684482139642,6.2225953457381,9.31326682149808,9.80638217707735,5.15359532979841,5.19434531359776,8.92848622261606,9.50484076770721,9.51019252983767,-0.253873871088127,5.2205350729856,3.72744008068106,7.35180812386556,7.09825400812187,2.25645258190011,7.34112801246374,9.86012687578143,9.40286668548956,10.2452092223026,7.90368974377357,7.09474390697207,4.98922218155481,8.11250801179628,10.6460848541706,2.20079510413391,3.89600117108307,"0"
"GSM3427977",8.91048103741613,12.2804267895721,9.311963307677,11.262196509648,11.856393631186,9.23168345642183,6.0602972199065,10.8350207320734,9.94118332885242,6.54102229558735,10.4375420453865,8.85165753093551,7.31758043240984,9.62135888686931,10.7242691951423,8.46638463653172,10.2184716476186,7.1558931226968,10.4453810468601,9.22403869037148,9.62289844519329,8.07368069736225,10.0821810301382,11.8871198190621,9.38310003391619,10.2571696145245,11.413392482137,9.48571963716463,9.09382529369438,10.7426128792269,6.15350050099337,12.816816626366,12.9546711962382,10.8046341181623,9.81563812490865,14.3644064451762,14.9339567234414,8.60645356638504,9.56949554154508,6.34871895796732,10.6300894651615,9.53425159928125,8.73843756564747,10.1984592489012,9.43866018019686,12.2079434581244,14.8676792427749,10.7054429710048,9.37728510332304,7.72223224826299,12.5808279635758,13.7450117453353,12.1862056725525,8.23824813547458,10.4740044931975,13.4537954228823,10.8659742355946,8.24597201599508,7.65576644142556,5.09888831141222,9.03794057517247,8.67864667594104,11.2383052351899,8.93940574421265,15.7422590203927,10.9377455222933,12.8202612995966,10.1586515754898,8.37858771894134,9.24334891932231,8.79947022601984,15.2345691928347,11.9254984240662,13.0544305336876,"1"
"GSM3427978",7.17493054394296,8.94697972051806,7.79345844773699,9.700849832585,10.9166320286093,7.3080838638266,4.87658526673411,9.34167906922227,9.25095284993991,5.34759335723942,9.66269006549187,7.94090064221221,6.15672642138253,8.211873133273,7.84895168258787,6.55276894243133,9.25866073773433,5.48098849666284,10.0317052230395,7.60641725083637,8.67916666484004,6.49242216540451,7.84887053662391,10.2651214555237,6.81559473027158,8.87532484760665,9.60814453901262,8.50762788817434,8.04622223863449,9.54487395480854,5.13838305521947,11.3133281868513,11.4193669442961,9.7923096365755,8.46755649286832,9.71278932383491,11.2007768093328,7.89585387872776,6.52450808677177,4.25377055391206,8.36578898198368,7.31687434536214,6.35291915328868,8.94745077675801,7.30262554682417,11.2008476935631,10.17634206243,9.28827338869539,7.52899192506751,6.49281629216517,9.46316671222553,10.0469639954949,9.53800755449182,6.31852472481849,8.95686348514656,9.82733786084328,10.0143512768696,7.48083574913771,6.10888971715669,4.15955109331884,7.7369937530426,7.2365039464996,9.05346555973626,7.45675957008612,11.34096017381,9.88998186281257,10.2934114459413,8.14125840283615,7.32092790747089,5.28467806508098,6.86210121429024,12.5394796072949,9.93399877950391,9.93413629996985,"0"
"GSM3427979",9.22474351039112,13.530798327507,9.83262606601235,10.4424925545619,11.5615913584861,8.55968337459811,6.09897768807056,11.1270309421585,10.5795603539346,8.21977972936144,10.0556047538726,8.63017332180462,7.88478646232684,9.21740359672785,10.5934927180387,7.97150092526792,10.0302718424524,7.48098849666284,14.0836135388896,8.83504162588433,9.78490823980869,8.86879804431425,10.1342545415945,11.9883983226283,11.3365677308722,10.3989351651286,11.6752354738127,9.14162788220405,9.64113703965164,10.8196584589049,5.84876386379472,12.2140353996725,12.2936920878554,10.4227560452303,9.07545909559929,15.9411102524085,16.6216367262178,8.708030190923,8.56394823161446,7.23276306008217,10.8746828078562,9.40009345683529,8.16600216280247,10.3278930010534,9.15986384178559,11.7418201798669,16.4217709270144,10.6029458970828,10.431431128558,7.68742022314562,12.1252631257065,14.5338190342931,10.3440677086448,9.31480163877578,10.2811199439223,13.2092151111259,10.5043879237495,12.0102754686352,8.14976199857222,5.28543553380194,8.80697651617412,9.21267793277334,14.8608204817939,9.16982286172717,15.0267722780826,11.149891953133,12.1808793465998,10.468282913059,8.30665781050426,9.91823843923462,9.70800118000961,16.0598664065912,14.5033071027429,15.6309526716081,"1"
"GSM3427980",6.96193682060877,7.10289786396649,7.63267971947918,9.10379509298085,10.4404707713143,6.97854258482937,4.46747260141238,8.39704106730558,8.75638769417362,5.23002376085825,8.84621110120656,7.37516681947254,5.89812426186399,8.02497356288804,7.09348061956959,5.80755935417022,8.78364113362725,5.42945819602276,5.44128829222625,7.2698423799846,8.20512597819321,6.48128160779931,7.64879857171919,9.7026887682849,2.21568188808445,8.33202360920871,8.99882346639562,8.22060604517974,7.33363221973762,9.00942892560307,4.65700306111193,10.6437131811598,10.6698955550365,9.32381419553671,7.88961821774509,7.75569170055476,9.66837731870237,7.28105234038551,6.36231437044481,4.28291689957158,8.45302828243752,6.74644061839356,4.35656693030382,8.21187976466356,7.66280111106849,10.602893704414,7.85396107316096,8.82909778645122,6.93332291850495,5.97568060526759,9.13450133256189,9.34513132525344,6.87749402076349,5.98539842332627,8.63579184326202,9.65855018310266,9.45473692527771,3.06805422379923,5.79110135263025,3.59565020812551,6.91806806760923,6.89264521154273,3.84141508262127,6.82569464182997,9.34985272614191,9.23481522065055,9.96953627445023,7.42310905834818,6.90426666571238,3.56541447264824,7.33263382616079,11.3517848067065,5.71737062987481,6.08864624902547,"0"
"GSM3427981",7.22132344942741,11.3987283825178,8.45170957132063,10.2037964524754,10.521964971551,7.23328378386367,5.20916060582099,9.83439415441275,8.93709637132918,6.72127182675721,9.04023635244937,7.71717916040324,6.27731656219611,7.41980087518002,9.99912903637292,7.70754378512643,8.70506240792251,6.60229479288498,12.0977673280081,8.35730522123495,7.91389468052876,7.22159841146516,9.555906751981,11.2005123741006,9.79122113491898,9.18271966536461,10.111415292772,8.39943313203125,8.30502530016062,10.0824535324487,5.00027152624558,11.5828382538163,11.4856382625868,9.30797159855164,8.30192813612067,15.3401051260872,16.0239766281824,6.7849195166786,8.17019096853084,5.77861206219565,10.0399765990825,8.71723526800854,7.97632376293794,9.97918996782576,8.81207560320093,11.2953305931831,15.6835792739655,9.61823576810738,9.68072832195188,7.19807302660404,11.129504648326,12.8336538102148,10.167570053279,7.5734802658916,9.40258515643333,12.7100580452355,9.70893249365373,11.3917845613206,6.6704476135429,4.21776570726414,8.4534976836919,7.77084037415078,12.3565892531856,7.946677074817,14.9873493008745,10.2705023593352,12.2208624740315,9.14578031719487,7.54169658632768,9.25839137356071,8.70537571060279,15.4131781123962,12.0034909647503,14.5070259683904,"1"
"GSM3427982",6.81840950923106,9.9528483186072,7.67675733440054,9.70282793395645,10.8475154798396,6.84256491531039,4.41937831321133,9.36500528538903,8.77253313092231,5.29651917264516,9.45720387882661,7.908660305212,5.99233960348164,7.94843568370398,8.60094460656216,6.81477542158046,9.00547792428443,6.13191425976236,11.1953659739694,7.7292739986219,7.77079714030561,6.57334216078808,7.60992739436796,9.88219338179932,8.60799931086321,8.98351072873038,9.37011076288144,8.58300272371798,7.91355032706472,9.76962199955983,4.42420085669755,11.3628777762708,11.5256498849153,9.31004791703076,8.33088725859711,12.583526189053,13.0323983961831,7.53395794314538,6.78372943949437,4.21396954585409,8.76105885873432,7.62589495647011,6.74680103858209,9.01690963377492,7.85858817582277,11.0731400461967,12.9368203098936,8.91650541232215,7.6831268180004,6.23871501110138,10.1524232405592,11.3018169755341,7.8649096851635,6.73542017031792,9.03684858793393,10.6482818476488,9.88163457976661,8.65901546514183,5.58242286574568,3.62052487676454,8.04485335812,7.14670727614895,11.103196605145,7.86948023083767,11.4181964977346,9.79471706107176,10.1938252321987,8.45658376289926,7.06113551432925,6.51164321620725,8.17076740976868,12.186716200947,10.9504783412948,11.8535178397616,"0"
"GSM3427983",9.48739830958126,14.6720310179248,10.2074111824816,10.9169129766314,11.9418766804405,8.58497227874052,6.31809497737415,11.5460708444365,10.5168197432264,9.46572192373902,11.3115889555355,9.04626967987661,7.98818796021118,9.25943881652506,11.5669102875093,8.99800667948587,10.3490280960116,7.69249260185656,14.8993530750996,9.14698563219907,9.75280587030247,9.15392622099866,10.4276636083607,12.5902052827103,12.0775442281436,10.6853786222472,12.2095928364334,9.42640656198119,10.3896527664154,11.1891122648453,6.08681591307117,13.0069195097459,12.5243512125431,10.9488603916962,9.45774353814754,16.5022290284315,17.2691945051557,9.0024227782369,8.05175508963664,7.01988249373778,11.3826315025897,9.73154674403397,9.80836083149608,10.9042552078057,9.80828899986994,13.3431344306131,17.0203429345521,11.2916832107528,10.6834263498277,7.74686191477171,12.9797244402099,15.148786568213,12.2268150408163,9.74927901887831,10.5857007952458,13.4249498658488,11.1854596883043,12.088200796911,8.36984979475262,5.48825241680163,9.12629987997092,9.9149644563394,15.5415079573803,9.25695338430631,16.7654551256533,11.7704993209573,12.7946209704159,10.8348408303445,8.56174874531417,11.0967959331645,10.336880797261,17.3441395512379,15.6149370985175,15.9375625493448,"1"
"GSM3427984",6.70544526064174,7.80279613153231,7.23100747828638,10.0666420945634,11.2613836552211,7.54300463345148,4.72655982272951,8.96569318350912,9.13084947730179,6.50210330629505,9.79791084344768,7.92832058196302,6.42591305419792,8.12037477878751,8.04318709143636,7.27261698425628,9.51437140726773,6.49984752391416,7.25487516799537,7.89830651934235,8.93385542225965,7.1600523237955,7.4654492414068,10.2618268776112,3.91612160622554,9.37435315389483,9.56998016759175,9.01643411778521,8.44620136312132,9.80268750437454,5.17440227802045,11.9431077270618,11.8354986025056,9.66398553959996,8.70462730083627,8.80639349173643,9.53177680971668,8.20019808790067,6.29884795160141,4.06532546449895,8.58183429655424,7.83066852517033,6.19481586030721,8.88033658089948,7.28093047572485,11.7135443369549,8.94501651632351,9.08397426035551,6.98866595234873,6.7317550223815,9.51419307452428,10.0632855680177,8.28355392392307,5.56410193357574,9.48045523940954,10.2904883002045,10.3896902169469,5.33108862963303,6.33553997249629,4.33512265790229,8.09633526322692,7.88473134067877,6.57838067678748,7.91871441278097,9.70826936940355,9.91588152935761,9.6995773452504,8.2771140737046,7.3890744432954,5.18514239153007,7.95786019709567,10.9448578364013,6.85104906510678,8.33657376246905,"0"
"GSM3427985",8.74250144177883,13.552861787493,9.28942807501209,10.8494673824979,11.5495983587971,8.39643973824745,6.20207118103467,11.1465122373763,10.3767352259738,7.97986157273894,10.5471605755655,8.38356926046824,7.89812426186399,8.44573377907514,11.1931118010508,8.5111754167051,10.0551838622985,7.62823806013726,15.0710864410135,9.00164626903503,9.35781329979474,9.12826583512785,11.0585734586352,12.3296380547631,11.1074655913028,10.2399944707164,11.5747015475257,9.40939345160499,9.63425430443041,11.243107154486,6.05389321368052,12.0088148112289,12.5933952854886,10.8790150811186,9.20749204374479,16.1573765021656,16.7660231644112,8.18618367077121,8.55118799328662,7.48768365022619,10.9829008431923,9.70352520810527,10.0457531199269,10.6243013157354,9.71732655746221,12.3070929885564,16.6845347341358,10.6174207628842,10.7366423273274,8.12479541938781,12.1347890754823,14.6005421938786,11.8688540946378,9.71013372870706,10.1752360257568,14.1809995494223,10.1821436910191,14.2223660352357,8.44336593682379,5.6389034060794,9.13766102011719,9.55444669343578,14.8701499761062,8.96567310689175,16.7009605274594,11.6856781622903,13.2978268715611,10.2574955333845,8.40753134800296,10.3902568214347,10.2157381689049,17.4115631145152,15.0583873898314,16.2444922284267,"1"
"GSM3427986",7.57217872977828,7.30911413780044,8.14889308115284,10.5212010384457,11.6477283326532,8.22687179534944,5.18059145362421,9.69040000999617,9.46098452435266,5.94504680214378,9.67476638255886,7.96125247715264,6.04924199471612,8.08120418150683,7.51744461088849,8.50958811866745,9.65208794305746,6.68152148403555,7.29171193617575,8.43320966540476,8.62903323136539,7.32492273563629,8.10109106630768,10.8336092824622,1.8006443888056,9.33768600239644,9.78514826216028,9.34893014215528,8.5243877164788,10.5698451280157,5.73946522130391,11.8984684907575,12.0193729387054,9.8797142306554,8.99197993537477,8.0014216582941,10.5458933121774,8.0554655905936,7.03122627627197,4.19364956147449,9.68797038124196,7.99907761280196,10.6879363050633,8.93765077276127,8.80449243178186,11.9626879563683,9.73848385574102,10.7502476390084,7.39202164657993,7.51062756828163,9.67108337091215,9.49360202660105,12.1040675684484,6.16982299446369,9.84984283648209,9.11145586797195,10.3103332402385,2.55348105096948,6.53384268530062,4.82697575423197,8.53185561000686,7.77427127955106,2.74187940907036,8.65056167354637,10.4842989717597,10.7614735128326,11.226432015272,9.06560996851089,8.03812241244718,6.20221590488901,8.61594062702084,9.90457851299031,3.8382250247492,5.67360874974663,"0"
"GSM3427987",8.78327597210207,12.2708666684435,8.78744024416958,10.2072843138911,10.7605673974052,8.0124899167527,5.45559850112408,10.4593253455599,10.2407648666698,7.89227226249523,9.57431218182547,7.96461671118601,7.2111742054049,8.76834707703446,10.369706694359,7.95759755675013,9.31176083829496,6.61388276716019,12.4972279919943,8.46891372708643,9.09025697960222,8.19797480693926,9.90767898268411,11.4441830053115,10.0100977544346,9.5364738598348,11.1591402128536,8.89114836271594,8.92111031837756,10.4599060941372,5.34915015143629,11.8663783150847,11.7786106553618,10.2978937167461,8.72440560811288,15.3439556820027,15.9267769045137,7.99743773076627,8.71102011718587,6.86627551459014,10.4740380574709,8.83882704855749,9.33222675813558,9.90641009250937,8.8512462004816,11.1813163252105,15.8593035929372,10.3025407975849,9.95730178143939,7.40030415337563,11.5550439378056,13.7011242757316,11.011576324926,8.35523650317501,9.61552954488484,12.8880508377053,9.6715848353481,11.0321062348401,7.28065606542317,4.78358315871859,8.27510575553596,8.46704620798865,14.1168412407055,8.79525996636819,15.3368758383492,10.9065541642073,12.2575929467585,8.85932596340972,8.06646895863229,9.47113166840281,9.01622435960966,15.8564092809827,13.3138860875763,15.0193835865884,"1"
"GSM3427988",8.05196902147124,11.974284769422,8.53229126325772,9.94350653818854,10.8654373878369,7.76059606852411,5.25098078151561,10.0465438202214,9.43899471099801,7.04126211740308,9.76634581875813,7.85649473593951,6.81149095300309,8.13213449224998,9.97697330553033,7.60483996308107,9.39387339346951,6.67046629552656,13.264945026613,8.08976076350612,8.73332243488694,7.94578778334246,9.82144102553942,11.313976207979,9.63774665425726,9.56502921960189,10.4889267807753,8.70346689046947,8.62038953635615,10.3323637860867,5.05281858045326,11.3513635817504,11.7633523969225,10.4773578070575,8.41686522060996,14.8922342055428,15.4105436182456,7.85641055904957,7.71817280928336,5.89014856413377,9.87401504804755,8.75724197936166,8.57973981962841,9.54905994341118,8.58083226428221,11.0787810897118,15.3475117908368,10.0097252453593,9.41601259314644,7.41692798386928,11.2277306368114,13.1384557999868,10.7420027802329,8.38394779981654,9.46608087565155,12.484783115366,9.58240374529809,12.0767629536352,7.37744112795805,4.55106005710144,8.28097276256796,8.18973706888526,13.8572017959982,8.09683275828013,15.366293460146,10.5183882750946,11.8117650553662,9.07684731443945,7.64642181598115,9.38465894617775,8.84788735507054,16.0667508227493,13.403939149378,14.6220976610042,"0"
"GSM3427989",9.52856749855767,13.2297659911733,9.84104396939735,10.7268420954928,11.4466569157305,8.32168716562643,5.91177469519641,11.3610953441146,10.54327535796,7.81271608795458,10.2769048450104,8.19212054634006,7.69660103257514,8.60610826873728,11.5512832889553,7.88844176909452,10.0340906630925,7.23306098321926,14.978447851684,9.06133754128825,9.56221051849419,8.56413203804796,12.0169395751743,12.8651790412501,11.9354984911026,10.2352352384952,11.5075923396615,9.42978524043616,9.41976149591915,10.9607797628954,5.78159069697658,12.3492838336062,12.2188621483621,11.4479600605756,9.22903561543865,16.1249255102205,16.6350800934551,8.41402006240981,8.95274508380547,7.11479414076325,11.3752575898564,9.41335655743854,9.22056543171912,10.8244544965926,9.88489393837606,12.4793190192955,16.720138502227,10.9632267832594,10.524651985307,7.85364293322183,12.9024603506518,14.6640526609409,11.5039186639125,10.165695108841,10.2107306160309,14.4522284281465,10.4713915984418,12.8423471251353,7.97792153576912,5.22589358814754,8.731005683203,9.15725719548986,14.757593125166,9.06802591021975,17.4249045736872,11.4221339429863,13.4413137695121,10.7754644225772,8.72364026383486,10.0557028236609,9.80683719542805,17.7059541984554,14.2180288343781,16.0058784534073,"1"
"GSM3427990",7.19831347138092,6.62309010929741,7.46685169909144,9.52157464845445,10.8486282412067,6.55585151300709,3.82213748271174,8.67788096434893,8.91648609165389,5.61062776307322,9.46057522580771,7.31669441675308,5.57176392066137,8.03525816514956,7.46746674302006,6.56259995179102,9.02534703002054,5.62537840599802,5.60634753849675,7.44629542442441,7.81690906515992,6.07738466612567,7.18620146741744,9.9870023268572,1.8006443888056,8.84951164561125,9.11516517702482,8.59869746890541,7.83835243305574,9.10678086053695,4.13025517433607,10.9906664221093,11.2485799995456,9.71919473544754,8.14608470981569,6.27858518959428,7.47831078486176,7.49760020359745,6.57580931547728,3.20384532858038,8.94525227196153,6.91282763000127,5.45513076478741,8.61642489012476,7.41146203886707,11.148164704742,6.77243118766436,9.27730748285704,6.99640160112833,5.9033664004517,9.32877619541995,8.87469219395655,6.32614580064754,5.74097969565982,8.79224031484658,8.21248578820319,9.74019283280791,3.20555774754917,5.26288136369519,3.42258549915263,7.4498564828096,6.52011922975584,4.39395610565005,7.96892315341354,8.43148515515881,9.64058745037033,9.94452297844097,7.87327478103062,7.28975988937721,3.4173158336591,7.18967587231875,10.980451781855,4.49030172132889,4.54807786766277,"0"
"GSM3427991",8.90622738802248,12.7804886072343,8.85421935814509,10.3869819669758,11.0886777051959,7.74497508793624,5.01246869481589,10.7230369140632,9.91821490557064,7.28346301981971,10.0752163456147,8.07767937567265,6.97984865929845,8.57511470210008,10.7475584045706,7.79822820028417,9.38364751457286,6.61388276716019,13.9549560811504,8.49905358715843,8.82939486155818,8.12110604355498,11.0348073333636,11.4772287514158,10.1684231352709,9.54138935024891,11.0545660183226,9.06981617444989,9.12143224095342,10.6763639326878,5.14847893295498,12.0568402475297,11.9504548100818,10.5105386681601,9.05304048104894,15.7120822243546,16.0003678154791,8.15390443562674,8.5551877048612,6.94588191229401,10.7584079525429,9.17639865292918,8.66458413041636,9.93694821855168,8.93002331386572,11.4534982845951,16.1390946817207,10.0808242699319,10.1846400253806,7.35419222852132,12.2641351141672,14.124808372863,11.1274926139037,8.80076092398524,9.84355496197392,13.4782763364244,10.06048789867,12.1279394249002,7.53137019962109,4.68679809618371,8.65714044535339,8.6611480855637,14.0986457604311,8.78791799102702,16.0965082665568,10.7485942389927,12.083991246351,9.88586188458294,7.86362468121504,10.1794060219809,9.52952587520337,16.7116702223634,13.6110697738618,15.4581072798091,"1"
"GSM3427992",6.04682571819528,6.5161749053809,7.00532648693496,8.91819051450875,10.2645553320296,6.60117550351658,2.44362585945801,8.08918815762994,8.21708391044417,4.50210330629505,8.62541342817514,6.77069094515163,4.50359241801979,7.42676202277909,5.68748825989376,5.81374676197119,8.41327268368214,4.6480984824981,4.98185667358896,6.98604941398401,7.05423775680124,5.50347735391351,6.59729794364605,8.81933683259702,2.8006443888056,8.1709867038986,8.06474485934132,7.67299820535721,7.22787860609392,8.81570439004138,3.61101685583775,10.6803663294748,10.7312177923735,8.85622470099828,7.73744209778977,4.75349414485052,5.91671227720611,6.88548348324588,5.6253487762786,1.91207920420327,7.73579890633258,6.85500697561293,5.61595355912247,7.56642550358604,6.5033228970613,10.0745523762566,5.86073960579202,8.39167291893873,6.12898724074614,5.13917933755047,8.77958482572062,8.63680343629694,6.59354539904274,4.64934922019425,8.55478951871812,7.90270312317792,9.31581932826175,0.746126128911873,4.35524538184385,2.39401634695586,7.28564924977743,6.22651985792697,4.02198732826309,7.2983632782341,7.96498148784601,8.89101037575332,8.86581942409581,7.30605055754967,6.72945944289033,6.09660571692841,6.7236544443211,9.27470858368786,2.49030172132889,3.41057434391283,"0"
"GSM3427993",9.74884994505236,13.9957923294937,9.58913621488932,11.5193315357338,12.2630538279486,9.26726831159073,7.12544989943175,11.7909202273423,10.5475261489358,7.97783673726145,11.3510488419532,9.36544312377924,8.92008351444013,9.7806254068129,12.1702856042379,8.66168649925899,10.8210659834937,8.42453151494284,15.7465900685262,9.93648305085043,10.4139626440714,9.91247954570766,11.535529674095,12.9602862316241,12.6751135067217,11.2957055394556,12.0592901467454,10.0558895983405,10.3350477832601,11.6968336190918,6.87149361498769,13.1773208597996,13.2287299595499,11.1290145254554,10.2261097238688,16.8948770260479,17.3421051486704,8.60278506726649,9.659189930094,7.60099266896333,12.0679814345963,10.4138117380831,9.59796031357033,11.3625754769218,10.6949429696029,13.2175635985108,17.3691131647908,11.2904906895435,11.0713300886349,8.96844903603651,13.319017987678,15.1986171445908,12.7934845719753,9.68511733453711,11.0156200945249,14.5973998529281,11.1644885288931,12.9434964227717,8.65463090808013,6.56394134839818,9.59350215945307,10.1621760377621,14.3269760827784,9.80001229184406,18.0538458104019,11.9398342948226,14.0492158514946,11.4337376262793,9.08283058542857,11.5269700438551,10.9147580512451,18.3798884141744,14.7679589687553,16.5788076957094,"1"
"GSM3427994",6.86590993283499,7.29069650417071,7.71389806974767,9.87965500935813,11.1161051295066,7.649919837368,4.94612619998719,8.93796300706753,8.98605144611442,5.56819249675282,9.32763453661889,7.80862551557207,6.62085847018954,8.11068138258366,8.06380789228637,6.81477542158046,9.56653193309761,6.70879441418566,6.30378476847632,8.03667548705398,8.83235181082224,7.34041907195946,7.81072272308687,10.2450177309811,1.8006443888056,9.4717359035471,9.83916680040713,8.61896707149888,8.47559221264396,9.7524246018643,5.34564420793476,11.4201004973275,11.623505720341,9.31832343708826,8.51501362665158,8.04340056668735,8.77289402657037,7.56140156000658,6.56949554154508,4.48036296377779,9.26344589119033,8.19822984886352,4.6579476477871,9.01158111417773,8.20232064102848,11.1448072560755,8.02665154472771,9.14933533295583,8.00409599291833,7.01988040917812,9.3691200562316,9.60450588398687,5.64912274693762,5.91828422746773,9.20439415327951,9.52181384631092,10.0036566760733,2.06805422379923,6.28653263175984,4.84819224014167,8.0510466685461,7.81148235864813,4.97891860637121,7.33106031605355,10.4128465717983,9.80326476653113,10.5688920650741,8.39368622839481,7.25959791886696,5.56541447264824,7.82871504579569,11.5583386345462,4.20079510413391,6.48096367180423,"0"
"GSM3427995",8.97823863293787,13.2286578143478,9.39214624647649,9.77323295022197,10.8268859794788,8.03835198006467,5.58112938320794,10.7775097720815,10.0295661414646,7.09081794187731,9.62755742476662,7.86251852356728,7.58006324387986,8.68370726353712,10.5981704346647,7.80859243337003,9.42827484702138,6.89127246597105,14.3634897453371,8.15298437282051,9.21784503448707,8.58119002261076,10.0868565395639,11.7470337985177,12.3287728715268,9.74868120415571,11.2533756282973,8.57692052651016,8.82900592624608,10.0075393444019,5.5650247387391,11.7441819242076,11.6383885345989,9.86895652610395,8.34486780051554,15.6522337695441,16.0705084584801,7.61213301600337,7.77552451667264,6.86466984381684,10.4903959817128,8.69193723383005,9.47707973762106,10.2269019552812,9.33851202731563,11.9902622315489,16.1229739558472,10.4348724831129,9.86260612615596,7.58816416875265,11.7626792548151,14.2061997756583,11.8066459467379,9.24511112176793,9.58259488437798,13.3621347418152,9.52920855664016,10.7140728347246,7.62942034528285,5.27763716324153,8.42039122729191,8.74046672510726,14.1725559643138,8.49062076067668,15.7099516537218,10.9085869883296,11.5213525071895,9.85631930367427,7.68539004619681,9.94848651251957,9.56760937693485,16.5654142825761,14.3276787915263,15.2919942520052,"1"
"GSM3427996",5.25739270413494,4.993273372792,6.00992838889397,7.95295593266943,9.53557147352485,6.2236550826659,2.12169776457065,8.02912676714404,7.6202751668749,4.14595949606977,7.31332144251397,6.10537504746344,5.60467854313411,6.82608943896927,5.75787758778515,4.95293316522864,7.97855281854159,4.6480984824981,3.71882226775516,6.17869449192641,7.3647739534833,5.97784899257475,5.38053226517097,8.47618671811602,1.21568188808445,7.26228253791814,7.59001792082829,7.12296403793901,6.31844581592295,7.93979473776602,3.69055562082296,9.42096716676235,10.1308639842704,8.36300925833781,6.85892979224635,5.33845664557167,6.37456286002393,6.35362612664183,4.70238981204243,2.60868706075333,6.95032920989606,5.92820285588818,2.68140662061109,7.53705665142927,6.32399919761673,9.80529334988215,5.29369901306813,7.35693850280964,5.58905849363949,5.30145076644934,7.34279277380125,7.28576079103245,3.71471108856519,4.69589180613128,7.32240043032915,7.84991570881849,8.1912836792491,0.746126128911873,4.42083372347143,2.77252797020959,5.91806806760923,6.19102117670559,-0.0654755129872479,5.98056306896941,7.58207660950797,8.31179403641864,8.01744180899111,6.50857840053752,5.77991686845985,3.01521739008776,6.76458470837598,9.54597336938036,1.8382250247492,3.89600117108307,"0"
"GSM3427997",8.86298653762822,12.7603426786431,8.58413019477734,10.7020040546348,11.4514989173617,8.41347964154592,6.20916060582099,10.8846888235338,9.64094269091352,6.7875055251573,10.2651097632896,8.40436372598816,7.4289793572457,9.35877951811259,11.4226968729,8.20204047569114,9.90359831026522,7.61388276716019,14.6766498285889,8.69267948983157,9.84587625710011,8.57988500665485,11.498143521526,12.0698413174133,12.5817308387551,10.4024129371001,11.4243618251099,9.59509072942467,8.93237654080936,10.4663405522619,6.15149397071041,12.5419370414004,12.2598609044325,10.3946601447457,9.51274067119359,15.8011002272479,15.9633596700169,8.25831055763561,8.57816987511092,6.30202572251928,11.3680038887212,9.183890409591,9.90991502074318,10.2816051739786,10.0414740284183,12.4338248655407,16.3767966245515,10.625550170425,9.36239647747066,7.71648826572819,12.5180218071035,13.9814540420355,12.2426224450853,8.90596395583186,10.1708110298303,14.1693774661016,10.1214440541805,11.7226902523272,8.41078005880751,5.5315198707058,8.60570856844379,8.9551962438886,12.820030216805,9.04788217854762,17.2263617307344,10.9205226951115,13.1707079925741,10.370340575214,8.37311999973494,11.0772635278082,9.42009666741113,17.5211992373377,12.7965705903427,15.0071368413178,"1"
"GSM3427998",7.0416640130795,11.0746937378077,7.00070985886459,8.79069769490915,9.59194238748646,6.48776252316492,3.96300001855159,9.14145546724692,7.95674361377964,6.72610498049315,8.51763973268858,6.52851759637934,5.94171353041168,6.73648597807933,8.76823567377812,6.42117205964812,8.24836575700645,5.60229479288498,12.0546592081332,6.71041497137059,7.43959123183023,6.97388009037181,8.27716575685097,10.1239494932662,9.2184969036915,8.69801175937077,9.57250015957026,7.42335897127673,7.89831044900442,9.21335981109198,3.57553896048304,10.2244977513879,10.353711442684,8.5063193773791,7.03748896382643,14.1735056906655,14.4783107848618,6.60247242341634,6.25624178022355,4.75453792721679,9.22555962370101,7.72018255205887,6.88455724558706,8.6476758241092,7.3913544654185,10.2856072536587,14.5064655785224,8.60514011049569,8.63065939810626,5.7317550223815,9.88186587601035,12.290225039177,9.10702851134396,7.66989659759834,8.3351114820787,11.7857853713988,8.59623236090436,10.6002153087824,6.07872774664644,3.65705075278966,6.87682357943185,7.32103745671126,12.8264980060383,7.05340387585491,13.8093691767576,9.18972218737491,10.9530583313075,8.06430770119735,6.33385247356038,8.17364675269224,8.38279050113295,14.4508107677001,11.3709983763922,13.5284771330069,"1"
"GSM3427999",5.71195856760042,4.51088060571139,6.38419262426859,8.42502437698465,9.78797228340867,6.26179021155267,3.44362585945801,7.58060542264257,7.75638769417362,4.38474635565689,7.9804303634158,6.33066735930568,4.97566086233501,6.83396586457991,5.85234227178865,5.62491872818716,8.14318352031439,5.20268733417574,4.56681917431011,6.20202699575703,7.40027830780541,5.76467510126768,5.62244724477224,8.89330753189535,1.21568188808445,7.88971317977976,8.1082346831162,7.37790515314365,6.71620532376995,8.45621633498815,3.52683576890735,9.91077243444317,10.0266069663054,8.3155702014418,7.30192813612067,5.69972288840954,7.35545403707622,6.54961120745686,5.28349998726798,2.30202572251928,7.44105564077145,6.33429139843955,2.68140662061109,7.46090731250348,6.19073266675327,9.70308173838341,6.10866711923561,7.80161705002912,5.94136023757037,5.16189941405055,7.57539699976176,7.59250668777785,3.64912274693762,4.49997159615603,8.12305221658996,7.27388633286734,8.70673627608713,3.20555774754917,4.71034034066641,2.99808767062472,6.66703119487503,6.25135171090691,3.25645258190011,5.9440371929443,7.54994398856716,8.56784797731921,8.52858407642059,6.46186836602753,5.84230091240599,3.69971556435983,6.85264088504117,7.67006371710501,3.11833294394193,4.99553684463399,"0"
"GSM3428000",8.55053789839327,12.4743717296691,7.64160363478345,9.82106488580613,10.2771727683912,8.23008135182533,5.0602972199065,9.96416652194773,8.82802824351401,6.6968601607173,9.34441634754893,8.05891573637078,6.99647933384257,9.40621731355151,9.60245554582496,7.15975774948248,8.94996101789325,6.1157040325811,13.4560696107829,7.28812773301235,8.95625712085706,7.59933736932102,8.00300306963031,10.0553252555195,9.79122113491898,9.66171162441406,11.084006761502,8.42335897127673,8.7744035705151,10.1796336546354,5.40243023402634,11.0958173861711,11.5804982577723,10.0041962613365,8.14347526747483,14.675208110468,15.5852769212182,8.10287445869739,7.72954386354615,6.06252683114628,9.5228497319351,8.67836237636424,7.11522759556935,9.52120782277129,7.59408836098448,10.7603674790006,15.3806952210288,9.66157605612541,9.95680626536346,6.7985240345942,11.2217835999287,12.6915469188388,9.03262612094593,9.14697205533566,9.20670154288114,12.0817182577532,9.74105157988142,10.122251518188,7.61314480557002,4.20137126901347,7.6830712061393,8.09414181044684,14.2810382201784,7.82282360597522,12.5894064867944,10.3823881616758,10.6233831492163,9.27673929904581,7.34426908950572,8.21488973492412,8.00131815277945,13.6097397945121,13.0930005863469,15.1648773025968,"1"
"GSM3428001",7.14154437544842,10.3064428329012,7.62069464502047,9.46014161980402,10.494076412207,7.09225719355004,4.53673526384949,8.79586354479553,8.47185500524682,5.45629961668192,8.97841589479775,7.32718679057072,6.04124920396259,8.36286840618047,8.43334830958501,6.35199797403626,8.76669106469732,5.57883582006099,11.3813126316689,7.16292717606809,8.49736756310943,6.94578778334246,7.99724635378191,9.95662301753351,9.11352734408996,8.82438093028756,9.61874963937161,8.3467869948819,7.81148582720306,9.06862471811097,4.96871131368142,10.9493857458498,10.9012095003257,9.84290156503767,8.02513855785784,12.7439094705396,13.254199846299,7.48544401196329,6.4847983769698,4.7820186636389,8.89083708937503,7.33621371057057,7.23103604821996,8.53148280660468,7.72838945269607,11.0044100640392,13.1800165683508,8.88885476916916,7.78935714412532,6.23871501110138,9.8216573458244,11.3326818384199,9.22356226124677,7.09799024970263,8.94239852947131,10.6444123011872,9.6099296830399,6.72340605241179,5.95872797053581,3.62052487676454,7.19906156478134,7.38526978381261,11.7191593325703,7.12507565123871,12.654129509621,9.59864496574079,9.54412922104522,8.13134293397107,7.0455069791974,7.23023028105861,7.19717040886567,13.7783583904884,11.160797036202,12.5086064268734,"0"
"GSM3428002",9.20063105427431,14.0135369385682,10.3444365440305,10.9344158021177,11.6992182580466,8.57490984882277,6.31152232345066,11.7650698466837,11.1543637604878,8.53965026025723,10.2913115284899,8.71185064080605,8.01496251244231,8.66101024820346,11.5842189892821,8.64876547014153,10.2909371407581,7.64245191935696,14.9638401032351,9.11045975617396,9.68735544287499,8.95286230910272,11.2646403853243,12.5487224443113,13.1302538857334,10.2808764044934,12.0158969797546,9.32190921792082,10.2222798530981,11.3750032379801,5.9572703731447,12.6256222222923,12.4550658306779,10.9625646609041,9.43631698033622,16.3871760917399,16.855397340425,8.76745561093711,9.1633944219759,8.15410343349842,11.3323127907733,9.88552028400553,8.45342846955641,10.8803365808995,9.511496828507,12.4621566454123,16.918524078508,10.6998074363354,10.912776057222,7.9932066578526,12.4416197674701,15.1803948534373,10.2621197865766,9.83430583482838,10.5078460171078,14.22430722322,10.839556695588,12.5272808996077,8.23807797269462,5.81893843516655,9.27892202300319,9.45587278099363,15.2739917798654,9.48336646485963,16.6217566063039,12.0338596911676,13.0574679036952,10.9011389878274,8.58254163860506,10.702218071563,10.7752644069143,17.3272692714927,15.2987540559303,16.3385004190327,"1"
"GSM3428003",7.08746770269262,8.57189434663933,7.37886574421962,9.8793635263708,10.9640198920633,7.86957079461892,5.09132411552713,9.30415795027099,8.98076684298615,5.79672405518668,9.18410501815324,7.65606764609985,6.67867912457788,7.75458079852851,8.12676144110207,6.69586648265449,9.09280999779928,6.24055551976618,9.37988774756211,7.76104104444055,8.90493381295714,7.06624410852047,8.29864808465136,10.7266257976795,6.44450057858033,9.2511815446849,9.96884840695013,8.65751911146387,8.33551932928189,9.79467453479799,5.09310217591861,11.2585572236258,11.0497798778059,10.0471518262386,8.55065600102744,11.1637127890091,11.708149796676,7.70708537662604,6.72244746438368,4.25377055391206,8.84976750180088,7.67076522852469,5.41371083740743,8.98871274194427,8.41644544638133,11.1169774132727,11.5816678489405,9.33065917801079,7.57621161408388,6.52822162829637,8.90993299672034,10.613638152251,6.94395718094271,6.21845776971457,9.17994110955497,10.5796947623914,10.1868785001291,7.49431897850133,6.42882651422496,4.65705075278966,7.65352693052528,7.89422278965607,9.74990778282629,7.43811983998627,11.454666747493,9.9859050794426,10.3839093965399,8.48346502078196,7.58017073414231,6.54325282272408,8.26649146936958,12.4331483722351,8.50457585231101,10.6922725940117,"0"
"GSM4232387",6.86202087157556,7.48365840501495,6.5103363523546,9.39633727851637,10.2483521462342,5.93674967075267,1.27802868382485,9.20795771486378,8.44305199069101,3.56226988760087,9.19196919849579,7.40011763748568,4.89802883319559,8.06134446322575,7.43799318545508,5.3833410938014,8.34576002981121,4.95391011299188,8.59481745619849,6.54683427150073,6.79045916248737,5.2390932301684,6.99612504428974,11.0416535408037,3.08148631354538,8.31704053384875,8.84955999448584,8.85325219712332,7.84540773029853,9.36804525724443,5.70537171285496,10.8273304375998,10.8297290920755,9.73329031393575,7.63468639699569,11.0879534733786,11.7448172124342,7.57523969277479,6.62102182362698,4.70061377729706,8.3967195434387,7.86828731090409,4.91792862299825,8.75588445424996,6.27507003956955,9.81609649193587,11.2983990692069,11.0311495333042,6.90373320083388,3.67208589520163,9.460244809726,8.91396938734252,8.31835901285967,5.03273459393816,9.00696438782857,10.1581912662133,9.29342879538034,5.50315599809564,5.12496903299766,3.99317969032754,5.27604449166889,2.73273784949719,8.02682177719874,7.17279917095335,10.4973832725932,9.09992273291582,9.759491675569,8.27105243417754,7.14102586745784,7.32538966605494,6.68005431781396,12.4498327515561,5.7726116953958,9.60554195118401,"0"
"GSM4232388",7.47550035115596,11.0006887304083,8.86862988675001,9.86625185550125,11.1678330238836,7.81577650235188,5.67430692545498,10.4854225422305,9.72751977437346,7.18718451816711,10.0055735408897,7.45832407765355,7.00851103747966,8.45569932171441,8.89942907679847,6.48027317272402,9.31117242427479,6.0386024818084,11.0381074962,7.65125121807743,9.04824172297333,7.85650257899373,8.60383029531775,11.0715774171219,7.49390498312001,9.13976689711965,9.80214686848192,8.68452778635816,8.39534170051487,10.2892957408783,4.89963486607618,11.7197780320141,11.6766415281349,10.0491188843413,7.14255697284901,12.4619480961069,12.7260221134606,8.89343210129264,7.71670500295953,4.70052289037239,9.88464057322853,8.48966003155971,7.99482717766359,9.63287692695669,8.64300981346859,11.670849727881,12.5476004203607,10.7902568919787,8.75605540767766,6.80924992859055,10.7731760693963,12.3699563226242,9.41326279151674,7.8416546907277,9.54664376260829,12.3716281346289,10.1976700398075,6.82058899354069,7.14412295609126,3.99317969032754,8.68330668082019,5.11835394316825,10.9415229976245,8.24585571834202,14.0343577592812,10.1129280013188,11.4840244346949,8.93866017587727,7.81993032177796,8.71817900830212,8.82984454623617,14.9101266855439,10.6858745167866,11.5672722591418,"0"
"GSM4232389",7.29281326499984,6.11292060999493,7.05913633871798,9.45367685094532,10.6826299503839,7.73903205734441,1.15313578236371,8.87779172197429,8.7321484616385,4.74524877795736,9.32424347378401,7.7794085476219,5.67565789586683,8.09950694789502,6.95725159017911,6.32423045823059,8.84905939112074,5.42997475278965,7.90231243856041,7.6278313706262,8.27122477781392,6.10226686894597,7.05034284394065,9.77865702360733,1.75473789680829,8.93132507487408,10.2653766686319,8.12746077391287,7.91572780630128,9.38096993002763,5.20427409855861,11.2845724744886,10.4546756736487,9.25331106609161,9.74703095676014,10.1836402696857,11.1507558000889,5.65523043747844,5.96122319071539,4.70053298920233,8.74943943556341,7.3885669479881,5.66917920792145,8.98744021743884,7.32993940948466,10.6614206090424,10.2290231458119,5.01196464572809,7.21443312110226,4.35023065260731,8.62391041235703,9.0356331828432,6.973320173338,5.29980222126185,9.11405320768885,9.06515954672948,9.74731438902782,4.75399170543286,5.77823444950352,3.99317969032754,7.2655589991301,8.9390884913439,6.10644571312695,7.86962405186548,8.04633558304524,9.55396344655514,9.52422864706929,7.04043416342074,7.20053621377189,6.89680939200916,7.32944436189803,9.3103348346992,1.66069269462736,9.39027115373044,"0"
"GSM4232390",7.69068639641481,10.8881973065099,8.47785115695144,10.2196158238859,11.0310648104259,8.18047143111028,5.35979912915364,9.87289979960589,9.1339916005425,5.24740814170161,9.35953785185716,7.49415553407776,7.03348066920116,8.36314654275299,9.71735052138572,5.22798785111433,9.46467354287189,5.32839378209502,10.689300607701,7.95405832650582,8.65242817748831,7.85938520226355,9.31176456337733,10.4185934095674,7.81248109986948,9.07002174887272,10.5030854919397,8.80794531691979,8.85535389903604,10.1525869972365,4.3103025509786,11.4008410725188,11.9883895290867,10.3410693871327,8.6680023757476,12.1260427671607,12.8519366536793,8.90244318985167,7.49189906886967,4.70052289037239,9.41173706330705,8.13581421643884,5.84394979301352,9.17529933212806,8.74755640355464,11.6850536636093,12.5722033344486,10.9428403004815,8.297969121245,9.15525617723891,10.8392391876418,12.1763144474243,6.75681511977896,7.76588657245609,9.32486817452762,12.5258567269608,10.0076170603965,8.26458226140003,7.29744715960896,3.99317969032754,8.44272657339463,9.18824954235795,10.5053557062395,7.71571599795794,13.4106172400651,10.3213644721596,11.7161948543345,9.01890420917356,7.37713532573911,8.48685433681712,8.50845538486825,14.4576502571479,10.7025078651298,11.8492253006585,"0"
"GSM4232391",8.24529731186143,10.8562389673228,7.59398968647437,9.90114189708361,10.7205565996376,6.97577551867053,6.0138057363554,10.1972931974846,8.99861092524811,7.51243085358401,9.55635673955032,8.03358044442024,6.21675581820136,8.6630209674918,8.74602935305457,5.47470658666468,9.29555548869587,6.47899673824823,11.1133708525678,7.71006213150828,8.7181924908653,7.42264692500221,8.3201714347917,9.64987914903762,8.99312650246182,9.69951351429041,9.5165940576804,8.62090492326844,8.55190060980883,9.97340694420913,6.7405670882891,11.4699808065089,11.5734434320409,10.0927024286148,9.10750822911208,13.1980384829509,13.8043325934848,7.91676940674289,8.218949287639,4.70052289037239,9.6035143526743,8.4692867524859,6.136662758848,10.0176701625027,7.77021576576536,10.7871057396991,13.3475730231175,11.080841715592,8.85271907128639,7.79921011473742,10.8591531708504,11.7259914948208,9.54843003228672,8.11669671075427,9.55406339232621,11.4896294078622,9.66853826824493,9.35925841692936,5.78964214583316,3.99317969032754,7.67156268538891,8.2588401701708,11.1651161658599,8.5220518998178,11.5800671892648,10.6436182956822,10.5679439162923,9.05878954148413,7.67174159099076,9.23780623521592,8.49311364190778,12.8393021255173,10.4115769864489,11.5848079009711,"0"
"GSM4232392",7.88200123578611,11.0454900278638,7.77948932022957,9.94722381356644,10.9978088927833,7.51688972439255,5.40864993628436,10.4593490394839,8.9709041064565,6.15202367320593,9.89719505339332,7.61770736874301,6.31925898648992,9.46878330252705,10.4898304216473,8.56714358626424,9.38322856397975,6.32212038535568,11.9103430733576,7.98703732585961,8.92240396017151,7.66403747615679,9.99534345233531,11.9752552401078,8.88085096966364,9.17923319416805,10.3580075696749,8.83888064980174,8.48066772069363,10.1056677606982,4.34027231274015,11.6389049539529,12.247686510019,10.4025601886184,7.17349335354251,13.1734448190167,13.2606038295976,9.29471260920958,7.5660046136742,6.36280815768874,9.7710482517384,8.79149768587065,3.77990396054276,9.84265042735022,8.04775424525292,11.2823514224432,13.4841556034282,12.0993443725981,8.79250544430589,8.23069081662154,11.7173820601419,12.5266300673293,8.61632109594457,8.82460279147387,9.53446623322524,12.5612830597413,9.80922187948617,9.6950311654324,7.32222773986756,4.00705495738128,9.04138919273258,7.42340500275383,10.9912693977017,8.11019316276193,14.4404198123884,10.3051446092514,12.1008989398592,10.5323719157573,7.20549769068721,9.19156072226262,8.1292366895102,15.3676553733745,10.7744729236415,12.0095570690417,"1"
"GSM4232393",8.79490111493931,13.5613151314727,9.65447983994532,10.19694301983,11.7541847772942,8.75152702322066,6.11639658076643,11.5621074592982,11.3372489429261,6.56164804314993,10.712481513403,8.67123675824707,7.69681992815965,9.28219140487367,10.8998169665731,8.48476015256424,10.193566578962,7.34503843009326,13.6468270855544,8.8544640323283,9.68640957966732,8.68491015032589,10.8050196874394,12.1723339288968,10.524410656303,10.0612192031392,11.255551673575,9.88552620015219,9.31840347903879,10.8635443535508,6.53583770030566,12.5147422847506,12.4043424914939,10.6962113423037,8.00850930204915,14.0859724818181,14.2566322510899,9.69385953647245,8.14113220912074,4.70052289037239,11.1414386059615,9.18283921529892,5.88433289206715,10.8046151794908,9.52793956268042,12.258697798378,14.2227566359728,10.6065410514256,9.75096046585265,9.53214547844888,12.433070791251,14.046601069769,10.1049037795768,9.94605624068792,10.3676951573015,13.1818017869548,10.6089877771845,10.3217411599055,7.98800256153043,3.99317969032754,9.90428107068323,8.15047576500574,11.9068303636117,8.90626401094166,15.3476438102361,11.4237726267826,12.3644353826012,11.1329479500333,8.70843115338469,10.2047916404687,9.76937790867226,16.0270084296616,13.5259773386776,13.0373157021858,"1"
"GSM4232394",7.14629071047821,11.8186208985494,9.09338717533278,10.1563859249892,11.1057960449856,8.42285970592287,7.34777464465656,10.936347311072,9.35377219864409,8.11339439445437,10.2611201648934,8.05287438099577,7.89074541167373,8.96885445125058,10.4531992010346,8.38576466383068,9.43265873912502,7.21956883983733,12.2890173302613,8.23889124404525,9.66965444847082,8.66902921315222,10.2551848316018,11.6955443339617,8.23463331465993,9.73160264363219,10.5478970752703,8.96190334443987,8.46000372917293,10.3599131867721,4.56085504860706,11.6347014722829,12.2704217843146,10.2420590554815,8.79323290768227,12.6281062156473,13.2049904044977,7.18557381782552,7.75444350279869,4.70052289037239,10.3117157158615,9.0926385171998,3.72340484654848,9.6324090812407,8.66412345916616,11.4483740226321,13.3392695522639,9.12244291083828,9.29468217894148,8.2947022539238,11.6128329515244,13.2229987449798,7.11825483413042,8.53252170812178,9.69687059029976,12.7674488377308,10.0092473979518,10.3300854667958,7.58877333099573,3.99317969032754,8.51728223528096,8.96921473241488,11.6283958306355,8.41695342605893,14.5758900394541,10.3788250115741,12.5074574901434,10.0439645714722,7.8677030488262,8.49956350669441,9.21221608965672,15.1367788736573,11.7455901105371,12.5283679496207,"1"
"GSM4232395",7.74844222900101,12.7782413491724,7.64896431506529,10.6238631683391,11.3429287620908,8.21731897898281,6.81555652569475,10.9287725919889,10.034940726831,6.361876680078,9.87272600826335,8.41370413919672,6.69283568074107,9.35088788348698,11.0051541429749,6.50132675938595,10.1218416465653,6.58860435012508,12.281230896578,8.75028533272641,9.17205845942075,7.82276487408271,10.1886044577418,11.1666633986925,9.89527180444167,9.90405659733486,10.6600605648347,9.51465139765759,9.48374304107059,10.3521583380914,4.44324420003789,11.5755454925456,12.5749594600122,10.4085053386383,8.57178512478785,13.8357347428017,14.1805025362689,9.37512939955553,8.15721529076243,4.70052289037239,10.2033621477421,8.89920761746545,7.1465880828268,10.122134434624,8.84176169799735,11.9307673704007,14.014414409269,11.7435639046685,9.545213112349,5.51068089889603,12.0169115183468,13.4338017281126,9.86653686138593,9.34264640317955,9.9684866046891,13.3052059530912,10.0651489620235,11.1610161299189,7.63165519946017,3.99317969032754,9.97419735355221,8.95068424462623,11.9748717529553,8.15043765269828,14.5246817522139,11.3865999417136,12.3939811052765,10.066655429431,9.1997085066128,9.55168190611595,9.38917694766413,15.3447340801631,12.7652575924927,13.0547503089701,"1"
"GSM4232396",8.3853044525259,11.9981106491066,9.14714008711762,10.451008338793,11.1052819611587,8.32031863656496,7.64119407205178,11.0723771761587,9.34820738544022,6.15461770976845,10.4064903983459,8.17315431912945,7.68898195886096,9.19122322437134,9.89682998885851,6.93963233943073,9.69576771415886,7.75428149414804,12.7194428386348,8.68632103089196,9.58257088784105,8.83418741874299,9.04266190483561,10.1729619336979,9.18858440509843,10.3284107092356,9.53877766623652,8.30877821966218,9.09706803074776,10.5731680879791,6.82703274390547,11.9375215019558,12.0551563187905,9.77841049532903,9.84434289858379,13.9034839271146,14.3364480300151,7.69067206747696,8.11298799866513,4.70052289037239,10.4713783963544,9.14017501287955,7.76248337528929,10.3785541275915,8.60394779723526,11.7213841737999,14.3408702574722,9.0182591168449,9.56392804790145,8.39428025944259,12.0702651859625,13.3211618430753,9.18633075517021,9.07182420685624,9.9810575154212,12.7546458716226,10.0554243840341,11.2477682121795,7.90814053926125,3.99317969032754,9.06994891029478,9.17980665312101,11.8157705753398,8.81257441907126,14.1144974537866,10.977376875505,12.1358571130209,9.61818642759537,7.84306139002138,9.96639736932685,9.39475124296994,15.0763737856486,12.0132336451656,12.6538493246893,"1"
"GSM5629971",9.08295458097468,13.2539027496551,9.50339652036642,10.639430030265,11.4197271419812,9.14128258324052,5.8496013063288,11.7708580036338,10.2719204623233,8.2480990413128,10.404688141408,8.21807266407969,7.6919569804646,10.1510799258552,9.73401221388525,7.7319102699095,9.9669170308736,7.4148487445778,14.8214083978483,8.58234037655084,9.78847955422995,8.49525204653446,9.89394196922732,11.9338435691205,10.3886694854513,9.83187922373447,11.2633000249396,9.03158029286397,9.48199255989383,10.8165394286411,6.09946823497533,11.8556252902679,12.6182936728852,11.383951739234,9.20967801644978,15.8616694288893,15.7742651480598,9.24134927049069,8.24016145460701,6.83730068832402,10.2806304651854,9.05215024962045,8.848301076807,10.1342996965245,8.52251520178714,11.7134988251213,16.1730456912536,10.79335859001,10.4214335029689,7.51606076998938,12.1024010128133,13.9094076224417,10.062407750407,10.0997384511335,10.0657473160987,13.1822861639039,10.4654568763665,12.7641062635764,8.42801755224108,5.02650621713611,8.38509125048024,8.81675630065322,15.0958162421136,8.97839257193456,14.2718759985122,11.2019173523884,12.4206772304588,10.0755450196261,8.10315723675056,10.5261353889746,9.24160696915704,15.6518559162801,13.917291558147,14.4156451337934,"1"
"GSM5629972",8.33977046407332,6.14029244495701,8.07312158184332,8.5429985685356,10.0072130052156,7.10454203642551,3.40631942768483,7.25853143656441,8.93717502904287,5.72649860158907,8.61836813140788,7.28995278721028,5.92456846572464,7.76737563338115,7.7900225998058,6.53787865169614,8.67307147795428,4.96060357265584,6.57603459881257,7.09373650550498,8.8674609187252,6.02115876674175,8.47052545324355,10.7119005155001,2.90163340541942,8.33080828492817,8.19679413153547,8.63378324367396,7.51509465492104,9.51943744124515,5.65200925800411,10.856237379815,10.7606892895205,9.28523368828407,8.11959288721746,8.56071693905404,8.76615826523522,6.9249724731236,6.57073216437498,5.30963433393427,8.60255856007275,6.39687821388095,6.00829983747,7.76868175128996,7.55288885083066,10.9772783605443,7.74552376776713,9.56279731703563,7.18115956206871,6.29207772551398,7.32668612330692,10.1414948254576,6.66026627021724,4.81270514669237,8.12167734425744,7.95156328433435,9.61846275936567,5.23809615651462,5.35670014773942,3.56975369869469,6.2475877267303,7.00244861795385,5.88825080919582,7.50807263715453,9.61100138083695,10.038278115811,9.18574210766226,7.63114384693508,6.63585158075755,4.40330739416693,7.26755163749832,11.2635257806461,6.50744373213346,5.36215115070607,"0"
"GSM5629980",8.11061092387755,14.6284885176786,9.6475239425431,11.4875498291954,11.7757455967513,8.19335130338336,5.93243935434263,12.4629605263445,11.1506141661012,8.05067914820781,10.4326670840194,8.39147379443712,7.55097568474315,10.0388386612855,11.4746667347353,8.1691236791805,10.8953397377483,7.61203298213537,15.7060376754938,9.00797028193977,8.8285106553564,8.72657759264092,10.295254402349,12.2217032539889,12.4335996237797,11.0923371321342,11.4898133028063,9.09179781569808,10.061959327062,10.6284564258619,5.09946823497533,12.309284949922,12.920412978112,10.3501634257777,8.62221820674277,16.5866684082892,16.3204302239013,9.05139100369475,8.35896888464704,7.14201949317916,11.6192373012194,10.1825271842528,8.66240849923192,11.0479507226531,9.75256119566702,12.200202781779,17.0606684958053,10.3592215393599,10.8686231948173,7.79096927611147,13.32190725082,14.6176853907179,10.3860419298517,10.7906584401186,10.8324949209114,14.2551717395584,10.321738769158,14.351187139957,7.8806011227243,5.03719289593336,9.7545958044834,8.67528387470034,15.7515878248871,9.5741618276123,15.7875867411749,11.6074169071422,12.9452410296954,11.6431359071993,7.8354911016353,11.4173278644819,10.7562508952808,16.9676449220331,15.1289321088797,16.0175599027159,"1"
"GSM5629981",7.6548270822554,8.05568021724207,7.85072916050687,8.9884589883882,10.4799572785976,6.76388673346924,4.05839612426453,9.06331852340085,8.94849034227071,6.63338919719759,8.95000853750831,7.61922463710358,6.29761187633886,7.78232597484713,8.09271447583025,6.16861181291972,9.58158346978166,5.15561955506098,6.91951883706638,7.61683375064128,8.42058408441935,6.61151452623313,9.10179575925737,10.2361460235485,4.38706023258966,8.75069518386841,9.68138967372686,8.23697964328712,7.75802963092527,9.76338600594804,5.4405051528104,11.4645700177625,10.4139788445498,9.75096772364986,8.19513307969939,9.0655715125449,9.50572766706613,7.55950740351078,6.94583091828368,5.87111540131626,8.90693376128745,6.87221622342761,5.3951036560199,8.6475607318915,8.37519411435423,11.0172764284762,9.00740293928786,8.8651521664335,8.69439628733565,5.80665089834373,8.83242436131157,10.9765897050396,6.18857446845242,6.15150706014413,8.44640407249748,11.1199752336811,9.90938535445034,1.23809615651462,5.67080873816749,4.06356831135765,7.12666609789903,7.58973243058513,4.25598259369631,7.3934300712134,11.8644629470409,9.94792579543644,10.6114380884398,8.83257337483608,7.15584276761962,3.86273901280423,7.82160809663376,13.9593984250631,6.1432874018568,6.63063998663197,"0"
"GSM5629986",7.85994151216001,12.6711802544708,7.57725930200677,10.0154153150117,10.9985856661363,7.59486766300859,5.96153458501194,10.24348755634,8.92577026577063,7.10153803293599,9.68056289301523,8.11794462959215,7.01989342474795,8.49075216279941,9.39632362489266,7.71868402249657,9.58712874902735,7.57840933006401,13.7230479943764,8.76679033585099,9.06470216177672,8.26481415671744,8.10526377785257,10.4365025260031,8.51339596548429,10.2092463050473,10.1135789453732,8.62753780084306,9.56370250191103,9.8783257065805,6.4405051528104,11.3965571311184,11.9807223812438,9.77590562539977,8.45547651708523,15.851091731547,15.6486908799135,7.75917041030362,7.30375327203507,4.18522399174432,10.3376776654826,8.72282216394556,6.98006615674106,10.0611617130382,8.59363519317396,11.4117391230866,15.8702354514712,9.9245901660164,9.10976801458794,7.31418842711973,12.465590229817,12.6558599022645,10.4234261065155,7.89766981408751,9.82391168265842,11.8195995737143,9.98639957407199,11.0259987159061,7.89006145197337,4.49420266568752,8.63847548628031,8.50371851487677,13.3618911022675,8.17103764987696,12.8517491797273,10.189802170033,11.8887188874598,9.4578372402818,7.70417153936148,10.2448717418975,8.81876534686494,13.2288608952223,13.0119418984988,14.3631114323245,"1"
"GSM5629987",8.88150686199494,6.63092756313002,9.15522266205822,9.42988448848415,10.9760313499674,7.55771466459112,3.7282475225722,9.15299702239206,9.76760497779079,7.01190082045132,9.47832017130019,7.79626338132031,6.18365568704177,8.56179149973126,8.52028465367593,6.78430344463259,8.9447707449152,4.87254739599064,6.26569447820042,7.03558475271918,8.71385572068365,6.49962164616223,9.41641376591247,11.2691921797702,5.74963031197437,9.013326095072,10.5609146624836,8.49887402927424,7.70773973286343,10.350675434659,5.51450573425417,11.1760220241783,11.0184561609161,11.0034827538217,8.99830522890094,6.02655628905045,7.48551837883849,7.88500007980512,7.62152801620841,5.28893534126643,9.17967116557297,6.36125430415023,7.19674492688311,8.23099089572841,8.41707499548493,11.258408380411,6.63516976255243,9.82489899612552,8.54965447541052,6.18216003343594,8.31898690060918,10.9614773558429,6.7021167766146,6.45995192566787,8.96525796651478,10.2094847667745,10.197672552216,1.23809615651462,5.57351153681257,3.83768690394133,6.85696447549361,7.62184461573888,5.10397950025126,8.38799618516278,11.1589126659539,10.1736963475211,9.14984308154528,8.11388283906444,8.04802134819536,5.42567520719538,7.63166520161449,12.8981348529537,2.65500092054732,4.29503695484754,"0"
"GSM5630006",4.6548270822554,7.05083081758068,5.50477379497306,9.80471844576739,9.92795760990429,6.56189034056231,6.90404909035118,8.0251221998399,7.21527688296561,2.53385352364667,8.66628876203311,7.46629107278405,6.34550656644317,6.35233813410231,8.85025326721497,6.68041776534337,8.23349179441264,7.6985179962156,3.84423070976214,8.87955826601294,7.87225658532685,8.00485695441265,6.59291565136704,8.91951909439991,3.03913692916935,8.80065334255566,6.86318423160047,7.72142936575297,7.81795848818148,7.6086634111494,3.99993256142442,10.8215540514764,11.4015818184003,6.42162215720002,6.6636098379397,7.31433616152597,8.47188651325072,6.42885104515712,5.87582119703594,1.02423211507202,9.13049011575753,8.18471253439175,1.9356720373826,7.80208862837531,7.6856027731759,9.87169960419063,7.93970772056572,7.21760512833432,4.34683759241084,7.70781133821568,12.2515915640668,9.28235736129741,6.98325556047491,6.02902305361913,9.04127353088472,11.3111056710215,7.98003004919626,3.56002425140198,6.46917487699784,4.09459520697828,9.07101101741556,6.62184461573888,0.934054498808948,5.64192838388932,11.3441576835585,7.86355554924148,12.1213616666049,7.2394137211483,6.26827543518497,7.06151887691872,8.1593528969839,10.1538599657135,1.80700401399237,5.29503695484754,"1"
"GSM5630007",7.34288307594066,6.79070800716679,7.66117535231563,9.14623980297507,10.3224817639888,6.71971915019367,3.40631942768483,8.49538921983913,8.59714751830925,5.70377852508899,8.84529305738628,7.27939643493433,5.12311414510672,8.13660944304687,7.18824248102437,6.25986417823077,8.46394398554304,5.15561955506098,5.99107209809141,7.01315898965795,7.80362168200076,6.27334579033855,8.03971571303068,9.67780340988958,4.16466781125321,8.44141974717629,9.32581118939758,7.65338397832987,7.50671498930507,9.39306015547559,4.99993256142442,10.9132327453591,10.4800265809668,9.31756434190006,8.18704506949921,8.14592217470315,7.73415980324471,7.74354757081341,7.01983149972745,4.71849325828399,8.35022073737046,6.91847181438848,5.67889662202049,7.81237160163717,6.72947758255398,10.408366547871,7.98866218026966,8.9359735036232,7.16966392323088,5.42501655733211,8.51526026098174,9.91354287877922,6.19151574376454,5.80205790249286,8.51377242057034,9.85481988547513,9.37125272419955,1.23809615651462,5.11993943611474,3.1448684134595,6.89282823937557,6.99895963187397,0.934054498808948,6.99635911846401,10.6627370253967,9.36095866539638,9.66985838663559,7.36340243842375,7.10359342573072,2.86273901280423,7.15184275487662,12.2695978208725,3.07003841982616,5.39457262839845,"0"
"GSM5630008",9.49052663000696,12.4235859739809,8.56278617975922,10.9806221788345,11.1225989561455,10.1300771285326,4.50585510123575,11.8322257594017,10.4072387048967,6.76541759088137,10.9185241169602,8.32030817602482,6.72175158272495,9.97194677763036,9.5631945636569,7.70921219124486,9.47095953621119,5.6551905645515,13.0237844124022,7.37886468218939,9.16842158414913,7.23891229327468,9.73120498732068,12.2543070379957,8.03503253083662,9.04031182547076,11.8726828911507,9.99485225961288,8.44519264169088,11.350094054421,5.77754014008797,11.5881761569064,13.1295081458019,12.771536025772,10.3550537667417,13.2096039481949,14.2632142859501,10.0050204274203,8.90247454908929,7.59914095112925,10.0429545561906,9.4828618229286,9.65914750011417,10.1198829237557,7.99306591238801,11.1036022448096,14.325312606306,10.89072705428,10.7737352468997,7.27244891876504,11.4975643756673,12.3636890607863,10.8058657537307,8.5612926605001,10.1356165352153,12.5361003995177,11.0697441705511,10.2296180025903,6.61648157577813,4.34736127735825,7.57136129042178,8.43049517779455,11.9591940610875,9.87050356100106,10.9917061056646,11.6382156464312,10.2288018396517,10.2714241160509,8.73715536164912,8.68639574719093,8.64349504460274,11.8125830023105,12.1787806583303,14.2756525909107,"1"
"GSM5630009",6.95250763089608,5.802295981442,5.59029186615912,8.49490428033456,8.90394373460394,5.60299554389199,2.2834626798993,8.09718615942355,7.88708979760656,2.63338919719759,7.80676998558294,6.35339701637811,4.1367890820038,6.4491996733549,5.76593698128149,4.92004421115609,6.56106645244115,3.88260106065457,5.3588038825919,5.38615471811987,6.08550062444911,4.32678504930001,6.44748521184548,8.69245018585399,4.03913692916935,6.7262835178285,7.93747801394779,7.39852350394177,5.69795871207085,8.49124054941449,2.77754014008797,8.96721202815389,9.84573764957077,8.74652181861867,6.96025263641631,2.73798679110952,5.62753738371092,6.407656822888,5.59514383041489,1.02423211507202,6.4616960242329,6.43164363204162,5.10559703882491,7.36696045331481,5.17737971573845,9.20285984258446,4.17739927828505,7.76172257677809,6.11077023417731,4.73470105646472,7.03315889446382,7.65828582353714,6.35653528301421,5.02902305361913,7.12633872162731,6.9651098161723,8.55388498214886,1.23809615651462,3.0732462006667,2.08432687152445,5.86375719291703,5.83252361651154,0.934054498808948,6.62354985457446,7.69346354102893,8.20329112970935,8.29064731725416,7.02010069274383,6.36749981408782,2.57323239560924,6.38751226153924,8.92580879995459,-0.514924080894994,2.22464762695614,"0"
"GSM5630010",7.38576888879383,9.9059614642077,9.10616184360733,10.0998333299745,11.2683181780786,7.67029393318083,4.7399768151543,9.67991538564164,9.33794243135508,8.67194243796698,9.68360334733528,7.3073768521542,6.44229162897805,8.19364038808325,9.25508890655267,7.35875893882539,9.23466998560993,5.62556539544222,10.1597037825122,7.59560808374882,8.80362168200076,7.30031283793882,8.91187625455154,11.3594362504673,5.51044264809494,8.90765205268242,10.6280288583421,8.75714863190931,8.24815579463133,10.0333899665967,4.51450573425417,11.7640048511512,11.5185666668131,9.98535899102871,8.47304507043835,11.8461378312839,12.1353320239096,7.14401226900498,6.75101474129966,4.82585066758048,9.66010958263491,7.97680512470481,7.30692784463353,9.0663264979369,8.81184740139853,11.580881299716,12.3134494140893,9.74579457165036,7.90662951739709,6.6239975920585,9.4781244948436,11.9334424362169,7.70160106792604,6.56444609353897,9.56531832558924,12.3012930783008,10.2699428387062,6.04545107857223,6.72618549520386,4.31259585919757,7.51110295077914,7.74775351303278,9.73171602466271,8.4518898017614,13.4920563786708,9.89902875438198,10.763759722908,8.1764039236225,7.56540193826755,7.07573273613843,7.98605316876093,14.4961447740575,10.8475677251511,11.1048433558992,"1"
"GSM5630011",7.03179654070072,10.1236468828666,8.65125988345055,9.36625790566677,10.9607968362722,7.56189034056231,4.17962686891476,9.781312361271,9.1740994762907,6.71518328836124,9.91248953075723,7.37173307538752,6.00878146962772,8.17109781943216,8.71526753649655,6.63889325417297,9.5843587736979,4.97946259990716,9.33379199458382,7.37300601407357,8.54393071924134,6.62757437712923,9.07463215919891,10.7544008959655,3.16466781125321,8.84213944506578,10.3145964019017,8.53380236257719,7.68316171014277,10.3674343478001,4.8930173575079,11.7418179548603,11.289149150835,9.92761782358405,8.61695974464088,11.4270862292057,11.9441274803264,8.09844479634545,6.96468994553499,6.35813285162546,9.0662540050293,7.71377071887101,6.70443171412763,9.35223537002329,8.31000101810864,11.1032230372792,11.780884778639,9.40869473977468,8.77878847462603,6.41992768065931,9.25278063117513,12.2090188196546,7.19664859049333,7.31020480616318,9.07542175329657,11.4688984100777,10.2536647601838,5.32555899776496,5.9902256138988,3.6415443817627,7.10580749300137,7.9689575528845,9.44580715257633,7.96019945516859,10.9170399550793,10.4988600230852,10.3686498292554,8.4079679908572,7.62312985404145,5.01801723828214,7.40277901819255,13.8422591600489,10.1993214367711,10.2076412016504,"0"
"GSM5630012",9.6585792171165,12.9998468888619,9.29392162438578,9.94973447048471,11.1494544479722,9.11452612499813,5.66351482122881,11.5124328510526,10.1579437078997,7.55304708887998,10.345128943568,8.41175378877461,7.90672046439171,9.83704916118797,9.99921771876068,7.61617317767289,9.8663682287411,6.86496090151884,14.6894967223427,8.15391202053438,10.2886898231274,8.61285969653188,9.52915020855771,11.6761923599836,9.4895983943021,9.83986569354565,11.1224873429292,9.48108754577927,9.007071529299,10.8543378332783,6.32186065631178,11.9132327453591,12.5136790942438,12.0779180035403,9.68602248927808,15.0543248980225,15.6455478382445,9.15450132609549,9.02163374236144,6.66166203568731,10.2780069055591,8.80087744170735,8.01758959938726,10.4660309664423,8.53588242552497,11.6831198900962,15.3121342641391,10.6994741360914,10.746911458824,7.60394436515537,12.143206966421,13.5398767707259,10.3255760397331,8.87117445126254,9.98142822143934,12.3282415833355,10.4054037930368,11.8891478476936,8.27033353309153,5.71991544531557,7.72805967195778,8.95011025786576,14.3078712496017,9.29234394609909,13.0714302771293,11.163224434609,11.2289501658783,10.3042140511686,7.90620551009229,10.5261353889746,8.41412399178656,13.9396334988782,13.5814616535577,14.3315376720484,"1"
"GSM5630013",7.98474796789629,5.9963830335583,9.12150500711071,8.79548305502849,10.209981263345,7.54089004194976,3.87907242481996,6.85343674053315,9.4470071688814,6.05741547970369,8.87396868547084,7.49242478225704,6.12996781614778,7.32196448505879,8.94822264166258,6.75186677995724,8.2097236284797,5.10499348199102,5.24632915333349,7.26168114281905,9.06190624027977,6.70024344482746,9.31073289615255,11.1621125567936,8.05948557456116,8.58137521285681,9.60190813803904,8.1276430146448,7.35937327322988,9.88556534004304,5.4405051528104,11.3011033985343,10.0188620393942,10.6177489238427,8.59114240758695,9.38760225017293,10.1953206502335,6.58265638123616,7.16061015551025,4.79094505263228,8.83878416928443,5.54485424248962,6.80442750410435,7.47188105572338,7.82590734523707,11.0364699937096,8.91322304806171,9.62239015562597,7.73265930389683,6.28649669325068,7.75565847037251,11.385913553124,7.65920429369458,5.15150706014413,8.18336966666368,6.97183567936061,9.85890293079792,1.23809615651462,6.13365771736252,3.94372854135165,6.38088820296008,7.39907408011881,6.02151734005929,7.71752600278348,11.0076322124582,9.80040783071514,10.5915037653242,7.20193901572964,7.49266743416777,5.2612883892945,7.02274796874162,12.4616563976722,7.27297847849644,3.71007445412638,"0"
"GSM5630016",8.11061092387755,12.4375860357216,8.31370113684942,10.6537378669489,11.1747631994701,8.22001925384544,6.16664901491655,10.3859318213602,9.01098626800447,6.5144011609805,9.65703739056057,8.14823598704389,7.81401009057694,8.64593750593118,9.68604418070165,6.86865766416577,9.61996014149472,7.44907799053055,13.3297725431137,9.26919210807208,9.32936502304202,8.66176929701282,9.07020263456205,11.4722192762397,9.15713413856781,10.0837154229634,10.2487836210949,9.15467835453163,9.66004811053916,10.1707618035188,5.8930173575079,11.865387696161,12.2520839293922,10.3215552020961,8.56329327395516,15.5684850211091,15.7242824817459,8.049437455609,7.97216506609714,4.78504445119259,10.1461119913172,9.13886188281378,8.86177461980178,10.1885956738397,9.56690932114559,12.1156845560214,15.7448499935089,10.4451914347797,9.0047795384891,8.03182576035151,13.0841142295773,12.9239302739866,10.6002497385534,8.76141591799551,9.78611599862066,12.9980181025732,10.3182083128301,10.0486677912558,8.57351153681257,5.15961499882869,8.46866050924537,8.86355051213216,13.0145389558765,8.22079068507406,14.0172559847102,10.1894941322309,12.8515356829965,9.96430648301393,7.8951618615588,10.2698136063931,9.11059826669924,15.3134409914002,12.0606151659395,14.1304106765589,"1"
"GSM5630017",7.62956032364497,5.15843979166727,7.96520624267644,10.04966654328,11.2045590474127,7.02207987623353,4.68642734687757,8.97499872041406,9.32642384688681,5.21835169791875,9.1286980804703,7.70455197719184,5.76642063205868,8.3372312417121,7.65883493607211,7.41637764664844,8.99430413053322,5.89755140212054,6.70930112967603,7.88933928680553,8.20182474241634,6.69517245528004,7.74071299447953,9.94114447850291,2.16466781125321,9.08515595732261,9.05766083834146,8.57333072676383,8.11483521101347,9.94913738594865,4.51450573425417,10.9691939468811,11.6443725814176,9.64348329698346,8.31223796515985,5.72244594021375,11.6491483400074,7.47615675993548,7.73132640637754,3.66166203568731,8.36809330643573,7.77113009831329,9.59077493233206,9.0039916741788,7.72614956483622,11.7704931776552,8.39227168578134,10.2583334784841,6.35362675807348,6.85269826586317,10.0367528477513,9.43352143463107,9.81107458509223,6.6794386158289,9.10169672697328,9.65095567390612,9.96591731287011,3.23809615651462,6.13365771736252,3.90924016496636,7.864509968849,7.54497585235461,4.10397950025126,7.5669663262081,9.29946095380756,9.82995755818656,10.5039976633389,8.22391738482513,7.96019019423559,5.81269833030463,7.84601340930204,10.935697084319,3.48507591910501,7.71007445412638,"0"
"GSM5630018",8.54018451631427,15.4758806711239,10.586069182624,11.7653909898721,12.3015919143546,8.33915040747159,5.76745755157641,13.2997475122529,12.9410746862765,9.30581453916908,11.3997663625078,8.95559090910149,7.21944026218174,10.2712013713769,11.8977160110305,8.10636517807693,10.8278529931361,7.10713875382257,17.2001618354788,9.05721062947987,9.31299715657457,8.74877333875512,11.1989278334207,13.0966026033342,12.8907440219415,10.9729146927529,12.1650335613817,9.76285851419465,10.4433643623423,11.3135830885085,5.83643382914154,12.9331685646269,13.2592300478073,11.2913511322524,9.50714709630395,16.3745758098915,16.5424830397512,9.59107451132254,8.66253307156069,7.95628278457894,11.9692467393248,10.5589624621061,10.1893653965175,11.5704433602679,9.89570431219184,12.825666076272,16.8540510138467,11.1157038468593,11.494090524775,7.72854007183805,13.3908054139396,15.6931094329485,10.5928992937015,11.8800604144941,11.0437396768543,14.9693171537733,10.8026248493142,16.1791437628552,9.03903048532878,5.4786058106365,9.40501955373449,9.11309268163784,16.4513548010991,10.1953511072204,17.0000228876326,12.6886198732989,12.838957616917,11.9434060021308,8.26866445906245,12.2499730760667,10.6937517451885,17.8762233017819,16.1852175737535,16.5102521326233,"1"
"GSM5630019",6.74228992350574,7.07013137353961,7.23953511821254,9.72496136372208,10.6571309477776,6.7419719570408,4.34619843524726,8.47492511727942,8.86933939546915,4.93595196721802,9.02543932087667,7.46007255004889,6.19022834096526,7.62535662850873,8.12052401498281,6.85853788542793,8.93465666715101,5.72390331463551,10.1309534733764,7.4333666021258,7.79354460931281,6.9505667989117,8.11905308274217,10.0778114956344,2.38706023258966,8.82154551033886,9.43538378039972,8.35129929505541,8.25983759967896,9.42100940309673,4.8930173575079,10.8886112598551,10.8591729936762,8.73459865124285,7.73052530178595,10.1410596994534,12.0988431026365,6.47906249111089,6.05545540945818,5.18522399174432,9.19644037848243,7.83745080526693,5.99707258204675,9.21712612765415,8.31886553165593,11.0546272708306,10.6163490066271,8.98062938385344,7.08652268793063,6.30869243936487,9.90394940133034,10.3374884307494,6.46382482399585,5.62006006874997,8.98078487915849,10.8607204869148,9.32576302571676,4.23809615651462,5.58686991966759,3.6415443817627,7.69965595695411,7.1731478051088,5.74140942086655,6.88504209559985,12.8522908335879,8.98921514569764,10.8426456385388,7.42433143706609,7.45419328635314,7.82115990905283,7.46954803040525,13.1584062218488,2.48507591910501,7.56093101482057,"0"
"GSM5630020",8.36754513017492,15.3372446731444,9.28753447486796,11.5255495977794,12.2616200719701,8.96646590102253,6.6417964212154,12.9028664497889,10.2681624632177,8.03483763172848,10.8579088345747,9.1750597751196,8.80654326038887,10.1278569690379,11.8101838943707,8.16937954422345,10.8803622345205,7.81727481277662,16.6327742727166,9.02954544731921,9.75338408487029,9.42959585488379,10.4580345090604,12.292212786433,12.2644539309537,10.8301620701405,12.0434977210689,9.86770309913063,10.1847868944177,11.0901963222152,6.8930173575079,12.9691939468811,13.4331003564988,11.0065846579212,9.36919684858671,16.5132942986994,16.6748084957702,9.73171840613,8.27079307326067,7.63156242882163,11.6355204811792,10.713770718871,8.55867875706637,11.480289524059,9.55664098569176,12.6113343851328,17.419674574718,10.5316944064806,11.0504147421057,8.52319695127101,13.457684538669,14.9605603192367,10.8478350144619,11.0126661171256,11.085929411115,14.6688193746838,10.6380139795187,16.0217083217707,8.47187739737766,5.93518343221864,9.74164485904399,9.59667404000397,15.9892098115479,9.70992428005014,16.2862069523185,12.3188387619982,12.8150493279904,11.6558955043008,8.18704863545743,11.6840781642975,10.8001496686976,17.2506424263745,15.8892362341661,16.3793233577617,"1"
"GSM5630021",6.92784557666181,9.41015888427323,7.75212156356622,9.29033313608535,10.4179432838981,6.81376264010881,4.39523592855582,8.9566668976418,8.61382625945589,6.46120822181491,8.92966467456536,7.57961875659418,5.86830024607789,8.11905107166257,7.84623860937235,6.75800446606064,9.49475710739338,6.25183487032029,7.8182355012292,7.74937102149786,8.13688601071602,6.62224093282619,8.36598709782429,10.1088532271571,4.33459281269552,8.9087371937948,9.75750908600995,8.21632017272102,7.81116932251884,9.20009250737179,3.99993256142442,11.5583942702153,10.794506813402,9.11403094781493,8.07097632386561,11.4280845650292,12.1006896343629,7.66023224972082,6.43125774545392,5.63238424316507,9.1293261826239,7.28181983665582,5.0268199254408,8.84379085974017,7.97635497218008,10.6166579891104,11.9813260124938,8.63308673875747,7.73526109908511,6.0500564974286,9.09625385949995,10.7809051102011,7.7720640797747,5.94441082590419,8.88501327893034,11.2673536931183,9.32274588615586,5.63041357929338,5.73820802345307,3.69651084098063,7.75550919168763,7.27474594511661,9.67888833630849,7.57176731247192,11.0296921994671,9.87624288919618,10.4877264941644,8.22079804298095,6.77926465780627,6.01801723828214,7.6950441353501,13.4279880908178,9.68229261221506,8.5465757218435,"0"
"GSM5630024",6.49612933623634,12.5611321280435,7.57725930200677,9.90012748978645,10.6552393845842,7.12726211292559,5.75161151563771,9.7507835634708,7.85938286843672,4.79258779204684,9.42965204626392,8.20790303180662,6.46956455912815,7.43980097535265,9.01565301267064,7.18793618063918,9.45991972898425,7.08118252071995,12.9903447499334,8.47566927108015,8.40301680445809,7.85830829105971,7.39177577925919,10.3409621119512,9.09737469866587,9.69391799216315,9.62197618821986,8.07964873303196,9.30564128929209,9.46463162395604,4.65200925800411,11.5604615727836,11.7698815425424,8.23956182989879,7.84931623505295,15.8707619055334,15.4097538155893,7.45269778711149,6.61438004927781,3.06376047925866,9.53296584958275,9.29671405195552,4.21946500338319,10.1481679490286,8.0685886891147,10.7840419414284,16.2504900415686,8.72344600880092,8.5303091256911,7.13013782108766,11.7923866869627,11.4175714980963,7.47231485714507,7.46670929184317,9.73743493182145,12.0117493757364,9.10704967104313,12.7299492528443,6.78821469256037,4.09459520697828,9.21416585229791,7.49383700336281,12.4438295031359,6.91557646374796,12.5410189423754,9.88082894351906,11.6675620587275,9.29088993863939,7.00056454214171,9.10027492040122,8.89901260031937,12.7692784748524,12.3885812295289,14.4977438506824,"1"
"GSM5630025",7.06233090884883,7.79070800716679,8.47977941550619,9.57727587302339,10.9802683428538,7.4715580208414,4.80003820564021,8.84349393728557,9.46812659511392,5.87624572109375,9.24988442699036,7.07280971687165,6.55861574694528,8.08327994064075,7.79598169560123,7.06295626096068,9.15601304173493,6.53604329925849,8.11902482905841,7.36417315970138,8.71385572068365,7.19288376223027,8.2564006478907,10.6671834272436,2.74963031197437,8.77945417684983,9.5233685912792,8.73698417994781,7.72710505773037,9.46463162395604,5.09946823497533,11.2154377484736,11.5280072986267,9.97399415731947,8.55074119877006,8.78175623193867,9.49228631169236,7.23448744998843,6.63336315264538,4.5547468317708,9.18528258859791,7.87582747697999,5.53623139315478,9.15626390204137,8.03401554056727,11.3704232539743,9.42147703616636,9.08559894345498,6.940845232735,6.41482079022622,9.41834092028918,9.43352143463107,8.06009630231822,6.55179079273294,9.31476006668701,9.49042937046605,9.74255761356186,2.23809615651462,6.10608945735372,4.19344859390456,7.79513626580834,7.5473663997796,6.5190169995301,7.44667209249038,10.5531589689678,9.86779707186093,10.1595245869259,7.69996587967951,6.93932691261984,5.18466710769159,8.18165156409268,11.3235025564589,7.05493152743595,6.36215115070607,"0"
"GSM5630031",6.8512242950589,13.265133582871,7.30107352852167,9.99884228420233,10.6537243463343,7.88881334537007,5.20946209845552,10.7932419586144,8.91811669322719,6.48804983403355,9.86774441369838,7.84121835868874,6.74871863032522,8.43980097535265,9.95062869343272,6.91211561984955,9.44574576895951,6.50709192556236,15.5206600812314,7.85822316243509,8.28809181481175,7.84920608395246,8.1778781520882,10.1061208493689,10.7364204547568,9.59087112423067,10.4407972765861,8.39730036267233,8.85143319273257,9.60379437162766,4.77754014008797,11.4417097568591,11.9784287479452,9.50820984219611,8.37142908644639,15.2379963527375,15.2443576992765,8.17570122825517,7.02702700113166,5.4203611518008,10.068077508589,9.11078857181949,8.13235433961315,10.3176418404203,8.15280169301778,11.0208947264208,15.5730215348545,9.73031154001397,9.57311344823451,7.13013782108766,12.292723331703,13.2755261573007,10.2224019702298,8.77781035624618,9.69335022746442,12.5864085739251,9.30959820628576,14.3938630949603,7.56509929699637,4.17421237504165,7.91261659436734,7.77860347769404,14.2910565910739,7.98200382548694,13.3454774229775,10.7006127807141,11.2631009903685,9.97452851962657,6.93148615940266,10.0525635716842,8.91151901335772,14.535284793812,13.8273589736869,14.6786383996979,"1"
"GSM5630032",6.56171767786391,8.16518662410786,8.01438261369085,9.13582318702973,10.7010667340506,6.9216779792757,4.13145958645425,9.13680498888947,8.9123497500083,5.44074411925519,9.05391448948715,7.25266259324357,6.05992031861953,7.4491996733549,7.31814676907959,6.52033322212453,9.39711680749922,5.31258890139938,8.34065653588164,7.63163075256936,7.85943254496927,6.36560429819054,7.72276321343402,9.63104964118984,4.53390162091893,8.64787062464372,9.34693448096333,8.07812287880101,7.55356880273567,9.35879025339085,3.19257763936681,11.286644698966,10.925400880253,9.02383313884335,8.1259530519969,8.8595943098879,8.81736194259094,7.28683204028469,6.14415963472966,4.74305036252797,8.84020764748663,7.62428870998402,5.04873470186924,9.40074553700746,7.42325357041406,11.0388513340701,9.25948093074941,8.97433397732196,8.0112345606264,5.96875639532675,8.42826800241486,10.0849112970912,7.56765218747205,5.96364704476711,8.87673775887283,10.5478233763899,9.4663685320309,1.23809615651462,5.56002830744895,3.95504385457948,7.34843085116341,6.95281785022925,5.18198201225253,7.32114121040652,10.6095374588028,10.0248735865989,9.86991421231131,7.84072421595694,6.85271907417031,4.04716358394165,7.47437310192923,12.4340177163499,5.46235584260492,8.04227088446757,"0"
"GSM5630034",6.91953030844981,12.9144956707427,7.4284528349979,9.97916623457846,11.0263647574433,7.25138342475478,4.44982106632142,10.7427819065701,8.71887893797436,5.63338919719759,9.14054779834805,7.63587130303559,6.05992031861953,8.55745256400692,9.6763853963032,6.56924282260548,8.84800918937918,5.43377524791944,13.9053125435627,7.64019276607278,7.93166087252445,6.98005356341208,9.00857061054869,10.3548398466083,9.66584153555937,9.22414216510083,10.4249921745531,8.36387736113488,8.36401963808624,9.84239935562561,3.19257763936681,11.2080239656824,12.0412111220831,9.8945118495571,8.41536351195914,14.6067762814482,15.3449217179148,7.81197929648122,7.56085065286101,5.01921404030539,9.85154519142091,8.51042074542574,6.40928956226321,9.77868040731608,8.16514304321955,11.4114328509188,15.2545530201964,9.48152761978612,8.69305860060014,6.48472280345637,11.5352846887715,12.4314427591192,8.87421718466543,8.30078155227656,9.54805067431544,13.0940075493546,9.57347901580525,12.5718105826086,6.17404684145419,3.78793386874423,8.08367343843271,7.76223229446515,12.9852634397237,8.06266148883216,14.2739278883204,10.2839891890813,11.2836670955896,9.59546119435368,7.57801298920556,9.68639574719093,8.7317766864047,15.4928416409004,13.3485846739835,14.6303741353697,"1"
"GSM5630035",7.40376531808768,8.17190205147384,8.4992567900055,9.14831413121293,10.8579755884457,6.99144825757987,4.2052375125938,9.29692681530142,9.2643946495303,6.2656574126971,9.05077819468485,7.303908833559,5.39755331421276,8.58755459579634,8.41657777562333,6.89674476231743,9.17945195469976,6.92942191740756,7.29426363039719,8.19517077454739,8.38969952490417,6.7401821901976,9.11475806605137,10.692450185854,4.16466781125321,8.79831320410115,10.1768784147886,8.16549591364334,7.90767730337219,9.84899831528814,3.51450573425417,11.2979529167688,10.7302794971354,10.1570996697068,8.76828535742502,10.07350475582,10.4894701971131,8.29839348199334,7.18975650116977,5.48730231077266,9.1152852441462,7.0553385272515,5.78714951267251,8.44437536932348,7.86577180611501,10.7246355605571,10.2922617794838,9.19251414737149,7.71957947685284,6.0368206702719,9.10259887265598,11.0199938204099,6.80844258412177,6.62006006874997,8.86702260403962,10.578993926196,9.87134599343116,1.23809615651462,5.2261981235053,3.56975369869469,8.28264852363542,7.39377004825888,5.10397950025126,7.86170959176923,11.6680209833516,10.1165146868738,10.6676714905963,7.96523875770931,7.16255689278439,4.10374711230802,7.72369434010684,13.0358567396181,5.73300343254859,6.37845296303517,"0"
"GSM5632882",9.16553142550556,13.5039811465554,1.1084655894528,10.7670568448649,10.9076132148626,8.26129677254909,2.4022208415738,10.7942013059342,11.4119231451872,6.51445314714601,10.2583273129484,8.28351183924378,6.51275802004729,9.24307482035723,10.1710492215285,8.70453448018303,9.77461622061005,6.34352778625244,12.995152240821,8.45674436954616,9.68785046414989,8.11185434505056,10.8891807408023,12.2601878738318,8.96191618570663,9.75192580078864,10.8715456192164,9.62470091080436,7.89745652941386,10.1911878933949,5.02157312648044,12.1499151648511,11.6851319038679,10.8464653951942,9.38331552725076,13.6635505097423,13.1687476449686,8.71155309019993,8.18151509903192,1.90390971906146,10.4078220847169,4.08823627806299,3.93041262756806,9.47596438034958,8.73706227611318,10.9154254360142,13.9709705062126,10.0902704594386,10.560301993766,7.35225836654933,10.5527822908146,14.1565901100793,9.83525412679337,6.66910266498586,9.98376958795771,12.2320686740451,10.1593721021874,10.9386297469197,8.60289890845878,4.25697042109458,8.59857925944475,8.02192895591534,13.2950784696958,8.73361948616191,14.1469738839001,11.1678298415603,11.9183825856547,11.7211062572628,11.0882929219377,9.05253824652162,9.80049128604615,15.8414281463008,13.9843634938071,12.1330945333408,"1"
"GSM5632883",8.53475631116483,13.1658059373045,8.94135560361754,10.8657356268854,11.2670687096202,7.73692879655889,2.4022208415738,10.530233558331,10.5409706008547,5.29742391057666,9.67179337111862,7.33268468122548,6.83030027964744,9.47964817692361,11.80509964237,3.57525146323806,9.35128734769982,5.36757326021909,12.4834432587775,9.05878038362626,9.52006709501396,8.07683377890187,10.4634668307004,11.9017122572446,9.03525279764836,10.1077786341245,16.0516398065843,9.50527463524636,8.41354752988587,9.78280823566561,5.02157312648044,12.0180051138822,11.4960752698898,10.472781031299,8.73472817259391,13.0273723853364,13.5154662855824,5.90419816814232,5.86868921125181,9.53326633914107,10.7932014938857,11.4245196659274,3.93041262756806,9.14480969666618,8.57329660053397,10.8958641306726,13.9388727306766,10.3400544845795,8.07905456462311,5.14006171231877,11.2178994698637,13.5807602228451,6.53408459207281,6.66910266498586,9.53856810652,11.9038262981852,10.3057165520971,12.0042687413488,6.56212930265648,4.25697042109458,9.0947796116182,7.77212781228518,13.0749127482099,8.38323494522531,13.9261869407561,10.7290717284887,10.6500853534613,12.3132790671845,14.8714183971601,9.01650134875165,8.44725907124077,15.5725864717633,14.0292238272808,12.0430695332621,"1"
"GSM5632884",8.42902682991841,11.7552662812626,12.7993365987451,10.7424788221442,11.0809593586264,8.15358795241734,2.4022208415738,9.97748568247502,8.7479616418228,5.33441811805886,10.0640787058414,7.75912694377658,5.57699413077553,9.37901581381712,8.87299710283372,9.61964558259652,8.64419165202536,6.58313634316542,11.5345288046513,0.064426946767399,9.55808258917956,7.73205474488647,9.98154065885381,11.393669570507,8.49840273043257,9.45944761706236,13.3825075384938,9.0219857503219,8.48603028368739,9.57163138351649,5.02157312648044,11.8997573673058,11.293493351407,10.1960984544616,9.31390553828394,12.2225178019305,13.1779754851406,5.90419816814232,6.4506240192754,6.54776590883618,10.7819818309349,10.3437370112114,3.93041262756806,8.27676339503621,8.59112622034691,10.1592790567791,13.6320594225457,9.52596566842304,9.4094074417198,7.59641130662459,10.7220663182826,12.9839361311916,11.1276091062974,6.66910266498586,9.71876282256088,11.18202051119,10.0434483681929,9.17428681808908,5.93993389573635,4.25697042109458,4.42865425800244,7.27933515549189,11.7156845095451,8.58911092926378,13.7616949300349,10.0985752703555,10.2017740136821,9.29882223198013,3.49583588466961,8.77547492128143,8.21240268433827,15.4312274985367,11.7427712824861,11.2134236801569,"1"
"GSM5632885",5.95663124049722,6.61175479305867,9.55140908530153,7.50756279673633,9.87959883869301,5.8848465106618,8.23511085573854,9.10539549561033,7.42994682702254,7.19050870666014,8.42630646821397,7.62219129842047,6.55825756819394,6.45696058221572,7.23897378366168,3.57525146323806,9.21627624329866,6.28791381104144,8.94299365000665,11.3276961471401,6.22269223448563,6.07187889695911,7.41628741330813,8.89571111152814,4.56983166228117,7.92562396533301,1.12335276962697,6.7194506735771,8.36730334511664,10.2370914117508,5.02157312648044,10.1423363191049,11.7261406597008,8.70184951749126,6.75148920109287,11.1323199929589,11.4744016847402,5.90419816814232,7.91115735239227,6.65879722122493,7.40464504084131,4.35127068389678,13.3587728002724,10.3773925256581,7.81625840374137,12.3278030368446,10.7817336320663,8.12586718296117,7.3420889704569,6.74964800000875,10.2352874251127,9.65502402177568,3.72672967001521,11.369542383127,8.11983113753374,11.505240636152,9.20312346458379,2.93230366839475,6.33359774422263,4.25697042109458,7.6074574107912,7.92813283628772,4.52358900019516,6.97393381549562,10.8198128965631,9.76736100963954,11.5902800910339,4.89965113816031,3.49583588466961,4.21718822589362,7.82321136254623,11.9004697848111,0.747004131608256,8.25731907877806,"0"
"GSM5632886",6.46633606561574,6.89636261084082,9.09145916414711,9.7577218574785,11.3393161678057,8.17153558630448,8.98718334229495,9.44045270119635,8.85552979666283,7.81853992927319,9.40092114979405,8.0246835443802,7.33153686174823,7.91374401201814,7.46524963948535,10.0015162179402,9.72056586229221,6.72017305084887,8.24563859209755,10.7279850509847,8.32388004974537,7.07187889695911,5.66555366381424,9.9340327174941,4.38206880571852,9.25242458212525,9.45426964774159,8.3776621563289,9.19708460549946,10.0013999391893,5.02157312648044,11.2638703876507,12.0552851546717,9.80311591939366,8.48607878464644,9.82197987234674,11.9126929847015,13.2879024606164,8.28202441529965,1.90390971906146,8.87857622917372,10.9561327420556,9.57426881734279,9.95582248525627,7.72768974636394,12.0819204259731,9.92590173067394,10.1035843251324,7.8777802088231,7.32421532936753,10.5450717435155,9.19477956433942,11.6925139546773,6.66910266498586,9.70842828667231,10.8886521813316,9.55768284045978,3.5172661691159,5.91136474353958,4.25697042109458,9.92761424082637,8.42450807436644,5.08918617604939,7.78019785278224,9.7502171140333,9.89150683919883,10.9991984165375,7.03715466191025,4.49583588466961,7.13266076480653,7.81155177177449,9.71679892329704,6.89675125111294,9.02722472856008,"0"
"GSM6222621",8.95604794382585,12.9707185495971,9.17291999509589,10.6904872933287,11.4742450269985,9.27658811057329,6.24970896856978,11.1732588995465,9.51100309014073,8.00559919147764,10.1494237062004,8.01974494277158,8.36988973363618,9.0850666905072,10.6335325065329,7.6765466610591,10.0538644903247,7.32424174752878,14.9139063398406,8.55453201405813,10.1611333397058,9.11495138591451,10.3024767348216,12.1673514746678,10.9733743359219,10.1139924039089,11.4172005282522,9.63025701196458,9.23217383175721,10.8626652490972,6.18389398410529,12.3450164965871,12.1920374993992,11.5645780877302,9.37911276095246,15.3269983282459,15.4194710635627,8.90850898020296,8.37802434904318,6.18974659963213,10.810335828738,9.18527928703067,7.38101596092851,10.219643865193,9.31051583424279,12.1819387496675,15.9698502723303,10.4454113085844,9.95865729480245,7.91818199356223,11.8728060256787,13.9998033621262,9.65692539790429,8.78407396992623,10.3348573152454,13.1285750405693,10.4405505723092,12.1819859295254,8.55979499051423,5.67958468076853,8.39889209114015,9.34625813977282,14.1578463608217,9.17213879769121,16.1010084459652,11.0246176400772,12.2498263817113,10.0672600590421,8.04777810134846,10.7116728848099,9.4688574801444,16.7293497240563,13.5346097877687,14.7993668393867,"1"
"GSM6222622",9.00022012717265,13.7583980611002,9.87118530051926,10.9018358099495,11.7554204758067,9.1465150200875,6.31764060172193,11.8771627453441,11.0339046227296,7.69784344380419,10.6694501946629,8.36008507477283,8.18467486116927,9.72820290442465,10.7480699902802,8.02081782482926,10.2529054485853,7.29336243464481,15.6707138391285,8.50351980413293,10.1966945249287,9.21791249360081,10.9381997025901,12.4567463243511,12.0953971735501,10.2480596636617,11.777336465931,9.80858839071818,9.65253914784615,10.9996611592846,6.24126020341227,12.4949565840767,12.6290206197678,11.6230423769453,9.65599296561928,15.5954440495688,15.9532722812064,9.08457221911452,8.35799586854936,6.59241003049908,11.0512654419898,9.40963439217073,10.1309458876721,10.6051613053955,9.55586835394171,12.247221356069,16.3706004858716,11.0326901518543,10.5088442397059,8.13021167072565,12.095179258796,14.4844537422057,11.1860696355194,8.93266386779069,10.4512622453781,13.0997018668585,10.4351409425697,13.3110560053258,8.96207255814676,5.69489773626303,8.71836674516262,9.52186976679175,14.6953357516212,8.87652545768021,16.3667293271825,11.7237907195844,12.2099433487484,10.4605401650893,8.03989708622487,11.4480458747202,9.36507970778165,16.7721774332435,14.6014093218758,15.510945860183,"1"
"GSM6222623",8.96789953371799,13.5560765801469,8.83209758845605,10.5522990543115,11.4223691951706,8.99224557400263,6.24970896856978,10.991201893037,9.96579829865731,7.99245205375388,10.3783408372164,8.13303879443016,7.79813172976043,9.55668771815241,11.2195443424314,7.86863876077462,10.1543115315881,7.21863155956818,15.6497615635264,8.49739803381218,10.0688808970507,8.88215625797479,10.562647290758,12.1420651672411,12.3097366393589,10.0874456913807,11.6408843539031,9.71518192155866,8.96944440320832,10.8042292143095,6.09106726709414,12.296570622844,12.4414565890613,11.2398850733693,9.24985435308801,15.5526420095246,16.0417808977539,9.01799554933436,8.56124617309895,6.64182793043793,10.9992562827268,9.2528425708433,8.6284268423018,10.7255630556315,9.21973223245223,12.0373645292441,16.3126961887687,10.7630055882672,10.1282589825367,7.94822432439078,12.3739388489376,14.5238867305367,10.4228353250186,10.0943328582372,10.2720103954828,13.135599868195,10.3047687185516,12.620180102715,8.34584692104803,5.74619896496854,8.5642435998432,9.0366699390777,14.5788815589036,9.14356964549444,15.253140935831,11.4999756622576,12.4517273434288,10.7557060421737,7.94011302448652,10.4966129706471,9.43243131005532,16.1958469270204,14.2214575083323,15.1286622324499,"1"
"GSM6222624",8.29254883980048,12.9635008953158,8.27071456495325,10.4012896425783,11.2115978698694,8.12155173498336,4.91210580470165,11.0786874717381,9.93782865117459,8.1964147209835,10.3084239303435,8.1423315482399,7.03924442164771,9.28629581186753,10.1687720663221,6.99750941965024,9.60822471723219,6.36770977610489,14.5286964072183,7.99344847664593,8.57617083898462,7.95172903493428,8.9876216010181,11.2388364343535,10.2968956888849,9.69005637727831,11.0429554941879,8.83726237470114,9.17857630445695,10.3799731850013,5.14521351594123,11.6258119221086,12.3178546475397,10.6089275636232,8.82600462842464,14.939238970833,15.6713147990123,8.65295071431684,8.09684259649913,6.27245765054168,10.4798373697064,9.03651863488901,8.95992624494623,10.1239906147732,8.0939309042075,11.288925414814,15.8619567297757,10.0290853435229,10.2735021073901,6.96371461029555,11.8012140627295,13.4551380336228,10.710856280134,8.6675309960729,9.99016710790153,12.5061960881187,10.093071315284,11.6378663215929,6.98364286856898,4.53148604177939,8.10834367217616,8.45963000104985,14.1265642708182,8.99091212017567,14.1016967015992,10.9056052700899,11.3607483471911,9.88578491820494,7.54692731839199,9.95437641213857,9.23507829850615,14.712024954728,13.3652435097088,14.7963206461538,"1"
"GSM6222625",9.67217537426958,13.3505380501714,9.81180490167685,10.573101335924,11.357445944046,8.27858216070538,5.56803482677695,11.3518523135731,10.2120611208877,8.41793970364813,10.397946941162,8.48312468522936,7.61728750842907,9.72939439385856,10.8773266554646,7.90787220716556,10.0162612563002,6.96796214785064,15.0916976481474,8.8748868317548,9.51661399430417,8.53611824137374,10.6796098222783,12.0586541238573,12.0304176385655,10.0458758041316,11.7835521338071,9.3822192061556,9.1138343125435,10.5624537283438,5.67210488613713,12.4363413843439,12.2525445287126,11.3198630684136,9.44574721961455,15.7403567747238,15.8691589545489,8.66840914556824,8.45714306616078,6.99368382381448,10.9070118481497,9.05685527281479,9.69400811759296,10.9257832027822,9.21451721758897,11.7824909335079,16.496380098474,10.7338813869839,10.4484121806971,7.47295537635878,12.603336955871,14.1955199249352,11.0919898813995,9.92214088137869,10.2793679721991,12.8552689127632,10.2225225667392,11.3902184350496,7.85990750014673,5.0702255257399,8.64791963898006,8.94313677347275,14.6836989501037,9.49233392535412,15.4090069080389,11.2603575014773,12.0896526814279,10.6997604510456,8.2427398790909,10.9723464016135,8.99292656434802,15.7857841467291,13.9583081787687,14.828667170035,"1"
"GSM6222626",8.86245023513426,13.1349093879335,9.58366055883522,10.5670552163297,11.5302698404385,8.42619470007709,5.47671966003101,11.3507480693241,10.1303906604519,7.55154646870435,10.3202781559248,8.47395303933111,7.45772922254502,9.50521436915883,10.2486702205574,8.18979232988874,10.0470108192836,6.8550175618739,14.8997119411291,8.51062919218131,9.16113333970578,8.44499528389161,9.95459866404095,12.0502341319715,10.9226770942141,9.94337095300059,11.9121639263893,9.66881076406695,9.19510039884715,10.6986261478558,5.3143639160007,12.3807722353045,12.5741914718531,11.3508236423145,9.42484262080527,15.4243967861728,16.0095311044227,8.75520490375136,8.4107993851348,6.67528009951053,10.8382913406189,9.02023305976978,9.38779449355957,10.7275046532146,9.22640967063562,11.8120430110189,16.2746028706362,10.6835038499226,10.5010170217642,7.33682893940955,12.2397720021092,14.0520767094202,10.9722468564929,8.90727854937078,10.3377967927107,12.6443678390029,10.4253002274174,11.5771604022279,7.6351205636699,4.98381077392243,8.34901256144564,8.90766825730647,14.5471716573571,9.12460214085363,14.711064247963,11.3644575835966,11.8521580603157,9.55937972521732,8.46877651065734,11.3642581888769,8.81469606419869,15.4416845979972,13.7174943994971,14.7788427981061,"1"
"GSM6222627",9.46134566542859,12.4065321276587,8.89283761462277,10.1167122479,10.7587035125198,8.35490565588532,5.5230995953133,10.4063038141623,9.85333237708782,7.23304176422165,9.63365464790372,8.41095145683659,7.13709174504585,9.8168105285663,10.2356742414526,8.14545103231668,9.67769522186649,6.43212650460066,14.5642441989546,7.9671105131833,9.47429122496541,8.13855895741757,9.20096721451124,11.2484242049823,11.1680604589305,10.1093430442908,11.7260939180852,9.2107590840391,8.74415209136608,10.1318097327473,5.48652552101917,11.965366811076,12.1485120221699,10.8387935234468,9.21639501455741,15.1023300587348,15.4998630034668,8.58134423694945,8.32993755238467,6.81302603190439,10.5994044062286,8.8343845781397,8.37420542881162,10.4680993162284,8.50612565371752,11.150841166087,15.7828885422267,10.3456410358881,9.94864722834107,7.38782788861323,11.7137865085694,13.3436238455483,9.94844817509191,9.06322445403844,10.0248702483198,11.6447091494895,9.76376369003106,11.2110621333381,7.19754049573997,4.96227761237279,7.81932688455872,8.2635948650561,14.0503709507457,9.11201780525364,12.5055156759125,10.9974753217284,11.0069964544589,9.72061376639559,7.89713668336163,10.0667259503178,7.67504908992474,13.0414260522666,13.0173737903257,13.9837932547529,"1"
"GSM6222628",8.25434897978455,11.9515242779635,9.58069897424574,10.3730445963631,11.2578915221434,8.25311823372544,5.56803482677695,10.6052884058394,9.46977395414156,8.74287269196043,9.97014705637184,7.54574372239912,7.27244359794074,9.14045642894953,9.92083792770236,8.07794943177244,9.72998152380912,7.01918747120581,12.958830574602,8.16546632402034,9.4119004056719,8.11725294722299,9.5317829584309,11.9215482254102,10.0464181172592,10.0387208546378,11.2306653675317,9.1235490884224,8.99752914959674,10.3019007692269,5.48239369468885,11.7614046722568,11.8568793823924,10.5423089238892,9.04333721944748,14.6100629109044,14.87208771677,8.35977644841104,8.35754761779513,5.09085084405173,10.565953726528,9.16101717700689,7.18567213731365,10.0601526217117,8.59251204426936,11.526499376224,15.3291924435025,10.2209567892862,9.51040460025816,7.09483734062376,11.3689955031597,13.2652857252808,9.24046966794757,7.60091671187289,9.88718432428633,12.3357880145001,9.97625765030127,9.87921856958566,7.75382024175704,4.82187856323365,7.8502391541203,8.65444617803388,13.1698480525596,9.30759404549707,15.0716057026685,10.5884034892859,11.4347710942186,9.79452717329987,7.57599358624872,10.3191702993484,9.09092903888644,15.185427625395,12.6151933938917,13.9050827954861,"1"
"GSM6222629",9.35844324841012,13.9294683677175,10.5955798523136,10.8819285536831,11.4157043031979,9.12746442785325,6.27938288676389,11.5414335437752,11.8047871855608,8.4939923804365,10.4633557288679,8.17269313617896,8.04727534917389,8.77933582314764,11.1770693627213,8.23854227943723,10.091464417731,7.2759173001854,15.9537783955237,8.76111392054711,10.3114960747696,9.34183392334942,11.5184040933995,12.8181547509424,12.3280852012432,9.86867358572299,11.6641550311919,9.34030217012757,8.93050039867535,11.3131465576083,6.00919026003973,12.5401812922865,12.1508706007767,11.6292939307961,9.5610277592687,15.6106225743674,15.643325076353,8.53320241316924,8.53055774760021,6.9983810739163,10.9925276311723,9.14476004852743,9.12723759133202,10.9274733510612,9.31121396880318,12.0434343968515,16.4693733194424,11.0072652690625,10.8459915820352,8.23837434124897,11.6615634607618,14.8325842004209,9.66289325830923,10.3550220535179,10.3348573152454,13.4531223171607,10.7403518831508,13.3953320296522,8.73926214606687,5.95865729669409,8.90406185362645,9.55995554324404,14.9039660348556,9.15588290693329,16.074255164767,11.7426868969837,12.2825652140364,10.9513257501202,8.43960141201996,10.8784125215119,9.11224695453007,16.7572034273175,14.9150151551082,15.4877296421653,"1"
"GSM6222630",6.66491300248409,4.94557898731858,7.13561464327132,9.38260946039865,10.5003915169284,6.38853062732326,3.55644685250174,8.73574947654313,8.24707509800343,5.09947823848054,8.47302437710596,6.87047045063915,5.18986628469439,7.60768407698586,7.01759320185567,5.96561456910037,8.22585009770101,4.49981331211224,5.43609026269204,6.46534831288045,7.75379023221693,6.05298322571149,7.17484096725943,9.99188356123401,3.1516003539513,8.36501118710368,8.88133111530366,7.68589005246803,6.97583407849742,9.1883702701408,4.05905687219152,10.5520454926922,10.612515773,9.47448211006563,7.59898298751907,6.65065674216523,8.33826178668083,7.6250533028558,5.93921868383139,3.45874256370464,8.38551576627194,6.82283195364007,4.71930863727613,7.89595898739985,6.93088649252069,10.4893874864757,7.74568140252782,8.46307561546662,6.20874890039706,5.3982294840737,8.05939415794776,9.40061182239316,6.44424575298665,5.49129222069839,8.4964211247389,9.66907369788875,9.35665085433454,2.08263811912223,4.96374331113127,3.18001367127802,6.89795304404381,6.70464373489245,3.66950408328921,6.35260916168751,10.2045204274888,9.31274583654605,9.04280458113944,7.84097773595249,6.78014641384613,4.22867976540049,7.30426951033082,11.5234172754669,2.54419747008503,5.95336953602142,"0"
"GSM6222631",5.70031833861529,7.19133540172054,7.67232530337463,8.91287971466511,10.5720367939012,7.39344611773738,4.84383652868462,8.59904551948096,8.59851847805899,5.36251264431434,9.14646736286904,7.56141588058145,6.71558958204087,7.279262220013,7.78733180147715,6.58953609894123,9.28696161200439,6.06865614747011,6.83036920180409,7.97741026655415,8.66227157623994,7.01069150399506,8.1937423517621,10.0359410610986,4.00958134907887,8.86610357224625,8.93870377623437,8.64505401389266,8.09802151750691,10.0270770022182,4.89051841102017,11.0599167192235,11.1017318180307,8.74198999247873,7.89128995352984,9.33055333356786,10.9192900197855,6.6928948175376,5.86294594243453,5.29345794915424,9.12339416973205,7.61399982939619,4.76167466808166,8.72060898390735,8.06607562015466,11.0505751064727,9.32587465910111,8.69329815122549,7.46547872937664,6.63476608773041,9.1789328561463,10.4495032069126,6.16809247196228,6.09885615035668,8.80927098863821,11.0085354225609,9.32969409028702,3.81960371328844,6.13959314653069,4.37731511165163,7.88153528460984,7.44214257432101,5.25446658401037,6.8157409491674,11.988294337708,9.88618493862775,11.0433570908957,7.73535739678189,7.20292158576117,4.93589801617264,7.39710647679478,12.8600836111676,5.2685630274716,8.46209645091549,"0"
"GSM6222632",7.12841199071958,7.08308251106852,7.45431030062152,10.0923081887959,10.6542476003561,7.41051963109632,4.00028161608802,8.71405440544381,8.92648717510365,4.19978314427623,9.32442602982345,7.31969909152553,5.34683563103279,8.38183195365355,6.94418726012941,5.53646747040609,8.67515749906459,4.68038555775406,5.19757817599232,6.81625547473957,8.16882773149578,5.7549018727785,7.10124087221745,9.715956795653,1.47352844883866,8.56840771219131,8.98046133812728,8.21782206489244,7.38539644771011,9.32691846811515,4.85686802157825,10.8091144322404,11.2590309259946,9.80034759617001,8.16999404285763,5.93155756879254,6.44719615823399,7.8171781229379,5.90527135190805,2.96735417829568,7.80283420680202,6.8577551727351,4.64581082462674,8.13493736789008,6.82536830143813,10.2145825395632,6.55235596850543,8.73688354630362,7.02407013226472,6.1351950782399,8.7381740184394,8.45424978599524,5.84317742975352,6.00889945361778,8.88437244387893,8.85922392512207,10.09176215454,2.49767561840107,5.91621494104869,2.86119148725848,7.18057948882387,6.55589628862852,4.28421392740442,7.36073704257091,8.04320305037547,9.52921577770303,9.55420594060181,7.58450431937293,6.85822859974171,4.19893242200643,7.84647143975356,9.4623607073689,3.87861650915558,4.91030081412953,"0"
"GSM6222633",6.93018588051388,6.9404172822028,7.1732774960371,9.3921113281658,10.5351512751864,7.51795431951976,4.6209143863799,8.72277162254492,8.76132644422497,6.14771442413339,8.79778159488883,7.23536858449207,6.52170984844684,7.41380434339183,7.0166511874305,6.16679050452712,9.35354686375402,6.37428243002838,5.57982574015349,7.59522859542736,8.68032807027591,7.17583997349703,7.39053945840402,9.70244550504846,0.151600353951296,8.60849752655788,9.20720639470768,8.10697862613612,7.53382953161831,9.15992756376082,4.877991313144,10.985908076252,11.0575632240593,9.10530430455515,7.82623569994606,8.02813082848759,8.6373799986601,7.39286461774323,6.34765069999966,4.27668223640341,9.0365129430999,7.43189470416172,5.45531848775658,8.46026604193796,7.21377067421351,10.7884171195532,8.22531495022442,8.5950169345787,7.58769060117399,6.494444799333,8.47348717598771,9.12440202781164,8.63469462509329,5.15505628912714,8.58716092272705,9.70280697216253,9.82846577393868,0.497675618401073,5.50347655785943,4.48190401292883,7.61726198214269,7.50320986379417,4.64678400678913,7.19788656688887,9.88174416467936,9.84432783277631,9.87375428912247,8.10414579272351,6.85391990054837,4.13753187734229,7.92793554038246,11.7088876631266,5.04300332705647,5.07536006040003,"0"
"GSM6222634",7.17948617531385,6.55776295677476,7.04943542019098,9.38684024067667,10.6229280410262,6.39344611773738,3.38361025563952,8.68821816281272,8.77478172866624,5.75574577327483,9.12610190275173,7.80468703159381,5.33188528956682,8.1897640691739,6.75267415167694,6.46470391492941,8.77925786454732,5.32084317106692,6.079396749644,7.30869136042918,7.40865474616825,5.89741351724625,7.41743715566822,9.46082023913233,1.9589552760089,8.65857814580514,9.37639001445842,8.05909310825907,7.79562610379325,9.04591516019491,4.13472114212359,10.7283451361387,11.057160910883,8.8405327581853,8.09296222562192,7.17597629645899,9.34414314436084,7.58117925381234,6.72518973542957,3.23386915286444,8.52384914051406,7.75845053370159,4.60502520978024,8.3844319332817,6.86774690370868,10.5772069567209,7.48264699669403,8.74695036458228,6.83051684211676,5.62771133019646,8.62662357274389,8.79500955561297,6.07249437445601,5.47218339775068,8.88597990370082,9.12438562215476,9.32301493464939,0.497675618401073,4.79381830968896,2.78146429478774,7.20057096401133,6.47378189149497,3.25446658401037,7.33001845747293,8.39083077004042,9.4655761404579,8.79588984066892,7.71449879188422,6.8831093969596,3.78389492272759,7.13325444835996,9.66004137520859,3.10809835527835,4.7727972903796,"0"
"GSM6222635",6.21663917373131,5.25923946622235,7.19315746667607,9.04054823981436,10.0126331954758,6.11263701017561,3.85649182949065,8.22775295257786,8.20130600912758,4.61750973108271,8.20020252892638,6.97818426793941,5.3015116405233,7.02358520696448,7.44412073456297,6.29174877495794,8.58610631124747,5.19283555869084,5.56733479597029,7.47783925706364,7.55087681882071,5.7549018727785,8.56575990262532,10.2747837123971,2.9589552760089,8.16566385410515,9.36175424508976,8.08286617001931,7.02243449135956,9.26721957616992,3.87379132461472,10.8183793947736,10.2394835839868,8.70045442167788,7.63319447673343,8.1104968826914,7.63929465725684,6.69167271238964,5.81150751564284,5.51465855295831,8.48602508253967,7.2049080937796,4.39379323418102,7.8500337820957,8.41163346142692,10.2603098132204,8.58864364408218,8.25398001674363,7.06480038468346,5.6063376794039,8.77773426433252,10.0483100784623,5.86174518979279,5.48749065053853,8.03685796335787,10.7166020679713,9.27479771702011,2.49767561840107,4.8812811509393,2.96588886592517,7.21046376876977,6.7336834078438,4.31336027306393,6.87084554860785,12.0895184801097,9.81654877966022,10.1462156343045,7.46886743231188,7.25395648943158,4.54470725884816,7.46105910958399,13.0136479053687,3.87861650915558,6.62079419693455,"0"
"GSM6222636",6.84574877813685,5.33985792643063,7.48227941648019,9.24954793060706,10.510105076355,6.5946532091832,3.88147418604799,8.66708174198358,8.80569780544893,5.45562204870582,8.65322639241512,7.23970426030487,5.22265621981206,7.31779345791454,7.31290956649572,6.38328232442389,8.46645798590049,5.61529052953217,5.73307200044917,7.13292784417544,7.79746070387391,6.02710459388589,7.37548183922684,9.91065500098114,3.23906319520164,8.67041050889258,9.30678249630475,8.31135079643144,7.73018175089186,9.34507886846742,4.13120665794735,10.8599667295857,10.7366655448918,9.23685073582894,7.87842252817732,5.57215476848652,6.26078303400311,7.07722074224761,6.02301162083655,2.62259537502743,8.65234973985602,6.5804172288718,4.66081298796599,8.192298177351,7.16207744003201,10.4379527278235,6.40939801466339,8.58663321099044,7.02724438005986,5.43101941919137,8.20477286108156,9.08004926953003,6.22226394643621,5.60793713955066,8.36427434312549,9.16356620870347,9.686514525722,1.49767561840107,5.22008306439106,3.48190401292883,7.33626848497059,6.72319103402616,3.42439158545268,7.3049637894524,9.08533844867274,9.15286198790396,9.17574600739452,7.93112694151332,7.24904285918773,4.39532963480994,6.70836916312477,10.7264647383416,2.77552301619148,6.2057566976557,"0"
"GSM6222637",6.93018588051388,7.81347545131124,7.03377082502769,9.60454784710007,10.2912501190898,6.45116161559366,3.96565527297839,8.52621920614373,8.32840458708593,5.40981835909269,9.12610190275173,7.11427176503463,5.04154353773729,7.92025186843767,7.97020900936408,6.21631064037092,8.37403331998925,4.93277271938834,5.68762902968801,7.28992433103364,7.63845511723896,5.68214553034318,7.50824744397012,9.50083049758522,1.73656285467245,8.37020261062881,8.69669922564396,7.61632516333363,7.26534069569241,9.70144824328862,4.18643617866774,10.6230154988128,10.8339299765905,9.22890490130838,8.03096034921963,8.62457981537115,10.9623703287983,7.19273395550185,6.8991243675729,4.32099113291038,8.08623641032978,7.45773470909698,5.53075244740162,7.67670217921013,6.88660593096,10.524528211768,8.79021979860432,8.60681109292807,7.01770060738899,5.67638517693215,9.39410618620773,9.86797035680209,6.44301320695621,5.85217394993033,8.61747281124311,9.60195950203021,9.61723053694297,1.49767561840107,5.48498021424204,2.73142361228815,7.16540196092037,6.80257848905487,4.16135717961888,7.20693170649187,10.691136053228,9.03322883036694,10.7678583200714,8.06760278265476,7.34938041474558,4.44685993545002,7.76963245858167,12.0988977570713,6.01498895088687,6.22345869938916,"0"
"GSM6222638",6.55799779856758,5.9660430898783,7.4353583690927,8.98092708975469,10.0662906240495,6.29706158131304,3.8374670038089,8.44350594595271,8.50832066908741,4.94747514503549,8.62942593444853,7.10598379370904,5.3015116405233,7.07697737212512,7.20953182665041,6.22072931163793,8.54361055837314,4.8217414069996,5.79866034207675,7.13029278400747,7.47635960530664,6.14609263010298,7.60178821180954,9.7655262041228,2.73656285467245,8.29248796403162,9.21204968936432,7.86108763535264,7.25637054218785,9.20209943044347,4.13472114212359,10.6952006842187,10.1172531623717,8.89778466508615,7.59790069561469,8.08078357756702,9.33943997787811,6.89383805083216,5.54480279516863,3.78166186099505,7.71835963863848,6.80504812240425,5.42048311226575,8.13067534103592,6.65983506911298,10.2330477332159,8.5793230161057,8.58663321099044,6.6732550759402,5.62062190541015,7.8807090218502,9.42069103178813,6.11490653713972,5.38496098563862,8.02960457934655,9.82452409295226,9.34570885997277,3.66760061984339,4.97704013374473,3.14221163856563,7.18057948882387,6.48002733432587,4.99143217817657,6.9751160312688,10.5570174364393,9.28253687255891,9.6228465619445,6.93188011043719,6.85391990054837,3.42132484334288,6.26449898163821,11.251785532464,4.14991853097298,6.0557312536511,"0"
